# https://github.com/mikedh/trimesh
v -0.00600000 -0.01949592 -0.00300161
v -0.00600000 -0.01449593 -0.00299479
v -0.00548750 -0.01949573 -0.00313894
v -0.00548750 -0.01449574 -0.00313211
v -0.00511232 -0.01949522 -0.00351411
v -0.00511232 -0.01449523 -0.00350729
v -0.00497500 -0.01949452 -0.00402661
v -0.00497500 -0.01449453 -0.00401979
v -0.00511232 -0.01949382 -0.00453911
v -0.00511232 -0.01449383 -0.00453229
v -0.00548750 -0.01949331 -0.00491429
v -0.00548750 -0.01449331 -0.00490746
v -0.00600000 -0.01949312 -0.00505161
v -0.00600000 -0.01449313 -0.00504479
v -0.00600000 -0.01387865 -0.00401895
v 0.00600000 -0.01949592 -0.00300161
v 0.00600000 -0.01449593 -0.00299479
v 0.00651250 -0.01949573 -0.00313894
v 0.00651250 -0.01449574 -0.00313211
v 0.00688768 -0.01949522 -0.00351411
v 0.00688768 -0.01449523 -0.00350729
v 0.00702500 -0.01949452 -0.00402661
v 0.00702500 -0.01449453 -0.00401979
v 0.00688768 -0.01949382 -0.00453911
v 0.00688768 -0.01449383 -0.00453229
v 0.00651250 -0.01949331 -0.00491429
v 0.00651250 -0.01449331 -0.00490746
v 0.00600000 -0.01949312 -0.00505161
v 0.00600000 -0.01449313 -0.00504479
v 0.00600000 -0.01387865 -0.00401895
v 0.00500000 -0.01049167 -0.02070457
v 0.00500000 -0.01649166 -0.02071276
v 0.00575000 -0.01049194 -0.02050361
v 0.00575000 -0.01649193 -0.02051180
v 0.00629904 -0.01049269 -0.01995457
v 0.00629904 -0.01649268 -0.01996276
v 0.00650000 -0.01049371 -0.01920458
v 0.00650000 -0.01649371 -0.01921277
v 0.00629904 -0.01049474 -0.01845457
v 0.00629904 -0.01649473 -0.01846276
v 0.00575000 -0.01049549 -0.01790554
v 0.00575000 -0.01649548 -0.01791373
v 0.00500000 -0.01049576 -0.01770458
v 0.00500000 -0.01649575 -0.01771277
v 0.00500000 -0.01739500 -0.01921399
v -0.00500000 -0.01049167 -0.02070457
v -0.00500000 -0.01649166 -0.02071276
v -0.00425000 -0.01049194 -0.02050361
v -0.00425000 -0.01649193 -0.02051180
v -0.00370096 -0.01049269 -0.01995457
v -0.00370096 -0.01649268 -0.01996276
v -0.00350000 -0.01049371 -0.01920458
v -0.00350000 -0.01649371 -0.01921277
v -0.00370096 -0.01049474 -0.01845457
v -0.00370096 -0.01649473 -0.01846276
v -0.00425000 -0.01049549 -0.01790554
v -0.00425000 -0.01649548 -0.01791373
v -0.00500000 -0.01049576 -0.01770458
v -0.00500000 -0.01649575 -0.01771277
v -0.00500000 -0.01739500 -0.01921399
v -0.00000000 -0.01779589 -0.00302429
v -0.00000000 -0.01949589 -0.00302661
v 0.00114805 -0.01779620 -0.00279593
v 0.00114805 -0.01949620 -0.00279825
v 0.00212132 -0.01779709 -0.00214561
v 0.00212132 -0.01949709 -0.00214793
v 0.00277164 -0.01779842 -0.00117234
v 0.00277164 -0.01949842 -0.00117467
v 0.00300000 -0.01779998 -0.00002430
v 0.00300000 -0.01949998 -0.00002662
v 0.00277164 -0.01780155 0.00112375
v 0.00277164 -0.01950155 0.00112143
v 0.00212132 -0.01780288 0.00209702
v 0.00212132 -0.01950288 0.00209470
v 0.00114805 -0.01780377 0.00274734
v 0.00114805 -0.01950376 0.00274502
v -0.00000000 -0.01780408 0.00297570
v -0.00000000 -0.01950408 0.00297338
v -0.00000000 -0.01299453 -0.00401774
v -0.00000000 -0.01779452 -0.00402429
v 0.00136808 -0.01299486 -0.00377651
v 0.00136808 -0.01779485 -0.00378306
v 0.00257115 -0.01299581 -0.00308192
v 0.00257115 -0.01779580 -0.00308847
v 0.00346410 -0.01299726 -0.00201774
v 0.00346410 -0.01779725 -0.00202430
v 0.00393923 -0.01299904 -0.00071234
v 0.00393923 -0.01779903 -0.00071889
v 0.00393923 -0.01300094 0.00067685
v 0.00393923 -0.01780093 0.00067029
v 0.00346410 -0.01300272 0.00198225
v 0.00346410 -0.01780271 0.00197570
v 0.00257115 -0.01300417 0.00304643
v 0.00257115 -0.01780417 0.00303988
v 0.00136808 -0.01300512 0.00374102
v 0.00136808 -0.01780511 0.00373447
v -0.00000000 -0.01300545 0.00398225
v -0.00000000 -0.01780544 0.00397570
v -0.00000000 -0.01298574 -0.01045797
v -0.00000000 -0.01948573 -0.01046684
v 0.00062500 -0.01298597 -0.01029050
v 0.00062500 -0.01948596 -0.01029937
v 0.00108253 -0.01298659 -0.00983297
v 0.00108253 -0.01948658 -0.00984184
v 0.00125000 -0.01298744 -0.00920797
v 0.00125000 -0.01948744 -0.00921684
v 0.00108253 -0.01298830 -0.00858297
v 0.00108253 -0.01948829 -0.00859184
v 0.00062500 -0.01298892 -0.00812544
v 0.00062500 -0.01948891 -0.00813431
v -0.00000000 -0.01298915 -0.00795797
v -0.00000000 -0.01948914 -0.00796684
v -0.00000000 -0.01049201 -0.02045457
v -0.00000000 -0.01947208 -0.02046683
v 0.00062500 -0.01049223 -0.02028711
v 0.00062500 -0.01947231 -0.02029936
v 0.00108253 -0.01049286 -0.01982957
v 0.00108253 -0.01947293 -0.01984183
v 0.00125000 -0.01049371 -0.01920458
v 0.00125000 -0.01947379 -0.01921683
v 0.00108253 -0.01049457 -0.01857958
v 0.00108253 -0.01947464 -0.01859183
v 0.00062500 -0.01049519 -0.01812204
v 0.00062500 -0.01947526 -0.01813430
v -0.00000000 -0.01049542 -0.01795457
v -0.00000000 -0.01947549 -0.01796683
v -0.00000000 -0.01047836 -0.03045456
v -0.00000000 -0.01945843 -0.03046682
v 0.00062500 -0.01047859 -0.03028709
v 0.00062500 -0.01945866 -0.03029935
v 0.00108253 -0.01047921 -0.02982957
v 0.00108253 -0.01945928 -0.02984182
v 0.00125000 -0.01048006 -0.02920457
v 0.00125000 -0.01946014 -0.02921682
v 0.00108253 -0.01048092 -0.02857956
v 0.00108253 -0.01946099 -0.02859182
v 0.00062500 -0.01048154 -0.02812203
v 0.00062500 -0.01946162 -0.02813429
v -0.00000000 -0.01048177 -0.02795457
v -0.00000000 -0.01946184 -0.02796682
v -0.00000000 -0.01046471 -0.04045456
v -0.00000000 -0.01944478 -0.04046681
v 0.00062500 -0.01046494 -0.04028709
v 0.00062500 -0.01944501 -0.04029934
v 0.00108253 -0.01046556 -0.03982956
v 0.00108253 -0.01944564 -0.03984181
v 0.00125000 -0.01046641 -0.03920456
v 0.00125000 -0.01944649 -0.03921681
v 0.00108253 -0.01046727 -0.03857956
v 0.00108253 -0.01944734 -0.03859181
v 0.00062500 -0.01046789 -0.03812202
v 0.00062500 -0.01944797 -0.03813428
v -0.00000000 -0.01046812 -0.03795456
v -0.00000000 -0.01944819 -0.03796681
v -0.01200000 -0.01678024 -0.04721318
v -0.01046654 -0.01821094 -0.04721513
v -0.01200000 -0.01683783 -0.00502299
v -0.01057441 -0.01818119 -0.00359923
v -0.00876398 -0.01943557 -0.04721681
v -0.00876398 -0.01944017 -0.04384181
v -0.00876398 -0.01945331 -0.03421682
v -0.00876398 -0.01946696 -0.02421683
v -0.00876398 -0.01948061 -0.01421683
v -0.00876260 -0.01949725 -0.00202662
v -0.00900000 -0.01934648 -0.00202641
v -0.00876398 -0.01949451 -0.00403911
v -0.00876398 -0.01949113 -0.00650923
v 0.00900000 -0.01934648 -0.00202641
v 0.00876398 -0.01949725 -0.00202662
v 0.01057441 -0.01818119 -0.00359923
v 0.00876398 -0.01949451 -0.00403911
v 0.00876398 -0.01949113 -0.00650923
v 0.00876398 -0.01948061 -0.01421683
v 0.00876398 -0.01946696 -0.02421683
v 0.00876398 -0.01945331 -0.03421682
v 0.01046654 -0.01821094 -0.04721513
v 0.00876398 -0.01944017 -0.04384181
v 0.00876398 -0.01943557 -0.04721681
v 0.01200000 -0.01678024 -0.04721318
v 0.01200000 -0.01683783 -0.00502299
v 0.00789449 -0.01943557 -0.04721681
v -0.01200000 -0.01045549 -0.04720455
v 0.00237500 -0.01045549 -0.04720455
v 0.01200000 -0.01045549 -0.04720455
v 0.00398750 -0.01943557 -0.04721681
v 0.00212500 -0.01943557 -0.04721681
v -0.00212500 -0.01943557 -0.04721681
v -0.00398750 -0.01943557 -0.04721681
v -0.00900000 -0.01299726 -0.00201774
v -0.00876260 -0.01299726 -0.00201774
v 0.00900000 -0.01299726 -0.00201774
v 0.00876260 -0.01299726 -0.00201774
v -0.00769374 -0.01299753 -0.00182087
v -0.00769374 -0.01949752 -0.00182975
v -0.00676516 -0.01299830 -0.00125610
v -0.00676516 -0.01949829 -0.00126497
v -0.00609874 -0.01299947 -0.00039755
v -0.00609874 -0.01949946 -0.00040642
v -0.00578195 -0.01300089 0.00064210
v -0.00578195 -0.01950088 0.00063323
v 0.00578195 -0.01300089 0.00064210
v 0.00578195 -0.01950088 0.00063323
v 0.00609874 -0.01299947 -0.00039755
v 0.00609874 -0.01949946 -0.00040642
v 0.00676516 -0.01299830 -0.00125610
v 0.00676516 -0.01949829 -0.00126497
v 0.00769374 -0.01299753 -0.00182087
v 0.00769374 -0.01949752 -0.00182975
v -0.00062500 -0.01046789 -0.03812202
v -0.00062500 -0.01944797 -0.03813428
v -0.00108253 -0.01046727 -0.03857956
v -0.00108253 -0.01944734 -0.03859181
v -0.00125000 -0.01046641 -0.03920456
v -0.00125000 -0.01944649 -0.03921681
v -0.00108253 -0.01046556 -0.03982956
v -0.00108253 -0.01944564 -0.03984181
v -0.00062500 -0.01046494 -0.04028709
v -0.00062500 -0.01944501 -0.04029934
v -0.00062500 -0.01048154 -0.02812203
v -0.00062500 -0.01946162 -0.02813429
v -0.00108253 -0.01048092 -0.02857956
v -0.00108253 -0.01946099 -0.02859182
v -0.00125000 -0.01048006 -0.02920457
v -0.00125000 -0.01946014 -0.02921682
v -0.00108253 -0.01047921 -0.02982957
v -0.00108253 -0.01945928 -0.02984182
v -0.00062500 -0.01047859 -0.03028709
v -0.00062500 -0.01945866 -0.03029935
v -0.00062500 -0.01049519 -0.01812204
v -0.00062500 -0.01947526 -0.01813430
v -0.00108253 -0.01049457 -0.01857958
v -0.00108253 -0.01947464 -0.01859183
v -0.00125000 -0.01049371 -0.01920458
v -0.00125000 -0.01947379 -0.01921683
v -0.00108253 -0.01049286 -0.01982957
v -0.00108253 -0.01947293 -0.01984183
v -0.00062500 -0.01049223 -0.02028711
v -0.00062500 -0.01947231 -0.02029936
v -0.00062500 -0.01298892 -0.00812544
v -0.00062500 -0.01948891 -0.00813431
v -0.00108253 -0.01298830 -0.00858297
v -0.00108253 -0.01948829 -0.00859184
v -0.00125000 -0.01298744 -0.00920797
v -0.00125000 -0.01948744 -0.00921684
v -0.00108253 -0.01298659 -0.00983297
v -0.00108253 -0.01948658 -0.00984184
v -0.00062500 -0.01298597 -0.01029050
v -0.00062500 -0.01948596 -0.01029937
v -0.00136808 -0.01300512 0.00374102
v -0.00136808 -0.01780511 0.00373447
v -0.00257115 -0.01300417 0.00304643
v -0.00257115 -0.01780417 0.00303988
v -0.00346410 -0.01300272 0.00198225
v -0.00346410 -0.01780271 0.00197570
v -0.00393923 -0.01300094 0.00067685
v -0.00393923 -0.01780093 0.00067029
v -0.00393923 -0.01299904 -0.00071234
v -0.00393923 -0.01779903 -0.00071889
v -0.00346410 -0.01299726 -0.00201774
v -0.00346410 -0.01779725 -0.00202430
v -0.00257115 -0.01299581 -0.00308192
v -0.00257115 -0.01779580 -0.00308847
v -0.00136808 -0.01299486 -0.00377651
v -0.00136808 -0.01779485 -0.00378306
v -0.01200000 -0.01049917 -0.01520458
v -0.01200000 -0.01297925 -0.01520796
v 0.00237500 -0.01049917 -0.01520458
v 0.01200000 -0.01297925 -0.01520796
v 0.01200000 -0.01049917 -0.01520458
v 0.00033605 -0.01300792 0.00579201
v -0.00033605 -0.01300792 0.00579201
v 0.00033605 -0.01950791 0.00578314
v -0.00033605 -0.01950791 0.00578314
v -0.01200000 -0.01299316 -0.00501774
v 0.01200000 -0.01299316 -0.00501774
v 0.00192785 -0.01300748 0.00547312
v 0.00336963 -0.01300646 0.00472693
v 0.00454917 -0.01300494 0.00361149
v 0.00537469 -0.01300303 0.00221362
v -0.00537469 -0.01300303 0.00221362
v -0.00454917 -0.01300494 0.00361149
v -0.00336963 -0.01300646 0.00472693
v -0.00192785 -0.01300748 0.00547312
v -0.00537469 -0.01950303 0.00220474
v -0.00454917 -0.01950494 0.00360261
v -0.00336963 -0.01950646 0.00471805
v -0.00192785 -0.01950748 0.00546425
v 0.00192785 -0.01950748 0.00546425
v 0.00336963 -0.01950646 0.00471805
v 0.00454917 -0.01950494 0.00360261
v 0.00537469 -0.01950303 0.00220474
v 0.00237500 -0.01048672 -0.02432957
v -0.01200000 -0.01048672 -0.02432957
v -0.00575000 -0.01049549 -0.01790554
v -0.00629904 -0.01049474 -0.01845457
v -0.00650000 -0.01049371 -0.01920458
v -0.00629904 -0.01049269 -0.01995457
v -0.00575000 -0.01049194 -0.02050361
v 0.01200000 -0.01048672 -0.02432957
v 0.00425000 -0.01049549 -0.01790554
v 0.00370096 -0.01049474 -0.01845457
v 0.00350000 -0.01049371 -0.01920458
v 0.00370096 -0.01049269 -0.01995457
v 0.00425000 -0.01049194 -0.02050361
v -0.00212500 -0.01949113 -0.00650923
v 0.00212500 -0.01949113 -0.00650923
v 0.00212500 -0.01949451 -0.00403911
v -0.00398750 -0.01948061 -0.01421683
v -0.00212500 -0.01948061 -0.01421683
v 0.00212500 -0.01944017 -0.04384181
v -0.00114805 -0.01949620 -0.00279825
v -0.00212500 -0.01949451 -0.00403911
v 0.00398750 -0.01949451 -0.00403911
v 0.00398750 -0.01950000 -0.00001412
v -0.00114805 -0.01950376 0.00274502
v -0.00212132 -0.01950288 0.00209470
v -0.00277164 -0.01950155 0.00112143
v -0.00300000 -0.01949998 -0.00002662
v -0.00398750 -0.01950000 -0.00001412
v -0.00277164 -0.01949842 -0.00117467
v -0.00398750 -0.01949451 -0.00403911
v -0.00212132 -0.01949709 -0.00214793
v 0.00548750 -0.01949573 -0.00313894
v 0.00789449 -0.01949451 -0.00403911
v -0.00688768 -0.01949522 -0.00351411
v -0.00651250 -0.01949573 -0.00313894
v 0.00789449 -0.01949113 -0.00650923
v 0.00548750 -0.01949331 -0.00491429
v 0.00398750 -0.01949113 -0.00650923
v 0.00511232 -0.01949382 -0.00453911
v 0.00497500 -0.01949452 -0.00402661
v 0.00511232 -0.01949522 -0.00351411
v -0.00398750 -0.01949113 -0.00650923
v -0.00702500 -0.01949452 -0.00402661
v -0.00688768 -0.01949382 -0.00453911
v -0.00651250 -0.01949331 -0.00491429
v -0.00212500 -0.01944017 -0.04384181
v -0.00398750 -0.01944017 -0.04384181
v -0.00212500 -0.01945331 -0.03421682
v 0.00212500 -0.01945331 -0.03421682
v -0.00398750 -0.01945331 -0.03421682
v -0.00212500 -0.01946696 -0.02421683
v 0.00212500 -0.01946696 -0.02421683
v -0.00398750 -0.01946696 -0.02421683
v 0.00212500 -0.01948061 -0.01421683
v 0.00398750 -0.01948061 -0.01421683
v 0.00789449 -0.01948061 -0.01421683
v 0.00398750 -0.01946696 -0.02421683
v 0.00789449 -0.01946696 -0.02421683
v 0.00398750 -0.01945331 -0.03421682
v 0.00789449 -0.01945331 -0.03421682
v 0.00398750 -0.01944017 -0.04384181
v 0.00789449 -0.01944017 -0.04384181
v -0.00114805 -0.01780377 0.00274734
v -0.00212132 -0.01780288 0.00209702
v -0.00277164 -0.01780155 0.00112375
v -0.00300000 -0.01779998 -0.00002430
v -0.00277164 -0.01779842 -0.00117234
v -0.00212132 -0.01779709 -0.00214561
v -0.00114805 -0.01779620 -0.00279593
v -0.00629904 -0.01649268 -0.01996276
v -0.00650000 -0.01649371 -0.01921277
v -0.00575000 -0.01649193 -0.02051180
v -0.00575000 -0.01649548 -0.01791373
v -0.00629904 -0.01649473 -0.01846276
v 0.00370096 -0.01649268 -0.01996276
v 0.00350000 -0.01649371 -0.01921277
v 0.00425000 -0.01649193 -0.02051180
v 0.00425000 -0.01649548 -0.01791373
v 0.00370096 -0.01649473 -0.01846276
v 0.00511232 -0.01449523 -0.00350729
v 0.00497500 -0.01449453 -0.00401979
v 0.00548750 -0.01449574 -0.00313211
v 0.00548750 -0.01449331 -0.00490746
v 0.00511232 -0.01449383 -0.00453229
v -0.00688768 -0.01449523 -0.00350729
v -0.00702500 -0.01449453 -0.00401979
v -0.00651250 -0.01449574 -0.00313211
v -0.00651250 -0.01449331 -0.00490746
v -0.00688768 -0.01449383 -0.00453229
v -0.00406586 0.00595632 0.00282400
v -0.00406586 0.00395632 0.00282127
v -0.00352351 0.00595615 0.00294779
v -0.00352351 0.00395615 0.00294506
v -0.00308857 0.00595568 0.00329463
v -0.00308857 0.00395568 0.00329190
v -0.00284720 0.00595499 0.00379584
v -0.00284720 0.00395499 0.00379311
v -0.00284720 0.00595423 0.00435215
v -0.00284720 0.00395423 0.00434942
v -0.00308857 0.00595355 0.00485336
v -0.00308857 0.00395355 0.00485063
v -0.00352351 0.00595307 0.00520021
v -0.00352351 0.00395308 0.00519748
v -0.00406586 0.00595290 0.00532399
v -0.00406586 0.00395291 0.00532126
v -0.00406586 0.00320354 0.00407024
v 0.00406586 0.00596742 -0.00530772
v 0.00406586 0.00396742 -0.00531045
v 0.00460822 0.00596725 -0.00518393
v 0.00460822 0.00396725 -0.00518666
v 0.00504315 0.00596677 -0.00483709
v 0.00504315 0.00396678 -0.00483982
v 0.00528452 0.00596609 -0.00433588
v 0.00528452 0.00396609 -0.00433861
v 0.00528452 0.00596533 -0.00377957
v 0.00528452 0.00396533 -0.00378230
v 0.00504315 0.00596465 -0.00327836
v 0.00504315 0.00396465 -0.00328109
v 0.00460822 0.00596417 -0.00293151
v 0.00460822 0.00396418 -0.00293424
v 0.00406586 0.00596400 -0.00280773
v 0.00406586 0.00396401 -0.00281046
v 0.00406586 0.00321464 -0.00406148
v 0.00102192 0.00258439 0.00583289
v 0.00100178 0.00245202 0.00597027
v 0.00088768 0.00245162 0.00626585
v 0.00102500 0.00595231 0.00575813
v 0.00102500 0.00266230 0.00575344
v 0.00088768 0.00595161 0.00627063
v -0.00000000 0.00595371 0.00473313
v -0.00000000 0.00272037 0.00472872
v 0.00051250 0.00595352 0.00487045
v 0.00051250 0.00272018 0.00486604
v 0.00088768 0.00595301 0.00524563
v 0.00088768 0.00271967 0.00524122
v 0.00102339 0.00271905 0.00569623
v 0.00086663 0.00245157 0.00630069
v 0.00051250 0.00595110 0.00664581
v -0.00000000 0.00245092 0.00677835
v -0.00000000 0.00595091 0.00678313
v 0.00049477 0.00245109 0.00665103
v 0.00051250 0.00245110 0.00664103
v 0.00585838 0.00256561 -0.00101575
v 0.00596692 0.00246153 -0.00099842
v 0.00626250 0.00246138 -0.00088432
v 0.00575000 0.00266856 0.00102864
v 0.00575000 0.00595876 0.00103313
v 0.00585838 0.00256283 0.00102275
v 0.00626250 0.00595895 0.00089581
v 0.00596692 0.00245880 0.00100514
v 0.00575000 0.00596156 -0.00101686
v 0.00575000 0.00267135 -0.00102135
v 0.00626250 0.00596137 -0.00087954
v 0.00629734 0.00246135 -0.00086327
v 0.00663768 0.00596086 -0.00050436
v 0.00663768 0.00246086 -0.00050914
v 0.00664768 0.00246084 -0.00049142
v 0.00677500 0.00596016 0.00000814
v 0.00677500 0.00246016 0.00000336
v 0.00664768 0.00245949 0.00049813
v 0.00663768 0.00595946 0.00052063
v 0.00663768 0.00245947 0.00051586
v 0.00629734 0.00245898 0.00086999
v 0.00626250 0.00245895 0.00089103
v -0.00000000 0.00273327 -0.00472127
v -0.00000000 0.00596661 -0.00471686
v 0.00051250 0.00273346 -0.00485860
v 0.00051250 0.00596680 -0.00485418
v 0.00088768 0.00273397 -0.00523377
v 0.00088768 0.00596731 -0.00522936
v 0.00102339 0.00273459 -0.00568879
v 0.00102500 0.00596801 -0.00574186
v 0.00102500 0.00267800 -0.00574615
v 0.00102192 0.00260030 -0.00582582
v 0.00088768 0.00596871 -0.00625436
v 0.00100178 0.00246831 -0.00596356
v -0.00000000 0.00246941 -0.00677164
v 0.00042959 0.00246928 -0.00667727
v -0.00000000 0.00596941 -0.00676686
v 0.00051250 0.00596922 -0.00662953
v 0.00051250 0.00246923 -0.00663431
v 0.00082363 0.00246885 -0.00635676
v 0.00088768 0.00246871 -0.00625914
v -0.00025475 0.00221806 -0.00629295
v 0.00000002 0.00219685 -0.00631938
v -0.00042959 0.00246928 -0.00667727
v -0.00051250 0.00246923 -0.00663431
v -0.00054777 0.00228623 -0.00620561
v -0.00082363 0.00246885 -0.00635676
v -0.00086033 0.00240197 -0.00605282
v -0.00088768 0.00246871 -0.00625914
v -0.00100178 0.00246831 -0.00596356
v -0.00572120 0.00269697 0.00102828
v -0.00575000 0.00266856 0.00102864
v -0.00575000 0.00595876 0.00103313
v -0.00575000 0.00267135 -0.00102135
v -0.00572121 0.00269977 -0.00102091
v -0.00575000 0.00596156 -0.00101686
v -0.00569252 0.00272822 -0.00101966
v -0.00523750 0.00596137 -0.00087954
v -0.00523750 0.00272803 -0.00088395
v -0.00486232 0.00596086 -0.00050436
v -0.00486232 0.00272752 -0.00050878
v -0.00472500 0.00596016 0.00000814
v -0.00472500 0.00272682 0.00000372
v -0.00486232 0.00595946 0.00052063
v -0.00486232 0.00272612 0.00051622
v -0.00523750 0.00595895 0.00089581
v -0.00523750 0.00272561 0.00089140
v -0.00569252 0.00272542 0.00102711
v -0.00000000 0.00272136 0.00400372
v -0.00000000 0.00595470 0.00400813
v 0.00103528 0.00272155 0.00386742
v 0.00103528 0.00595489 0.00387184
v 0.00200000 0.00272209 0.00346782
v 0.00200000 0.00595543 0.00347223
v 0.00282843 0.00272296 0.00283215
v 0.00282843 0.00595630 0.00283656
v 0.00346410 0.00272409 0.00200372
v 0.00346410 0.00595743 0.00200813
v 0.00386370 0.00272541 0.00103900
v 0.00386370 0.00595875 0.00104341
v 0.00400000 0.00272682 0.00000372
v 0.00400000 0.00596016 0.00000814
v 0.00386370 0.00272823 -0.00103155
v 0.00386370 0.00596157 -0.00102714
v 0.00346410 0.00272955 -0.00199628
v 0.00346410 0.00596289 -0.00199186
v 0.00282843 0.00273068 -0.00282470
v 0.00282843 0.00596402 -0.00282029
v 0.00200000 0.00273155 -0.00346038
v 0.00200000 0.00596489 -0.00345596
v 0.00103528 0.00273209 -0.00385998
v 0.00103528 0.00596543 -0.00385556
v -0.00000000 0.00273228 -0.00399627
v -0.00000000 0.00596562 -0.00399186
v 0.00529970 0.00205596 0.00367851
v 0.00527575 0.00203450 0.00374977
v 0.00472560 0.00272227 0.00333850
v 0.00105658 0.00271906 0.00569017
v 0.00563376 0.00272503 0.00131246
v 0.00569252 0.00272542 0.00102711
v 0.00572120 0.00269697 0.00102828
v 0.00725248 0.00117678 0.00108082
v 0.00688427 0.00151696 0.00122454
v 0.00626931 0.00223013 0.00036883
v 0.00672490 0.00166693 0.00126242
v 0.00663408 0.00175400 0.00127404
v 0.00650481 0.00188174 0.00126994
v 0.00650132 0.00188531 0.00126920
v 0.00641684 0.00197057 0.00125712
v 0.00640437 0.00198256 0.00125847
v 0.00638034 0.00200429 0.00126798
v 0.00615304 0.00231955 0.00067974
v 0.00635479 0.00202566 0.00128662
v 0.00631671 0.00205179 0.00134140
v 0.00631408 0.00205263 0.00134966
v 0.00628502 0.00205623 0.00146281
v 0.00631049 0.00205332 0.00136299
v 0.00078988 0.00196343 0.00649311
v 0.00078476 0.00197543 0.00648167
v 0.00087964 0.00165939 0.00678744
v 0.00133947 0.00116842 0.00721056
v 0.00096471 0.00150918 0.00692716
v 0.00121475 0.00116839 0.00723262
v 0.00084064 0.00174659 0.00670473
v 0.00080475 0.00187449 0.00658065
v 0.00080438 0.00187807 0.00657710
v 0.00076832 0.00199720 0.00646177
v 0.00074272 0.00201862 0.00644326
v 0.00073031 0.00233195 0.00613010
v 0.00067889 0.00204485 0.00642399
v 0.00066197 0.00230678 0.00616310
v 0.00067022 0.00204570 0.00642404
v 0.00042823 0.00223637 0.00625410
v 0.00065644 0.00204642 0.00642475
v 0.00043230 0.00205198 0.00643814
v 0.00029980 0.00220863 0.00628926
v 0.00032040 0.00205476 0.00644189
v 0.00014919 0.00218719 0.00631602
v 0.00014138 0.00205217 0.00645088
v -0.00000007 0.00217961 0.00632534
v 0.00006963 0.00203079 0.00647338
v -0.00009957 0.00218316 0.00632101
v 0.00002875 0.00199266 0.00651172
v 0.00000878 0.00194756 0.00655674
v -0.00032767 0.00116826 0.00732662
v -0.00107921 0.00116836 0.00725408
v -0.00017535 0.00140469 0.00709598
v -0.00122247 0.00150923 0.00688634
v -0.00003985 0.00169391 0.00680960
v -0.00126015 0.00165947 0.00672717
v -0.00127164 0.00174668 0.00663647
v -0.00126737 0.00187459 0.00650738
v -0.00126663 0.00187817 0.00650389
v -0.00000000 0.00187442 0.00662969
v -0.00125576 0.00197553 0.00640707
v -0.00126524 0.00199731 0.00638307
v -0.00036576 0.00222204 0.00627238
v -0.00125443 0.00196353 0.00641953
v -0.00029872 0.00220863 0.00628931
v -0.00102339 0.00271905 0.00569623
v -0.00102500 0.00266230 0.00575344
v -0.00116360 0.00271909 0.00566924
v -0.00102192 0.00258439 0.00583289
v -0.00128386 0.00201874 0.00635755
v -0.00100178 0.00245202 0.00597027
v -0.00067652 0.00231204 0.00615624
v -0.00657455 0.00188593 0.00080687
v -0.00649263 0.00197008 0.00078380
v -0.00596692 0.00245880 0.00100514
v -0.00717217 0.00117618 0.00152580
v -0.00723102 0.00117660 0.00121636
v -0.00692509 0.00151731 0.00096679
v -0.00678517 0.00166745 0.00088191
v -0.00670234 0.00175459 0.00084304
v -0.00657809 0.00188237 0.00080732
v -0.00565743 0.00272518 0.00120601
v -0.00585837 0.00256283 0.00102275
v -0.00647165 0.00199242 0.00077126
v -0.00643354 0.00203549 0.00072648
v -0.00605616 0.00239248 0.00086349
v -0.00642433 0.00204811 0.00069519
v -0.00620878 0.00227696 0.00055077
v -0.00642334 0.00205146 0.00067307
v -0.00628678 0.00221637 0.00030065
v -0.00643351 0.00206081 0.00045205
v -0.00629600 0.00220910 0.00025770
v -0.00644484 0.00206148 0.00022908
v -0.00631784 0.00219177 0.00010657
v -0.00646398 0.00204598 0.00008438
v -0.00632237 0.00218822 0.00000299
v -0.00649610 0.00201439 0.00003137
v -0.00655071 0.00195995 0.00000264
v -0.00608879 0.00205807 0.00212983
v -0.00602492 0.00206042 0.00229732
v -0.00532148 0.00272373 0.00226955
v -0.00598677 0.00205749 0.00240258
v -0.00613239 0.00203680 0.00206853
v -0.00618153 0.00199876 0.00204146
v -0.00623059 0.00195374 0.00203634
v -0.00630277 0.00188067 0.00205046
v -0.00648642 0.00170038 0.00206799
v -0.00680104 0.00141161 0.00202734
v -0.00706776 0.00117559 0.00195352
v -0.00611866 0.00117274 0.00404205
v -0.00650173 0.00117363 0.00339141
v -0.00628804 0.00151446 0.00305954
v -0.00595079 0.00131446 0.00403828
v -0.00618126 0.00166464 0.00293559
v -0.00611454 0.00175182 0.00287303
v -0.00600745 0.00187965 0.00280067
v -0.00600418 0.00188322 0.00279923
v -0.00478763 0.00272239 0.00324882
v -0.00592867 0.00196852 0.00275956
v -0.00591936 0.00198052 0.00275117
v -0.00590549 0.00200230 0.00272940
v -0.00589577 0.00202373 0.00269935
v -0.00589713 0.00205002 0.00263272
v -0.00589986 0.00205089 0.00262449
v -0.00590479 0.00205162 0.00261161
v -0.00593697 0.00205439 0.00253074
v -0.00513350 0.00205565 0.00390727
v -0.00519390 0.00203435 0.00386243
v -0.00513600 0.00117111 0.00523464
v -0.00503547 0.00151201 0.00485301
v -0.00505825 0.00141668 0.00496598
v -0.00497228 0.00166223 0.00470214
v -0.00492819 0.00174943 0.00462202
v -0.00484876 0.00187730 0.00452013
v -0.00484610 0.00188088 0.00451774
v -0.00478658 0.00196621 0.00445669
v -0.00407575 0.00272122 0.00410742
v -0.00478033 0.00197821 0.00444583
v -0.00477387 0.00199999 0.00442084
v -0.00477391 0.00202143 0.00438926
v -0.00479582 0.00204771 0.00432631
v -0.00480095 0.00204857 0.00431933
v -0.00480962 0.00204930 0.00430860
v -0.00495219 0.00205512 0.00413514
v -0.00502100 0.00205803 0.00404682
v -0.00524898 0.00199629 0.00385187
v -0.00529720 0.00195124 0.00386216
v -0.00536146 0.00187815 0.00389790
v -0.00553063 0.00169778 0.00397130
v -0.00584228 0.00140887 0.00402985
v -0.00321230 0.00272025 0.00481341
v -0.00367570 0.00205374 0.00530251
v -0.00374699 0.00203242 0.00527853
v -0.00380263 0.00199433 0.00528551
v -0.00384529 0.00194927 0.00531019
v -0.00389533 0.00187615 0.00536403
v -0.00403346 0.00169572 0.00548610
v -0.00431164 0.00140668 0.00563807
v -0.00457063 0.00117043 0.00573506
v -0.00317336 0.00197649 0.00570557
v -0.00317495 0.00199827 0.00567981
v -0.00222940 0.00271953 0.00534055
v -0.00326753 0.00116930 0.00656563
v -0.00329000 0.00151021 0.00617163
v -0.00282631 0.00116902 0.00676734
v -0.00327658 0.00166045 0.00600863
v -0.00325945 0.00174766 0.00591882
v -0.00321544 0.00187556 0.00579737
v -0.00321365 0.00187913 0.00579428
v -0.00317595 0.00196449 0.00571783
v -0.00318476 0.00201971 0.00564979
v -0.00322505 0.00204598 0.00559669
v -0.00323209 0.00204684 0.00559164
v -0.00324366 0.00204756 0.00558411
v -0.00343285 0.00205331 0.00546320
v -0.00352559 0.00205619 0.00540046
v -0.00357900 0.00205942 0.00536137
v -0.00133860 0.00204499 0.00631950
v -0.00134686 0.00204585 0.00631688
v -0.00136018 0.00204657 0.00631329
v -0.00185810 0.00205254 0.00617898
v -0.00168507 0.00205506 0.00622575
v -0.00157748 0.00205222 0.00625676
v -0.00193331 0.00203119 0.00617820
v -0.00198405 0.00199308 0.00620203
v -0.00201697 0.00194800 0.00623868
v -0.00204790 0.00187486 0.00630534
v -0.00214146 0.00169438 0.00646411
v -0.00235895 0.00140524 0.00669459
v -0.00257519 0.00116889 0.00686685
v 0.00229450 0.00205533 0.00602773
v 0.00212702 0.00205266 0.00609160
v 0.00212839 0.00271948 0.00538164
v 0.00206575 0.00203125 0.00613517
v 0.00203873 0.00199311 0.00618426
v 0.00203367 0.00194801 0.00623325
v 0.00204790 0.00187486 0.00630534
v 0.00206567 0.00169435 0.00648874
v 0.00202541 0.00140509 0.00680296
v 0.00195192 0.00116861 0.00706936
v 0.00274846 0.00197619 0.00592207
v 0.00272667 0.00199796 0.00590822
v 0.00312105 0.00272017 0.00487312
v 0.00338980 0.00116938 0.00650333
v 0.00305747 0.00151005 0.00629011
v 0.00395669 0.00116983 0.00617475
v 0.00293332 0.00166021 0.00618353
v 0.00287064 0.00174739 0.00611693
v 0.00279811 0.00187527 0.00601001
v 0.00279666 0.00187884 0.00600675
v 0.00275687 0.00196419 0.00593136
v 0.00269659 0.00201937 0.00589853
v 0.00262992 0.00204556 0.00589993
v 0.00262169 0.00204641 0.00590266
v 0.00260880 0.00204712 0.00590759
v 0.00239977 0.00205259 0.00598958
v 0.00237329 0.00205311 0.00599956
v 0.00441811 0.00199950 0.00477660
v 0.00438650 0.00202090 0.00477668
v 0.00399766 0.00272111 0.00418353
v 0.00451756 0.00187685 0.00485133
v 0.00451517 0.00188042 0.00484867
v 0.00461963 0.00174901 0.00493059
v 0.00469986 0.00166186 0.00497455
v 0.00485094 0.00151176 0.00503754
v 0.00445400 0.00196575 0.00478927
v 0.00444313 0.00197775 0.00478303
v 0.00432351 0.00204707 0.00479861
v 0.00431653 0.00204791 0.00480375
v 0.00430580 0.00204862 0.00481242
v 0.00413233 0.00205400 0.00495500
v 0.00404400 0.00205670 0.00502381
v 0.00390446 0.00205397 0.00513631
v 0.00385965 0.00203253 0.00519668
v 0.00384915 0.00199438 0.00525171
v 0.00385950 0.00194928 0.00529986
v 0.00389533 0.00187615 0.00536403
v 0.00404044 0.00116990 0.00612027
v 0.00402792 0.00140640 0.00584421
v 0.00396898 0.00169565 0.00553295
v 0.00528278 0.00199635 0.00380536
v 0.00530752 0.00195126 0.00384795
v 0.00536146 0.00187815 0.00389790
v 0.00573346 0.00117202 0.00457223
v 0.00523304 0.00117125 0.00513761
v 0.00563614 0.00140849 0.00431357
v 0.00548378 0.00169770 0.00403578
v 0.00570287 0.00197994 0.00317606
v 0.00567708 0.00200169 0.00317768
v 0.00527781 0.00272359 0.00236947
v 0.00656403 0.00117380 0.00326914
v 0.00616956 0.00151414 0.00329207
v 0.00669091 0.00117416 0.00300077
v 0.00600635 0.00166417 0.00327886
v 0.00591643 0.00175129 0.00326184
v 0.00579480 0.00187908 0.00321801
v 0.00579171 0.00188265 0.00321623
v 0.00571514 0.00196795 0.00317864
v 0.00564703 0.00202307 0.00318752
v 0.00559390 0.00204921 0.00322785
v 0.00558884 0.00205005 0.00323490
v 0.00558131 0.00205075 0.00324646
v 0.00546039 0.00205608 0.00343566
v 0.00539765 0.00205874 0.00352840
v 0.00617617 0.00205844 0.00186092
v 0.00622293 0.00206125 0.00168788
v 0.00625395 0.00205861 0.00158030
v 0.00617542 0.00203698 0.00193609
v 0.00619930 0.00199884 0.00198678
v 0.00623601 0.00195376 0.00201964
v 0.00630277 0.00188067 0.00205046
v 0.00646179 0.00170028 0.00214379
v 0.00669266 0.00141115 0.00236088
v 0.00686525 0.00117474 0.00257680
v 0.00732502 0.00117781 0.00032928
v 0.00628625 0.00221684 0.00030182
v 0.00631851 0.00219127 0.00009656
v 0.00632237 0.00218822 0.00000299
v 0.00655091 0.00195975 0.00000272
v 0.00658821 0.00192238 0.00000402
v 0.00661236 0.00189824 0.00000294
v 0.00662713 0.00188347 0.00000257
v 0.00680728 0.00170315 0.00004217
v 0.00709406 0.00141413 0.00017728
v 0.00000000 0.00551401 -0.00900136
v 0.00000000 0.00597183 -0.00854229
v 0.00135350 0.00597169 -0.00843448
v -0.00451588 0.00437524 -0.00908154
v -0.00477517 0.00411292 -0.00924491
v -0.00392483 0.00597053 -0.00758827
v -0.00710305 0.00437273 -0.00724129
v -0.00747177 0.00404922 -0.00733087
v -0.00610278 0.00596834 -0.00598067
v -0.00935871 0.00515241 0.00000704
v -0.00855043 0.00596016 0.00000814
v -0.00846664 0.00596179 -0.00118598
v -0.01037037 0.00413301 -0.00039534
v -0.01003279 0.00447612 -0.00018840
v -0.00998839 0.00452090 -0.00016541
v -0.00965044 0.00486011 -0.00002492
v -0.00946733 0.00504327 0.00000688
v -0.00902709 0.00530213 -0.00191916
v -0.00903206 0.00529979 -0.00190823
v -0.00883766 0.00530911 -0.00262964
v -0.00890237 0.00530691 -0.00238628
v -0.00817086 0.00596360 -0.00251116
v -0.00893831 0.00530672 -0.00224744
v -0.00901443 0.00530665 -0.00195219
v -0.00909086 0.00525836 -0.00182787
v -0.00916105 0.00519341 -0.00178719
v -0.00928787 0.00505115 -0.00180268
v -0.00929259 0.00504574 -0.00180365
v -0.00939279 0.00494569 -0.00181262
v -0.00962295 0.00472466 -0.00178525
v -0.01055215 0.00394564 -0.00052924
v -0.01045963 0.00394695 -0.00148786
v -0.01000631 0.00436514 -0.00168212
v -0.00973890 0.00413736 -0.00358033
v -0.00948164 0.00448034 -0.00327918
v -0.00766905 0.00596532 -0.00377281
v -0.00944650 0.00452510 -0.00324360
v -0.00916837 0.00486418 -0.00300552
v -0.00900396 0.00504726 -0.00291868
v -0.00891703 0.00514920 -0.00289227
v -0.00885808 0.00522779 -0.00284060
v -0.00882861 0.00528549 -0.00274907
v -0.00798998 0.00530581 -0.00461440
v -0.00799809 0.00530347 -0.00460554
v -0.00759027 0.00531266 -0.00523157
v -0.00772702 0.00531051 -0.00502011
v -0.00697384 0.00596691 -0.00493912
v -0.00780410 0.00531034 -0.00489917
v -0.00796773 0.00531032 -0.00464189
v -0.00807886 0.00526207 -0.00454728
v -0.00815821 0.00519716 -0.00453029
v -0.00827410 0.00505494 -0.00458422
v -0.00827829 0.00504954 -0.00458660
v -0.00837086 0.00494953 -0.00462610
v -0.00859831 0.00472860 -0.00467121
v -0.00987048 0.00395005 -0.00376386
v -0.00948627 0.00395126 -0.00464697
v -0.00899492 0.00436925 -0.00469162
v -0.00800237 0.00448412 -0.00604837
v -0.00815411 0.00414122 -0.00641430
v -0.00822263 0.00395396 -0.00662953
v -0.00758432 0.00395495 -0.00735068
v -0.00797992 0.00452887 -0.00600367
v -0.00778882 0.00486784 -0.00569127
v -0.00765923 0.00505086 -0.00555787
v -0.00758467 0.00515277 -0.00550588
v -0.00754454 0.00523134 -0.00543852
v -0.00754477 0.00528903 -0.00534235
v -0.00618121 0.00530654 -0.00685132
v -0.00627605 0.00526517 -0.00682087
v -0.00617076 0.00530887 -0.00685724
v -0.00559989 0.00531551 -0.00732068
v -0.00579529 0.00531343 -0.00716183
v -0.00507783 0.00596955 -0.00687121
v -0.00590598 0.00531330 -0.00707063
v -0.00614110 0.00531337 -0.00687651
v -0.00635679 0.00520029 -0.00682924
v -0.00645040 0.00505813 -0.00691635
v -0.00645366 0.00505272 -0.00691991
v -0.00652953 0.00495275 -0.00698609
v -0.00673200 0.00473191 -0.00709929
v -0.00493996 0.00395766 -0.00933433
v -0.00576988 0.00395699 -0.00884572
v -0.00577115 0.00414423 -0.00861985
v -0.00573976 0.00448709 -0.00822491
v -0.00573221 0.00453184 -0.00817545
v -0.00564686 0.00487075 -0.00781928
v -0.00556475 0.00505372 -0.00765234
v -0.00550987 0.00515560 -0.00757985
v -0.00549249 0.00523416 -0.00750338
v -0.00552240 0.00529185 -0.00741199
v -0.00375927 0.00530869 -0.00842573
v -0.00385889 0.00526736 -0.00842609
v -0.00374750 0.00531102 -0.00842814
v -0.00306136 0.00531738 -0.00869249
v -0.00329628 0.00531539 -0.00860180
v -0.00267287 0.00597125 -0.00811378
v -0.00342973 0.00531532 -0.00854926
v -0.00371334 0.00531550 -0.00843730
v -0.00393313 0.00520252 -0.00845900
v -0.00399530 0.00506039 -0.00857078
v -0.00399729 0.00505498 -0.00857518
v -0.00404905 0.00495504 -0.00866157
v -0.00420672 0.00473428 -0.00883181
v -0.00291531 0.00448896 -0.00959574
v -0.00163448 0.00417560 -0.01021334
v -0.00282326 0.00414609 -0.00998107
v -0.00181205 0.00395912 -0.01040375
v -0.00275234 0.00395883 -0.01019550
v -0.00292339 0.00453371 -0.00954637
v -0.00295214 0.00487261 -0.00918122
v -0.00292556 0.00505556 -0.00899707
v -0.00289572 0.00515742 -0.00891116
v -0.00135350 0.00597169 -0.00843448
v -0.00290279 0.00523597 -0.00883306
v -0.00295945 0.00529369 -0.00875538
v -0.00000000 0.00505619 -0.00946043
v 0.00000188 0.00515804 -0.00936950
v 0.00000000 0.00515991 -0.00935643
v -0.00002894 0.00523660 -0.00929740
v 0.00000000 0.00516349 -0.00935284
v -0.00095741 0.00531203 -0.00917332
v -0.00096935 0.00530971 -0.00917467
v -0.00047461 0.00531621 -0.00919905
v -0.00061776 0.00531620 -0.00919032
v -0.00092209 0.00531651 -0.00917148
v -0.00106400 0.00526843 -0.00920579
v -0.00112446 0.00520361 -0.00926004
v -0.00114911 0.00506150 -0.00938557
v -0.00117221 0.00495617 -0.00948854
v -0.00126965 0.00473546 -0.00969918
v -0.00138425 0.00461586 -0.00980467
v -0.00148666 0.00437654 -0.01003225
v -0.00114965 0.00505609 -0.00939037
v 0.00000000 0.00528510 -0.00923090
v 0.00053462 0.00395931 -0.01054676
v 0.00040098 0.00414662 -0.01036472
v 0.00149324 0.00395919 -0.01045424
v 0.00163118 0.00423718 -0.01015133
v 0.00019451 0.00448955 -0.01002667
v 0.00017159 0.00453430 -0.00998221
v 0.00003155 0.00487324 -0.00964380
v 0.00000000 0.00514203 -0.00937436
v 0.00000000 0.00515634 -0.00936001
v 0.00000000 0.00517064 -0.00934567
v 0.00000000 0.00511342 -0.00940305
v 0.00267287 0.00597125 -0.00811378
v 0.00301216 0.00487258 -0.00916172
v 0.00289930 0.00515741 -0.00891000
v 0.00292556 0.00505556 -0.00899707
v 0.00192640 0.00531182 -0.00901985
v 0.00191546 0.00530950 -0.00902482
v 0.00284773 0.00523599 -0.00885095
v 0.00275628 0.00529378 -0.00882139
v 0.00263689 0.00531757 -0.00883041
v 0.00239352 0.00531580 -0.00889512
v 0.00225468 0.00531584 -0.00893106
v 0.00195943 0.00531628 -0.00900718
v 0.00183504 0.00526826 -0.00908367
v 0.00179428 0.00520347 -0.00915396
v 0.00180957 0.00506136 -0.00928097
v 0.00181937 0.00495603 -0.00938604
v 0.00179169 0.00473535 -0.00961650
v 0.00181054 0.00505595 -0.00928570
v 0.00168808 0.00437650 -0.01000035
v -0.00010681 0.00529435 -0.00924103
v -0.00022316 0.00531809 -0.00921271
v 0.00328529 0.00448880 -0.00947552
v 0.00469758 0.00437512 -0.00898896
v 0.00358598 0.00414575 -0.00973325
v 0.00465236 0.00395786 -0.00948087
v 0.00376925 0.00395838 -0.00986509
v 0.00392484 0.00597053 -0.00758827
v 0.00324977 0.00453356 -0.00944032
v 0.00507784 0.00596955 -0.00687121
v 0.00569791 0.00487070 -0.00778218
v 0.00551291 0.00515560 -0.00757764
v 0.00556475 0.00505372 -0.00765234
v 0.00461277 0.00530809 -0.00799085
v 0.00455446 0.00526688 -0.00807168
v 0.00462164 0.00531041 -0.00798274
v 0.00544565 0.00523420 -0.00753740
v 0.00534957 0.00529202 -0.00753756
v 0.00523881 0.00531587 -0.00758302
v 0.00502736 0.00531419 -0.00771977
v 0.00490642 0.00531430 -0.00779686
v 0.00464914 0.00531485 -0.00796049
v 0.00453738 0.00520210 -0.00815112
v 0.00459111 0.00505997 -0.00826720
v 0.00459349 0.00505457 -0.00827140
v 0.00467766 0.00473395 -0.00859185
v 0.00463285 0.00495463 -0.00836411
v 0.00605449 0.00448678 -0.00799625
v 0.00724725 0.00437253 -0.00709709
v 0.00641995 0.00414359 -0.00814846
v 0.00735608 0.00395526 -0.00757892
v 0.00663492 0.00395613 -0.00821723
v 0.00610279 0.00596834 -0.00598067
v 0.00600984 0.00453156 -0.00797374
v 0.00782592 0.00486777 -0.00564022
v 0.00765923 0.00505086 -0.00555787
v 0.00818163 0.00452849 -0.00572604
v 0.00758688 0.00515276 -0.00550284
v 0.00697385 0.00596691 -0.00493911
v 0.00685855 0.00530561 -0.00617397
v 0.00682805 0.00526442 -0.00626887
v 0.00686448 0.00530792 -0.00616352
v 0.00751052 0.00523140 -0.00548535
v 0.00741921 0.00528926 -0.00551518
v 0.00732793 0.00531315 -0.00559265
v 0.00716908 0.00531155 -0.00578805
v 0.00707788 0.00531171 -0.00589873
v 0.00688376 0.00531236 -0.00613386
v 0.00683633 0.00519964 -0.00634970
v 0.00692324 0.00505748 -0.00644351
v 0.00692680 0.00505208 -0.00644677
v 0.00710574 0.00473140 -0.00672555
v 0.00699284 0.00495212 -0.00652278
v 0.00885111 0.00395278 -0.00576449
v 0.00862549 0.00414034 -0.00576550
v 0.00933973 0.00395165 -0.00493457
v 0.00908751 0.00436900 -0.00450992
v 0.00766905 0.00596532 -0.00377281
v 0.00823103 0.00448369 -0.00573365
v 0.00884020 0.00522787 -0.00289565
v 0.00876260 0.00528577 -0.00295224
v 0.00817087 0.00596360 -0.00251115
v 0.00891820 0.00514920 -0.00288869
v 0.00955254 0.00452466 -0.00291722
v 0.00900396 0.00504726 -0.00291868
v 0.00918787 0.00486410 -0.00294551
v 0.00869974 0.00530969 -0.00305412
v 0.00860904 0.00530814 -0.00328904
v 0.00855651 0.00530832 -0.00342249
v 0.00844455 0.00530905 -0.00370609
v 0.00843538 0.00530462 -0.00374026
v 0.00843297 0.00530231 -0.00375204
v 0.00843327 0.00526112 -0.00385171
v 0.00846609 0.00519633 -0.00392604
v 0.00857768 0.00505413 -0.00398840
v 0.00858207 0.00504872 -0.00399041
v 0.00883826 0.00472796 -0.00420027
v 0.00866833 0.00494873 -0.00404229
v 0.01040914 0.00394738 -0.00180666
v 0.01020090 0.00394867 -0.00274695
v 0.00998672 0.00413631 -0.00281762
v 0.01003822 0.00436487 -0.00148071
v 0.00960185 0.00447984 -0.00290920
v 0.00920889 0.00524540 -0.00106122
v 0.00926200 0.00518540 -0.00111700
v 0.00846664 0.00596179 -0.00118598
v 0.00935888 0.00515225 0.00000704
v 0.00928792 0.00522421 -0.00002991
v 0.00855043 0.00596016 0.00000814
v 0.00926062 0.00525076 -0.00006216
v 0.00923551 0.00527517 -0.00010811
v 0.00921061 0.00529764 -0.00023845
v 0.00919274 0.00529882 -0.00061021
v 0.00917507 0.00529744 -0.00082457
v 0.00917261 0.00529146 -0.00094936
v 0.00917592 0.00528639 -0.00097306
v 0.00918988 0.00526825 -0.00102219
v 0.00939219 0.00504995 -0.00114218
v 0.00939726 0.00504484 -0.00114276
v 0.00970564 0.00472395 -0.00126321
v 0.00949529 0.00494481 -0.00116546
v -0.00338980 0.00118713 -0.00650011
v -0.00404044 0.00118661 -0.00611705
v -0.00416460 0.00257238 -0.00791739
v -0.00490545 0.00257178 -0.00748122
v -0.00523304 0.00118527 -0.00513439
v -0.00573346 0.00118450 -0.00456902
v -0.00640846 0.00257009 -0.00624279
v -0.00697827 0.00256921 -0.00559903
v -0.00802502 0.00256697 -0.00395675
v -0.00656403 0.00118272 -0.00326592
v -0.00673901 0.00118220 -0.00288785
v -0.00836800 0.00256590 -0.00316842
v -0.00686525 0.00118177 -0.00257358
v -0.00725248 0.00117973 -0.00107760
v -0.00732502 0.00117870 -0.00032607
v -0.00885603 0.00256332 -0.00128306
v -0.00893862 0.00256216 -0.00042732
v -0.00863426 0.00255836 0.00235595
v -0.01020090 0.00394115 0.00275772
v -0.01040914 0.00394244 0.00181743
v -0.00882015 0.00255950 0.00151657
v -0.00926638 0.00393798 0.00508158
v -0.00933973 0.00393817 0.00494534
v -0.00792090 0.00255588 0.00416809
v -0.00748472 0.00255487 0.00490894
v -0.00885111 0.00393703 0.00577526
v -0.00712836 0.00393426 0.00780411
v -0.00735608 0.00393456 0.00758969
v -0.00624629 0.00255282 0.00641195
v -0.00560253 0.00255204 0.00698176
v -0.00663492 0.00393368 0.00822800
v -0.00317192 0.00255014 0.00837149
v -0.00376925 0.00393144 0.00987586
v -0.00422513 0.00393169 0.00968948
v -0.00396025 0.00255061 0.00802851
v -0.00465236 0.00393196 0.00949164
v -0.00086836 0.00393054 0.01053532
v -0.00149324 0.00393063 0.01046501
v -0.00128656 0.00254948 0.00885952
v -0.00043082 0.00254937 0.00894211
v -0.00053462 0.00393050 0.01055753
v 0.00151307 0.00254953 0.00882364
v 0.00181205 0.00393070 0.01041451
v 0.00235245 0.00254978 0.00863775
v 0.00258162 0.00393092 0.01025081
v 0.00275234 0.00393098 0.01020627
v 0.00416460 0.00255075 0.00792439
v 0.00493996 0.00393216 0.00934510
v 0.00576988 0.00393283 0.00885649
v 0.00490545 0.00255135 0.00748821
v 0.00640846 0.00255304 0.00624978
v 0.00697827 0.00255392 0.00560602
v 0.00758432 0.00393487 0.00736145
v 0.00822263 0.00393585 0.00664030
v 0.00836800 0.00255724 0.00317541
v 0.00987048 0.00393976 0.00377463
v 0.00948627 0.00393856 0.00465774
v 0.00802502 0.00255616 0.00396375
v 0.00885603 0.00255981 0.00129005
v 0.00893862 0.00256098 0.00043431
v 0.01045963 0.00394287 0.00149862
v 0.01055215 0.00394418 0.00054001
v 0.00863426 0.00256478 -0.00234895
v 0.00882015 0.00256363 -0.00150958
v 0.00723102 0.00117991 -0.00121314
v 0.00717009 0.00118035 -0.00153233
v 0.00706776 0.00118092 -0.00195031
v 0.00650173 0.00118288 -0.00338819
v 0.00611866 0.00118377 -0.00403883
v 0.00792090 0.00256725 -0.00416110
v 0.00748472 0.00256826 -0.00490195
v 0.00513600 0.00118540 -0.00523142
v 0.00457063 0.00118608 -0.00573185
v 0.00624629 0.00257031 -0.00640496
v 0.00560253 0.00257109 -0.00697476
v 0.00396025 0.00257252 -0.00802151
v 0.00326753 0.00118722 -0.00656241
v 0.00277807 0.00118752 -0.00678407
v 0.00317192 0.00257299 -0.00836450
v 0.00257519 0.00118763 -0.00686363
v 0.00107921 0.00118816 -0.00725087
v 0.00032767 0.00118825 -0.00732340
v 0.00128656 0.00257365 -0.00885252
v 0.00043082 0.00257377 -0.00893511
v -0.00235245 0.00257335 -0.00863076
v -0.00151307 0.00257361 -0.00881665
v -0.00121475 0.00118813 -0.00722940
v -0.00141563 0.00118808 -0.00719277
v -0.00195192 0.00118790 -0.00706615
v -0.00103528 0.00595489 0.00387184
v -0.00200000 0.00595543 0.00347223
v -0.00192043 0.00595421 0.00437063
v 0.00604543 0.00596612 -0.00435436
v -0.00436250 0.00596278 -0.00191229
v -0.00436250 0.00596612 -0.00435436
v 0.00341925 0.00594946 0.00784513
v 0.00465690 0.00595037 0.00717912
v 0.00436250 0.00595191 0.00605356
v 0.00576872 0.00595155 0.00631936
v 0.00749895 0.00595455 0.00411612
v 0.00604543 0.00595421 0.00437063
v 0.00672469 0.00595295 0.00528908
v 0.00855019 0.00596007 0.00007209
v 0.00842421 0.00595816 0.00147190
v 0.00604543 0.00595754 0.00192857
v 0.00807061 0.00595631 0.00283216
v 0.00192043 0.00595191 0.00605356
v 0.00208922 0.00594884 0.00829939
v -0.00208922 0.00594884 0.00829939
v -0.00070273 0.00594853 0.00852963
v 0.00070273 0.00594853 0.00852963
v -0.00051250 0.00595110 0.00664581
v -0.00192043 0.00595191 0.00605356
v -0.00341925 0.00594946 0.00784513
v -0.00436250 0.00595191 0.00605356
v -0.00528452 0.00595499 0.00379584
v -0.00807061 0.00595631 0.00283216
v -0.00528452 0.00595423 0.00435215
v -0.00749895 0.00595455 0.00411612
v -0.00504315 0.00595355 0.00485336
v -0.00672469 0.00595295 0.00528908
v -0.00460822 0.00595307 0.00520021
v -0.00576872 0.00595155 0.00631936
v -0.00465690 0.00595037 0.00717912
v -0.00504315 0.00595568 0.00329463
v -0.00436250 0.00595754 0.00192857
v -0.00626250 0.00596137 -0.00087954
v -0.00663768 0.00596086 -0.00050436
v -0.00677500 0.00596016 0.00000814
v -0.00626250 0.00595895 0.00089581
v -0.00842421 0.00595816 0.00147190
v -0.00663768 0.00595946 0.00052063
v -0.00855019 0.00596007 0.00007209
v 0.00192043 0.00596612 -0.00435436
v -0.00051250 0.00596680 -0.00485418
v -0.00192043 0.00596612 -0.00435436
v -0.00088768 0.00596731 -0.00522936
v -0.00051250 0.00596922 -0.00662953
v -0.00088768 0.00596871 -0.00625436
v -0.00102500 0.00596801 -0.00574186
v 0.00284720 0.00596533 -0.00377957
v 0.00284720 0.00596609 -0.00433588
v 0.00308857 0.00596677 -0.00483709
v 0.00352351 0.00596725 -0.00518393
v 0.00604543 0.00596278 -0.00191229
v 0.00192043 0.00595421 0.00437063
v 0.00436250 0.00595754 0.00192857
v 0.00436250 0.00595421 0.00437063
v 0.00436250 0.00596278 -0.00191229
v 0.00352351 0.00596417 -0.00293151
v 0.00308857 0.00596465 -0.00327836
v -0.00103528 0.00596543 -0.00385556
v -0.00346410 0.00596289 -0.00199186
v -0.00282843 0.00596402 -0.00282029
v -0.00200000 0.00596489 -0.00345596
v -0.00346410 0.00595743 0.00200813
v -0.00386370 0.00595875 0.00104341
v -0.00400000 0.00596016 0.00000814
v -0.00386370 0.00596157 -0.00102714
v 0.00523750 0.00596137 -0.00087954
v 0.00523750 0.00595895 0.00089581
v 0.00486232 0.00595946 0.00052063
v 0.00472500 0.00596016 0.00000814
v 0.00486232 0.00596086 -0.00050436
v -0.00088768 0.00595161 0.00627063
v -0.00102500 0.00595231 0.00575813
v -0.00088768 0.00595301 0.00524563
v -0.00051250 0.00595352 0.00487045
v -0.00460822 0.00595615 0.00294779
v -0.00282843 0.00595630 0.00283656
v -0.00239352 0.00529149 0.00890960
v -0.00225244 0.00529144 0.00894612
v 0.00827829 0.00503700 0.00460037
v 0.00837086 0.00493688 0.00463960
v 0.00852075 0.00478906 0.00467349
v 0.00998839 0.00452043 0.00017776
v 0.00946733 0.00504327 0.00000688
v 0.00965044 0.00486002 0.00003819
v 0.01037037 0.00413191 0.00040662
v 0.01000631 0.00436053 0.00169403
v 0.01003279 0.00447559 0.00020062
v 0.00885808 0.00522002 0.00285486
v 0.00882861 0.00527796 0.00276349
v 0.00891703 0.00514129 0.00290632
v 0.00952705 0.00441269 0.00333918
v 0.00944650 0.00451623 0.00325594
v 0.00916837 0.00485595 0.00301879
v 0.00900396 0.00503927 0.00293245
v 0.00883766 0.00530191 0.00264412
v 0.00890237 0.00530038 0.00240076
v 0.00893831 0.00530057 0.00226192
v 0.00901443 0.00530130 0.00196667
v 0.00902709 0.00529687 0.00193363
v 0.00903206 0.00529456 0.00192269
v 0.00909086 0.00525335 0.00184222
v 0.00916105 0.00518851 0.00180136
v 0.00928787 0.00504621 0.00181646
v 0.00929259 0.00504080 0.00181742
v 0.00962295 0.00471977 0.00179814
v 0.00939279 0.00494072 0.00182611
v 0.00899492 0.00435643 0.00470353
v 0.00973890 0.00412757 0.00359161
v 0.00859831 0.00471583 0.00468410
v 0.00758467 0.00513772 0.00551993
v 0.00754454 0.00521647 0.00545278
v 0.00815411 0.00412370 0.00642558
v 0.00800237 0.00446759 0.00606059
v 0.00797992 0.00451246 0.00601601
v 0.00778882 0.00485229 0.00570454
v 0.00765923 0.00503567 0.00557163
v 0.00754477 0.00527442 0.00535677
v 0.00759027 0.00529836 0.00524605
v 0.00772702 0.00529678 0.00503459
v 0.00780410 0.00529695 0.00491365
v 0.00796773 0.00529763 0.00465637
v 0.00798998 0.00529319 0.00462887
v 0.00799809 0.00529088 0.00462000
v 0.00807886 0.00524964 0.00456163
v 0.00815821 0.00518477 0.00454446
v 0.00827410 0.00504241 0.00459800
v 0.00624919 0.00526155 0.00684005
v 0.00627605 0.00524653 0.00683522
v 0.00635679 0.00518163 0.00684341
v 0.00645040 0.00503923 0.00693013
v 0.00645366 0.00503381 0.00693368
v 0.00652953 0.00493366 0.00699958
v 0.00710305 0.00435294 0.00725320
v 0.00673200 0.00471251 0.00711218
v 0.00550987 0.00513489 0.00759390
v 0.00549249 0.00521365 0.00751764
v 0.00577115 0.00412069 0.00863113
v 0.00573976 0.00446462 0.00823713
v 0.00573221 0.00450950 0.00818779
v 0.00564686 0.00484938 0.00783254
v 0.00556475 0.00503281 0.00766610
v 0.00590598 0.00529398 0.00708511
v 0.00614110 0.00529458 0.00689099
v 0.00618121 0.00528781 0.00686578
v 0.00552240 0.00527160 0.00742641
v 0.00559989 0.00529551 0.00733517
v 0.00579529 0.00529386 0.00717631
v 0.00375927 0.00528567 0.00844019
v 0.00374750 0.00528799 0.00844260
v 0.00371334 0.00529245 0.00845178
v 0.00368770 0.00529409 0.00846030
v 0.00385889 0.00524434 0.00844043
v 0.00393313 0.00517941 0.00847317
v 0.00399530 0.00503697 0.00858456
v 0.00399729 0.00503155 0.00858895
v 0.00404905 0.00493137 0.00867506
v 0.00420672 0.00471015 0.00884470
v 0.00451588 0.00435043 0.00909345
v 0.00289572 0.00513307 0.00892521
v 0.00290279 0.00521184 0.00884732
v 0.00282326 0.00411883 0.00999235
v 0.00291531 0.00446275 0.00960795
v 0.00292339 0.00450763 0.00955871
v 0.00295214 0.00484753 0.00919449
v 0.00292556 0.00503098 0.00901084
v 0.00295945 0.00526976 0.00876980
v 0.00306136 0.00529363 0.00870697
v 0.00329628 0.00529189 0.00861628
v 0.00096935 0.00528464 0.00918913
v 0.00095741 0.00528697 0.00918779
v 0.00092209 0.00529145 0.00918596
v 0.00075764 0.00529110 0.00919628
v 0.00106400 0.00524328 0.00922014
v 0.00112446 0.00517831 0.00927421
v 0.00114911 0.00503586 0.00939936
v 0.00114965 0.00503044 0.00940414
v 0.00117221 0.00493025 0.00950203
v 0.00126965 0.00470897 0.00971207
v 0.00148666 0.00434914 0.01004416
v -0.00000188 0.00513244 0.00938355
v 0.00002894 0.00521120 0.00931166
v -0.00040098 0.00411831 0.01037600
v -0.00019451 0.00446216 0.01003889
v -0.00017159 0.00450703 0.00999455
v -0.00003155 0.00484689 0.00965707
v -0.00000000 0.00503034 0.00947420
v 0.00010681 0.00526910 0.00925545
v 0.00022316 0.00529292 0.00922719
v 0.00047461 0.00529108 0.00921352
v -0.00183504 0.00524344 0.00909802
v -0.00179428 0.00517846 0.00916813
v -0.00195943 0.00529167 0.00902166
v -0.00192640 0.00528718 0.00903432
v -0.00191546 0.00528485 0.00903928
v -0.00180957 0.00503600 0.00929475
v -0.00181054 0.00503058 0.00929947
v -0.00181937 0.00493039 0.00939953
v -0.00168808 0.00434918 0.01001226
v -0.00179169 0.00470908 0.00962939
v -0.00358598 0.00411917 0.00974453
v -0.00328529 0.00446292 0.00948774
v -0.00324977 0.00450777 0.00945266
v -0.00301216 0.00484755 0.00917499
v -0.00292556 0.00503098 0.00901084
v -0.00289930 0.00513307 0.00892405
v -0.00284773 0.00521181 0.00886521
v -0.00275628 0.00526968 0.00883581
v -0.00263689 0.00529344 0.00884489
v -0.00455446 0.00524483 0.00808602
v -0.00453738 0.00517983 0.00816529
v -0.00461277 0.00528626 0.00800531
v -0.00502736 0.00529310 0.00773425
v -0.00490642 0.00529299 0.00781133
v -0.00464914 0.00529310 0.00797497
v -0.00462164 0.00528860 0.00799721
v -0.00459111 0.00503738 0.00828098
v -0.00459349 0.00503197 0.00828517
v -0.00463285 0.00493178 0.00837760
v -0.00469758 0.00435056 0.00900087
v -0.00467766 0.00471048 0.00860475
v -0.00641995 0.00412133 0.00815975
v -0.00605449 0.00446493 0.00800847
v -0.00600984 0.00450977 0.00798608
v -0.00569791 0.00484943 0.00779545
v -0.00556475 0.00503281 0.00766610
v -0.00551291 0.00513489 0.00759169
v -0.00544565 0.00521361 0.00755166
v -0.00534957 0.00527143 0.00755197
v -0.00523881 0.00529515 0.00759751
v -0.00686448 0.00529108 0.00617799
v -0.00685855 0.00528874 0.00618843
v -0.00682805 0.00524729 0.00628321
v -0.00683633 0.00518229 0.00636387
v -0.00725158 0.00529605 0.00570215
v -0.00716908 0.00529573 0.00580252
v -0.00707788 0.00529558 0.00591321
v -0.00688376 0.00529559 0.00614834
v -0.00692324 0.00503987 0.00645729
v -0.00692680 0.00503446 0.00646054
v -0.00699284 0.00493429 0.00653627
v -0.00724725 0.00435314 0.00710900
v -0.00710574 0.00471302 0.00673844
v -0.00862549 0.00412458 0.00577678
v -0.00823103 0.00446802 0.00574587
v -0.00818163 0.00451284 0.00573838
v -0.00782592 0.00485236 0.00565349
v -0.00765923 0.00503567 0.00557163
v -0.00758688 0.00513772 0.00551689
v -0.00751052 0.00521641 0.00549961
v -0.00741921 0.00527419 0.00552960
v -0.00732793 0.00529786 0.00560713
v -0.00843538 0.00529439 0.00375473
v -0.00843297 0.00529204 0.00376650
v -0.00843327 0.00525059 0.00386606
v -0.00846609 0.00518559 0.00394021
v -0.00860904 0.00529914 0.00330352
v -0.00855651 0.00529896 0.00343697
v -0.00844455 0.00529891 0.00372057
v -0.00857768 0.00504322 0.00400219
v -0.00858207 0.00503781 0.00400417
v -0.00866833 0.00493768 0.00405579
v -0.00908751 0.00435667 0.00452183
v -0.00883826 0.00471647 0.00421316
v -0.00998672 0.00412861 0.00282890
v -0.00960185 0.00447188 0.00292142
v -0.00955254 0.00451668 0.00292956
v -0.00918787 0.00485604 0.00295877
v -0.00900396 0.00503927 0.00293245
v -0.00891820 0.00514129 0.00290274
v -0.00884020 0.00521994 0.00290991
v -0.00876260 0.00527769 0.00296666
v -0.00869974 0.00530133 0.00306860
v -0.00917506 0.00529516 0.00083904
v -0.00919274 0.00529713 0.00062467
v -0.00921061 0.00529698 0.00025306
v -0.00917261 0.00528885 0.00096380
v -0.00917592 0.00528371 0.00098749
v -0.00918988 0.00526544 0.00103656
v -0.00920889 0.00524248 0.00107553
v -0.00926199 0.00518234 0.00113115
v -0.00939219 0.00504681 0.00115596
v -0.00939726 0.00504170 0.00115653
v -0.00949529 0.00494161 0.00117896
v -0.00970564 0.00472048 0.00127610
v -0.01003822 0.00436081 0.00149262
v -0.00928789 0.00522414 0.00004420
v -0.00926062 0.00525057 0.00007649
v -0.00923548 0.00527489 0.00012259
v -0.00565579 0.00272847 -0.00120630
v -0.00531575 0.00272993 -0.00227549
v -0.00088768 0.00273397 -0.00523377
v 0.00565580 0.00272847 -0.00120626
v 0.00569252 0.00272822 -0.00101966
v 0.00523750 0.00272803 -0.00088395
v 0.00219135 0.00273413 -0.00534885
v 0.00318354 0.00273341 -0.00482505
v 0.00405594 0.00273245 -0.00411955
v 0.00111670 0.00273457 -0.00567122
v -0.00051250 0.00272018 0.00486604
v -0.00103528 0.00272155 0.00386742
v 0.00523750 0.00272561 0.00089140
v -0.00088768 0.00271967 0.00524122
v -0.00477569 0.00273127 -0.00325893
v -0.00405591 0.00273245 -0.00411958
v -0.00318351 0.00273341 -0.00482508
v -0.00051250 0.00273346 -0.00485860
v -0.00103528 0.00273209 -0.00385998
v -0.00200000 0.00273155 -0.00346038
v -0.00282843 0.00273068 -0.00282470
v 0.00477571 0.00273127 -0.00325889
v 0.00531577 0.00272993 -0.00227546
v 0.00486232 0.00272612 0.00051622
v 0.00472500 0.00272682 0.00000372
v 0.00486232 0.00272752 -0.00050878
v -0.00386370 0.00272823 -0.00103155
v -0.00400000 0.00272682 0.00000372
v -0.00386370 0.00272541 0.00103900
v -0.00346410 0.00272409 0.00200372
v -0.00282843 0.00272296 0.00283215
v -0.00219131 0.00273413 -0.00534886
v -0.00111666 0.00273457 -0.00567123
v -0.00102339 0.00273459 -0.00568879
v -0.00346410 0.00272955 -0.00199628
v -0.00200000 0.00272209 0.00346782
v -0.00260880 0.00206324 -0.00590198
v -0.00244403 0.00206798 -0.00596703
v -0.00102500 0.00267800 -0.00574615
v 0.00431164 0.00142207 -0.00563421
v 0.00646329 0.00204667 -0.00009768
v 0.00647997 0.00203045 -0.00005538
v 0.00651764 0.00199296 -0.00001073
v 0.00657455 0.00188813 -0.00080172
v 0.00649265 0.00197220 -0.00077838
v 0.00692509 0.00151995 -0.00096264
v 0.00678517 0.00166985 -0.00087736
v 0.00670234 0.00175689 -0.00083824
v 0.00657809 0.00188457 -0.00080218
v 0.00644948 0.00205919 -0.00016401
v 0.00631772 0.00219215 -0.00010189
v 0.00643364 0.00206205 -0.00044422
v 0.00647167 0.00199450 -0.00076577
v 0.00643330 0.00203778 -0.00072032
v 0.00605609 0.00239487 -0.00085706
v 0.00642412 0.00205031 -0.00068868
v 0.00620873 0.00227850 -0.00054466
v 0.00642315 0.00205348 -0.00066747
v 0.00628677 0.00221719 -0.00029459
v 0.00629597 0.00220982 -0.00025174
v 0.00572121 0.00269977 -0.00102091
v 0.00608879 0.00206388 -0.00212421
v 0.00602492 0.00206668 -0.00229168
v 0.00598677 0.00206404 -0.00239695
v 0.00613239 0.00204244 -0.00206296
v 0.00618153 0.00200433 -0.00203600
v 0.00623059 0.00195929 -0.00203100
v 0.00630277 0.00188626 -0.00204532
v 0.00648642 0.00170602 -0.00206334
v 0.00680104 0.00141714 -0.00202348
v 0.00592867 0.00197605 -0.00275418
v 0.00591936 0.00198802 -0.00274575
v 0.00618126 0.00167265 -0.00293104
v 0.00584228 0.00141987 -0.00402599
v 0.00628804 0.00152280 -0.00305539
v 0.00611454 0.00175966 -0.00286824
v 0.00600745 0.00188729 -0.00279553
v 0.00600418 0.00189086 -0.00279408
v 0.00590549 0.00200974 -0.00272393
v 0.00589577 0.00203109 -0.00269382
v 0.00589713 0.00205720 -0.00262711
v 0.00589986 0.00205805 -0.00261888
v 0.00590479 0.00205874 -0.00260599
v 0.00593098 0.00206090 -0.00254018
v 0.00513350 0.00206630 -0.00390164
v 0.00519390 0.00204489 -0.00385687
v 0.00503547 0.00152525 -0.00484886
v 0.00505825 0.00143023 -0.00496209
v 0.00497228 0.00167506 -0.00469758
v 0.00492819 0.00176205 -0.00461723
v 0.00484876 0.00188963 -0.00451499
v 0.00484610 0.00189320 -0.00451259
v 0.00478658 0.00197837 -0.00445131
v 0.00478033 0.00199034 -0.00444042
v 0.00477387 0.00201205 -0.00441537
v 0.00477391 0.00203340 -0.00438373
v 0.00479582 0.00205951 -0.00432071
v 0.00480095 0.00206036 -0.00431373
v 0.00480962 0.00206106 -0.00430299
v 0.00495219 0.00206640 -0.00412951
v 0.00502100 0.00206907 -0.00404118
v 0.00524898 0.00200680 -0.00384641
v 0.00529720 0.00196178 -0.00385682
v 0.00536146 0.00188878 -0.00389275
v 0.00553063 0.00170862 -0.00396665
v 0.00374699 0.00204682 -0.00527296
v 0.00367570 0.00206821 -0.00529688
v 0.00403346 0.00171069 -0.00548145
v 0.00380263 0.00200875 -0.00528004
v 0.00384529 0.00196376 -0.00530485
v 0.00389533 0.00189079 -0.00535888
v 0.00317336 0.00199206 -0.00570015
v 0.00317495 0.00201377 -0.00567434
v 0.00329000 0.00152705 -0.00616748
v 0.00327658 0.00167685 -0.00600407
v 0.00325945 0.00176382 -0.00591402
v 0.00321544 0.00189138 -0.00579223
v 0.00321365 0.00189495 -0.00578913
v 0.00317595 0.00198009 -0.00571244
v 0.00318476 0.00203512 -0.00564426
v 0.00322505 0.00206125 -0.00559109
v 0.00323209 0.00206210 -0.00558603
v 0.00324366 0.00206280 -0.00557850
v 0.00343285 0.00206821 -0.00545757
v 0.00352559 0.00207092 -0.00539483
v 0.00128386 0.00203609 -0.00635202
v 0.00126524 0.00201473 -0.00637759
v 0.00125576 0.00199301 -0.00640166
v 0.00133860 0.00206224 -0.00631390
v 0.00134686 0.00206309 -0.00631127
v 0.00136018 0.00206379 -0.00630768
v 0.00157748 0.00206930 -0.00625113
v 0.00168507 0.00207205 -0.00622011
v 0.00185810 0.00206941 -0.00617335
v 0.00193331 0.00204805 -0.00617263
v 0.00198405 0.00201001 -0.00619656
v 0.00201697 0.00196502 -0.00623334
v 0.00204790 0.00189207 -0.00630020
v 0.00235895 0.00142351 -0.00669073
v 0.00214146 0.00171202 -0.00645946
v 0.00017535 0.00142406 -0.00709212
v 0.00122247 0.00152803 -0.00688219
v 0.00003985 0.00171249 -0.00680495
v -0.00000000 0.00189251 -0.00662455
v 0.00126015 0.00167783 -0.00672262
v 0.00127164 0.00176479 -0.00663168
v 0.00126737 0.00189235 -0.00650224
v 0.00126663 0.00189591 -0.00649874
v 0.00125443 0.00198105 -0.00641415
v 0.00067657 0.00232887 -0.00614987
v 0.00060147 0.00230321 -0.00618352
v 0.00036578 0.00223918 -0.00626626
v 0.00025515 0.00221837 -0.00629263
v -0.00078988 0.00198115 -0.00648772
v -0.00078476 0.00199312 -0.00647626
v -0.00080438 0.00189601 -0.00657195
v -0.00096471 0.00152808 -0.00692301
v -0.00087964 0.00167791 -0.00678288
v -0.00084064 0.00176489 -0.00669994
v -0.00080475 0.00189245 -0.00657551
v -0.00076832 0.00201484 -0.00645630
v -0.00074272 0.00203621 -0.00643772
v -0.00067889 0.00206238 -0.00641839
v -0.00067022 0.00206323 -0.00641844
v -0.00065644 0.00206395 -0.00641914
v -0.00043230 0.00206955 -0.00643251
v -0.00032040 0.00207234 -0.00643625
v -0.00014138 0.00206978 -0.00644525
v -0.00006963 0.00204845 -0.00646781
v -0.00002875 0.00201043 -0.00650625
v 0.00009357 0.00220002 -0.00631551
v -0.00000878 0.00196546 -0.00655140
v -0.00102192 0.00260030 -0.00582582
v -0.00212702 0.00206929 -0.00608597
v -0.00229450 0.00207178 -0.00602209
v -0.00239977 0.00206893 -0.00598396
v -0.00206575 0.00204799 -0.00612960
v -0.00203873 0.00200998 -0.00617879
v -0.00203367 0.00196502 -0.00622791
v -0.00204790 0.00189207 -0.00630020
v -0.00206567 0.00171205 -0.00648409
v -0.00202541 0.00142366 -0.00679910
v -0.00274846 0.00199235 -0.00591665
v -0.00272667 0.00201408 -0.00590275
v -0.00305747 0.00152721 -0.00628596
v -0.00293332 0.00167708 -0.00617897
v -0.00287064 0.00176409 -0.00611213
v -0.00279811 0.00189167 -0.00600487
v -0.00279666 0.00189524 -0.00600160
v -0.00275687 0.00198038 -0.00592597
v -0.00269659 0.00203546 -0.00589299
v -0.00262992 0.00206166 -0.00589432
v -0.00262169 0.00206252 -0.00589705
v -0.00441811 0.00201254 -0.00477113
v -0.00438650 0.00203393 -0.00477114
v -0.00485094 0.00152550 -0.00503340
v -0.00469986 0.00167543 -0.00497000
v -0.00451517 0.00189365 -0.00484352
v -0.00461963 0.00176247 -0.00492579
v -0.00451756 0.00189009 -0.00484618
v -0.00498941 0.00139746 -0.00507759
v -0.00445400 0.00197882 -0.00478388
v -0.00444313 0.00199080 -0.00477761
v -0.00432351 0.00206016 -0.00479301
v -0.00431653 0.00206102 -0.00479814
v -0.00430580 0.00206175 -0.00480681
v -0.00413233 0.00206752 -0.00494937
v -0.00404400 0.00207041 -0.00501818
v -0.00390446 0.00206798 -0.00513068
v -0.00385965 0.00204671 -0.00519111
v -0.00384915 0.00200871 -0.00524625
v -0.00385950 0.00196374 -0.00529452
v -0.00389533 0.00189079 -0.00535888
v -0.00396898 0.00171075 -0.00552830
v -0.00402792 0.00142235 -0.00584035
v -0.00527575 0.00204473 -0.00374421
v -0.00529970 0.00206599 -0.00367289
v -0.00528278 0.00200673 -0.00379989
v -0.00530752 0.00196176 -0.00384261
v -0.00536146 0.00188878 -0.00389275
v -0.00563614 0.00142026 -0.00430971
v -0.00548378 0.00170871 -0.00403113
v -0.00567708 0.00201035 -0.00317221
v -0.00564703 0.00203176 -0.00318199
v -0.00570287 0.00198860 -0.00317065
v -0.00616956 0.00152312 -0.00328792
v -0.00600635 0.00167312 -0.00327430
v -0.00591643 0.00176019 -0.00325705
v -0.00579480 0.00188786 -0.00321287
v -0.00579171 0.00189143 -0.00321107
v -0.00571514 0.00197662 -0.00317325
v -0.00546039 0.00206545 -0.00343004
v -0.00539765 0.00206837 -0.00352277
v -0.00532079 0.00207149 -0.00363244
v -0.00559390 0.00205802 -0.00322225
v -0.00558884 0.00205888 -0.00322929
v -0.00558131 0.00205961 -0.00324085
v -0.00617617 0.00206351 -0.00185529
v -0.00622293 0.00206585 -0.00168225
v -0.00625395 0.00206291 -0.00157467
v -0.00631049 0.00205704 -0.00135738
v -0.00617542 0.00204226 -0.00193052
v -0.00619930 0.00200425 -0.00198131
v -0.00623601 0.00195926 -0.00201430
v -0.00630277 0.00188626 -0.00204532
v -0.00646179 0.00170612 -0.00213914
v -0.00669266 0.00141759 -0.00235702
v -0.00585837 0.00256561 -0.00101575
v -0.00596692 0.00246153 -0.00099842
v -0.00631408 0.00205631 -0.00134405
v -0.00628624 0.00221767 -0.00029576
v -0.00631850 0.00219153 -0.00009063
v -0.00640437 0.00198599 -0.00125305
v -0.00641684 0.00197400 -0.00125174
v -0.00708645 0.00142232 -0.00016902
v -0.00688427 0.00152030 -0.00122040
v -0.00672490 0.00167037 -0.00125787
v -0.00663408 0.00175748 -0.00126924
v -0.00650481 0.00188520 -0.00126480
v -0.00650132 0.00188877 -0.00126405
v -0.00626929 0.00223114 -0.00036275
v -0.00638034 0.00200775 -0.00126250
v -0.00615303 0.00232140 -0.00067342
v -0.00635479 0.00202917 -0.00128109
v -0.00631671 0.00205544 -0.00133579
v -0.00662713 0.00188347 0.00000257
v -0.00680085 0.00170970 -0.00003506
v -0.00020685 0.00450084 -0.00851654
v -0.00104485 0.00438188 -0.00856963
v -0.00097524 0.00345631 -0.00796696
v -0.00088516 0.00449513 -0.00848015
v -0.00087379 0.00276397 -0.00716666
v -0.00097479 0.00346100 -0.00796298
v -0.00084854 0.00280386 -0.00713502
v -0.00079701 0.00284204 -0.00710640
v -0.00074073 0.00286130 -0.00709382
v -0.00017268 0.00286626 -0.00712435
v -0.00010842 0.00285703 -0.00713595
v -0.00005309 0.00283009 -0.00716174
v -0.00001670 0.00279329 -0.00719457
v 0.00000045 0.00274654 -0.00723450
v -0.00095246 0.00447282 -0.00849559
v -0.00101431 0.00442841 -0.00853072
v -0.00095932 0.00357293 -0.00786814
v -0.00093141 0.00361615 -0.00783287
v -0.00087472 0.00365744 -0.00780099
v -0.00081293 0.00367821 -0.00778699
v 0.00000043 0.00436152 -0.00865125
v -0.00002031 0.00441609 -0.00860217
v -0.00006397 0.00445894 -0.00856197
v -0.00013013 0.00449020 -0.00853054
v -0.00018978 0.00368355 -0.00782044
v -0.00011929 0.00367362 -0.00783324
v -0.00005854 0.00364452 -0.00786185
v -0.00001852 0.00360470 -0.00789837
v 0.00000044 0.00355404 -0.00794287
v 0.00243692 0.00450036 -0.00816333
v 0.00165630 0.00438175 -0.00847279
v 0.00153587 0.00345619 -0.00787817
v 0.00178057 0.00449493 -0.00833833
v 0.00138476 0.00276386 -0.00708574
v 0.00153507 0.00346088 -0.00787425
v 0.00139901 0.00280374 -0.00704784
v 0.00143920 0.00284191 -0.00700469
v 0.00148884 0.00286114 -0.00697533
v 0.00203852 0.00286586 -0.00682883
v 0.00210322 0.00285660 -0.00682001
v 0.00216379 0.00282963 -0.00682743
v 0.00220853 0.00279281 -0.00684742
v 0.00223717 0.00274606 -0.00688010
v 0.00172132 0.00447266 -0.00837381
v 0.00167334 0.00442827 -0.00842634
v 0.00152053 0.00357281 -0.00777926
v 0.00153619 0.00361602 -0.00773708
v 0.00158027 0.00365729 -0.00768925
v 0.00163472 0.00367804 -0.00765683
v 0.00267563 0.00436094 -0.00822740
v 0.00264076 0.00441552 -0.00818713
v 0.00258683 0.00445839 -0.00816238
v 0.00251421 0.00448968 -0.00815294
v 0.00223771 0.00368311 -0.00749608
v 0.00230870 0.00367314 -0.00748648
v 0.00237530 0.00364402 -0.00749491
v 0.00242464 0.00360418 -0.00751727
v 0.00245640 0.00355350 -0.00755375
v 0.00484215 0.00449878 -0.00701044
v 0.00419531 0.00438048 -0.00754598
v 0.00389664 0.00345502 -0.00701774
v 0.00427200 0.00449362 -0.00737970
v 0.00350776 0.00276280 -0.00631084
v 0.00389467 0.00345970 -0.00701426
v 0.00350962 0.00280268 -0.00627038
v 0.00353453 0.00284083 -0.00621693
v 0.00357268 0.00286004 -0.00617367
v 0.00405018 0.00286454 -0.00586447
v 0.00410898 0.00285525 -0.00583609
v 0.00416888 0.00282826 -0.00582444
v 0.00421759 0.00279142 -0.00582962
v 0.00425490 0.00274465 -0.00585186
v 0.00422661 0.00447137 -0.00743175
v 0.00419719 0.00442700 -0.00749654
v 0.00385154 0.00357165 -0.00692841
v 0.00385341 0.00361485 -0.00688346
v 0.00388058 0.00365611 -0.00682433
v 0.00392235 0.00367684 -0.00677668
v 0.00508892 0.00435926 -0.00699762
v 0.00504333 0.00441386 -0.00697009
v 0.00498442 0.00445675 -0.00696322
v 0.00491244 0.00448808 -0.00697668
v 0.00444616 0.00368166 -0.00643746
v 0.00451070 0.00367167 -0.00640639
v 0.00457664 0.00364252 -0.00639383
v 0.00463045 0.00360265 -0.00639986
v 0.00467191 0.00355196 -0.00642474
v 0.00677340 0.00449627 -0.00517071
v 0.00632366 0.00437821 -0.00587994
v 0.00587599 0.00345291 -0.00546991
v 0.00634526 0.00449133 -0.00569810
v 0.00528740 0.00276090 -0.00491782
v 0.00587304 0.00345759 -0.00546721
v 0.00527669 0.00280078 -0.00487877
v 0.00528387 0.00283892 -0.00482024
v 0.00530679 0.00285812 -0.00476730
v 0.00566538 0.00286244 -0.00432568
v 0.00571253 0.00285313 -0.00428052
v 0.00576588 0.00282612 -0.00425093
v 0.00581379 0.00278925 -0.00424081
v 0.00585613 0.00274247 -0.00425043
v 0.00631817 0.00446909 -0.00576163
v 0.00631019 0.00442473 -0.00583234
v 0.00580553 0.00356956 -0.00539888
v 0.00579344 0.00361277 -0.00535555
v 0.00580102 0.00365401 -0.00529092
v 0.00582603 0.00367473 -0.00523269
v 0.00700407 0.00435665 -0.00508228
v 0.00695223 0.00441127 -0.00507018
v 0.00689409 0.00445419 -0.00508185
v 0.00682981 0.00448554 -0.00511689
v 0.00621939 0.00367936 -0.00474821
v 0.00627116 0.00366934 -0.00469871
v 0.00632998 0.00364016 -0.00466640
v 0.00638300 0.00360027 -0.00465550
v 0.00643010 0.00354956 -0.00466635
v 0.00804162 0.00449307 -0.00282425
v 0.00783301 0.00437515 -0.00363775
v 0.00728015 0.00345006 -0.00338619
v 0.00654947 0.00275834 -0.00304305
v 0.00727651 0.00345475 -0.00338453
v 0.00652723 0.00279823 -0.00300922
v 0.00651599 0.00283637 -0.00295132
v 0.00672601 0.00285976 -0.00236308
v 0.00675689 0.00285043 -0.00230556
v 0.00679848 0.00282340 -0.00226093
v 0.00684090 0.00278652 -0.00223651
v 0.00688412 0.00273971 -0.00223258
v 0.00779740 0.00448827 -0.00345812
v 0.00779126 0.00446604 -0.00352692
v 0.00780550 0.00442168 -0.00359664
v 0.00719124 0.00356675 -0.00334039
v 0.00716637 0.00360996 -0.00330292
v 0.00715362 0.00365121 -0.00323911
v 0.00715942 0.00367192 -0.00317600
v 0.00652144 0.00285556 -0.00289389
v 0.00823361 0.00435335 -0.00266887
v 0.00818060 0.00440800 -0.00267338
v 0.00812893 0.00445094 -0.00270244
v 0.00807863 0.00448231 -0.00275562
v 0.00738381 0.00367642 -0.00259367
v 0.00741776 0.00366638 -0.00253060
v 0.00746369 0.00363718 -0.00248170
v 0.00751074 0.00359727 -0.00245495
v 0.00755886 0.00354654 -0.00245072
v 0.00797577 0.00345135 -0.00097103
v 0.00797179 0.00345604 -0.00097058
v 0.00716807 0.00275267 -0.00086975
v 0.00713650 0.00279255 -0.00084445
v 0.00710794 0.00283069 -0.00079288
v 0.00723586 0.00273396 0.00000418
v 0.00719601 0.00278077 -0.00001290
v 0.00716324 0.00281765 -0.00004923
v 0.00713750 0.00284469 -0.00010450
v 0.00712592 0.00285403 -0.00016873
v 0.00853302 0.00450160 -0.00020096
v 0.00854702 0.00449082 -0.00012417
v 0.00857845 0.00445940 -0.00005796
v 0.00861865 0.00441639 -0.00001431
v 0.00866772 0.00436167 0.00000639
v 0.00858603 0.00438359 -0.00104014
v 0.00854713 0.00443018 -0.00100949
v 0.00851201 0.00447460 -0.00094751
v 0.00849658 0.00449686 -0.00088010
v 0.00787705 0.00356814 -0.00095494
v 0.00784181 0.00361138 -0.00092696
v 0.00780997 0.00365265 -0.00087018
v 0.00779599 0.00367337 -0.00080833
v 0.00709539 0.00284988 -0.00073660
v 0.00782946 0.00367781 -0.00018486
v 0.00784226 0.00366776 -0.00011435
v 0.00787084 0.00363853 -0.00005361
v 0.00790732 0.00359859 -0.00001362
v 0.00795179 0.00354782 0.00000528
v 0.00816946 0.00448588 0.00244305
v 0.00847876 0.00436791 0.00166226
v 0.00788288 0.00344334 0.00154057
v 0.00708950 0.00275229 0.00138852
v 0.00787896 0.00344803 0.00153978
v 0.00705166 0.00279221 0.00140283
v 0.00700856 0.00283037 0.00144306
v 0.00683273 0.00285375 0.00204242
v 0.00682390 0.00284441 0.00210710
v 0.00683129 0.00281735 0.00216764
v 0.00685123 0.00278045 0.00221233
v 0.00688384 0.00273361 0.00224090
v 0.00834446 0.00448111 0.00178669
v 0.00837991 0.00445887 0.00172741
v 0.00843238 0.00441448 0.00167937
v 0.00778413 0.00356011 0.00152539
v 0.00774201 0.00360335 0.00154111
v 0.00769423 0.00364463 0.00158525
v 0.00766184 0.00366535 0.00163972
v 0.00697923 0.00284958 0.00149273
v 0.00823335 0.00434605 0.00268157
v 0.00819315 0.00440074 0.00264677
v 0.00816846 0.00444371 0.00259290
v 0.00815906 0.00447511 0.00252032
v 0.00750110 0.00366981 0.00224272
v 0.00749148 0.00365977 0.00231370
v 0.00749988 0.00363054 0.00238026
v 0.00752219 0.00359060 0.00242954
v 0.00755859 0.00353983 0.00246123
v 0.00701657 0.00448260 0.00484828
v 0.00755196 0.00436445 0.00420127
v 0.00702245 0.00344011 0.00390134
v 0.00738583 0.00447771 0.00427812
v 0.00631460 0.00274940 0.00351152
v 0.00701898 0.00344480 0.00389938
v 0.00627420 0.00278933 0.00351343
v 0.00622080 0.00282751 0.00353839
v 0.00617757 0.00284673 0.00357656
v 0.00586838 0.00285100 0.00405408
v 0.00583998 0.00284167 0.00411286
v 0.00582829 0.00281462 0.00417272
v 0.00583343 0.00277770 0.00422138
v 0.00585560 0.00273085 0.00425863
v 0.00743785 0.00445545 0.00423269
v 0.00750258 0.00441103 0.00420321
v 0.00693327 0.00355693 0.00385640
v 0.00688838 0.00360019 0.00385833
v 0.00682932 0.00364149 0.00388555
v 0.00678169 0.00366222 0.00392735
v 0.00700356 0.00434275 0.00509485
v 0.00697611 0.00439746 0.00504934
v 0.00696929 0.00444044 0.00499048
v 0.00698280 0.00447184 0.00491855
v 0.00644248 0.00366680 0.00445117
v 0.00641140 0.00365676 0.00451569
v 0.00639880 0.00362753 0.00458159
v 0.00640477 0.00358759 0.00463535
v 0.00642958 0.00353681 0.00467674
v 0.00517685 0.00447996 0.00677952
v 0.00547462 0.00343741 0.00588068
v 0.00492159 0.00274697 0.00529115
v 0.00547192 0.00344210 0.00587774
v 0.00488259 0.00278692 0.00528049
v 0.00482411 0.00282513 0.00528773
v 0.00477120 0.00284437 0.00531068
v 0.00432958 0.00284880 0.00566928
v 0.00428441 0.00283948 0.00571641
v 0.00425478 0.00281244 0.00576972
v 0.00424461 0.00277552 0.00581759
v 0.00425417 0.00272867 0.00585986
v 0.00570422 0.00447488 0.00635138
v 0.00576772 0.00445259 0.00632425
v 0.00583837 0.00440815 0.00631621
v 0.00588591 0.00436154 0.00632962
v 0.00540374 0.00355426 0.00581039
v 0.00536047 0.00359754 0.00579836
v 0.00529590 0.00363887 0.00580599
v 0.00523770 0.00365963 0.00583103
v 0.00508822 0.00434014 0.00701000
v 0.00507620 0.00439485 0.00695824
v 0.00508792 0.00443783 0.00690016
v 0.00512300 0.00446922 0.00683592
v 0.00475322 0.00366438 0.00622439
v 0.00470372 0.00365436 0.00627615
v 0.00467136 0.00362514 0.00633493
v 0.00466041 0.00358520 0.00638790
v 0.00467120 0.00353441 0.00643493
v 0.00283038 0.00447823 0.00804774
v 0.00364372 0.00435948 0.00783897
v 0.00339089 0.00343550 0.00728484
v 0.00346424 0.00447290 0.00780352
v 0.00304681 0.00274524 0.00655322
v 0.00338924 0.00344019 0.00728121
v 0.00301303 0.00278521 0.00653104
v 0.00295519 0.00282345 0.00651985
v 0.00236698 0.00284735 0.00672991
v 0.00230945 0.00283806 0.00676077
v 0.00226479 0.00281103 0.00680232
v 0.00224031 0.00277412 0.00684469
v 0.00223631 0.00272726 0.00688785
v 0.00353301 0.00445058 0.00779734
v 0.00360267 0.00440611 0.00781152
v 0.00334526 0.00355237 0.00719609
v 0.00330784 0.00359567 0.00717128
v 0.00324409 0.00363702 0.00715859
v 0.00318100 0.00365781 0.00716442
v 0.00289779 0.00284271 0.00652532
v 0.00267481 0.00433846 0.00823954
v 0.00267940 0.00439317 0.00818660
v 0.00270851 0.00443614 0.00813499
v 0.00276174 0.00446752 0.00808474
v 0.00245556 0.00353287 0.00756369
v 0.00245986 0.00358366 0.00751564
v 0.00248666 0.00362359 0.00746865
v 0.00253561 0.00365279 0.00742275
v 0.00259869 0.00366279 0.00738882
v 0.00020685 0.00447757 0.00852879
v 0.00104485 0.00435847 0.00858156
v 0.00097524 0.00343455 0.00797637
v 0.00088516 0.00447196 0.00849239
v 0.00087379 0.00274440 0.00717418
v 0.00097479 0.00343924 0.00797240
v 0.00084854 0.00278437 0.00714265
v 0.00079701 0.00282263 0.00711414
v 0.00074073 0.00284192 0.00710161
v 0.00017268 0.00284680 0.00713215
v 0.00010842 0.00283754 0.00714372
v 0.00005309 0.00281053 0.00716944
v 0.00001670 0.00277363 0.00720217
v -0.00000045 0.00272678 0.00724197
v 0.00095246 0.00444961 0.00850777
v 0.00101431 0.00440511 0.00854278
v 0.00095932 0.00355144 0.00787787
v 0.00093141 0.00359475 0.00784271
v 0.00087472 0.00363613 0.00781095
v 0.00081293 0.00365694 0.00779700
v -0.00000043 0.00433788 0.00866312
v 0.00002031 0.00439259 0.00861419
v 0.00006397 0.00443554 0.00857411
v 0.00013013 0.00446689 0.00854277
v 0.00018978 0.00366219 0.00783047
v 0.00011929 0.00365222 0.00784324
v 0.00005854 0.00362304 0.00787177
v 0.00001852 0.00358312 0.00790818
v -0.00000044 0.00353234 0.00795255
v -0.00243692 0.00447805 0.00817558
v -0.00165630 0.00435860 0.00848472
v -0.00153587 0.00343467 0.00788757
v -0.00178057 0.00447215 0.00835058
v -0.00138476 0.00274451 0.00709325
v -0.00153507 0.00343937 0.00788367
v -0.00139901 0.00278449 0.00705546
v -0.00143920 0.00282277 0.00701242
v -0.00148884 0.00284208 0.00698312
v -0.00203852 0.00284721 0.00683663
v -0.00210322 0.00283797 0.00682778
v -0.00216379 0.00281098 0.00683513
v -0.00220853 0.00277411 0.00685502
v -0.00223717 0.00272726 0.00688757
v -0.00172132 0.00444978 0.00838599
v -0.00167334 0.00440525 0.00843840
v -0.00152053 0.00355156 0.00778898
v -0.00153619 0.00359488 0.00774693
v -0.00158027 0.00363628 0.00769920
v -0.00163472 0.00365712 0.00766684
v -0.00267563 0.00433846 0.00823928
v -0.00264076 0.00439316 0.00819916
v -0.00258683 0.00443609 0.00817453
v -0.00251421 0.00446741 0.00816517
v -0.00223771 0.00366263 0.00750611
v -0.00230870 0.00365269 0.00749648
v -0.00237530 0.00362354 0.00750483
v -0.00242464 0.00358364 0.00752709
v -0.00245640 0.00353287 0.00756342
v -0.00484215 0.00447963 0.00702269
v -0.00419531 0.00435987 0.00755791
v -0.00389664 0.00343585 0.00702715
v -0.00427200 0.00447346 0.00739194
v -0.00350776 0.00274557 0.00631836
v -0.00389467 0.00344054 0.00702368
v -0.00350962 0.00278555 0.00627801
v -0.00353453 0.00282385 0.00622466
v -0.00357268 0.00284318 0.00618145
v -0.00405018 0.00284852 0.00587227
v -0.00410898 0.00283931 0.00584387
v -0.00416888 0.00281235 0.00583214
v -0.00421759 0.00277550 0.00583722
v -0.00425490 0.00272867 0.00585933
v -0.00422661 0.00445107 0.00744393
v -0.00419719 0.00440652 0.00750860
v -0.00385154 0.00355272 0.00693813
v -0.00385341 0.00359605 0.00689330
v -0.00388058 0.00363746 0.00683429
v -0.00392235 0.00365832 0.00678669
v -0.00508892 0.00434014 0.00700949
v -0.00504333 0.00439482 0.00698212
v -0.00498442 0.00443773 0.00697536
v -0.00491244 0.00446901 0.00698890
v -0.00444616 0.00366407 0.00644749
v -0.00451070 0.00365416 0.00641639
v -0.00457664 0.00362505 0.00640375
v -0.00463045 0.00358517 0.00640967
v -0.00467191 0.00353441 0.00643441
v -0.00677340 0.00448214 0.00518297
v -0.00632366 0.00436214 0.00589187
v -0.00587599 0.00343796 0.00547932
v -0.00634526 0.00447576 0.00571034
v -0.00528740 0.00274747 0.00492534
v -0.00587304 0.00344265 0.00547663
v -0.00527669 0.00278745 0.00488640
v -0.00528387 0.00282575 0.00482797
v -0.00530679 0.00284510 0.00477508
v -0.00566538 0.00285062 0.00433348
v -0.00571253 0.00284143 0.00428829
v -0.00576588 0.00281450 0.00425863
v -0.00581379 0.00277767 0.00424841
v -0.00585613 0.00273085 0.00425790
v -0.00631817 0.00445335 0.00577380
v -0.00631019 0.00440879 0.00584440
v -0.00580553 0.00355481 0.00540860
v -0.00579344 0.00359813 0.00536539
v -0.00580102 0.00363956 0.00530087
v -0.00582603 0.00366043 0.00524270
v -0.00700407 0.00434276 0.00509415
v -0.00695223 0.00439741 0.00508221
v -0.00689409 0.00444030 0.00509399
v -0.00682981 0.00447155 0.00512911
v -0.00621939 0.00366638 0.00475823
v -0.00627116 0.00365650 0.00470871
v -0.00632998 0.00362740 0.00467632
v -0.00638300 0.00358755 0.00466531
v -0.00643010 0.00353681 0.00467603
v -0.00804162 0.00448534 0.00283650
v -0.00783301 0.00436520 0.00364968
v -0.00728015 0.00344080 0.00339559
v -0.00654947 0.00275003 0.00305057
v -0.00727651 0.00344549 0.00339395
v -0.00652723 0.00279001 0.00301684
v -0.00651599 0.00282831 0.00295906
v -0.00672601 0.00285330 0.00237088
v -0.00675689 0.00284413 0.00231333
v -0.00679848 0.00281722 0.00226863
v -0.00684090 0.00278040 0.00224410
v -0.00688412 0.00273361 0.00224005
v -0.00779740 0.00447881 0.00347036
v -0.00779126 0.00445640 0.00353909
v -0.00780550 0.00441184 0.00360869
v -0.00719124 0.00355762 0.00335012
v -0.00716637 0.00360093 0.00331276
v -0.00715362 0.00364236 0.00324906
v -0.00715942 0.00366324 0.00318601
v -0.00652144 0.00284765 0.00290168
v -0.00823361 0.00434605 0.00268074
v -0.00818060 0.00440068 0.00268541
v -0.00812893 0.00444354 0.00271458
v -0.00807863 0.00447477 0.00276785
v -0.00738381 0.00366932 0.00260370
v -0.00741776 0.00365946 0.00254060
v -0.00746369 0.00363039 0.00249162
v -0.00751074 0.00359055 0.00246476
v -0.00755886 0.00353984 0.00246040
v -0.00797576 0.00344868 0.00098045
v -0.00797178 0.00345337 0.00098001
v -0.00716806 0.00275027 0.00087726
v -0.00713649 0.00279023 0.00085207
v -0.00710793 0.00282851 0.00080061
v -0.00712591 0.00285355 0.00017652
v -0.00713749 0.00284439 0.00011227
v -0.00716323 0.00281749 0.00005692
v -0.00719600 0.00278071 0.00002049
v -0.00723585 0.00273395 0.00000328
v -0.00853301 0.00450103 0.00021325
v -0.00854702 0.00449046 0.00013643
v -0.00857844 0.00445922 0.00007014
v -0.00861864 0.00441633 0.00002637
v -0.00866771 0.00436167 0.00000552
v -0.00858602 0.00438073 0.00105210
v -0.00854713 0.00442741 0.00102158
v -0.00851200 0.00447199 0.00095972
v -0.00849658 0.00449443 0.00089237
v -0.00787704 0.00356551 0.00096467
v -0.00784180 0.00360883 0.00093682
v -0.00780997 0.00365026 0.00088015
v -0.00779598 0.00367114 0.00081836
v -0.00709538 0.00284785 0.00074437
v -0.00782946 0.00367729 0.00019489
v -0.00784225 0.00366743 0.00012436
v -0.00787083 0.00363836 0.00006354
v -0.00790732 0.00359853 0.00002344
v -0.00795178 0.00354781 0.00000440
v -0.00816946 0.00449253 -0.00243079
v -0.00847876 0.00437244 -0.00165033
v -0.00788288 0.00344753 -0.00153117
v -0.00834446 0.00448597 -0.00177445
v -0.00708950 0.00275608 -0.00138100
v -0.00787896 0.00345222 -0.00153036
v -0.00705166 0.00279603 -0.00139520
v -0.00700856 0.00283430 -0.00143533
v -0.00697923 0.00285364 -0.00148495
v -0.00683273 0.00285931 -0.00203462
v -0.00682390 0.00285015 -0.00209933
v -0.00683129 0.00282326 -0.00215994
v -0.00685123 0.00278647 -0.00220473
v -0.00688384 0.00273971 -0.00223343
v -0.00837991 0.00446357 -0.00171523
v -0.00843238 0.00441905 -0.00166731
v -0.00778413 0.00356426 -0.00151567
v -0.00774201 0.00360755 -0.00153126
v -0.00769423 0.00364894 -0.00157529
v -0.00766184 0.00366981 -0.00162971
v -0.00823335 0.00435335 -0.00266969
v -0.00819315 0.00440794 -0.00263474
v -0.00816846 0.00445077 -0.00258076
v -0.00815906 0.00448198 -0.00250809
v -0.00750110 0.00367592 -0.00223270
v -0.00749148 0.00366607 -0.00230370
v -0.00749988 0.00363702 -0.00237034
v -0.00752219 0.00359722 -0.00241973
v -0.00755859 0.00354654 -0.00245156
v -0.00701657 0.00449581 -0.00483602
v -0.00755196 0.00437590 -0.00418934
v -0.00702245 0.00345075 -0.00389194
v -0.00738583 0.00448937 -0.00426588
v -0.00631460 0.00275897 -0.00350400
v -0.00701898 0.00345544 -0.00388996
v -0.00627420 0.00279891 -0.00350581
v -0.00622080 0.00283716 -0.00353066
v -0.00617757 0.00285649 -0.00356878
v -0.00586838 0.00286206 -0.00404628
v -0.00583998 0.00285289 -0.00410509
v -0.00582829 0.00282600 -0.00416502
v -0.00583343 0.00278922 -0.00421378
v -0.00585560 0.00274247 -0.00425116
v -0.00743785 0.00446699 -0.00422052
v -0.00750258 0.00442249 -0.00419116
v -0.00693327 0.00356744 -0.00384667
v -0.00688838 0.00361071 -0.00384849
v -0.00682932 0.00365208 -0.00387560
v -0.00678169 0.00367293 -0.00391734
v -0.00700356 0.00435665 -0.00508298
v -0.00697611 0.00441122 -0.00503732
v -0.00696929 0.00445404 -0.00497834
v -0.00698280 0.00448525 -0.00490633
v -0.00644248 0.00367894 -0.00444114
v -0.00641140 0.00366907 -0.00450570
v -0.00639880 0.00364003 -0.00457167
v -0.00640477 0.00360023 -0.00462554
v -0.00642958 0.00354956 -0.00466707
v -0.00517685 0.00449845 -0.00676727
v -0.00588591 0.00437881 -0.00631769
v -0.00547462 0.00345345 -0.00587128
v -0.00570422 0.00449220 -0.00633914
v -0.00492159 0.00276140 -0.00528363
v -0.00547192 0.00345814 -0.00586832
v -0.00488259 0.00280132 -0.00527287
v -0.00482411 0.00283955 -0.00528000
v -0.00477120 0.00285885 -0.00530289
v -0.00432958 0.00286427 -0.00566148
v -0.00428441 0.00285508 -0.00570863
v -0.00425478 0.00282818 -0.00576202
v -0.00424461 0.00279140 -0.00580999
v -0.00425417 0.00274465 -0.00585239
v -0.00576772 0.00446984 -0.00631207
v -0.00583837 0.00442537 -0.00630415
v -0.00540374 0.00357011 -0.00580066
v -0.00536047 0.00361336 -0.00578851
v -0.00529590 0.00365470 -0.00579604
v -0.00523770 0.00367553 -0.00582102
v -0.00508822 0.00435926 -0.00699813
v -0.00507620 0.00441383 -0.00694621
v -0.00508792 0.00445665 -0.00688802
v -0.00512300 0.00448787 -0.00682369
v -0.00475322 0.00368136 -0.00621437
v -0.00470372 0.00367148 -0.00626615
v -0.00467136 0.00364242 -0.00632501
v -0.00466041 0.00360262 -0.00637809
v -0.00467120 0.00355196 -0.00642525
v -0.00283038 0.00450018 -0.00803549
v -0.00364372 0.00438087 -0.00782704
v -0.00339089 0.00345537 -0.00727544
v -0.00346424 0.00449419 -0.00779128
v -0.00304681 0.00276312 -0.00654570
v -0.00338924 0.00346005 -0.00727179
v -0.00301303 0.00280303 -0.00652341
v -0.00295519 0.00284123 -0.00651212
v -0.00289779 0.00286051 -0.00651754
v -0.00236698 0.00286571 -0.00672211
v -0.00230945 0.00285650 -0.00675300
v -0.00226479 0.00282959 -0.00679462
v -0.00224031 0.00279280 -0.00683710
v -0.00223631 0.00274606 -0.00688038
v -0.00353301 0.00447185 -0.00778516
v -0.00360267 0.00442742 -0.00779947
v -0.00334526 0.00357200 -0.00718637
v -0.00330784 0.00361523 -0.00716144
v -0.00324409 0.00365655 -0.00714864
v -0.00318100 0.00367735 -0.00715441
v -0.00267481 0.00436094 -0.00822767
v -0.00267940 0.00441551 -0.00817458
v -0.00270851 0.00445834 -0.00812285
v -0.00276174 0.00448957 -0.00807251
v -0.00259869 0.00368295 -0.00737879
v -0.00253561 0.00367304 -0.00741275
v -0.00248666 0.00364397 -0.00745873
v -0.00245986 0.00360416 -0.00750583
v -0.00245556 0.00355351 -0.00755402
v -0.00626250 0.00246138 -0.00088432
v -0.00629734 0.00246135 -0.00086327
v -0.00663768 0.00246086 -0.00050914
v -0.00664768 0.00246084 -0.00049142
v -0.00677500 0.00246016 0.00000336
v -0.00664768 0.00245949 0.00049813
v -0.00663768 0.00245947 0.00051586
v -0.00629734 0.00245898 0.00086999
v -0.00626250 0.00245895 0.00089103
v -0.00088768 0.00245162 0.00626585
v -0.00086663 0.00245157 0.00630069
v -0.00051250 0.00245110 0.00664103
v -0.00049477 0.00245109 0.00665103
v 0.00352351 0.00396725 -0.00518666
v 0.00284720 0.00396609 -0.00433861
v 0.00284720 0.00396533 -0.00378230
v 0.00308857 0.00396678 -0.00483982
v 0.00352351 0.00396418 -0.00293424
v 0.00308857 0.00396465 -0.00328109
v -0.00460822 0.00395615 0.00294506
v -0.00528452 0.00395499 0.00379311
v -0.00528452 0.00395423 0.00434942
v -0.00504315 0.00395568 0.00329190
v -0.00460822 0.00395308 0.00519748
v -0.00504315 0.00395355 0.00485063
v -0.00406586 0.00596400 -0.00280773
v -0.00406586 0.00896400 -0.00280363
v -0.00344086 0.00596423 -0.00297519
v -0.00344086 0.00896423 -0.00297110
v -0.00298333 0.00596486 -0.00343273
v -0.00298333 0.00896486 -0.00342863
v -0.00281586 0.00596571 -0.00405772
v -0.00281586 0.00896571 -0.00405363
v -0.00298333 0.00596656 -0.00468272
v -0.00298333 0.00896656 -0.00467863
v -0.00344086 0.00596719 -0.00514026
v -0.00344086 0.00896719 -0.00513616
v -0.00406586 0.00596742 -0.00530772
v -0.00406586 0.00896741 -0.00530363
v -0.00406586 0.00971678 -0.00405261
v 0.00531586 0.00595461 0.00407400
v 0.00531586 0.00895461 0.00407809
v 0.00514840 0.00595546 0.00344900
v 0.00514840 0.00895546 0.00345309
v 0.00469086 0.00595609 0.00299146
v 0.00469086 0.00895609 0.00299556
v 0.00406586 0.00595632 0.00282400
v 0.00406586 0.00895631 0.00282809
v 0.00344086 0.00595609 0.00299146
v 0.00344086 0.00895609 0.00299556
v 0.00298333 0.00595546 0.00344900
v 0.00298333 0.00895546 0.00345309
v 0.00281586 0.00595461 0.00407400
v 0.00281586 0.00895461 0.00407809
v 0.00406586 0.00970568 0.00407912
v -0.00500000 -0.00449577 -0.01769639
v -0.00425000 -0.00449549 -0.01789735
v -0.00370096 -0.00449474 -0.01844638
v -0.00350000 -0.00449372 -0.01919639
v -0.00370096 -0.00449269 -0.01994638
v -0.00425000 -0.00449194 -0.02049542
v -0.00500000 -0.00449167 -0.02069638
v -0.00500000 -0.00359243 -0.01919516
v 0.00500000 -0.00449577 -0.01769639
v 0.00575000 -0.00449549 -0.01789735
v 0.00629904 -0.00449474 -0.01844638
v 0.00650000 -0.00449372 -0.01919639
v 0.00629904 -0.00449269 -0.01994638
v 0.00575000 -0.00449194 -0.02049542
v 0.00500000 -0.00449167 -0.02069638
v 0.00500000 -0.00359243 -0.01919516
v -0.00000000 -0.00711369 -0.04119998
v 0.00054496 -0.00702109 -0.04119986
v -0.00000000 -0.00710550 -0.04719998
v 0.00082500 -0.00688444 -0.04719967
v 0.00082500 -0.00689263 -0.04119968
v 0.00121790 -0.00657689 -0.04119925
v 0.00142894 -0.00628050 -0.04719885
v 0.00142894 -0.00628869 -0.04119886
v 0.00159999 -0.00586685 -0.04119828
v 0.00165000 -0.00545550 -0.04719772
v 0.00165000 -0.00546369 -0.04119773
v 0.00159999 -0.00506053 -0.04119718
v 0.00142894 -0.00463050 -0.04719660
v 0.00142894 -0.00463869 -0.04119660
v 0.00121790 -0.00435048 -0.04119621
v 0.00082500 -0.00402656 -0.04719577
v -0.00000000 -0.00381369 -0.04119548
v -0.00000000 -0.00380550 -0.04719547
v 0.00054496 -0.00390628 -0.04119560
v 0.00082500 -0.00403475 -0.04119578
v 0.00020138 -0.00460429 -0.04073342
v 0.00000000 -0.00456316 -0.04074648
v 0.00059264 -0.00508450 -0.04062944
v 0.00054174 -0.00496616 -0.04064929
v 0.00040902 -0.00476367 -0.04069183
v -0.00000000 -0.00636549 -0.04074896
v 0.00018932 -0.00632926 -0.04073730
v 0.00042233 -0.00615002 -0.04069002
v 0.00054380 -0.00596335 -0.04064988
v 0.00059491 -0.00584410 -0.04062953
v 0.00064667 -0.00562885 -0.04060661
v 0.00065738 -0.00546240 -0.04060142
v 0.00064591 -0.00530026 -0.04060651
v -0.00000000 0.00200839 -0.02073751
v -0.00000000 -0.01049160 -0.02075457
v 0.00077500 0.00200811 -0.02052985
v 0.00077500 -0.01049188 -0.02054691
v 0.00134234 0.00200733 -0.01996251
v 0.00134234 -0.01049265 -0.01997957
v 0.00155000 0.00200628 -0.01918751
v 0.00155000 -0.01049371 -0.01920458
v 0.00134234 0.00200522 -0.01841251
v 0.00134234 -0.01049477 -0.01842957
v 0.00077500 0.00200444 -0.01784517
v 0.00077500 -0.01049554 -0.01786224
v -0.00000000 0.00200416 -0.01763751
v -0.00000000 -0.01049583 -0.01765458
v -0.00000000 0.00200184 -0.01593752
v -0.00000000 0.01100183 -0.01592523
v 0.00068787 0.01098759 -0.01599845
v 0.00088734 0.00200201 -0.01606099
v -0.00000000 0.01101065 -0.02242508
v -0.00000000 0.00201071 -0.02243751
v 0.00067196 0.01099692 -0.02235491
v 0.00082825 0.00201057 -0.02233020
v 0.00207438 0.00200969 -0.02168940
v 0.00190248 0.01089982 -0.02181035
v 0.00131629 0.01095773 -0.02214592
v 0.00293490 0.00200818 -0.02058352
v 0.00293312 0.01074538 -0.02057127
v 0.00280982 0.01076749 -0.02080700
v 0.00240979 0.01083232 -0.02135613
v 0.00207442 0.01087876 -0.02167712
v 0.00323345 0.01068590 -0.01884869
v 0.00324984 0.01068310 -0.01920630
v 0.00324986 0.00200632 -0.01921814
v 0.00323151 0.01068720 -0.01952158
v 0.00308821 0.01071607 -0.02018315
v 0.00309526 0.01071200 -0.01819082
v 0.00296069 0.00200445 -0.01784707
v 0.00295849 0.01073704 -0.01783564
v 0.00282089 0.01076115 -0.01756415
v 0.00212117 0.00200291 -0.01672517
v 0.00242465 0.01082419 -0.01701164
v 0.00133588 0.01094806 -0.01621296
v 0.00192309 0.01089024 -0.01655522
v 0.00212119 0.01086599 -0.01671323
v -0.00000000 0.00202204 -0.03073750
v -0.00000000 -0.01047795 -0.03075456
v 0.00077500 0.00202176 -0.03052984
v 0.00077500 -0.01047823 -0.03054690
v 0.00134234 0.00202098 -0.02996250
v 0.00134234 -0.01047901 -0.02997957
v 0.00155000 0.00201993 -0.02918750
v 0.00155000 -0.01048006 -0.02920457
v 0.00134234 0.00201887 -0.02841250
v 0.00134234 -0.01048112 -0.02842957
v 0.00077500 0.00201809 -0.02784516
v 0.00077500 -0.01048189 -0.02786223
v -0.00000000 0.00201781 -0.02763750
v -0.00000000 -0.01048218 -0.02765457
v -0.00000000 0.00201549 -0.02593751
v -0.00000000 0.01101548 -0.02592522
v 0.00068787 0.01100124 -0.02599845
v 0.00088734 0.00201566 -0.02606098
v -0.00000000 0.01102430 -0.03242507
v -0.00000000 0.00202436 -0.03243750
v 0.00067196 0.01101057 -0.03235490
v 0.00082825 0.00202421 -0.03233019
v 0.00207438 0.00202334 -0.03168939
v 0.00190248 0.01091347 -0.03181034
v 0.00131629 0.01097138 -0.03214591
v 0.00293490 0.00202183 -0.03058351
v 0.00293312 0.01075903 -0.03057126
v 0.00280982 0.01078114 -0.03080699
v 0.00240979 0.01084597 -0.03135612
v 0.00207442 0.01089241 -0.03167712
v 0.00323345 0.01069955 -0.02884868
v 0.00324984 0.01069675 -0.02920629
v 0.00324986 0.00201997 -0.02921813
v 0.00323151 0.01070085 -0.02952157
v 0.00308821 0.01072972 -0.03018314
v 0.00309526 0.01072565 -0.02819081
v 0.00296069 0.00201810 -0.02784706
v 0.00295849 0.01075069 -0.02783563
v 0.00282089 0.01077479 -0.02756414
v 0.00212117 0.00201656 -0.02672516
v 0.00242465 0.01083784 -0.02701163
v 0.00133588 0.01096171 -0.02621295
v 0.00192309 0.01090389 -0.02655521
v 0.00212119 0.01087964 -0.02671322
v -0.00000000 -0.01046430 -0.04075456
v 0.00048724 -0.01046440 -0.04067598
v 0.00112947 -0.01046496 -0.04026606
v -0.00000000 0.00203569 -0.04073749
v 0.00048724 0.00203558 -0.04065892
v 0.00112947 0.00203502 -0.04024900
v 0.00149880 0.00203411 -0.03958259
v 0.00149880 -0.01046587 -0.03959965
v 0.00150598 0.00203307 -0.03882072
v 0.00150598 -0.01046691 -0.03883778
v 0.00114928 0.00203216 -0.03814747
v 0.00114928 -0.01046783 -0.03816453
v 0.00051489 0.00203158 -0.03772551
v 0.00051489 -0.01046841 -0.03774257
v -0.00000000 0.00203146 -0.03763749
v -0.00000000 -0.01046853 -0.03765456
v -0.00000000 0.00202914 -0.03593750
v -0.00000000 0.01102913 -0.03592521
v 0.00068787 0.01101489 -0.03599843
v 0.00088734 0.00202931 -0.03606098
v -0.00000000 0.01103795 -0.04242506
v -0.00000000 0.00203801 -0.04243749
v 0.00067196 0.01102422 -0.04235489
v 0.00082825 0.00203786 -0.04233018
v 0.00207438 0.00203699 -0.04168938
v 0.00190248 0.01092712 -0.04181033
v 0.00131629 0.01098503 -0.04214590
v 0.00293490 0.00203548 -0.04058351
v 0.00293312 0.01077268 -0.04057125
v 0.00280982 0.01079479 -0.04080698
v 0.00240979 0.01085962 -0.04135611
v 0.00207442 0.01090606 -0.04167711
v 0.00323345 0.01071319 -0.03884867
v 0.00324984 0.01071040 -0.03920629
v 0.00324986 0.00203362 -0.03921812
v 0.00323151 0.01071450 -0.03952156
v 0.00308821 0.01074337 -0.04018313
v 0.00309526 0.01073930 -0.03819080
v 0.00296069 0.00203175 -0.03784705
v 0.00295849 0.01076434 -0.03783562
v 0.00282089 0.01078845 -0.03756413
v 0.00212117 0.00203021 -0.03672515
v 0.00242465 0.01085149 -0.03701162
v 0.00133588 0.01097536 -0.03621294
v 0.00192309 0.01091754 -0.03655520
v 0.00212119 0.01089329 -0.03671321
v 0.00843246 0.00866341 -0.00059175
v 0.00823771 0.00877818 -0.00115725
v 0.00824739 0.00796173 -0.00114045
v 0.00575000 0.00795641 0.00276086
v 0.00575000 0.00994201 0.00276357
v 0.00602046 0.00983876 0.00275036
v 0.00649646 0.00795655 0.00265761
v 0.00575002 0.00994944 -0.00273635
v 0.00575000 0.00796391 -0.00273913
v 0.00638832 0.00969686 -0.00266726
v 0.00649646 0.00796377 -0.00263588
v 0.00696598 0.00944090 -0.00246198
v 0.00753598 0.00796301 -0.00208025
v 0.00748104 0.00918959 -0.00212574
v 0.00792422 0.00895499 -0.00167147
v 0.00849973 0.00862241 -0.00001489
v 0.00850000 0.00796016 0.00001086
v 0.00844471 0.00865456 0.00055160
v 0.00824739 0.00795859 0.00116218
v 0.00827175 0.00875544 0.00109620
v 0.00800916 0.00890373 0.00157663
v 0.00753598 0.00795730 0.00210198
v 0.00766080 0.00909114 0.00198996
v 0.00663186 0.00958508 0.00261785
v 0.00719872 0.00932371 0.00235059
v 0.00753540 0.00915604 0.00210415
v -0.00000000 0.01098417 -0.00298501
v 0.00055822 0.01097480 -0.00304188
v -0.00000000 0.00796425 -0.00298913
v 0.00075083 0.00796440 -0.00309361
v -0.00000000 0.01099164 -0.00848488
v -0.00000000 0.00797176 -0.00848913
v 0.00061854 0.01097998 -0.00841439
v 0.00070083 0.00797164 -0.00839833
v 0.00120757 0.01094705 -0.00820509
v 0.00175524 0.00797090 -0.00785611
v 0.00173225 0.01089965 -0.00787085
v 0.00248338 0.00796962 -0.00692037
v 0.00249496 0.01079977 -0.00688751
v 0.00217088 0.01084679 -0.00742326
v 0.00250520 0.00796646 -0.00460491
v 0.00268021 0.01076795 -0.00512269
v 0.00274988 0.00796804 -0.00576505
v 0.00275000 0.01075714 -0.00573693
v 0.00269227 0.01076755 -0.00629281
v 0.00179483 0.00796516 -0.00365561
v 0.00213384 0.01084700 -0.00400068
v 0.00247030 0.01080031 -0.00453050
v 0.00115411 0.01094410 -0.00323928
v 0.00168744 0.01089844 -0.00356365
v 0.00179480 0.01088717 -0.00365173
v -0.00000000 0.01096847 0.00851498
v 0.00055822 0.01095910 0.00845811
v -0.00000000 0.00794856 0.00851086
v 0.00075083 0.00794870 0.00840638
v -0.00000000 0.01097594 0.00301510
v -0.00000000 0.00795606 0.00301086
v 0.00061854 0.01096428 0.00308560
v 0.00070083 0.00795594 0.00310166
v 0.00120757 0.01093135 0.00329490
v 0.00175524 0.00795520 0.00364388
v 0.00173225 0.01088396 0.00362914
v 0.00248338 0.00795392 0.00457962
v 0.00249496 0.01078408 0.00461248
v 0.00217088 0.01083110 0.00407673
v 0.00250520 0.00795076 0.00689508
v 0.00268021 0.01075225 0.00637730
v 0.00274988 0.00795235 0.00573494
v 0.00275000 0.01074145 0.00576306
v 0.00269227 0.01075186 0.00520719
v 0.00179483 0.00794947 0.00784438
v 0.00213384 0.01083130 0.00749931
v 0.00247030 0.01078461 0.00696949
v 0.00115411 0.01092841 0.00826070
v 0.00168744 0.01088275 0.00793634
v 0.00179480 0.01087147 0.00784826
v -0.00301303 0.01070227 0.00028175
v -0.00300023 0.01070505 -0.00001133
v -0.00300012 0.00796019 -0.00001507
v -0.00575000 0.00994201 0.00276357
v -0.00517651 0.01014336 0.00270792
v -0.00575000 0.00795641 0.00276086
v -0.00499917 0.00795655 0.00265638
v -0.00575002 0.00994944 -0.00273635
v -0.00575000 0.00796391 -0.00273913
v -0.00511869 0.01016969 -0.00266768
v -0.00504921 0.00796379 -0.00264834
v -0.00454239 0.01034589 -0.00246364
v -0.00399478 0.00796305 -0.00210614
v -0.00402967 0.01048337 -0.00213224
v -0.00364888 0.01057397 -0.00175940
v -0.00326663 0.00796177 -0.00117040
v -0.00334166 0.01063995 -0.00130892
v -0.00301455 0.01070274 -0.00026423
v -0.00312487 0.01068258 -0.00079765
v -0.00326905 0.01065460 -0.00116585
v -0.00312179 0.01068097 0.00081644
v -0.00324479 0.00795861 0.00114507
v -0.00324761 0.01065576 0.00114773
v -0.00395516 0.00795732 0.00209438
v -0.00364317 0.01057043 0.00178143
v -0.00333779 0.01063715 0.00133024
v -0.00460543 0.01032089 0.00252234
v -0.00408736 0.01046281 0.00220712
v -0.00395537 0.01049613 0.00209861
v -0.00575000 0.00595846 0.00125813
v -0.00575000 0.00795845 0.00126086
v -0.00512500 0.00595868 0.00109067
v -0.00512500 0.00795868 0.00109340
v -0.00466747 0.00595931 0.00063313
v -0.00466747 0.00795931 0.00063586
v -0.00450000 0.00596016 0.00000813
v -0.00450000 0.00796016 0.00001086
v -0.00466747 0.00596101 -0.00061686
v -0.00466747 0.00796101 -0.00061413
v -0.00512500 0.00596164 -0.00107440
v -0.00512500 0.00796164 -0.00107167
v -0.00575000 0.00596187 -0.00124186
v -0.00575000 0.00796187 -0.00123913
v -0.00000000 0.00595061 0.00700813
v -0.00000000 0.00795060 0.00701086
v 0.00062500 0.00595084 0.00684066
v 0.00062500 0.00795083 0.00684339
v 0.00108253 0.00595146 0.00638313
v 0.00108253 0.00795146 0.00638586
v 0.00125000 0.00595231 0.00575813
v 0.00125000 0.00795231 0.00576086
v 0.00108253 0.00595317 0.00513313
v 0.00108253 0.00795316 0.00513586
v 0.00062500 0.00595379 0.00467560
v 0.00062500 0.00795379 0.00467833
v -0.00000000 0.00595402 0.00450813
v -0.00000000 0.00795402 0.00451086
v -0.00000000 0.00596630 -0.00449186
v -0.00000000 0.00796630 -0.00448913
v 0.00062500 0.00596653 -0.00465933
v 0.00062500 0.00796653 -0.00465660
v 0.00108253 0.00596716 -0.00511686
v 0.00108253 0.00796715 -0.00511413
v 0.00125000 0.00596801 -0.00574186
v 0.00125000 0.00796801 -0.00573913
v 0.00108253 0.00596886 -0.00636686
v 0.00108253 0.00796886 -0.00636413
v 0.00062500 0.00596949 -0.00682439
v 0.00062500 0.00796949 -0.00682166
v -0.00000000 0.00596972 -0.00699186
v -0.00000000 0.00796971 -0.00698913
v 0.00575000 0.00595846 0.00125813
v 0.00575000 0.00795845 0.00126086
v 0.00637500 0.00595868 0.00109067
v 0.00637500 0.00795868 0.00109340
v 0.00683253 0.00595931 0.00063313
v 0.00683253 0.00795931 0.00063586
v 0.00700000 0.00596016 0.00000813
v 0.00700000 0.00796016 0.00001086
v 0.00683253 0.00596101 -0.00061686
v 0.00683253 0.00796101 -0.00061413
v 0.00637500 0.00596164 -0.00107440
v 0.00637500 0.00796164 -0.00107167
v 0.00575000 0.00596187 -0.00124186
v 0.00575000 0.00796187 -0.00123913
v -0.00000000 0.01096586 0.01042845
v -0.00000000 0.00594595 0.01042160
v 0.00060088 0.01095425 0.01041497
v 0.00194238 0.00594614 0.01028021
v 0.00180536 0.01086264 0.01030626
v 0.00294020 0.01069481 0.01010187
v 0.00453806 0.00594703 0.00963061
v 0.00420690 0.01041357 0.00975091
v 0.00301134 0.01068166 0.01008567
v 0.00579011 0.00991481 0.00911296
v 0.00646870 0.00964607 0.00876380
v 0.00695316 0.00594860 0.00847873
v 0.00537969 0.01006072 0.00930114
v 0.00454004 0.01032266 0.00963588
v 0.00909158 0.00595079 0.00687040
v 0.00909288 0.00823308 0.00687232
v 0.00844531 0.00864006 0.00743284
v 0.00749181 0.00916946 0.00813880
v 0.00695557 0.00943068 0.00848203
v 0.01086822 0.00595353 0.00486963
v 0.01185148 0.00595568 0.00329013
v 0.01171976 0.00609334 0.00353277
v 0.01110841 0.00668067 0.00452739
v 0.01038378 0.00729250 0.00550103
v 0.00944384 0.00799518 0.00653642
v 0.01185148 0.00595739 0.00204106
v -0.00637500 0.00596164 -0.00107440
v -0.00615793 0.00596294 -0.00202480
v -0.01185148 0.00595568 0.00329013
v -0.01185148 0.00595739 0.00204106
v -0.01086822 0.00595353 0.00486963
v -0.00615793 0.00595739 0.00204106
v -0.00909158 0.00595079 0.00687040
v -0.00695316 0.00594860 0.00847873
v -0.00615793 0.00595176 0.00616606
v -0.00453806 0.00594703 0.00963061
v -0.00203293 0.00595176 0.00616606
v -0.00194238 0.00594614 0.01028021
v 0.00203293 0.00595176 0.00616606
v 0.00365793 0.00595176 0.00616606
v 0.00406586 0.00595291 0.00532400
v 0.00469086 0.00595313 0.00515653
v 0.00514840 0.00595376 0.00469900
v 0.00365793 0.00595739 0.00204106
v -0.00062500 0.00595379 0.00467560
v -0.00203293 0.00595739 0.00204106
v 0.00203293 0.00595739 0.00204106
v -0.00108253 0.00595317 0.00513313
v -0.00125000 0.00595231 0.00575813
v -0.00108253 0.00595146 0.00638313
v -0.00062500 0.00595084 0.00684066
v -0.00203293 0.00596294 -0.00202480
v -0.00683253 0.00596101 -0.00061686
v -0.01185148 0.00596294 -0.00202480
v -0.00700000 0.00596016 0.00000813
v -0.00683253 0.00595931 0.00063313
v -0.00637500 0.00595868 0.00109067
v 0.00298333 0.00595376 0.00469900
v 0.00344086 0.00595313 0.00515653
v -0.00203293 0.00598090 -0.01518208
v -0.00203293 0.00596515 -0.00364979
v -0.00615793 0.00598090 -0.01518208
v -0.00469086 0.00596719 -0.00514026
v -0.00514840 0.00596656 -0.00468272
v -0.00615793 0.00596515 -0.00364979
v -0.00531586 0.00596571 -0.00405772
v -0.00514840 0.00596486 -0.00343273
v -0.00469086 0.00596423 -0.00297519
v 0.01185148 0.00596294 -0.00202480
v 0.00512500 0.00596164 -0.00107440
v 0.00365793 0.00596294 -0.00202480
v 0.00466747 0.00596101 -0.00061686
v 0.00450000 0.00596016 0.00000813
v 0.00466747 0.00595931 0.00063313
v 0.00512500 0.00595868 0.00109067
v 0.00203293 0.00596294 -0.00202480
v 0.00365793 0.00596515 -0.00364979
v 0.01185148 0.00596515 -0.00364979
v 0.01185148 0.00598090 -0.01518208
v 0.00365793 0.00598090 -0.01518208
v 0.00203293 0.00598090 -0.01518208
v 0.00203293 0.00596515 -0.00364979
v -0.00062500 0.00596949 -0.00682439
v -0.00108253 0.00596886 -0.00636686
v -0.00125000 0.00596801 -0.00574186
v -0.00108253 0.00596716 -0.00511686
v -0.00062500 0.00596653 -0.00465933
v -0.01185148 0.00596515 -0.00364979
v -0.01185148 0.00598090 -0.01518208
v 0.00252500 -0.01045549 -0.04720455
v 0.01200000 0.00586924 -0.04718227
v 0.01083785 0.00698600 -0.04718074
v 0.00844733 0.00871815 -0.04717838
v 0.00578641 0.00999659 -0.04717663
v 0.00294027 0.01078040 -0.04717556
v -0.00000000 0.01104449 -0.04717520
v -0.00082500 -0.00402656 -0.04719577
v -0.00578641 0.00999659 -0.04717663
v -0.00294027 0.01078040 -0.04717556
v -0.00142894 -0.00463050 -0.04719660
v -0.01083785 0.00698600 -0.04718074
v -0.00844733 0.00871815 -0.04717838
v -0.00165000 -0.00545550 -0.04719772
v -0.01200000 0.00586924 -0.04718227
v -0.00142894 -0.00628050 -0.04719885
v -0.00082500 -0.00688444 -0.04719967
v 0.01200000 0.00582556 -0.01518230
v 0.00252500 -0.01049917 -0.01520458
v -0.01200000 0.00582556 -0.01518230
v 0.00513508 0.01015701 0.00269437
v 0.00454286 0.01033900 0.00248501
v 0.00401289 0.01048175 0.00214645
v 0.00357870 0.01058500 0.00170223
v 0.00325789 0.01065366 0.00117700
v 0.00305991 0.01069308 0.00058747
v 0.00300033 0.01070503 -0.00001005
v 0.00305502 0.01069553 -0.00053168
v 0.00321989 0.01066432 -0.00105933
v 0.00348217 0.01061057 -0.00154071
v 0.00383186 0.01053165 -0.00195620
v 0.00399536 0.01049193 -0.00210336
v 0.00430894 0.01041070 -0.00232834
v 0.00486492 0.01025013 -0.00258965
v 0.00545823 0.01005486 -0.00272105
v -0.00173605 0.01087773 0.00789761
v -0.00294138 0.01069445 0.01010161
v -0.00120694 0.01092465 0.00823473
v -0.00243643 0.01077890 0.01020506
v -0.00061515 0.01095710 0.00844488
v -0.00121067 0.01091903 0.01037364
v -0.00217241 0.01082629 0.00745079
v -0.00249582 0.01078080 0.00691708
v -0.00269238 0.01075032 0.00632273
v -0.00274977 0.01074148 0.00576423
v -0.00267883 0.01075416 0.00514627
v -0.00274977 0.01075718 -0.00573576
v -0.00246860 0.01080386 -0.00694299
v -0.00213548 0.01085151 -0.00746784
v -0.00281036 0.01076294 -0.01754431
v -0.00267883 0.01076986 -0.00635372
v -0.00055508 0.01098226 -0.00842781
v -0.00066817 0.01098839 -0.01599498
v -0.00131414 0.01094980 -0.01620442
v -0.00190683 0.01089212 -0.01654355
v -0.00169049 0.01090406 -0.00790402
v -0.00115649 0.01095075 -0.00822798
v -0.00241174 0.01082609 -0.01699727
v -0.00211078 0.01086733 -0.01670421
v -0.00055508 0.01096656 0.00307218
v -0.00061515 0.01097279 -0.00305511
v -0.00115649 0.01093505 0.00327201
v -0.00169049 0.01088836 0.00359597
v -0.00120694 0.01094035 -0.00326526
v -0.00173605 0.01089343 -0.00360238
v -0.00217241 0.01084198 -0.00404920
v -0.00246860 0.01078816 0.00455700
v -0.00213548 0.01083582 0.00403215
v -0.00269238 0.01076601 -0.00517726
v -0.00249582 0.01079650 -0.00458290
v -0.00323435 0.01068659 -0.01949393
v -0.00310892 0.01071202 -0.02011704
v -0.00295020 0.01073852 -0.01781501
v -0.00308849 0.01071326 -0.01816721
v -0.00323114 0.01068633 -0.01882931
v -0.00324973 0.01068308 -0.01917567
v -0.00323435 0.01070025 -0.02949392
v -0.00310892 0.01072567 -0.03011703
v -0.00323114 0.01069998 -0.02882930
v -0.00324973 0.01069673 -0.02917566
v -0.00323114 0.01071363 -0.03882929
v -0.00324973 0.01071038 -0.03917565
v -0.00323435 0.01071389 -0.03949391
v -0.00284521 0.01078855 -0.04074308
v -0.00294919 0.01076972 -0.04053570
v -0.00310892 0.01073932 -0.04011702
v -0.00365797 0.01054765 0.00991946
v -0.00486285 0.01022748 0.00951493
v -0.00453990 0.01032257 0.00963592
v -0.00747933 0.00918462 0.00215237
v -0.00792493 0.00895001 0.00169589
v -0.00825694 0.00875110 0.00758286
v -0.00695483 0.00943100 0.00848247
v -0.00603786 0.00982069 0.00899112
v -0.00578835 0.00991537 0.00911380
v -0.00716426 0.00933218 0.00835271
v -0.00638693 0.00969013 0.00269448
v -0.00696400 0.00943506 0.00248904
v -0.00823877 0.00877438 0.00118253
v -0.00843237 0.00866181 0.00062023
v -0.00921955 0.00814868 0.00675388
v -0.01004492 0.00755639 0.00589969
v -0.00849954 0.00862245 0.00004240
v -0.00844479 0.00865598 -0.00052774
v -0.01159058 0.00622464 0.00375977
v -0.01089484 0.00686906 0.00483394
v -0.00827153 0.00875852 -0.00107442
v -0.00800994 0.00890756 -0.00155191
v -0.00766118 0.00909634 -0.00196493
v -0.00753574 0.00916158 -0.00207969
v -0.00719184 0.00933344 -0.00233498
v -0.00603108 0.00984207 -0.00272325
v -0.00663561 0.00959055 -0.00259798
v -0.00246030 0.01085201 -0.04129905
v -0.00211076 0.01090137 -0.04164661
v -0.00196723 0.01091940 -0.04176209
v -0.00138567 0.01097929 -0.04211266
v -0.00073485 0.01102152 -0.04234007
v -0.00010473 0.01103767 -0.04242337
v -0.00010473 0.01102402 -0.03242338
v -0.00066817 0.01101569 -0.03599496
v -0.00073485 0.01100787 -0.03234008
v -0.00246030 0.01083836 -0.03129906
v -0.00211076 0.01088773 -0.03164662
v -0.00131414 0.01097710 -0.03620441
v -0.00196723 0.01090575 -0.03176210
v -0.00138567 0.01096564 -0.03211266
v -0.00211078 0.01089462 -0.03670419
v -0.00241174 0.01085339 -0.03699725
v -0.00284521 0.01077490 -0.03074309
v -0.00281036 0.01079024 -0.03754430
v -0.00294919 0.01075607 -0.03053571
v -0.00295020 0.01076582 -0.03781499
v -0.00308849 0.01074056 -0.03816719
v -0.00190683 0.01091942 -0.03654354
v -0.00010473 0.01101037 -0.02242339
v -0.00066817 0.01100204 -0.02599497
v -0.00073485 0.01099422 -0.02234009
v -0.00246030 0.01082471 -0.02129906
v -0.00211076 0.01087408 -0.02164663
v -0.00131414 0.01096345 -0.02620441
v -0.00196723 0.01089211 -0.02176210
v -0.00138567 0.01095199 -0.02211268
v -0.00211078 0.01088098 -0.02670420
v -0.00241174 0.01083974 -0.02699726
v -0.00284521 0.01076125 -0.02074310
v -0.00281036 0.01077659 -0.02754431
v -0.00294919 0.01074242 -0.02053571
v -0.00295020 0.01075217 -0.02781500
v -0.00308849 0.01072691 -0.02816720
v -0.00190683 0.01090577 -0.02654355
v 0.00252500 -0.01048689 -0.02420457
v -0.00077500 -0.01048189 -0.02786223
v -0.01200000 -0.01048689 -0.02420457
v -0.00134234 -0.01048112 -0.02842957
v -0.00112947 -0.01046496 -0.04026606
v -0.00149880 -0.01046587 -0.03959965
v -0.00150598 -0.01046691 -0.03883778
v -0.00077500 -0.01047823 -0.03054690
v -0.00134234 -0.01047901 -0.02997957
v -0.00155000 -0.01048006 -0.02920457
v -0.00051489 -0.01046841 -0.03774257
v -0.00114928 -0.01046783 -0.03816453
v -0.00048724 -0.01046440 -0.04067598
v 0.01200000 -0.01048689 -0.02420457
v -0.00077500 -0.01049554 -0.01786224
v -0.00077500 -0.01049188 -0.02054691
v -0.00134234 -0.01049265 -0.01997957
v -0.00155000 -0.01049371 -0.01920458
v -0.00134234 -0.01049477 -0.01842957
v 0.00512500 0.00796164 -0.00107167
v 0.00466747 0.00796101 -0.00061413
v 0.00450000 0.00796016 0.00001086
v 0.00466747 0.00795931 0.00063586
v 0.00512500 0.00795868 0.00109340
v -0.00062500 0.00796949 -0.00682166
v -0.00108253 0.00796886 -0.00636413
v -0.00125000 0.00796801 -0.00573913
v -0.00108253 0.00796715 -0.00511413
v -0.00062500 0.00796653 -0.00465660
v -0.00062500 0.00795379 0.00467833
v -0.00108253 0.00795316 0.00513586
v -0.00125000 0.00795231 0.00576086
v -0.00108253 0.00795146 0.00638586
v -0.00062500 0.00795083 0.00684339
v -0.00637500 0.00796164 -0.00107167
v -0.00683253 0.00796101 -0.00061413
v -0.00700000 0.00796016 0.00001086
v -0.00683253 0.00795931 0.00063586
v -0.00637500 0.00795868 0.00109340
v -0.00649646 0.00795655 0.00265761
v -0.00753598 0.00795730 0.00210198
v -0.00824739 0.00795859 0.00116218
v -0.00824739 0.00796173 -0.00114045
v -0.00850000 0.00796016 0.00001086
v -0.00753598 0.00796301 -0.00208025
v -0.00649646 0.00796377 -0.00263588
v -0.00249739 0.00795074 0.00691217
v -0.00074646 0.00794870 0.00840761
v -0.00178598 0.00794946 0.00785197
v -0.00275000 0.00795231 0.00576086
v -0.00249739 0.00795388 0.00460955
v -0.00178598 0.00795516 0.00366975
v -0.00074646 0.00795592 0.00311411
v -0.00249739 0.00796644 -0.00458782
v -0.00074646 0.00796439 -0.00309238
v -0.00178598 0.00796515 -0.00364801
v -0.00275000 0.00796801 -0.00573913
v -0.00249739 0.00796958 -0.00689044
v -0.00178598 0.00797086 -0.00783024
v -0.00074646 0.00797162 -0.00838588
v 0.00499917 0.00795655 0.00265638
v 0.00395516 0.00795732 0.00209438
v 0.00324479 0.00795861 0.00114507
v 0.00300012 0.00796019 -0.00001507
v 0.00326663 0.00796177 -0.00117040
v 0.00399478 0.00796305 -0.00210614
v 0.00504921 0.00796379 -0.00264834
v -0.00088218 0.00202931 -0.03605952
v -0.00211071 0.00203020 -0.03671617
v -0.00295147 0.00203172 -0.03782685
v -0.00325000 0.00203358 -0.03918749
v -0.00295147 0.00203543 -0.04054814
v -0.00211071 0.00203695 -0.04165881
v -0.00088218 0.00203784 -0.04231547
v -0.00018897 -0.00459915 -0.04073499
v -0.00048724 0.00203558 -0.04065892
v -0.00042195 -0.00477830 -0.04068825
v -0.00065749 -0.00546610 -0.04060138
v -0.00064571 -0.00529275 -0.04060660
v -0.00112947 0.00203502 -0.04024900
v -0.00059478 -0.00508441 -0.04062855
v -0.00053889 -0.00495595 -0.04065034
v -0.00020163 -0.00632429 -0.04073573
v -0.00040920 -0.00616479 -0.04069370
v -0.00054338 -0.00595922 -0.04065004
v -0.00059287 -0.00584364 -0.04063038
v -0.00064674 -0.00562338 -0.04060657
v -0.00051489 0.00203158 -0.03772551
v -0.00114928 0.00203216 -0.03814747
v -0.00150598 0.00203307 -0.03882072
v -0.00149880 0.00203411 -0.03958259
v -0.00088218 0.00201566 -0.02605953
v -0.00211071 0.00201655 -0.02671619
v -0.00295147 0.00201807 -0.02782686
v -0.00325000 0.00201993 -0.02918750
v -0.00295147 0.00202178 -0.03054815
v -0.00211071 0.00202330 -0.03165882
v -0.00088218 0.00202419 -0.03231548
v -0.00077500 0.00201809 -0.02784516
v -0.00134234 0.00201887 -0.02841250
v -0.00155000 0.00201993 -0.02918750
v -0.00134234 0.00202098 -0.02996250
v -0.00077500 0.00202176 -0.03052984
v -0.00088218 0.00200201 -0.01605953
v -0.00211071 0.00200290 -0.01671620
v -0.00295147 0.00200442 -0.01782687
v -0.00325000 0.00200628 -0.01918751
v -0.00295147 0.00200813 -0.02054816
v -0.00211071 0.00200965 -0.02165883
v -0.00088218 0.00201055 -0.02231549
v -0.00077500 0.00200444 -0.01784517
v -0.00134234 0.00200522 -0.01841251
v -0.00155000 0.00200628 -0.01918751
v -0.00134234 0.00200733 -0.01996251
v -0.00077500 0.00200811 -0.02052985
v -0.00054810 -0.00701999 -0.04119986
v -0.00082500 -0.00689263 -0.04119968
v -0.00122343 -0.00657081 -0.04119924
v -0.00142894 -0.00628869 -0.04119886
v -0.00160314 -0.00585413 -0.04119826
v -0.00165000 -0.00546369 -0.04119773
v -0.00159550 -0.00504310 -0.04119715
v -0.00142894 -0.00463869 -0.04119660
v -0.00120234 -0.00433370 -0.04119619
v -0.00082500 -0.00403475 -0.04119578
v -0.00051867 -0.00389733 -0.04119559
v 0.00370096 -0.00449474 -0.01844638
v 0.00350000 -0.00449372 -0.01919639
v 0.00425000 -0.00449549 -0.01789735
v 0.00425000 -0.00449194 -0.02049542
v 0.00370096 -0.00449269 -0.01994638
v -0.00629904 -0.00449474 -0.01844638
v -0.00650000 -0.00449372 -0.01919639
v -0.00575000 -0.00449549 -0.01789735
v -0.00575000 -0.00449194 -0.02049542
v -0.00629904 -0.00449269 -0.01994638
v 0.00469086 0.00895313 0.00516062
v 0.00406586 0.00895290 0.00532809
v 0.00514840 0.00895376 0.00470309
v 0.00298333 0.00895376 0.00470309
v 0.00344086 0.00895313 0.00516062
v -0.00514840 0.00896486 -0.00342863
v -0.00531586 0.00896571 -0.00405363
v -0.00469086 0.00896423 -0.00297110
v -0.00469086 0.00896719 -0.00513616
v -0.00514840 0.00896656 -0.00467863
f 1 2 3
f 3 2 4
f 3 4 5
f 5 4 6
f 5 6 7
f 7 6 8
f 7 8 9
f 9 8 10
f 9 10 11
f 11 10 12
f 11 12 13
f 13 12 14
f 15 10 8
f 12 10 15
f 14 12 15
f 15 4 2
f 6 4 15
f 8 6 15
f 16 17 18
f 18 17 19
f 18 19 20
f 20 19 21
f 20 21 22
f 22 21 23
f 22 23 24
f 24 23 25
f 24 25 26
f 26 25 27
f 26 27 28
f 28 27 29
f 30 25 23
f 27 25 30
f 29 27 30
f 30 19 17
f 21 19 30
f 23 21 30
f 31 32 33
f 33 32 34
f 33 34 35
f 35 34 36
f 35 36 37
f 37 36 38
f 37 38 39
f 39 38 40
f 39 40 41
f 41 40 42
f 41 42 43
f 43 42 44
f 45 40 38
f 42 40 45
f 44 42 45
f 45 34 32
f 36 34 45
f 38 36 45
f 46 47 48
f 48 47 49
f 48 49 50
f 50 49 51
f 50 51 52
f 52 51 53
f 52 53 54
f 54 53 55
f 54 55 56
f 56 55 57
f 56 57 58
f 58 57 59
f 60 55 53
f 57 55 60
f 59 57 60
f 60 49 47
f 51 49 60
f 53 51 60
f 61 62 63
f 63 62 64
f 63 64 65
f 65 64 66
f 65 66 67
f 67 66 68
f 67 68 69
f 69 68 70
f 69 70 71
f 71 70 72
f 71 72 73
f 73 72 74
f 73 74 75
f 75 74 76
f 75 76 77
f 77 76 78
f 79 80 81
f 81 80 82
f 81 82 83
f 83 82 84
f 83 84 85
f 85 84 86
f 85 86 87
f 87 86 88
f 87 88 89
f 89 88 90
f 89 90 91
f 91 90 92
f 91 92 93
f 93 92 94
f 93 94 95
f 95 94 96
f 95 96 97
f 97 96 98
f 99 100 101
f 101 100 102
f 101 102 103
f 103 102 104
f 103 104 105
f 105 104 106
f 105 106 107
f 107 106 108
f 107 108 109
f 109 108 110
f 109 110 111
f 111 110 112
f 113 114 115
f 115 114 116
f 115 116 117
f 117 116 118
f 117 118 119
f 119 118 120
f 119 120 121
f 121 120 122
f 121 122 123
f 123 122 124
f 123 124 125
f 125 124 126
f 127 128 129
f 129 128 130
f 129 130 131
f 131 130 132
f 131 132 133
f 133 132 134
f 133 134 135
f 135 134 136
f 135 136 137
f 137 136 138
f 137 138 139
f 139 138 140
f 141 142 143
f 143 142 144
f 143 144 145
f 145 144 146
f 145 146 147
f 147 146 148
f 147 148 149
f 149 148 150
f 149 150 151
f 151 150 152
f 151 152 153
f 153 152 154
f 155 156 157
f 157 156 158
f 156 159 160
f 160 161 156
f 156 161 162
f 156 162 158
f 158 162 163
f 164 165 166
f 166 165 158
f 166 158 167
f 167 158 163
f 168 169 170
f 170 169 171
f 171 172 170
f 170 172 173
f 170 173 174
f 174 175 176
f 176 175 177
f 176 177 178
f 174 176 170
f 170 176 179
f 170 179 180
f 176 178 181
f 155 182 156
f 156 182 183
f 156 183 159
f 179 176 184
f 184 176 181
f 184 181 183
f 183 181 185
f 183 185 186
f 186 187 183
f 183 187 188
f 183 188 159
f 189 165 190
f 190 165 164
f 168 191 169
f 169 191 192
f 190 164 193
f 193 164 194
f 193 194 195
f 195 194 196
f 195 196 197
f 197 196 198
f 197 198 199
f 199 198 200
f 201 202 203
f 203 202 204
f 203 204 205
f 205 204 206
f 205 206 207
f 207 206 208
f 207 208 192
f 192 208 169
f 153 154 209
f 209 154 210
f 209 210 211
f 211 210 212
f 211 212 213
f 213 212 214
f 213 214 215
f 215 214 216
f 215 216 217
f 217 216 218
f 217 218 141
f 141 218 142
f 139 140 219
f 219 140 220
f 219 220 221
f 221 220 222
f 221 222 223
f 223 222 224
f 223 224 225
f 225 224 226
f 225 226 227
f 227 226 228
f 227 228 127
f 127 228 128
f 125 126 229
f 229 126 230
f 229 230 231
f 231 230 232
f 231 232 233
f 233 232 234
f 233 234 235
f 235 234 236
f 235 236 237
f 237 236 238
f 237 238 113
f 113 238 114
f 111 112 239
f 239 112 240
f 239 240 241
f 241 240 242
f 241 242 243
f 243 242 244
f 243 244 245
f 245 244 246
f 245 246 247
f 247 246 248
f 247 248 99
f 99 248 100
f 97 98 249
f 249 98 250
f 249 250 251
f 251 250 252
f 251 252 253
f 253 252 254
f 253 254 255
f 255 254 256
f 255 256 257
f 257 256 258
f 257 258 259
f 259 258 260
f 259 260 261
f 261 260 262
f 261 262 263
f 263 262 264
f 263 264 79
f 79 264 80
f 265 266 267
f 267 266 268
f 267 268 269
f 270 271 272
f 272 271 273
f 197 199 239
f 189 241 274
f 274 241 243
f 274 243 266
f 266 243 245
f 253 255 199
f 245 247 266
f 266 247 99
f 266 99 268
f 207 107 205
f 205 107 109
f 205 109 203
f 99 101 268
f 268 101 103
f 268 103 275
f 275 103 105
f 275 105 191
f 191 105 107
f 191 107 192
f 192 107 207
f 189 190 241
f 241 190 193
f 241 193 239
f 239 193 195
f 239 195 197
f 239 263 111
f 111 263 79
f 111 79 109
f 109 79 81
f 109 81 83
f 255 257 199
f 199 257 259
f 199 259 239
f 239 259 261
f 239 261 263
f 83 85 109
f 109 85 201
f 109 201 203
f 97 270 95
f 95 270 276
f 95 276 93
f 276 277 93
f 93 277 278
f 93 278 91
f 91 278 279
f 91 279 89
f 89 279 201
f 89 201 87
f 87 201 85
f 199 280 253
f 253 280 281
f 253 281 251
f 251 281 282
f 251 282 249
f 249 282 283
f 249 283 97
f 97 283 271
f 97 271 270
f 199 200 284
f 199 284 280
f 280 284 285
f 280 285 281
f 281 285 286
f 281 286 282
f 282 286 287
f 282 287 283
f 283 287 273
f 283 273 271
f 270 272 288
f 270 288 276
f 276 288 289
f 276 289 277
f 277 289 290
f 277 290 278
f 278 290 291
f 278 291 279
f 279 291 202
f 279 202 201
f 292 113 115
f 115 117 292
f 292 117 119
f 292 119 267
f 267 119 121
f 121 123 267
f 267 123 125
f 267 125 265
f 265 125 229
f 265 229 231
f 113 292 237
f 237 292 293
f 237 293 235
f 294 295 265
f 265 295 296
f 265 296 293
f 293 296 297
f 293 297 298
f 298 46 293
f 293 46 48
f 293 48 235
f 235 48 50
f 235 50 233
f 233 50 52
f 233 52 231
f 52 54 231
f 231 54 56
f 231 56 265
f 265 56 58
f 265 58 294
f 31 33 299
f 299 33 35
f 299 35 269
f 269 35 37
f 37 39 269
f 269 39 41
f 269 41 267
f 267 41 43
f 267 43 300
f 300 301 267
f 267 301 302
f 267 302 292
f 292 302 303
f 292 303 304
f 137 139 292
f 293 221 223
f 292 139 293
f 293 139 219
f 293 219 221
f 213 215 182
f 182 215 217
f 182 217 183
f 183 217 141
f 183 141 143
f 127 129 147
f 147 129 183
f 147 183 145
f 145 183 143
f 129 131 183
f 183 131 133
f 183 133 292
f 292 133 135
f 292 135 137
f 147 149 127
f 127 149 151
f 127 151 227
f 227 151 153
f 213 182 211
f 211 182 293
f 211 293 209
f 209 293 223
f 209 223 153
f 153 223 225
f 153 225 227
f 304 31 292
f 292 31 299
f 292 299 183
f 183 299 184
f 305 306 307
f 308 309 305
f 187 186 310
f 76 74 289
f 68 66 307
f 307 66 64
f 62 311 312
f 68 313 70
f 70 313 314
f 70 314 72
f 289 74 290
f 289 288 76
f 76 288 272
f 76 272 78
f 78 272 273
f 78 273 315
f 315 273 287
f 315 287 316
f 316 287 286
f 316 286 317
f 317 286 285
f 317 285 318
f 318 319 320
f 320 319 321
f 320 321 322
f 314 204 202
f 74 72 290
f 290 72 314
f 290 314 291
f 291 314 202
f 314 323 204
f 204 323 16
f 204 16 206
f 206 16 208
f 169 208 324
f 325 326 194
f 7 321 5
f 5 321 319
f 5 319 3
f 3 319 1
f 194 326 196
f 196 326 1
f 196 1 198
f 198 1 319
f 198 319 200
f 318 285 319
f 319 285 284
f 319 284 200
f 16 18 208
f 208 18 20
f 208 20 324
f 324 20 22
f 324 22 327
f 22 24 327
f 327 24 26
f 327 26 28
f 28 328 329
f 329 328 330
f 329 330 313
f 313 330 331
f 313 331 314
f 314 331 332
f 314 332 323
f 9 11 333
f 333 11 13
f 194 164 325
f 325 164 334
f 334 164 166
f 334 166 335
f 335 166 167
f 335 167 336
f 187 337 188
f 188 337 338
f 188 338 159
f 159 338 160
f 339 154 340
f 340 154 152
f 216 337 218
f 218 337 142
f 187 310 337
f 337 310 144
f 337 144 142
f 214 212 339
f 339 212 210
f 339 210 154
f 152 150 340
f 340 150 148
f 340 148 310
f 310 148 146
f 310 146 144
f 216 214 337
f 337 214 339
f 337 339 338
f 338 339 341
f 338 341 160
f 160 341 161
f 228 226 339
f 224 222 342
f 138 343 140
f 140 343 342
f 140 342 220
f 220 342 222
f 138 136 343
f 343 136 134
f 343 134 340
f 134 132 340
f 340 132 130
f 340 130 339
f 339 130 128
f 339 128 228
f 162 161 344
f 344 161 341
f 344 341 342
f 342 341 339
f 342 339 224
f 224 339 226
f 116 114 343
f 343 114 342
f 342 114 238
f 342 238 236
f 234 232 309
f 309 232 230
f 309 230 126
f 126 124 345
f 124 122 345
f 345 122 120
f 345 120 343
f 343 120 118
f 343 118 116
f 236 234 342
f 342 234 309
f 342 309 344
f 344 309 308
f 344 308 162
f 163 333 167
f 167 333 13
f 167 13 336
f 102 100 345
f 126 345 309
f 309 345 100
f 309 100 248
f 110 306 112
f 112 306 305
f 112 305 240
f 110 108 306
f 306 108 106
f 306 106 345
f 345 106 104
f 345 104 102
f 248 246 309
f 309 246 244
f 309 244 305
f 305 244 242
f 305 242 240
f 28 329 327
f 327 329 346
f 327 346 347
f 347 346 348
f 347 348 349
f 349 348 350
f 349 350 351
f 351 350 352
f 351 352 353
f 353 352 185
f 353 185 181
f 311 322 312
f 312 322 321
f 312 321 333
f 333 321 7
f 333 7 9
f 64 62 307
f 307 62 312
f 307 312 305
f 305 312 333
f 305 333 308
f 308 333 163
f 308 163 162
f 68 307 313
f 313 307 306
f 313 306 329
f 329 306 345
f 329 345 346
f 346 345 343
f 346 343 348
f 348 343 340
f 348 340 350
f 350 340 310
f 350 310 352
f 352 310 186
f 352 186 185
f 169 324 171
f 171 324 327
f 171 327 172
f 172 327 347
f 172 347 173
f 173 347 349
f 173 349 174
f 174 349 351
f 174 351 175
f 175 351 353
f 175 353 177
f 177 353 181
f 177 181 178
f 77 78 354
f 354 78 315
f 354 315 355
f 355 315 316
f 355 316 356
f 356 316 317
f 356 317 357
f 357 317 318
f 357 318 358
f 358 318 320
f 358 320 359
f 359 320 322
f 359 322 360
f 360 322 311
f 360 311 61
f 61 311 62
f 69 88 67
f 67 88 86
f 67 86 65
f 65 86 84
f 65 84 63
f 63 84 82
f 63 82 61
f 61 82 80
f 61 80 360
f 360 80 264
f 360 264 359
f 359 264 262
f 359 262 358
f 358 262 260
f 358 260 357
f 260 258 357
f 357 258 256
f 357 256 356
f 356 256 254
f 356 254 355
f 355 254 252
f 355 252 354
f 354 252 250
f 354 250 77
f 77 250 98
f 77 98 75
f 75 98 96
f 75 96 73
f 73 96 94
f 73 94 71
f 71 94 92
f 71 92 69
f 69 92 90
f 69 90 88
f 299 269 268
f 184 299 179
f 179 299 268
f 179 268 180
f 180 268 275
f 293 182 155
f 157 274 266
f 265 293 266
f 266 293 155
f 266 155 157
f 60 361 362
f 363 361 60
f 47 363 60
f 60 364 59
f 365 364 60
f 362 365 60
f 58 59 294
f 294 59 364
f 294 364 295
f 295 364 365
f 295 365 296
f 296 365 362
f 296 362 297
f 297 362 361
f 297 361 298
f 298 361 363
f 298 363 46
f 46 363 47
f 45 366 367
f 368 366 45
f 32 368 45
f 45 369 44
f 370 369 45
f 367 370 45
f 43 44 300
f 300 44 369
f 300 369 301
f 301 369 370
f 301 370 302
f 302 370 367
f 302 367 303
f 303 367 366
f 303 366 304
f 304 366 368
f 304 368 31
f 31 368 32
f 274 157 189
f 189 157 158
f 189 158 165
f 180 275 170
f 170 275 191
f 170 191 168
f 30 371 372
f 373 371 30
f 17 373 30
f 30 374 29
f 375 374 30
f 372 375 30
f 28 29 328
f 328 29 374
f 328 374 330
f 330 374 375
f 330 375 331
f 331 375 372
f 331 372 332
f 332 372 371
f 332 371 323
f 323 371 373
f 323 373 16
f 16 373 17
f 15 376 377
f 378 376 15
f 2 378 15
f 15 379 14
f 380 379 15
f 377 380 15
f 13 14 336
f 336 14 379
f 336 379 335
f 335 379 380
f 335 380 334
f 334 380 377
f 334 377 325
f 325 377 376
f 325 376 326
f 326 376 378
f 326 378 1
f 1 378 2
f 381 382 383
f 383 382 384
f 383 384 385
f 385 384 386
f 385 386 387
f 387 386 388
f 387 388 389
f 389 388 390
f 389 390 391
f 391 390 392
f 391 392 393
f 393 392 394
f 393 394 395
f 395 394 396
f 397 396 394
f 397 390 388
f 392 390 397
f 394 392 397
f 397 384 382
f 386 384 397
f 388 386 397
f 398 399 400
f 400 399 401
f 400 401 402
f 402 401 403
f 402 403 404
f 404 403 405
f 404 405 406
f 406 405 407
f 406 407 408
f 408 407 409
f 408 409 410
f 410 409 411
f 410 411 412
f 412 411 413
f 414 413 411
f 414 407 405
f 409 407 414
f 411 409 414
f 414 401 399
f 403 401 414
f 405 403 414
f 415 416 417
f 418 419 420
f 420 419 415
f 421 422 423
f 423 422 424
f 423 424 425
f 425 424 426
f 425 426 418
f 418 426 427
f 418 427 419
f 415 417 420
f 420 417 428
f 420 428 429
f 430 431 432
f 432 431 429
f 432 429 433
f 433 429 428
f 434 435 436
f 437 438 439
f 439 438 440
f 439 440 441
f 442 443 444
f 444 443 434
f 434 436 444
f 444 436 445
f 444 445 446
f 445 447 446
f 446 447 448
f 446 448 449
f 448 450 449
f 449 450 451
f 449 451 452
f 451 453 452
f 452 453 454
f 452 454 440
f 440 454 455
f 440 455 441
f 456 457 458
f 458 457 459
f 458 459 460
f 460 459 461
f 460 461 462
f 462 461 463
f 462 463 464
f 464 463 465
f 465 463 466
f 465 466 467
f 468 469 470
f 470 469 471
f 469 472 471
f 471 472 473
f 471 473 466
f 466 473 474
f 466 474 467
f 475 476 468
f 468 477 475
f 475 477 478
f 475 478 479
f 479 478 480
f 479 480 481
f 481 480 482
f 481 482 483
f 484 485 486
f 487 488 489
f 489 488 490
f 489 490 491
f 491 490 492
f 491 492 493
f 493 492 494
f 493 494 495
f 495 494 496
f 495 496 497
f 497 496 498
f 497 498 499
f 499 498 500
f 499 500 486
f 486 500 501
f 486 501 484
f 502 503 504
f 504 503 505
f 504 505 506
f 506 505 507
f 506 507 508
f 508 507 509
f 508 509 510
f 510 509 511
f 510 511 512
f 512 511 513
f 512 513 514
f 514 513 515
f 514 515 516
f 516 515 517
f 516 517 518
f 518 517 519
f 518 519 520
f 520 519 521
f 520 521 522
f 522 521 523
f 522 523 524
f 524 523 525
f 524 525 526
f 526 525 527
f 528 529 530
f 419 427 531
f 532 533 534
f 535 536 537
f 537 536 538
f 537 538 539
f 539 540 537
f 537 540 541
f 537 541 542
f 542 543 537
f 537 543 544
f 537 544 545
f 545 544 546
f 545 546 441
f 441 546 547
f 441 547 548
f 534 437 532
f 532 437 439
f 532 439 549
f 549 439 441
f 549 441 550
f 550 441 548
f 551 552 416
f 553 554 555
f 555 554 556
f 553 557 554
f 554 557 558
f 554 558 559
f 552 560 416
f 416 560 561
f 416 561 562
f 562 561 563
f 562 563 564
f 564 563 565
f 564 565 566
f 565 567 566
f 566 567 568
f 566 568 569
f 569 568 570
f 569 570 571
f 571 570 572
f 571 572 573
f 573 572 574
f 573 574 575
f 575 574 576
f 575 576 577
f 419 531 415
f 415 531 554
f 415 554 416
f 416 554 559
f 416 559 551
f 578 579 580
f 580 579 581
f 580 581 582
f 581 583 582
f 582 583 584
f 582 584 585
f 585 586 582
f 582 586 575
f 582 575 587
f 587 575 577
f 588 589 590
f 586 591 575
f 575 591 588
f 575 588 592
f 592 588 590
f 593 594 595
f 595 594 596
f 595 596 597
f 597 596 598
f 597 598 589
f 589 598 599
f 589 599 590
f 600 601 602
f 603 604 605
f 605 606 603
f 603 606 607
f 603 607 608
f 608 600 603
f 603 600 602
f 603 602 609
f 609 602 610
f 610 485 609
f 609 485 484
f 609 484 501
f 601 611 602
f 602 611 612
f 602 612 613
f 613 612 614
f 613 614 615
f 615 614 616
f 615 616 617
f 617 616 618
f 617 618 619
f 619 618 620
f 619 620 621
f 621 620 622
f 621 622 623
f 623 622 624
f 623 624 625
f 626 609 627
f 627 609 628
f 627 628 629
f 626 630 609
f 609 630 631
f 609 631 632
f 632 633 609
f 609 633 634
f 609 634 603
f 603 634 635
f 603 635 636
f 637 638 639
f 637 639 640
f 640 639 641
f 640 641 642
f 642 643 640
f 640 643 644
f 640 644 645
f 645 644 646
f 645 646 647
f 647 648 645
f 645 648 649
f 645 649 628
f 628 649 650
f 628 650 651
f 651 652 628
f 628 652 653
f 628 653 629
f 654 655 645
f 656 657 658
f 658 657 659
f 658 659 660
f 660 661 658
f 658 661 662
f 658 662 656
f 656 662 663
f 656 663 664
f 664 663 665
f 664 665 666
f 666 667 664
f 664 667 668
f 664 668 669
f 669 670 664
f 664 670 671
f 664 671 645
f 645 671 672
f 645 672 654
f 655 673 645
f 645 673 674
f 645 674 675
f 675 676 645
f 645 676 677
f 645 677 640
f 664 678 679
f 679 680 664
f 664 680 681
f 664 681 682
f 682 683 664
f 664 683 684
f 664 684 656
f 656 684 685
f 656 685 686
f 687 688 689
f 690 691 692
f 692 691 693
f 692 693 694
f 694 695 692
f 692 695 696
f 692 696 689
f 689 696 697
f 689 697 687
f 688 698 689
f 689 698 699
f 689 699 678
f 699 700 678
f 678 700 701
f 678 701 702
f 702 703 678
f 678 703 704
f 678 704 679
f 597 705 595
f 595 705 706
f 595 706 707
f 708 689 709
f 709 689 595
f 709 595 710
f 710 595 707
f 708 711 689
f 689 711 712
f 689 712 713
f 713 714 689
f 689 714 715
f 689 715 692
f 692 715 716
f 692 716 717
f 718 719 720
f 720 719 531
f 719 721 531
f 531 721 722
f 531 722 723
f 723 724 531
f 531 724 725
f 531 725 554
f 554 725 726
f 554 726 727
f 728 729 730
f 731 732 733
f 733 732 734
f 733 734 735
f 735 736 733
f 733 736 737
f 733 737 730
f 730 737 738
f 730 738 728
f 729 739 730
f 730 739 740
f 730 740 720
f 720 740 741
f 720 741 742
f 742 743 720
f 720 743 744
f 720 744 718
f 745 746 747
f 748 749 750
f 750 749 751
f 751 749 752
f 752 749 753
f 752 753 747
f 747 753 754
f 747 754 745
f 746 755 747
f 747 755 756
f 747 756 757
f 757 758 747
f 747 758 759
f 747 759 730
f 730 759 760
f 730 760 761
f 761 762 730
f 730 762 763
f 730 763 764
f 765 733 766
f 766 733 730
f 766 730 767
f 767 730 764
f 530 529 747
f 747 529 768
f 747 768 752
f 752 768 769
f 752 769 770
f 771 772 773
f 773 772 752
f 773 752 774
f 774 752 770
f 775 776 777
f 778 779 780
f 780 779 781
f 780 781 782
f 782 783 780
f 780 783 784
f 780 784 777
f 777 784 785
f 777 785 775
f 776 786 777
f 777 786 787
f 777 787 788
f 788 789 777
f 777 789 790
f 777 790 530
f 530 790 791
f 530 791 528
f 792 777 793
f 793 777 532
f 793 532 794
f 794 532 549
f 792 795 777
f 777 795 796
f 777 796 797
f 797 798 777
f 777 798 799
f 777 799 780
f 780 799 800
f 780 800 801
f 535 537 802
f 802 537 803
f 802 803 804
f 805 806 804
f 804 806 807
f 804 807 802
f 802 807 808
f 809 810 808
f 808 810 811
f 808 811 802
f 812 813 814
f 815 816 817
f 818 819 820
f 821 822 823
f 824 825 823
f 823 825 826
f 826 827 823
f 823 827 828
f 823 828 821
f 829 830 823
f 831 832 833
f 833 832 834
f 833 834 823
f 823 834 835
f 823 835 829
f 830 836 823
f 823 836 837
f 823 837 838
f 838 839 823
f 823 839 840
f 823 840 841
f 842 824 843
f 843 824 823
f 843 823 844
f 844 823 841
f 845 846 847
f 846 848 847
f 847 848 849
f 847 849 850
f 850 851 847
f 847 851 852
f 847 852 833
f 833 852 853
f 833 853 831
f 854 855 847
f 856 857 858
f 858 857 859
f 858 859 847
f 847 859 860
f 847 860 854
f 855 861 847
f 847 861 862
f 847 862 863
f 863 864 847
f 847 864 865
f 847 865 866
f 867 845 868
f 868 845 847
f 868 847 869
f 869 847 866
f 870 820 871
f 871 820 819
f 871 819 872
f 872 819 873
f 870 874 820
f 820 874 875
f 820 875 876
f 876 877 820
f 820 877 878
f 820 878 858
f 858 878 879
f 858 879 856
f 880 881 820
f 880 820 882
f 883 884 885
f 885 884 886
f 885 886 820
f 820 886 887
f 820 887 882
f 881 888 820
f 820 888 889
f 820 889 890
f 890 891 820
f 820 891 892
f 820 892 818
f 893 894 895
f 893 895 816
f 816 895 896
f 816 896 897
f 897 898 816
f 816 898 899
f 816 899 817
f 899 900 817
f 817 900 901
f 817 901 885
f 885 901 902
f 885 902 883
f 903 904 817
f 903 817 905
f 906 907 908
f 908 907 909
f 908 909 817
f 817 909 910
f 817 910 905
f 904 911 817
f 817 911 912
f 817 912 913
f 913 914 817
f 817 914 915
f 817 915 815
f 916 917 918
f 918 917 919
f 918 919 920
f 916 921 917
f 917 921 922
f 917 922 923
f 923 924 925
f 925 924 926
f 925 926 908
f 908 926 927
f 908 927 906
f 928 929 930
f 930 929 931
f 930 931 932
f 933 934 925
f 935 936 813
f 813 936 925
f 925 936 937
f 925 937 933
f 934 938 925
f 925 938 939
f 925 939 940
f 941 942 943
f 943 942 944
f 943 944 917
f 923 925 917
f 917 925 940
f 917 940 943
f 943 940 945
f 943 945 941
f 812 814 946
f 947 948 949
f 949 948 950
f 948 951 950
f 950 951 952
f 950 952 953
f 950 954 955
f 931 956 932
f 932 956 950
f 932 950 930
f 930 950 955
f 930 955 928
f 928 955 954
f 928 954 957
f 957 954 950
f 957 950 928
f 928 950 953
f 958 959 960
f 960 959 961
f 962 963 814
f 960 964 958
f 958 964 965
f 958 965 966
f 966 967 958
f 958 967 968
f 958 968 814
f 814 968 969
f 814 969 962
f 963 970 814
f 814 970 971
f 814 971 972
f 973 974 975
f 975 974 976
f 975 976 972
f 972 976 950
f 972 950 814
f 814 950 956
f 814 956 946
f 946 956 931
f 946 931 812
f 812 931 977
f 812 977 813
f 813 977 978
f 813 978 935
f 979 980 981
f 981 980 982
f 981 982 983
f 958 984 959
f 959 984 980
f 959 980 985
f 985 980 979
f 986 987 988
f 988 987 989
f 990 991 984
f 990 984 992
f 988 993 986
f 986 993 994
f 986 994 995
f 995 996 986
f 986 996 997
f 986 997 984
f 984 997 998
f 984 998 992
f 991 999 984
f 984 999 1000
f 984 1000 980
f 980 1000 1001
f 980 1001 1002
f 1002 1001 1003
f 1004 1005 1006
f 1006 1005 1007
f 1006 1007 1008
f 986 1009 987
f 987 1009 1005
f 987 1005 1010
f 1010 1005 1004
f 1011 1012 1013
f 1013 1012 1014
f 1013 1014 1015
f 1016 1017 1009
f 1016 1009 1018
f 1014 1019 1015
f 1015 1019 1020
f 1015 1020 1021
f 1021 1022 1015
f 1015 1022 1023
f 1015 1023 1009
f 1009 1023 1024
f 1009 1024 1018
f 1017 1025 1009
f 1009 1025 1026
f 1009 1026 1005
f 1005 1026 1027
f 1005 1027 1028
f 1028 1027 1029
f 1030 1031 1032
f 1032 1031 1033
f 1015 1034 1013
f 1013 1034 1033
f 1013 1033 1035
f 1035 1033 1031
f 1036 1037 1038
f 1039 1040 1041
f 1041 1040 1042
f 1037 1043 1038
f 1038 1043 1044
f 1038 1044 1034
f 1034 1044 1045
f 1034 1045 1046
f 1046 1047 1034
f 1034 1047 1048
f 1034 1048 1049
f 1049 1050 1034
f 1034 1050 1051
f 1034 1051 1033
f 1033 1051 1052
f 1033 1052 1053
f 1053 1052 1054
f 1055 1056 1057
f 1055 1057 1058
f 1058 1057 1059
f 1058 1059 1040
f 1060 1061 1062
f 1063 1064 1065
f 1065 1064 1066
f 1065 1066 1067
f 1067 1068 1065
f 1065 1068 1069
f 1065 1069 1062
f 1062 1069 1070
f 1062 1070 1071
f 1071 1072 1062
f 1062 1072 1073
f 1062 1073 1060
f 1061 1058 1062
f 1062 1058 1040
f 1062 1040 1038
f 1038 1040 1039
f 1038 1039 1036
f 1061 1074 1058
f 1058 1074 1075
f 1058 1075 1076
f 1076 1075 1077
f 1078 1079 1080
f 1080 1079 1081
f 1080 1081 893
f 893 1081 894
f 1082 1083 1084
f 1084 1083 1085
f 1084 1085 873
f 873 1085 872
f 1086 1087 1088
f 868 1086 867
f 867 1086 1088
f 867 1088 1089
f 1089 1088 1090
f 1091 1092 1093
f 1093 1092 1094
f 1093 1094 843
f 843 1094 842
f 1095 1096 1097
f 1098 604 603
f 1098 603 1097
f 1097 603 636
f 1097 636 1095
f 1099 1100 1101
f 638 637 1101
f 1101 637 1102
f 1101 1102 1099
f 1099 1102 1103
f 1104 1105 1106
f 656 686 1106
f 1106 686 1107
f 1106 1107 1104
f 1104 1107 1108
f 1109 1110 1111
f 1112 690 692
f 1113 1112 1111
f 1111 1112 692
f 1111 692 1109
f 1109 692 717
f 1114 1115 1116
f 579 578 1116
f 1116 578 1117
f 1116 1117 1114
f 1114 1117 1118
f 556 554 1119
f 1119 554 1120
f 554 727 1120
f 1120 727 1121
f 1120 1121 1122
f 1122 1121 1123
f 1124 731 733
f 1125 1124 1126
f 1126 1124 733
f 1126 733 1127
f 1127 733 765
f 772 771 1128
f 1128 771 1129
f 1128 1129 1130
f 1130 1129 1131
f 1132 1133 1134
f 1135 778 780
f 1135 780 1134
f 1134 780 801
f 1134 801 1132
f 535 802 1136
f 1136 802 1137
f 1136 1137 1138
f 1138 1137 1139
f 1140 1056 1055
f 1141 1142 1143
f 1141 1143 1055
f 1055 1143 1144
f 1055 1144 1140
f 1145 1146 1147
f 1147 1146 1148
f 1147 1148 1032
f 1032 1148 1030
f 1149 1150 1151
f 1151 1150 1152
f 1151 1152 1007
f 1007 1152 1008
f 1153 1154 1155
f 982 1153 983
f 983 1153 1155
f 983 1155 1156
f 1156 1155 1157
f 1158 1159 1160
f 1160 1159 1161
f 1160 1161 949
f 949 1161 947
f 1162 920 919
f 1163 1164 1165
f 1163 1165 919
f 919 1165 1166
f 919 1166 1162
f 1167 1168 1169
f 1015 1009 1170
f 833 1171 1172
f 1173 1174 1175
f 1175 1174 1176
f 1177 1178 1179
f 444 446 1062
f 1062 446 1065
f 1065 446 449
f 1065 449 1180
f 1180 449 452
f 1180 452 1181
f 1178 1177 1182
f 1182 1177 1183
f 1182 1183 1181
f 1173 1184 1185
f 1185 1184 420
f 1185 420 429
f 1186 1187 431
f 431 1187 429
f 429 1187 1188
f 429 1188 1185
f 431 1189 1186
f 1186 1189 1190
f 1186 1190 1191
f 1191 1190 1192
f 1193 1194 1195
f 1195 1194 1196
f 1195 1196 1197
f 1197 1196 1198
f 1197 1198 1199
f 1199 1198 1200
f 1199 1200 1192
f 1192 1200 1201
f 1192 1201 1191
f 1193 1202 1194
f 1194 1202 1203
f 1194 1203 499
f 491 493 1171
f 1171 493 495
f 1171 495 1203
f 1203 495 497
f 1203 497 499
f 491 1171 489
f 489 1171 833
f 489 833 1204
f 1204 833 1205
f 1205 833 823
f 1205 823 1206
f 499 486 1194
f 1194 486 1207
f 1194 1207 1208
f 1208 1207 1209
f 1208 1209 1210
f 1210 1209 1206
f 1210 1206 822
f 822 1206 823
f 820 858 1172
f 1172 858 847
f 1172 847 833
f 461 459 1211
f 461 1211 463
f 457 1212 1213
f 1213 1212 1214
f 1214 908 1213
f 1213 908 817
f 1213 817 1172
f 1172 817 885
f 1172 885 820
f 466 958 471
f 471 958 814
f 471 814 470
f 470 814 813
f 470 813 1215
f 1215 813 925
f 1215 925 1216
f 1216 925 908
f 1216 908 1217
f 1217 908 1214
f 1218 1219 1211
f 1211 1219 958
f 1211 958 463
f 463 958 466
f 1219 1220 958
f 958 1220 1221
f 958 1221 984
f 984 1221 398
f 984 398 986
f 986 398 400
f 986 400 1009
f 1009 400 402
f 1009 402 1170
f 1015 1170 1034
f 1034 1170 1222
f 1034 1222 1038
f 1223 507 505
f 1167 1169 503
f 1224 511 1225
f 1225 511 509
f 519 517 1226
f 1226 517 515
f 1226 515 1224
f 1224 515 513
f 1224 513 511
f 1226 412 519
f 519 412 1227
f 519 1227 521
f 521 1227 1228
f 521 1228 523
f 1228 1218 523
f 523 1218 1211
f 523 1211 525
f 525 1211 527
f 459 457 1211
f 1211 457 1213
f 1211 1213 527
f 527 1213 1229
f 1171 1230 1172
f 1172 1230 1231
f 1172 1231 1213
f 1213 1231 1232
f 1213 1232 1229
f 1233 1234 1203
f 1203 1234 1235
f 1203 1235 1171
f 1171 1235 1236
f 1171 1236 1230
f 1181 452 1182
f 1182 452 440
f 1182 440 438
f 1222 1226 1237
f 1062 1038 444
f 444 1038 1222
f 444 1222 442
f 442 1222 1237
f 1238 1239 1224
f 1224 1239 1240
f 1224 1240 1226
f 1226 1240 1241
f 1226 1241 1237
f 1189 1242 1190
f 1190 1242 1243
f 1190 1243 1169
f 1169 1243 1244
f 1169 1244 1245
f 505 503 1223
f 1223 503 1169
f 1223 1169 421
f 421 1169 1245
f 421 423 1223
f 1223 423 425
f 1223 425 1184
f 1184 425 418
f 1184 418 420
f 402 404 1170
f 1170 404 406
f 1170 406 1222
f 1222 406 408
f 1222 408 1226
f 1226 408 410
f 1226 410 412
f 1202 1246 1203
f 1203 1246 381
f 1203 381 1233
f 1233 381 383
f 1233 383 1247
f 1247 383 385
f 1247 385 1168
f 1168 385 387
f 1168 387 1169
f 1169 387 389
f 1169 389 1190
f 389 391 1190
f 1190 391 393
f 1190 393 1192
f 1192 393 395
f 1192 395 1199
f 1173 1175 1184
f 1184 1175 1225
f 1184 1225 1223
f 1223 1225 509
f 1223 509 507
f 1176 1179 1175
f 1175 1179 1178
f 1175 1178 1225
f 1225 1178 1182
f 1225 1182 1224
f 1224 1182 438
f 1224 438 1238
f 1248 1249 1186
f 1250 1251 1252
f 1065 1180 1063
f 1063 1180 1253
f 1063 1253 1254
f 1254 1253 1255
f 1139 1256 1138
f 1138 1256 1257
f 1180 1181 1253
f 1253 1181 1257
f 1253 1257 1258
f 1258 1257 1256
f 1259 1260 1183
f 1259 1183 1261
f 1183 1262 1263
f 1263 1264 1183
f 1183 1264 1265
f 1183 1265 1261
f 1260 1266 1183
f 1183 1266 1267
f 1183 1267 1181
f 1181 1267 1268
f 1181 1268 1269
f 1269 1270 1181
f 1181 1270 1271
f 1181 1271 1272
f 1272 1273 1181
f 1181 1273 1274
f 1181 1274 1257
f 1257 1274 1275
f 1257 1275 1276
f 1276 1275 1277
f 1134 1133 1278
f 1278 1133 1279
f 1278 1279 1280
f 1280 1279 1262
f 1280 1262 1252
f 1252 1262 1183
f 1252 1183 1177
f 1281 1282 1179
f 1283 1284 1179
f 1179 1284 1285
f 1285 1286 1179
f 1179 1286 1287
f 1179 1287 1281
f 1282 1288 1179
f 1179 1288 1289
f 1179 1289 1177
f 1177 1289 1290
f 1177 1290 1291
f 1291 1292 1177
f 1177 1292 1293
f 1177 1293 1294
f 1294 1295 1177
f 1177 1295 1296
f 1177 1296 1252
f 1252 1296 1297
f 1252 1297 1250
f 1179 1176 1298
f 1298 1299 1179
f 1179 1299 1300
f 1179 1300 1283
f 1300 1301 1283
f 1283 1301 1302
f 1283 1302 1303
f 1130 1131 1304
f 1304 1131 1283
f 1304 1283 1305
f 1305 1283 1303
f 1306 1307 1174
f 1126 1308 1174
f 1174 1308 1309
f 1174 1309 1310
f 1310 1311 1174
f 1174 1311 1312
f 1174 1312 1306
f 1313 1314 1176
f 1176 1314 1315
f 1176 1315 1298
f 1307 1316 1174
f 1174 1316 1317
f 1174 1317 1176
f 1176 1317 1318
f 1176 1318 1313
f 1319 1174 1320
f 1320 1174 1173
f 1320 1173 1321
f 1321 1173 1322
f 1319 1323 1174
f 1174 1323 1324
f 1174 1324 1126
f 1324 1325 1126
f 1126 1325 1326
f 1126 1326 1327
f 1327 1328 1126
f 1126 1328 1329
f 1126 1329 1125
f 1330 1331 1185
f 1185 1122 1123
f 1123 1332 1185
f 1185 1332 1333
f 1185 1333 1334
f 1334 1335 1185
f 1185 1335 1336
f 1185 1336 1330
f 1331 1337 1185
f 1185 1337 1338
f 1185 1338 1173
f 1173 1338 1339
f 1173 1339 1322
f 1340 1185 1341
f 1341 1185 1188
f 1341 1188 1342
f 1342 1188 1343
f 1340 1344 1185
f 1185 1344 1345
f 1185 1345 1122
f 1345 1346 1122
f 1122 1346 1347
f 1122 1347 1348
f 1348 1349 1122
f 1122 1349 1350
f 1122 1350 1120
f 1351 1352 1187
f 1114 1118 1353
f 1114 1353 1187
f 1187 1353 1354
f 1187 1354 1355
f 1355 1356 1187
f 1187 1356 1357
f 1187 1357 1351
f 1352 1358 1187
f 1187 1358 1359
f 1187 1359 1188
f 1188 1359 1360
f 1188 1360 1343
f 1361 1362 1187
f 1249 1363 1186
f 1186 1363 1364
f 1186 1364 1187
f 1187 1364 1365
f 1187 1365 1361
f 1362 1366 1187
f 1187 1366 1367
f 1187 1367 1368
f 1115 1114 1369
f 1369 1114 1187
f 1369 1187 1370
f 1370 1187 1368
f 1111 1110 1371
f 1111 1371 1191
f 1191 1371 1372
f 1191 1372 1373
f 1373 1374 1191
f 1191 1374 1375
f 1191 1375 1376
f 1376 1377 1191
f 1191 1377 1378
f 1191 1378 1186
f 1186 1378 1379
f 1186 1379 1248
f 1380 1381 1191
f 1380 1191 1382
f 1383 1384 1201
f 1201 1384 1385
f 1201 1385 1191
f 1191 1385 1386
f 1191 1386 1382
f 1381 1387 1191
f 1191 1387 1388
f 1191 1388 1389
f 1113 1111 1390
f 1390 1111 1191
f 1390 1191 1391
f 1391 1191 1389
f 1104 1108 1392
f 1104 1392 1200
f 1200 1392 1393
f 1200 1393 1394
f 1394 1395 1200
f 1200 1395 1396
f 1200 1396 1397
f 1397 1398 1200
f 1200 1398 1399
f 1200 1399 1201
f 1201 1399 1400
f 1201 1400 1383
f 1401 1402 1200
f 1200 1402 1403
f 1200 1403 1404
f 1405 1406 1198
f 1198 1406 1407
f 1198 1407 1200
f 1200 1407 1408
f 1200 1408 1401
f 1404 1409 1200
f 1200 1409 1410
f 1200 1410 1411
f 1105 1104 1412
f 1412 1104 1200
f 1412 1200 1413
f 1413 1200 1411
f 1099 1103 1414
f 1099 1414 1196
f 1196 1414 1415
f 1196 1415 1416
f 1416 1417 1196
f 1196 1417 1418
f 1196 1418 1419
f 1419 1420 1196
f 1196 1420 1421
f 1196 1421 1198
f 1198 1421 1422
f 1198 1422 1405
f 1423 1424 1196
f 1196 1424 1425
f 1196 1425 1426
f 1427 1428 1194
f 1194 1428 1196
f 1196 1428 1429
f 1196 1429 1423
f 1426 1430 1196
f 1196 1430 1431
f 1196 1431 1432
f 1100 1099 1433
f 1433 1099 1196
f 1433 1196 1434
f 1434 1196 1432
f 1435 1436 1208
f 1208 1436 1437
f 1437 1438 1208
f 1208 1438 1439
f 1208 1439 1440
f 1440 1441 1208
f 1208 1441 1442
f 1208 1442 1194
f 1194 1442 1443
f 1194 1443 1427
f 1444 1208 1445
f 1445 1208 1210
f 1445 1210 1446
f 1444 1447 1208
f 1208 1447 1448
f 1208 1448 1449
f 1449 1450 1208
f 1208 1450 1451
f 1208 1451 1452
f 1452 1453 1208
f 1208 1453 1454
f 1208 1454 1455
f 1096 1435 1097
f 1097 1435 1208
f 1097 1208 1456
f 1456 1208 1455
f 821 1457 822
f 822 1457 1458
f 822 1458 1210
f 1210 1458 1459
f 1210 1459 1446
f 1460 1461 1462
f 1463 1464 1465
f 531 427 426
f 609 501 500
f 522 524 458
f 1466 1467 1465
f 1465 1467 1468
f 460 462 1469
f 492 490 1460
f 1470 1471 422
f 422 1471 502
f 422 502 424
f 424 502 504
f 424 504 426
f 533 532 1472
f 1472 532 777
f 1473 593 595
f 1461 1474 1462
f 1462 1474 1475
f 1462 1475 1476
f 458 524 456
f 456 524 526
f 456 526 1477
f 1477 526 1478
f 1477 1478 1462
f 1462 1478 1479
f 1462 1479 1480
f 1468 1481 1465
f 1465 1481 1482
f 1465 1482 1463
f 522 458 520
f 520 458 460
f 520 460 1465
f 1465 460 1469
f 1465 1469 1466
f 531 426 720
f 720 426 1472
f 720 1472 730
f 504 506 426
f 426 506 508
f 426 508 1472
f 1472 508 510
f 1472 510 1483
f 1483 510 512
f 1483 512 1484
f 1484 512 514
f 1484 514 1485
f 1485 514 516
f 1485 516 1465
f 1465 516 518
f 1465 518 520
f 777 530 1472
f 1472 530 747
f 1472 747 730
f 595 689 500
f 500 689 678
f 500 678 664
f 494 1486 496
f 496 1486 1487
f 496 1487 498
f 498 1487 1488
f 498 1488 500
f 500 1488 1489
f 500 1489 1490
f 1476 1491 1462
f 1462 1491 1492
f 1462 1492 1493
f 1460 1462 492
f 492 1462 1480
f 492 1480 494
f 494 1480 1494
f 494 1494 1486
f 664 645 500
f 500 645 628
f 500 628 609
f 595 500 1473
f 1473 500 1490
f 1473 1490 1470
f 1470 1490 1495
f 1470 1495 1471
f 1496 1497 1491
f 1498 1493 1492
f 1499 1150 1149
f 1500 1501 805
f 805 1501 1502
f 805 1502 806
f 1503 1504 435
f 1143 1142 1505
f 1505 1506 1143
f 1143 1506 1507
f 1143 1507 1508
f 1500 805 1509
f 1509 805 1510
f 1509 1510 1511
f 1504 1512 435
f 435 1512 1513
f 435 1513 1514
f 1514 1513 1515
f 1514 1515 1516
f 1516 1515 1517
f 1516 1517 1518
f 1518 1517 1511
f 1518 1511 1519
f 1519 1511 1510
f 1508 1503 1143
f 1143 1503 435
f 1143 435 1463
f 1463 435 434
f 434 443 1463
f 1463 443 1520
f 1463 1520 1464
f 1521 1463 1522
f 1522 1463 1482
f 1522 1482 1523
f 1521 1524 1463
f 1463 1524 1525
f 1463 1525 1526
f 1526 1527 1463
f 1463 1527 1528
f 1463 1528 1143
f 1143 1528 1529
f 1143 1529 1144
f 1530 1531 1481
f 1532 1533 1534
f 1534 1533 1146
f 1534 1146 1145
f 1532 1535 1533
f 1533 1535 1536
f 1533 1536 1537
f 1531 1538 1481
f 1481 1538 1539
f 1481 1539 1482
f 1482 1539 1540
f 1482 1540 1541
f 1541 1542 1482
f 1482 1542 1543
f 1482 1543 1523
f 1544 1545 1481
f 1149 1546 1547
f 1547 1546 1548
f 1547 1548 1549
f 1549 1550 1547
f 1547 1550 1551
f 1547 1551 1149
f 1149 1551 1552
f 1149 1552 1468
f 1468 1552 1553
f 1468 1553 1554
f 1554 1555 1468
f 1468 1555 1556
f 1468 1556 1557
f 1557 1558 1468
f 1468 1558 1559
f 1468 1559 1481
f 1481 1559 1560
f 1481 1560 1544
f 1545 1561 1481
f 1481 1561 1562
f 1481 1562 1563
f 1537 1530 1533
f 1533 1530 1481
f 1533 1481 1564
f 1564 1481 1563
f 1565 1468 1566
f 1566 1468 1467
f 1499 1149 1567
f 1565 1568 1468
f 1468 1568 1569
f 1468 1569 1149
f 1149 1569 1570
f 1149 1570 1567
f 1571 1572 1466
f 1154 1573 1155
f 1155 1573 1574
f 1155 1574 1575
f 1575 1576 1155
f 1155 1576 1577
f 1155 1577 1466
f 1466 1577 1578
f 1466 1578 1571
f 1572 1579 1466
f 1466 1579 1580
f 1466 1580 1467
f 1467 1580 1581
f 1467 1581 1582
f 1582 1583 1467
f 1467 1583 1584
f 1467 1584 1566
f 1585 1469 1586
f 1586 1469 1587
f 1585 1588 1469
f 1469 1588 1589
f 1469 1589 1590
f 1590 1591 1469
f 1469 1591 1592
f 1469 1592 1466
f 1466 1592 1593
f 1466 1593 1594
f 1594 1595 1466
f 1466 1595 1596
f 1466 1596 1597
f 1157 1155 1598
f 1598 1155 1466
f 1598 1466 1599
f 1599 1466 1597
f 1159 1158 1600
f 1600 1158 1601
f 1600 1601 1602
f 1602 1601 1603
f 1603 1601 1604
f 1603 1604 1605
f 1605 1606 1603
f 1603 1606 1607
f 1603 1607 1608
f 462 464 1469
f 1469 464 465
f 1469 465 1587
f 1587 465 467
f 1587 467 1608
f 1608 467 1609
f 1609 1610 1608
f 1608 1610 1611
f 1608 1611 1603
f 1603 1611 1612
f 1613 1614 483
f 1613 483 1615
f 1165 1164 1616
f 1616 1617 1165
f 1165 1617 1618
f 1165 1618 1619
f 1614 1620 483
f 483 1620 1621
f 483 1621 481
f 481 1621 1622
f 481 1622 479
f 479 1622 1623
f 1623 1624 479
f 479 1624 1625
f 479 1625 475
f 475 1625 1626
f 475 1626 476
f 476 1626 1627
f 476 1627 1628
f 476 1628 1629
f 1612 1630 1603
f 1603 1630 476
f 1603 476 1631
f 1631 476 1629
f 1619 1615 1165
f 1165 1615 483
f 1165 483 1492
f 1492 483 1632
f 1492 1632 1498
f 1633 1492 1634
f 1634 1492 1491
f 1634 1491 1635
f 1635 1491 1497
f 1633 1636 1492
f 1492 1636 1637
f 1492 1637 1638
f 1638 1639 1492
f 1492 1639 1640
f 1492 1640 1165
f 1165 1640 1641
f 1165 1641 1166
f 1642 1643 1476
f 1078 1644 1079
f 1079 1644 1645
f 1079 1645 1646
f 1646 1647 1079
f 1079 1647 1648
f 1079 1648 1476
f 1476 1648 1649
f 1476 1649 1642
f 1643 1650 1476
f 1476 1650 1651
f 1476 1651 1491
f 1491 1651 1652
f 1491 1652 1496
f 1653 1654 1475
f 1655 1656 1657
f 1657 1656 1658
f 1657 1658 1659
f 1655 1657 1660
f 1660 1657 1661
f 1660 1661 1475
f 1475 1661 1662
f 1475 1662 1653
f 1654 1663 1475
f 1475 1663 1664
f 1475 1664 1665
f 1665 1666 1475
f 1475 1666 1667
f 1475 1667 1476
f 1476 1667 1668
f 1476 1668 1669
f 1669 1670 1476
f 1476 1670 1671
f 1476 1671 1672
f 1672 1673 1476
f 1476 1673 1674
f 1476 1674 1079
f 1675 1475 1676
f 1676 1475 1474
f 1675 1677 1475
f 1475 1677 1678
f 1475 1678 1660
f 1660 1678 1679
f 1083 1082 1680
f 1680 1082 1660
f 1680 1660 1681
f 1681 1660 1679
f 1682 1683 1461
f 1682 1461 1684
f 1087 1685 1088
f 1088 1685 1686
f 1088 1686 1687
f 1687 1688 1088
f 1088 1688 1689
f 1088 1689 1461
f 1461 1689 1690
f 1461 1690 1684
f 1691 1692 1474
f 1474 1692 1693
f 1474 1693 1676
f 1683 1694 1461
f 1461 1694 1695
f 1461 1695 1474
f 1474 1695 1696
f 1474 1696 1691
f 1697 1461 1698
f 1698 1461 1460
f 1698 1460 1699
f 1699 1460 1700
f 1697 1701 1461
f 1461 1701 1702
f 1461 1702 1703
f 1703 1704 1461
f 1461 1704 1705
f 1461 1705 1088
f 1088 1705 1706
f 1088 1706 1090
f 1460 490 488
f 488 487 1460
f 1460 487 1707
f 1460 1707 1700
f 1700 1707 1708
f 1700 1708 1709
f 1710 1711 1712
f 1712 1711 1713
f 1714 1092 1091
f 1715 1716 1711
f 1711 1716 1717
f 1717 1718 1711
f 1711 1718 1719
f 1711 1719 1713
f 1710 1712 1720
f 1720 1712 1721
f 1720 1721 1722
f 1722 1721 1723
f 1722 1723 1708
f 1708 1723 1724
f 1708 1724 1709
f 623 625 1711
f 1711 625 1725
f 1091 1715 1714
f 1714 1715 1711
f 1714 1711 1726
f 1726 1711 1725
f 1727 978 977
f 1728 939 938
f 1729 945 940
f 1730 933 937
f 1731 1615 1732
f 1732 1615 1619
f 1732 1619 1729
f 1620 1614 1731
f 1731 1614 1613
f 1731 1613 1615
f 1731 1733 1620
f 1620 1733 1734
f 1620 1734 1621
f 1735 1623 1734
f 1734 1623 1622
f 1734 1622 1621
f 1624 937 1625
f 1625 937 936
f 1625 936 1626
f 978 1727 935
f 1626 1736 1627
f 1627 1736 1737
f 1627 1737 1628
f 1737 1738 1628
f 1628 1738 1739
f 1628 1739 1629
f 1629 1739 1740
f 1629 1740 1631
f 939 1728 940
f 933 1730 934
f 934 1730 1741
f 934 1741 938
f 938 1741 1742
f 938 1742 1728
f 1732 1743 1731
f 1731 1743 1744
f 1731 1744 1733
f 1733 1744 1745
f 1733 1745 1734
f 1734 1745 1746
f 1734 1746 1735
f 1729 940 1732
f 1732 940 1728
f 1732 1728 1743
f 1743 1728 1742
f 1743 1742 1744
f 1744 1742 1741
f 1744 1741 1745
f 1745 1741 1730
f 1745 1730 1746
f 1746 1730 937
f 1746 937 1735
f 1735 937 1624
f 1735 1624 1623
f 928 1747 929
f 929 1747 1748
f 929 1748 931
f 931 1748 1749
f 931 1749 977
f 977 1749 1750
f 977 1750 1727
f 936 935 1626
f 1626 935 1751
f 1626 1751 1736
f 1736 1751 1752
f 1736 1752 1737
f 1737 1752 1753
f 1737 1753 1738
f 1738 1753 1754
f 1738 1754 1739
f 1739 1754 1755
f 1739 1755 1740
f 1740 1755 1603
f 1740 1603 1631
f 935 1727 1751
f 1751 1727 1750
f 1751 1750 1752
f 1752 1750 1749
f 1752 1749 1753
f 1753 1749 1748
f 1753 1748 1754
f 1754 1748 1747
f 1754 1747 1755
f 1755 1747 928
f 1755 928 1603
f 1729 1619 1618
f 944 1163 917
f 917 1163 919
f 941 1617 942
f 942 1617 1616
f 942 1616 944
f 944 1616 1164
f 944 1164 1163
f 945 1729 941
f 941 1729 1618
f 941 1618 1617
f 1161 1159 1600
f 948 947 1161
f 948 1161 951
f 951 1161 1600
f 951 1600 952
f 952 1600 1602
f 952 1602 953
f 953 1602 1603
f 953 1603 928
f 1756 966 965
f 1757 971 970
f 1758 975 972
f 1759 962 969
f 1760 1607 1761
f 1761 1607 1606
f 1761 1606 1758
f 1586 1587 1760
f 1760 1587 1608
f 1760 1608 1607
f 1760 1762 1586
f 1586 1762 1763
f 1586 1763 1585
f 1764 1589 1763
f 1763 1589 1588
f 1763 1588 1585
f 1590 969 1591
f 1591 969 968
f 1591 968 1592
f 966 1756 967
f 1592 1765 1593
f 1593 1765 1766
f 1593 1766 1594
f 1766 1767 1594
f 1594 1767 1768
f 1594 1768 1595
f 1595 1768 1769
f 1595 1769 1596
f 971 1757 972
f 962 1759 963
f 963 1759 1770
f 963 1770 970
f 970 1770 1771
f 970 1771 1757
f 1761 1772 1760
f 1760 1772 1773
f 1760 1773 1762
f 1762 1773 1774
f 1762 1774 1763
f 1763 1774 1775
f 1763 1775 1764
f 1758 972 1761
f 1761 972 1757
f 1761 1757 1772
f 1772 1757 1771
f 1772 1771 1773
f 1773 1771 1770
f 1773 1770 1774
f 1774 1770 1759
f 1774 1759 1775
f 1775 1759 969
f 1775 969 1764
f 1764 969 1590
f 1764 1590 1589
f 961 1776 960
f 960 1776 1777
f 960 1777 964
f 964 1777 1778
f 964 1778 965
f 965 1778 1779
f 965 1779 1756
f 968 967 1592
f 1592 967 1780
f 1592 1780 1765
f 1765 1780 1781
f 1765 1781 1766
f 1766 1781 1782
f 1766 1782 1767
f 1767 1782 1783
f 1767 1783 1768
f 1768 1783 1784
f 1768 1784 1769
f 1769 1784 1597
f 1769 1597 1596
f 967 1756 1780
f 1780 1756 1779
f 1780 1779 1781
f 1781 1779 1778
f 1781 1778 1782
f 1782 1778 1777
f 1782 1777 1783
f 1783 1777 1776
f 1783 1776 1784
f 1784 1776 961
f 1784 961 1597
f 1758 1606 1605
f 973 1604 974
f 974 1604 1601
f 974 1601 976
f 976 1601 1158
f 976 1158 950
f 950 1158 1160
f 950 1160 949
f 975 1758 973
f 973 1758 1605
f 973 1605 1604
f 1156 1157 1598
f 981 983 1156
f 981 1156 979
f 979 1156 1598
f 979 1598 985
f 985 1598 1599
f 985 1599 959
f 959 1599 1597
f 959 1597 961
f 1785 995 994
f 1786 999 991
f 1787 1001 1000
f 1788 992 998
f 1789 1577 1790
f 1790 1577 1576
f 1790 1576 1787
f 1572 1571 1789
f 1789 1571 1578
f 1789 1578 1577
f 1789 1791 1572
f 1572 1791 1792
f 1572 1792 1579
f 1793 1581 1792
f 1792 1581 1580
f 1792 1580 1579
f 1582 998 1583
f 1583 998 997
f 1583 997 1584
f 995 1785 996
f 1584 1794 1566
f 1566 1794 1795
f 1566 1795 1565
f 1795 1796 1565
f 1565 1796 1797
f 1565 1797 1568
f 1568 1797 1798
f 1568 1798 1569
f 999 1786 1000
f 992 1788 990
f 990 1788 1799
f 990 1799 991
f 991 1799 1800
f 991 1800 1786
f 1790 1801 1789
f 1789 1801 1802
f 1789 1802 1791
f 1791 1802 1803
f 1791 1803 1792
f 1792 1803 1804
f 1792 1804 1793
f 1787 1000 1790
f 1790 1000 1786
f 1790 1786 1801
f 1801 1786 1800
f 1801 1800 1802
f 1802 1800 1799
f 1802 1799 1803
f 1803 1799 1788
f 1803 1788 1804
f 1804 1788 998
f 1804 998 1793
f 1793 998 1582
f 1793 1582 1581
f 989 1805 988
f 988 1805 1806
f 988 1806 993
f 993 1806 1807
f 993 1807 994
f 994 1807 1808
f 994 1808 1785
f 997 996 1584
f 1584 996 1809
f 1584 1809 1794
f 1794 1809 1810
f 1794 1810 1795
f 1795 1810 1811
f 1795 1811 1796
f 1796 1811 1812
f 1796 1812 1797
f 1797 1812 1813
f 1797 1813 1798
f 1798 1813 1570
f 1798 1570 1569
f 996 1785 1809
f 1809 1785 1808
f 1809 1808 1810
f 1810 1808 1807
f 1810 1807 1811
f 1811 1807 1806
f 1811 1806 1812
f 1812 1806 1805
f 1812 1805 1813
f 1813 1805 989
f 1813 989 1570
f 1787 1576 1575
f 1153 982 980
f 1003 1574 1002
f 1002 1574 1573
f 1002 1573 980
f 980 1573 1154
f 980 1154 1153
f 1001 1787 1003
f 1003 1787 1575
f 1003 1575 1574
f 1152 1150 1499
f 1006 1008 1152
f 1006 1152 1004
f 1004 1152 1499
f 1004 1499 1010
f 1010 1499 1567
f 1010 1567 987
f 987 1567 1570
f 987 1570 989
f 1814 1021 1020
f 1815 1025 1017
f 1816 1027 1026
f 1817 1018 1024
f 1818 1551 1819
f 1819 1551 1550
f 1819 1550 1816
f 1554 1553 1818
f 1818 1553 1552
f 1818 1552 1551
f 1818 1820 1554
f 1554 1820 1821
f 1554 1821 1555
f 1822 1557 1821
f 1821 1557 1556
f 1821 1556 1555
f 1558 1024 1559
f 1559 1024 1023
f 1559 1023 1560
f 1021 1814 1022
f 1560 1823 1544
f 1544 1823 1824
f 1544 1824 1545
f 1824 1825 1545
f 1545 1825 1826
f 1545 1826 1561
f 1561 1826 1827
f 1561 1827 1562
f 1025 1815 1026
f 1018 1817 1016
f 1016 1817 1828
f 1016 1828 1017
f 1017 1828 1829
f 1017 1829 1815
f 1819 1830 1818
f 1818 1830 1831
f 1818 1831 1820
f 1820 1831 1832
f 1820 1832 1821
f 1821 1832 1833
f 1821 1833 1822
f 1816 1026 1819
f 1819 1026 1815
f 1819 1815 1830
f 1830 1815 1829
f 1830 1829 1831
f 1831 1829 1828
f 1831 1828 1832
f 1832 1828 1817
f 1832 1817 1833
f 1833 1817 1024
f 1833 1024 1822
f 1822 1024 1558
f 1822 1558 1557
f 1012 1834 1014
f 1014 1834 1835
f 1014 1835 1019
f 1019 1835 1836
f 1019 1836 1020
f 1020 1836 1837
f 1020 1837 1814
f 1023 1022 1560
f 1560 1022 1838
f 1560 1838 1823
f 1823 1838 1839
f 1823 1839 1824
f 1824 1839 1840
f 1824 1840 1825
f 1825 1840 1841
f 1825 1841 1826
f 1826 1841 1842
f 1826 1842 1827
f 1827 1842 1563
f 1827 1563 1562
f 1022 1814 1838
f 1838 1814 1837
f 1838 1837 1839
f 1839 1837 1836
f 1839 1836 1840
f 1840 1836 1835
f 1840 1835 1841
f 1841 1835 1834
f 1841 1834 1842
f 1842 1834 1012
f 1842 1012 1563
f 1816 1550 1549
f 1151 1007 1005
f 1029 1548 1028
f 1028 1548 1546
f 1028 1546 1005
f 1005 1546 1149
f 1005 1149 1151
f 1027 1816 1029
f 1029 1816 1549
f 1029 1549 1548
f 1148 1146 1533
f 1031 1030 1148
f 1031 1148 1035
f 1035 1148 1533
f 1035 1533 1013
f 1013 1533 1564
f 1013 1564 1011
f 1011 1564 1563
f 1011 1563 1012
f 1843 1043 1037
f 1844 1050 1049
f 1845 1052 1051
f 1522 1523 1045
f 1846 1537 1847
f 1847 1537 1536
f 1847 1536 1845
f 1538 1531 1846
f 1846 1531 1530
f 1846 1530 1537
f 1846 1848 1538
f 1538 1848 1849
f 1538 1849 1539
f 1045 1523 1046
f 1046 1523 1543
f 1046 1543 1047
f 1043 1843 1044
f 1522 1850 1521
f 1521 1850 1851
f 1521 1851 1524
f 1851 1852 1524
f 1524 1852 1853
f 1524 1853 1525
f 1525 1853 1854
f 1525 1854 1526
f 1050 1844 1051
f 1543 1542 1047
f 1047 1542 1855
f 1047 1855 1048
f 1048 1855 1856
f 1048 1856 1049
f 1049 1856 1857
f 1049 1857 1844
f 1847 1858 1846
f 1846 1858 1859
f 1846 1859 1848
f 1848 1859 1860
f 1848 1860 1849
f 1849 1860 1861
f 1849 1861 1862
f 1845 1051 1847
f 1847 1051 1844
f 1847 1844 1858
f 1858 1844 1857
f 1858 1857 1859
f 1859 1857 1856
f 1859 1856 1860
f 1860 1856 1855
f 1860 1855 1861
f 1861 1855 1542
f 1861 1542 1862
f 1862 1542 1541
f 1862 1541 1849
f 1849 1541 1540
f 1849 1540 1539
f 1041 1863 1039
f 1039 1863 1864
f 1039 1864 1036
f 1036 1864 1865
f 1036 1865 1037
f 1037 1865 1866
f 1037 1866 1843
f 1045 1044 1522
f 1522 1044 1867
f 1522 1867 1850
f 1850 1867 1868
f 1850 1868 1851
f 1851 1868 1869
f 1851 1869 1852
f 1852 1869 1870
f 1852 1870 1853
f 1853 1870 1871
f 1853 1871 1854
f 1854 1871 1527
f 1854 1527 1526
f 1044 1843 1867
f 1867 1843 1866
f 1867 1866 1868
f 1868 1866 1865
f 1868 1865 1869
f 1869 1865 1864
f 1869 1864 1870
f 1870 1864 1863
f 1870 1863 1871
f 1871 1863 1041
f 1871 1041 1527
f 1845 1536 1535
f 1147 1032 1033
f 1054 1532 1053
f 1053 1532 1534
f 1053 1534 1033
f 1033 1534 1145
f 1033 1145 1147
f 1052 1845 1054
f 1054 1845 1535
f 1054 1535 1532
f 1140 1144 1529
f 1057 1056 1140
f 1057 1140 1059
f 1059 1140 1529
f 1059 1529 1040
f 1040 1529 1528
f 1040 1528 1042
f 1042 1528 1527
f 1042 1527 1041
f 1508 1872 1873
f 1508 1873 1503
f 1503 1873 1874
f 1503 1874 1504
f 1504 1874 1875
f 1504 1875 1512
f 1512 1875 1876
f 1512 1876 1513
f 1511 1517 1070
f 1877 1502 1878
f 1878 1502 1501
f 1878 1501 1879
f 1879 1501 1500
f 1879 1500 1880
f 1880 1500 1509
f 1880 1509 1881
f 1881 1509 1511
f 808 807 1877
f 1877 807 806
f 1877 806 1502
f 1069 1068 1882
f 1882 1068 1067
f 1882 1067 1883
f 1883 1067 1066
f 1883 1066 1884
f 1884 1066 1064
f 1884 1064 1885
f 1885 1064 1063
f 1885 1063 1886
f 1886 1063 1254
f 1074 1061 1887
f 1887 1061 1060
f 1887 1060 1888
f 1888 1060 1073
f 1888 1073 1889
f 1889 1073 1072
f 1889 1072 1890
f 1890 1072 1071
f 1890 1071 1070
f 1872 1075 1074
f 1873 1891 1874
f 1874 1891 1892
f 1874 1892 1875
f 1875 1892 1893
f 1875 1893 1876
f 1876 1893 1894
f 1876 1894 1895
f 1872 1074 1873
f 1873 1074 1887
f 1873 1887 1891
f 1891 1887 1888
f 1891 1888 1892
f 1892 1888 1889
f 1892 1889 1893
f 1893 1889 1890
f 1893 1890 1894
f 1894 1890 1070
f 1894 1070 1895
f 1895 1070 1517
f 1895 1517 1876
f 1876 1517 1515
f 1876 1515 1513
f 1070 1069 1511
f 1511 1069 1896
f 1511 1896 1881
f 1881 1896 1897
f 1881 1897 1880
f 1880 1897 1898
f 1880 1898 1879
f 1879 1898 1899
f 1879 1899 1878
f 1878 1899 1900
f 1878 1900 1877
f 1877 1900 809
f 1877 809 808
f 1069 1882 1896
f 1896 1882 1883
f 1896 1883 1897
f 1897 1883 1884
f 1897 1884 1898
f 1898 1884 1885
f 1898 1885 1899
f 1899 1885 1886
f 1899 1886 1900
f 1900 1886 1254
f 1900 1254 809
f 1872 1508 1507
f 1141 1055 1058
f 1077 1506 1076
f 1076 1506 1505
f 1076 1505 1058
f 1058 1505 1142
f 1058 1142 1141
f 1075 1872 1077
f 1077 1872 1507
f 1077 1507 1506
f 1137 802 811
f 1256 1139 1137
f 1256 1137 1258
f 1258 1137 811
f 1258 811 1253
f 1253 811 810
f 1253 810 1255
f 1255 810 809
f 1255 809 1254
f 1901 1266 1260
f 1902 1273 1272
f 1903 1275 1274
f 793 794 1268
f 1904 541 1905
f 1905 541 540
f 1905 540 1903
f 544 543 1904
f 1904 543 542
f 1904 542 541
f 1904 1906 544
f 544 1906 1907
f 544 1907 546
f 1268 794 1269
f 1269 794 549
f 1269 549 1270
f 1266 1901 1267
f 793 1908 792
f 792 1908 1909
f 792 1909 795
f 1909 1910 795
f 795 1910 1911
f 795 1911 796
f 796 1911 1912
f 796 1912 797
f 1273 1902 1274
f 549 550 1270
f 1270 550 1913
f 1270 1913 1271
f 1271 1913 1914
f 1271 1914 1272
f 1272 1914 1915
f 1272 1915 1902
f 1905 1916 1904
f 1904 1916 1917
f 1904 1917 1906
f 1906 1917 1918
f 1906 1918 1907
f 1907 1918 1919
f 1907 1919 1920
f 1903 1274 1905
f 1905 1274 1902
f 1905 1902 1916
f 1916 1902 1915
f 1916 1915 1917
f 1917 1915 1914
f 1917 1914 1918
f 1918 1914 1913
f 1918 1913 1919
f 1919 1913 550
f 1919 550 1920
f 1920 550 548
f 1920 548 1907
f 1907 548 547
f 1907 547 546
f 1265 1921 1261
f 1261 1921 1922
f 1261 1922 1259
f 1259 1922 1923
f 1259 1923 1260
f 1260 1923 1924
f 1260 1924 1901
f 1268 1267 793
f 793 1267 1925
f 793 1925 1908
f 1908 1925 1926
f 1908 1926 1909
f 1909 1926 1927
f 1909 1927 1910
f 1910 1927 1928
f 1910 1928 1911
f 1911 1928 1929
f 1911 1929 1912
f 1912 1929 798
f 1912 798 797
f 1267 1901 1925
f 1925 1901 1924
f 1925 1924 1926
f 1926 1924 1923
f 1926 1923 1927
f 1927 1923 1922
f 1927 1922 1928
f 1928 1922 1921
f 1928 1921 1929
f 1929 1921 1265
f 1929 1265 798
f 1903 540 539
f 1136 1138 1257
f 1277 538 1276
f 1276 538 536
f 1276 536 1257
f 1257 536 535
f 1257 535 1136
f 1275 1903 1277
f 1277 1903 539
f 1277 539 538
f 1132 801 800
f 1279 1133 1132
f 1279 1132 1262
f 1262 1132 800
f 1262 800 1263
f 1263 800 799
f 1263 799 1264
f 1264 799 798
f 1264 798 1265
f 1930 1289 1288
f 1931 1296 1295
f 1932 1250 1297
f 1933 1293 1292
f 1934 784 1935
f 1935 784 783
f 1935 783 1932
f 776 775 1934
f 1934 775 785
f 1934 785 784
f 1934 1936 776
f 776 1936 1937
f 776 1937 786
f 1938 788 1937
f 1937 788 787
f 1937 787 786
f 789 1292 790
f 790 1292 1291
f 790 1291 791
f 1289 1930 1290
f 791 1939 528
f 528 1939 1940
f 528 1940 529
f 1940 1941 529
f 529 1941 1942
f 529 1942 768
f 768 1942 1943
f 768 1943 769
f 1296 1931 1297
f 1293 1933 1294
f 1294 1933 1944
f 1294 1944 1295
f 1295 1944 1945
f 1295 1945 1931
f 1935 1946 1934
f 1934 1946 1947
f 1934 1947 1936
f 1936 1947 1948
f 1936 1948 1937
f 1937 1948 1949
f 1937 1949 1938
f 1932 1297 1935
f 1935 1297 1931
f 1935 1931 1946
f 1946 1931 1945
f 1946 1945 1947
f 1947 1945 1944
f 1947 1944 1948
f 1948 1944 1933
f 1948 1933 1949
f 1949 1933 1292
f 1949 1292 1938
f 1938 1292 789
f 1938 789 788
f 1287 1950 1281
f 1281 1950 1951
f 1281 1951 1282
f 1282 1951 1952
f 1282 1952 1288
f 1288 1952 1953
f 1288 1953 1930
f 1291 1290 791
f 791 1290 1954
f 791 1954 1939
f 1939 1954 1955
f 1939 1955 1940
f 1940 1955 1956
f 1940 1956 1941
f 1941 1956 1957
f 1941 1957 1942
f 1942 1957 1958
f 1942 1958 1943
f 1943 1958 770
f 1943 770 769
f 1290 1930 1954
f 1954 1930 1953
f 1954 1953 1955
f 1955 1953 1952
f 1955 1952 1956
f 1956 1952 1951
f 1956 1951 1957
f 1957 1951 1950
f 1957 1950 1958
f 1958 1950 1287
f 1958 1287 770
f 1932 783 782
f 1135 1134 1278
f 1250 1932 1251
f 1251 1932 782
f 1251 782 1252
f 1252 782 781
f 1252 781 1280
f 1280 781 779
f 1280 779 1278
f 1278 779 778
f 1278 778 1135
f 1129 771 773
f 1283 1131 1129
f 1283 1129 1284
f 1284 1129 773
f 1284 773 1285
f 1285 773 774
f 1285 774 1286
f 1286 774 770
f 1286 770 1287
f 1959 1317 1316
f 1960 1302 1301
f 1961 749 1962
f 1962 749 748
f 1962 748 1960
f 745 754 1961
f 1961 754 753
f 1961 753 749
f 1961 1963 745
f 745 1963 1964
f 745 1964 746
f 1965 756 1964
f 1964 756 755
f 1964 755 746
f 757 1314 758
f 758 1314 1313
f 758 1313 759
f 1317 1959 1318
f 759 1966 760
f 760 1966 1967
f 760 1967 761
f 1967 1968 761
f 761 1968 1969
f 761 1969 762
f 762 1969 1970
f 762 1970 763
f 1314 1971 1315
f 1315 1971 1972
f 1315 1972 1298
f 1298 1972 1973
f 1298 1973 1299
f 1299 1973 1974
f 1299 1974 1300
f 1300 1974 1301
f 1962 1975 1961
f 1961 1975 1976
f 1961 1976 1963
f 1963 1976 1977
f 1963 1977 1964
f 1964 1977 1978
f 1964 1978 1965
f 1960 1301 1962
f 1962 1301 1974
f 1962 1974 1975
f 1975 1974 1973
f 1975 1973 1976
f 1976 1973 1972
f 1976 1972 1977
f 1977 1972 1971
f 1977 1971 1978
f 1978 1971 1314
f 1978 1314 1965
f 1965 1314 757
f 1965 757 756
f 1312 1979 1306
f 1306 1979 1980
f 1306 1980 1307
f 1307 1980 1981
f 1307 1981 1316
f 1316 1981 1982
f 1316 1982 1959
f 1313 1318 759
f 759 1318 1983
f 759 1983 1966
f 1966 1983 1984
f 1966 1984 1967
f 1967 1984 1985
f 1967 1985 1968
f 1968 1985 1986
f 1968 1986 1969
f 1969 1986 1987
f 1969 1987 1970
f 1970 1987 764
f 1970 764 763
f 1318 1959 1983
f 1983 1959 1982
f 1983 1982 1984
f 1984 1982 1981
f 1984 1981 1985
f 1985 1981 1980
f 1985 1980 1986
f 1986 1980 1979
f 1986 1979 1987
f 1987 1979 1312
f 1987 1312 764
f 1960 748 750
f 1128 1130 1304
f 1303 751 1305
f 1305 751 752
f 1305 752 1304
f 1304 752 772
f 1304 772 1128
f 1302 1960 1303
f 1303 1960 750
f 1303 750 751
f 1127 765 766
f 1308 1126 1127
f 1308 1127 1309
f 1309 1127 766
f 1309 766 1310
f 1310 766 767
f 1310 767 1311
f 1311 767 764
f 1311 764 1312
f 1988 1338 1337
f 1989 1324 1323
f 1990 1326 1325
f 1991 1320 1321
f 1992 737 1993
f 1993 737 736
f 1993 736 1990
f 729 728 1992
f 1992 728 738
f 1992 738 737
f 1992 1994 729
f 729 1994 1995
f 729 1995 739
f 1338 1988 1339
f 718 1996 719
f 719 1996 1997
f 719 1997 721
f 1997 1998 721
f 721 1998 1999
f 721 1999 722
f 722 1999 2000
f 722 2000 723
f 723 2000 724
f 1324 1989 1325
f 1320 1991 1319
f 1319 1991 2001
f 1319 2001 1323
f 1323 2001 2002
f 1323 2002 1989
f 1993 2003 1992
f 1992 2003 2004
f 1992 2004 1994
f 1994 2004 2005
f 1994 2005 1995
f 1995 2005 2006
f 1995 2006 2007
f 1990 1325 1993
f 1993 1325 1989
f 1993 1989 2003
f 2003 1989 2002
f 2003 2002 2004
f 2004 2002 2001
f 2004 2001 2005
f 2005 2001 1991
f 2005 1991 2006
f 2006 1991 1321
f 2006 1321 2007
f 1336 2008 1330
f 1330 2008 2009
f 1330 2009 1331
f 1331 2009 2010
f 1331 2010 1337
f 1337 2010 2011
f 1337 2011 1988
f 724 2000 2012
f 2012 2000 1999
f 2012 1999 2013
f 2013 1999 1998
f 2013 1998 2014
f 2014 1998 1997
f 2014 1997 2015
f 2015 1997 1996
f 2015 1996 2016
f 2016 1996 718
f 2016 718 1339
f 1339 718 744
f 1339 744 1322
f 1322 744 743
f 1322 743 1321
f 1321 743 742
f 1321 742 2007
f 2007 742 741
f 2007 741 1995
f 1995 741 740
f 1995 740 739
f 1339 1988 2016
f 2016 1988 2011
f 2016 2011 2015
f 2015 2011 2010
f 2015 2010 2014
f 2014 2010 2009
f 2014 2009 2013
f 2013 2009 2008
f 2013 2008 2012
f 2012 2008 1336
f 2012 1336 724
f 1990 736 735
f 1124 1125 1329
f 1327 734 1328
f 1328 734 732
f 1328 732 1329
f 1329 732 731
f 1329 731 1124
f 1326 1990 1327
f 1327 1990 735
f 1327 735 734
f 1121 727 726
f 1332 1123 1121
f 1332 1121 1333
f 1333 1121 726
f 1333 726 1334
f 1334 726 725
f 1334 725 1335
f 1335 725 724
f 1335 724 1336
f 2017 1359 1358
f 2018 1345 1344
f 2019 1347 1346
f 2020 1341 1342
f 2021 559 2022
f 2022 559 558
f 2022 558 2019
f 560 552 2021
f 2021 552 551
f 2021 551 559
f 2021 2023 560
f 560 2023 2024
f 560 2024 561
f 2025 565 2024
f 2024 565 563
f 2024 563 561
f 567 1342 568
f 568 1342 1343
f 568 1343 570
f 1359 2017 1360
f 570 2026 572
f 572 2026 2027
f 572 2027 574
f 2027 2028 574
f 574 2028 2029
f 574 2029 576
f 576 2029 2030
f 576 2030 577
f 1345 2018 1346
f 1341 2020 1340
f 1340 2020 2031
f 1340 2031 1344
f 1344 2031 2032
f 1344 2032 2018
f 2022 2033 2021
f 2021 2033 2034
f 2021 2034 2023
f 2023 2034 2035
f 2023 2035 2024
f 2024 2035 2036
f 2024 2036 2025
f 2019 1346 2022
f 2022 1346 2018
f 2022 2018 2033
f 2033 2018 2032
f 2033 2032 2034
f 2034 2032 2031
f 2034 2031 2035
f 2035 2031 2020
f 2035 2020 2036
f 2036 2020 1342
f 2036 1342 2025
f 2025 1342 567
f 2025 567 565
f 1357 2037 1351
f 1351 2037 2038
f 1351 2038 1352
f 1352 2038 2039
f 1352 2039 1358
f 1358 2039 2040
f 1358 2040 2017
f 1343 1360 570
f 570 1360 2041
f 570 2041 2026
f 2026 2041 2042
f 2026 2042 2027
f 2027 2042 2043
f 2027 2043 2028
f 2028 2043 2044
f 2028 2044 2029
f 2029 2044 2045
f 2029 2045 2030
f 2030 2045 587
f 2030 587 577
f 1360 2017 2041
f 2041 2017 2040
f 2041 2040 2042
f 2042 2040 2039
f 2042 2039 2043
f 2043 2039 2038
f 2043 2038 2044
f 2044 2038 2037
f 2044 2037 2045
f 2045 2037 1357
f 2045 1357 587
f 2019 558 557
f 1119 1120 1350
f 1348 553 1349
f 1349 553 555
f 1349 555 1350
f 1350 555 556
f 1350 556 1119
f 1347 2019 1348
f 1348 2019 557
f 1348 557 553
f 1117 578 580
f 1353 1118 1117
f 1353 1117 1354
f 1354 1117 580
f 1354 580 1355
f 1355 580 582
f 1355 582 1356
f 1356 582 587
f 1356 587 1357
f 2046 1379 1378
f 2047 1362 1361
f 2048 1367 1366
f 2049 1364 1363
f 2050 586 2051
f 2051 586 585
f 2051 585 2048
f 589 588 2050
f 2050 588 591
f 2050 591 586
f 2050 2052 589
f 589 2052 2053
f 589 2053 597
f 2054 706 2053
f 2053 706 705
f 2053 705 597
f 707 1363 710
f 710 1363 1249
f 710 1249 709
f 1379 2046 1248
f 709 2055 708
f 708 2055 2056
f 708 2056 711
f 2056 2057 711
f 711 2057 2058
f 711 2058 712
f 712 2058 2059
f 712 2059 713
f 1362 2047 1366
f 1364 2049 1365
f 1365 2049 2060
f 1365 2060 1361
f 1361 2060 2061
f 1361 2061 2047
f 2051 2062 2050
f 2050 2062 2063
f 2050 2063 2052
f 2052 2063 2064
f 2052 2064 2053
f 2053 2064 2065
f 2053 2065 2054
f 2048 1366 2051
f 2051 1366 2047
f 2051 2047 2062
f 2062 2047 2061
f 2062 2061 2063
f 2063 2061 2060
f 2063 2060 2064
f 2064 2060 2049
f 2064 2049 2065
f 2065 2049 1363
f 2065 1363 2054
f 2054 1363 707
f 2054 707 706
f 1375 2066 1376
f 1376 2066 2067
f 1376 2067 1377
f 1377 2067 2068
f 1377 2068 1378
f 1378 2068 2069
f 1378 2069 2046
f 1249 1248 709
f 709 1248 2070
f 709 2070 2055
f 2055 2070 2071
f 2055 2071 2056
f 2056 2071 2072
f 2056 2072 2057
f 2057 2072 2073
f 2057 2073 2058
f 2058 2073 2074
f 2058 2074 2059
f 2059 2074 714
f 2059 714 713
f 1248 2046 2070
f 2070 2046 2069
f 2070 2069 2071
f 2071 2069 2068
f 2071 2068 2072
f 2072 2068 2067
f 2072 2067 2073
f 2073 2067 2066
f 2073 2066 2074
f 2074 2066 1375
f 2074 1375 714
f 2048 585 584
f 1116 1115 1369
f 1368 583 1370
f 1370 583 581
f 1370 581 1369
f 1369 581 579
f 1369 579 1116
f 1367 2048 1368
f 1368 2048 584
f 1368 584 583
f 1109 717 716
f 1371 1110 1109
f 1371 1109 1372
f 1372 1109 716
f 1372 716 1373
f 1373 716 715
f 1373 715 1374
f 1374 715 714
f 1374 714 1375
f 2075 1400 1399
f 2076 1381 1380
f 2077 1388 1387
f 2078 1386 1385
f 2079 696 2080
f 2080 696 695
f 2080 695 2077
f 688 687 2079
f 2079 687 697
f 2079 697 696
f 2079 2081 688
f 688 2081 2082
f 688 2082 698
f 2083 700 2082
f 2082 700 699
f 2082 699 698
f 1400 2075 1383
f 701 1385 702
f 702 1385 1384
f 702 1384 703
f 703 1384 1383
f 703 1383 704
f 704 1383 2084
f 704 2084 679
f 679 2084 2085
f 679 2085 680
f 2085 2086 680
f 680 2086 2087
f 680 2087 681
f 681 2087 2088
f 681 2088 682
f 1381 2076 1387
f 1386 2078 1382
f 1382 2078 2089
f 1382 2089 1380
f 1380 2089 2090
f 1380 2090 2076
f 2080 2091 2079
f 2079 2091 2092
f 2079 2092 2081
f 2081 2092 2093
f 2081 2093 2082
f 2082 2093 2094
f 2082 2094 2083
f 2077 1387 2080
f 2080 1387 2076
f 2080 2076 2091
f 2091 2076 2090
f 2091 2090 2092
f 2092 2090 2089
f 2092 2089 2093
f 2093 2089 2078
f 2093 2078 2094
f 2094 2078 1385
f 2094 1385 2083
f 2083 1385 701
f 2083 701 700
f 1396 2095 1397
f 1397 2095 2096
f 1397 2096 1398
f 1398 2096 2097
f 1398 2097 1399
f 1399 2097 2098
f 1399 2098 2075
f 1383 2099 2084
f 2084 2099 2100
f 2084 2100 2085
f 2085 2100 2101
f 2085 2101 2086
f 2086 2101 2102
f 2086 2102 2087
f 2087 2102 2103
f 2087 2103 2088
f 2088 2103 683
f 2088 683 682
f 1383 2075 2099
f 2099 2075 2098
f 2099 2098 2100
f 2100 2098 2097
f 2100 2097 2101
f 2101 2097 2096
f 2101 2096 2102
f 2102 2096 2095
f 2102 2095 2103
f 2103 2095 1396
f 2103 1396 683
f 2077 695 694
f 1112 1113 1390
f 1389 693 1391
f 1391 693 691
f 1391 691 1390
f 1390 691 690
f 1390 690 1112
f 1388 2077 1389
f 1389 2077 694
f 1389 694 693
f 1107 686 685
f 1392 1108 1107
f 1392 1107 1393
f 1393 1107 685
f 1393 685 1394
f 1394 685 684
f 1394 684 1395
f 1395 684 683
f 1395 683 1396
f 2104 1422 1421
f 2105 1404 1403
f 2106 1410 1409
f 2107 1401 1408
f 2108 662 2109
f 2109 662 661
f 2109 661 2106
f 666 665 2108
f 2108 665 663
f 2108 663 662
f 2108 2110 666
f 666 2110 2111
f 666 2111 667
f 2112 669 2111
f 2111 669 668
f 2111 668 667
f 670 1408 671
f 671 1408 1407
f 671 1407 672
f 1406 1405 2113
f 1422 2104 1405
f 1407 1406 672
f 672 1406 2113
f 672 2113 654
f 654 2113 2114
f 654 2114 655
f 2114 2115 655
f 655 2115 2116
f 655 2116 673
f 673 2116 2117
f 673 2117 674
f 1404 2105 1409
f 1401 2107 1402
f 1402 2107 2118
f 1402 2118 1403
f 1403 2118 2119
f 1403 2119 2105
f 2109 2120 2108
f 2108 2120 2121
f 2108 2121 2110
f 2110 2121 2122
f 2110 2122 2111
f 2111 2122 2123
f 2111 2123 2112
f 2106 1409 2109
f 2109 1409 2105
f 2109 2105 2120
f 2120 2105 2119
f 2120 2119 2121
f 2121 2119 2118
f 2121 2118 2122
f 2122 2118 2107
f 2122 2107 2123
f 2123 2107 1408
f 2123 1408 2112
f 2112 1408 670
f 2112 670 669
f 1418 2124 1419
f 1419 2124 2125
f 1419 2125 1420
f 1420 2125 2126
f 1420 2126 1421
f 1421 2126 2127
f 1421 2127 2104
f 1405 2128 2113
f 2113 2128 2129
f 2113 2129 2114
f 2114 2129 2130
f 2114 2130 2115
f 2115 2130 2131
f 2115 2131 2116
f 2116 2131 2132
f 2116 2132 2117
f 2117 2132 675
f 2117 675 674
f 1405 2104 2128
f 2128 2104 2127
f 2128 2127 2129
f 2129 2127 2126
f 2129 2126 2130
f 2130 2126 2125
f 2130 2125 2131
f 2131 2125 2124
f 2131 2124 2132
f 2132 2124 1418
f 2132 1418 675
f 2106 661 660
f 1106 1105 1412
f 1411 659 1413
f 1413 659 657
f 1413 657 1412
f 1412 657 656
f 1412 656 1106
f 1410 2106 1411
f 1411 2106 660
f 1411 660 659
f 675 1418 1417
f 1103 1102 1414
f 1414 1102 1415
f 675 1417 676
f 676 1417 1416
f 676 1416 677
f 677 1416 1415
f 677 1415 640
f 640 1415 1102
f 640 1102 637
f 2133 1443 1442
f 2134 1426 1425
f 2135 1431 1430
f 627 629 1428
f 2136 644 2137
f 2137 644 643
f 2137 643 2135
f 648 647 2136
f 2136 647 646
f 2136 646 644
f 2136 2138 648
f 648 2138 2139
f 648 2139 649
f 1428 629 1429
f 1429 629 653
f 1429 653 1423
f 1443 2133 1427
f 627 2140 626
f 626 2140 2141
f 626 2141 630
f 2141 2142 630
f 630 2142 2143
f 630 2143 631
f 631 2143 2144
f 631 2144 632
f 1426 2134 1430
f 653 652 1423
f 1423 652 2145
f 1423 2145 1424
f 1424 2145 2146
f 1424 2146 1425
f 1425 2146 2147
f 1425 2147 2134
f 2137 2148 2136
f 2136 2148 2149
f 2136 2149 2138
f 2138 2149 2150
f 2138 2150 2139
f 2139 2150 2151
f 2139 2151 2152
f 2135 1430 2137
f 2137 1430 2134
f 2137 2134 2148
f 2148 2134 2147
f 2148 2147 2149
f 2149 2147 2146
f 2149 2146 2150
f 2150 2146 2145
f 2150 2145 2151
f 2151 2145 652
f 2151 652 2152
f 2152 652 651
f 2152 651 2139
f 2139 651 650
f 2139 650 649
f 1439 2153 1440
f 1440 2153 2154
f 1440 2154 1441
f 1441 2154 2155
f 1441 2155 1442
f 1442 2155 2156
f 1442 2156 2133
f 1428 1427 627
f 627 1427 2157
f 627 2157 2140
f 2140 2157 2158
f 2140 2158 2141
f 2141 2158 2159
f 2141 2159 2142
f 2142 2159 2160
f 2142 2160 2143
f 2143 2160 2161
f 2143 2161 2144
f 2144 2161 633
f 2144 633 632
f 1427 2133 2157
f 2157 2133 2156
f 2157 2156 2158
f 2158 2156 2155
f 2158 2155 2159
f 2159 2155 2154
f 2159 2154 2160
f 2160 2154 2153
f 2160 2153 2161
f 2161 2153 1439
f 2161 1439 633
f 2135 643 642
f 1101 1100 1433
f 1432 641 1434
f 1434 641 639
f 1434 639 1433
f 1433 639 638
f 1433 638 1101
f 1431 2135 1432
f 1432 2135 642
f 1432 642 641
f 1095 636 635
f 1435 1096 1095
f 1435 1095 1436
f 1436 1095 635
f 1436 635 1437
f 1437 635 634
f 1437 634 1438
f 1438 634 633
f 1438 633 1439
f 608 2162 2163
f 608 2163 600
f 600 2163 2164
f 600 2164 601
f 601 2164 2165
f 601 2165 611
f 611 2165 2166
f 611 2166 612
f 618 616 1444
f 618 2167 620
f 620 2167 2168
f 620 2168 622
f 622 2168 2169
f 622 2169 624
f 2169 2170 624
f 624 2170 2171
f 624 2171 625
f 1445 1446 2172
f 2172 1446 1459
f 2172 1459 2173
f 2173 1459 1458
f 2173 1458 2174
f 2174 1458 1457
f 2174 1457 2175
f 2175 1457 821
f 2175 821 2176
f 2176 821 828
f 1452 1451 2177
f 2177 1451 1450
f 2177 1450 2178
f 2178 1450 1449
f 2178 1449 2179
f 2179 1449 1448
f 2179 1448 2180
f 2180 1448 1447
f 2180 1447 1444
f 2162 1453 1452
f 2163 2181 2164
f 2164 2181 2182
f 2164 2182 2165
f 2165 2182 2183
f 2165 2183 2166
f 2166 2183 2184
f 2166 2184 2185
f 2162 1452 2163
f 2163 1452 2177
f 2163 2177 2181
f 2181 2177 2178
f 2181 2178 2182
f 2182 2178 2179
f 2182 2179 2183
f 2183 2179 2180
f 2183 2180 2184
f 2184 2180 1444
f 2184 1444 2185
f 2185 1444 616
f 2185 616 2166
f 2166 616 614
f 2166 614 612
f 1444 1445 618
f 618 1445 2186
f 618 2186 2167
f 2167 2186 2187
f 2167 2187 2168
f 2168 2187 2188
f 2168 2188 2169
f 2169 2188 2189
f 2169 2189 2170
f 2170 2189 2190
f 2170 2190 2171
f 2171 2190 1725
f 2171 1725 625
f 1445 2172 2186
f 2186 2172 2173
f 2186 2173 2187
f 2187 2173 2174
f 2187 2174 2188
f 2188 2174 2175
f 2188 2175 2189
f 2189 2175 2176
f 2189 2176 2190
f 2190 2176 828
f 2190 828 1725
f 2162 608 607
f 1098 1097 1456
f 1454 606 1455
f 1455 606 605
f 1455 605 1456
f 1456 605 604
f 1456 604 1098
f 1453 2162 1454
f 1454 2162 607
f 1454 607 606
f 1094 1092 1714
f 824 842 1094
f 824 1094 825
f 825 1094 1714
f 825 1714 826
f 826 1714 1726
f 826 1726 827
f 827 1726 1725
f 827 1725 828
f 2191 831 853
f 2192 837 836
f 2193 839 838
f 2194 829 835
f 2195 1719 2196
f 2196 1719 1718
f 2196 1718 2193
f 1721 1712 2195
f 2195 1712 1713
f 2195 1713 1719
f 2195 2197 1721
f 1721 2197 2198
f 1721 2198 1723
f 2199 1709 2198
f 2198 1709 1724
f 2198 1724 1723
f 1700 835 1699
f 1699 835 834
f 1699 834 1698
f 831 2191 832
f 1698 2200 1697
f 1697 2200 2201
f 1697 2201 1701
f 2201 2202 1701
f 1701 2202 2203
f 1701 2203 1702
f 1702 2203 2204
f 1702 2204 1703
f 837 2192 838
f 829 2194 830
f 830 2194 2205
f 830 2205 836
f 836 2205 2206
f 836 2206 2192
f 2196 2207 2195
f 2195 2207 2208
f 2195 2208 2197
f 2197 2208 2209
f 2197 2209 2198
f 2198 2209 2210
f 2198 2210 2199
f 2193 838 2196
f 2196 838 2192
f 2196 2192 2207
f 2207 2192 2206
f 2207 2206 2208
f 2208 2206 2205
f 2208 2205 2209
f 2209 2205 2194
f 2209 2194 2210
f 2210 2194 835
f 2210 835 2199
f 2199 835 1700
f 2199 1700 1709
f 850 2211 851
f 851 2211 2212
f 851 2212 852
f 852 2212 2213
f 852 2213 853
f 853 2213 2214
f 853 2214 2191
f 834 832 1698
f 1698 832 2215
f 1698 2215 2200
f 2200 2215 2216
f 2200 2216 2201
f 2201 2216 2217
f 2201 2217 2202
f 2202 2217 2218
f 2202 2218 2203
f 2203 2218 2219
f 2203 2219 2204
f 2204 2219 1704
f 2204 1704 1703
f 832 2191 2215
f 2215 2191 2214
f 2215 2214 2216
f 2216 2214 2213
f 2216 2213 2217
f 2217 2213 2212
f 2217 2212 2218
f 2218 2212 2211
f 2218 2211 2219
f 2219 2211 850
f 2219 850 1704
f 2193 1718 1717
f 1093 843 844
f 840 1716 841
f 841 1716 1715
f 841 1715 844
f 844 1715 1091
f 844 1091 1093
f 839 2193 840
f 840 2193 1717
f 840 1717 1716
f 1089 1090 1706
f 845 867 1089
f 845 1089 846
f 846 1089 1706
f 846 1706 848
f 848 1706 1705
f 848 1705 849
f 849 1705 1704
f 849 1704 850
f 2220 856 879
f 2221 862 861
f 2222 864 863
f 2223 854 860
f 2224 1689 2225
f 2225 1689 1688
f 2225 1688 2222
f 1682 1684 2224
f 2224 1684 1690
f 2224 1690 1689
f 2224 2226 1682
f 1682 2226 2227
f 1682 2227 1683
f 2228 1695 2227
f 2227 1695 1694
f 2227 1694 1683
f 1696 860 1691
f 1691 860 859
f 1691 859 1692
f 1692 859 857
f 1692 857 1693
f 1693 2229 1676
f 1676 2229 2230
f 1676 2230 1675
f 2230 2231 1675
f 1675 2231 2232
f 1675 2232 1677
f 1677 2232 2233
f 1677 2233 1678
f 862 2221 863
f 854 2223 855
f 855 2223 2234
f 855 2234 861
f 861 2234 2235
f 861 2235 2221
f 2225 2236 2224
f 2224 2236 2237
f 2224 2237 2226
f 2226 2237 2238
f 2226 2238 2227
f 2227 2238 2239
f 2227 2239 2228
f 2222 863 2225
f 2225 863 2221
f 2225 2221 2236
f 2236 2221 2235
f 2236 2235 2237
f 2237 2235 2234
f 2237 2234 2238
f 2238 2234 2223
f 2238 2223 2239
f 2239 2223 860
f 2239 860 2228
f 2228 860 1696
f 2228 1696 1695
f 876 2240 877
f 877 2240 2241
f 877 2241 878
f 878 2241 2242
f 878 2242 879
f 879 2242 2243
f 879 2243 2220
f 1693 2244 2229
f 2229 2244 2245
f 2229 2245 2230
f 2230 2245 2246
f 2230 2246 2231
f 2231 2246 2247
f 2231 2247 2232
f 2232 2247 2248
f 2232 2248 2233
f 2233 2248 1679
f 2233 1679 1678
f 857 856 1693
f 1693 856 2220
f 1693 2220 2244
f 2244 2220 2243
f 2244 2243 2245
f 2245 2243 2242
f 2245 2242 2246
f 2246 2242 2241
f 2246 2241 2247
f 2247 2241 2240
f 2247 2240 2248
f 2248 2240 876
f 2248 876 1679
f 2222 1688 1687
f 1086 868 869
f 865 1686 866
f 866 1686 1685
f 866 1685 869
f 869 1685 1087
f 869 1087 1086
f 864 2222 865
f 865 2222 1687
f 865 1687 1686
f 1085 1083 1680
f 871 872 1085
f 871 1085 870
f 870 1085 1680
f 870 1680 874
f 874 1680 1681
f 874 1681 875
f 875 1681 1679
f 875 1679 876
f 2249 883 902
f 2250 888 881
f 2251 890 889
f 2252 882 887
f 2253 1657 2254
f 2254 1657 1659
f 2254 1659 2251
f 1653 1662 2253
f 2253 1662 1661
f 2253 1661 1657
f 2253 2255 1653
f 1653 2255 2256
f 1653 2256 1654
f 2257 1664 2256
f 2256 1664 1663
f 2256 1663 1654
f 1665 887 1666
f 1666 887 886
f 1666 886 1667
f 883 2249 884
f 1667 2258 1668
f 1668 2258 2259
f 1668 2259 1669
f 2259 2260 1669
f 1669 2260 2261
f 1669 2261 1670
f 1670 2261 2262
f 1670 2262 1671
f 888 2250 889
f 882 2252 880
f 880 2252 2263
f 880 2263 881
f 881 2263 2264
f 881 2264 2250
f 2254 2265 2253
f 2253 2265 2266
f 2253 2266 2255
f 2255 2266 2267
f 2255 2267 2256
f 2256 2267 2268
f 2256 2268 2257
f 2251 889 2254
f 2254 889 2250
f 2254 2250 2265
f 2265 2250 2264
f 2265 2264 2266
f 2266 2264 2263
f 2266 2263 2267
f 2267 2263 2252
f 2267 2252 2268
f 2268 2252 887
f 2268 887 2257
f 2257 887 1665
f 2257 1665 1664
f 899 2269 900
f 900 2269 2270
f 900 2270 901
f 901 2270 2271
f 901 2271 902
f 902 2271 2272
f 902 2272 2249
f 886 884 1667
f 1667 884 2273
f 1667 2273 2258
f 2258 2273 2274
f 2258 2274 2259
f 2259 2274 2275
f 2259 2275 2260
f 2260 2275 2276
f 2260 2276 2261
f 2261 2276 2277
f 2261 2277 2262
f 2262 2277 1672
f 2262 1672 1671
f 884 2249 2273
f 2273 2249 2272
f 2273 2272 2274
f 2274 2272 2271
f 2274 2271 2275
f 2275 2271 2270
f 2275 2270 2276
f 2276 2270 2269
f 2276 2269 2277
f 2277 2269 899
f 2277 899 1672
f 2251 1659 1658
f 873 819 1084
f 1084 819 818
f 1084 818 1082
f 891 1656 892
f 892 1656 1655
f 892 1655 818
f 818 1655 1660
f 818 1660 1082
f 890 2251 891
f 891 2251 1658
f 891 1658 1656
f 1081 1079 1674
f 895 894 1081
f 895 1081 896
f 896 1081 1674
f 896 1674 897
f 897 1674 1673
f 897 1673 898
f 898 1673 1672
f 898 1672 899
f 2278 906 927
f 2279 911 904
f 2280 913 912
f 2281 905 910
f 2282 1648 2283
f 2283 1648 1647
f 2283 1647 2280
f 1643 1642 2282
f 2282 1642 1649
f 2282 1649 1648
f 2282 2284 1643
f 1643 2284 2285
f 1643 2285 1650
f 2286 1652 2285
f 2285 1652 1651
f 2285 1651 1650
f 1496 910 1497
f 1497 910 909
f 1497 909 1635
f 1635 909 1634
f 906 2278 907
f 1634 2287 1633
f 1633 2287 2288
f 1633 2288 1636
f 2288 2289 1636
f 1636 2289 2290
f 1636 2290 1637
f 1637 2290 2291
f 1637 2291 1638
f 911 2279 912
f 905 2281 903
f 903 2281 2292
f 903 2292 904
f 904 2292 2293
f 904 2293 2279
f 2283 2294 2282
f 2282 2294 2295
f 2282 2295 2284
f 2284 2295 2296
f 2284 2296 2285
f 2285 2296 2297
f 2285 2297 2286
f 2280 912 2283
f 2283 912 2279
f 2283 2279 2294
f 2294 2279 2293
f 2294 2293 2295
f 2295 2293 2292
f 2295 2292 2296
f 2296 2292 2281
f 2296 2281 2297
f 2297 2281 910
f 2297 910 2286
f 2286 910 1496
f 2286 1496 1652
f 923 2298 924
f 924 2298 2299
f 924 2299 926
f 926 2299 2300
f 926 2300 927
f 927 2300 2301
f 927 2301 2278
f 909 907 1634
f 1634 907 2302
f 1634 2302 2287
f 2287 2302 2303
f 2287 2303 2288
f 2288 2303 2304
f 2288 2304 2289
f 2289 2304 2305
f 2289 2305 2290
f 2290 2305 2306
f 2290 2306 2291
f 2291 2306 1639
f 2291 1639 1638
f 907 2278 2302
f 2302 2278 2301
f 2302 2301 2303
f 2303 2301 2300
f 2303 2300 2304
f 2304 2300 2299
f 2304 2299 2305
f 2305 2299 2298
f 2305 2298 2306
f 2306 2298 923
f 2306 923 1639
f 2280 1647 1646
f 815 1080 816
f 816 1080 893
f 914 1645 915
f 915 1645 1644
f 915 1644 815
f 815 1644 1078
f 815 1078 1080
f 913 2280 914
f 914 2280 1646
f 914 1646 1645
f 1162 1166 1641
f 918 920 1162
f 918 1162 916
f 916 1162 1641
f 916 1641 921
f 921 1641 1640
f 921 1640 922
f 922 1640 1639
f 922 1639 923
f 526 527 1478
f 1478 527 1229
f 1478 1229 1479
f 1479 1229 1232
f 1479 1232 1480
f 1480 1232 1231
f 1480 1231 1494
f 1494 1231 1230
f 1494 1230 1486
f 1486 1230 1236
f 1486 1236 1487
f 1487 1236 1235
f 1487 1235 1488
f 1488 1235 1234
f 1488 1234 1489
f 1489 1234 1233
f 1489 1233 1490
f 1490 1233 1247
f 1490 1247 1495
f 1495 1247 1168
f 1495 1168 1471
f 1471 1168 1167
f 1471 1167 502
f 502 1167 503
f 1708 2307 1722
f 1722 2307 2308
f 1722 2308 1720
f 1720 2308 2309
f 1720 2309 2310
f 621 623 2311
f 2311 623 1711
f 2311 1711 2310
f 2310 1711 1710
f 2310 1710 1720
f 621 2311 619
f 619 2311 2312
f 619 2312 617
f 617 2312 2313
f 617 2313 615
f 615 2313 2314
f 615 2314 613
f 613 2314 2315
f 613 2315 602
f 610 602 2315
f 487 489 1707
f 1707 489 1204
f 1707 1204 1708
f 486 485 1207
f 1207 485 610
f 610 2315 1207
f 1207 2315 2314
f 1207 2314 1209
f 2314 2313 1209
f 1209 2313 2312
f 1209 2312 1206
f 2312 2311 1206
f 1206 2311 2310
f 1206 2310 1205
f 2310 2309 1205
f 1205 2309 2308
f 1205 2308 1204
f 1204 2308 2307
f 1204 2307 1708
f 467 474 1609
f 1609 474 473
f 1609 473 1610
f 1610 473 1611
f 1611 473 472
f 1611 472 469
f 468 476 469
f 476 1630 469
f 469 1630 1612
f 469 1612 1611
f 1632 483 482
f 1217 1498 1216
f 1216 1498 1632
f 457 456 1212
f 1212 456 1477
f 1212 1477 1214
f 1214 1477 1462
f 1214 1462 1217
f 1217 1462 1493
f 1217 1493 1498
f 1632 482 1216
f 1216 482 480
f 1216 480 1215
f 468 470 477
f 477 470 1215
f 477 1215 478
f 478 1215 480
f 441 455 545
f 545 455 454
f 545 454 537
f 537 454 453
f 537 453 451
f 1510 805 450
f 450 805 804
f 450 804 451
f 451 804 803
f 451 803 537
f 1510 450 1519
f 1519 450 448
f 1519 448 1518
f 1518 448 447
f 1518 447 1516
f 1516 447 445
f 1516 445 1514
f 1514 445 436
f 1514 436 435
f 1520 443 442
f 437 534 438
f 438 534 533
f 438 533 1238
f 1238 533 1472
f 1238 1472 1239
f 1239 1472 1483
f 1239 1483 1240
f 1240 1483 1484
f 1240 1484 1241
f 1241 1484 1485
f 1241 1485 1237
f 1237 1485 1465
f 1237 1465 442
f 442 1465 1464
f 442 1464 1520
f 598 2316 599
f 599 2316 2317
f 599 2317 590
f 590 2317 2318
f 590 2318 2319
f 571 573 430
f 430 573 575
f 430 575 2319
f 2319 575 592
f 2319 592 590
f 571 430 569
f 569 430 432
f 569 432 566
f 566 432 433
f 566 433 564
f 564 433 428
f 564 428 562
f 562 428 417
f 562 417 416
f 422 421 1470
f 1470 421 1245
f 1470 1245 1473
f 1473 1245 1244
f 1473 1244 593
f 593 1244 1243
f 593 1243 594
f 594 1243 596
f 596 1243 1242
f 596 1242 598
f 430 2319 431
f 431 2319 1189
f 2319 2318 1189
f 1189 2318 2317
f 1189 2317 1242
f 1242 2317 2316
f 1242 2316 598
f 414 399 2320
f 414 2321 2322
f 2323 2321 414
f 2320 2323 414
f 414 2324 413
f 2325 2324 414
f 2322 2325 414
f 412 413 1227
f 1227 413 2324
f 1227 2324 1228
f 1228 2324 2325
f 1228 2325 1218
f 1218 2325 2322
f 1218 2322 1219
f 1219 2322 2321
f 1219 2321 1220
f 1220 2321 2323
f 1220 2323 1221
f 1221 2323 2320
f 1221 2320 398
f 398 2320 399
f 397 382 2326
f 397 2327 2328
f 2329 2327 397
f 2326 2329 397
f 397 2330 396
f 2331 2330 397
f 2328 2331 397
f 395 396 1199
f 1199 396 2330
f 1199 2330 1197
f 1197 2330 2331
f 1197 2331 1195
f 1195 2331 2328
f 1195 2328 1193
f 1193 2328 2327
f 1193 2327 1202
f 1202 2327 2329
f 1202 2329 1246
f 1246 2329 2326
f 1246 2326 381
f 381 2326 382
f 2332 2333 2334
f 2334 2333 2335
f 2334 2335 2336
f 2336 2335 2337
f 2336 2337 2338
f 2338 2337 2339
f 2338 2339 2340
f 2340 2339 2341
f 2340 2341 2342
f 2342 2341 2343
f 2342 2343 2344
f 2344 2343 2345
f 2346 2341 2339
f 2343 2341 2346
f 2345 2343 2346
f 2346 2335 2333
f 2337 2335 2346
f 2339 2337 2346
f 2347 2348 2349
f 2349 2348 2350
f 2349 2350 2351
f 2351 2350 2352
f 2351 2352 2353
f 2353 2352 2354
f 2353 2354 2355
f 2355 2354 2356
f 2355 2356 2357
f 2357 2356 2358
f 2357 2358 2359
f 2359 2358 2360
f 2361 2356 2354
f 2358 2356 2361
f 2360 2358 2361
f 2361 2350 2348
f 2352 2350 2361
f 2354 2352 2361
f 58 2362 56
f 56 2362 2363
f 56 2363 54
f 54 2363 2364
f 54 2364 52
f 52 2364 2365
f 52 2365 50
f 50 2365 2366
f 50 2366 48
f 48 2366 2367
f 48 2367 46
f 46 2367 2368
f 2369 2366 2365
f 2367 2366 2369
f 2368 2367 2369
f 2369 2363 2362
f 2364 2363 2369
f 2365 2364 2369
f 43 2370 41
f 41 2370 2371
f 41 2371 39
f 39 2371 2372
f 39 2372 37
f 37 2372 2373
f 37 2373 35
f 35 2373 2374
f 35 2374 33
f 33 2374 2375
f 33 2375 31
f 31 2375 2376
f 2377 2374 2373
f 2375 2374 2377
f 2376 2375 2377
f 2377 2371 2370
f 2372 2371 2377
f 2373 2372 2377
f 2378 2379 2380
f 2380 2379 2381
f 2379 2382 2381
f 2381 2382 2383
f 2381 2383 2384
f 2383 2385 2384
f 2384 2385 2386
f 2384 2386 2387
f 2386 2388 2387
f 2387 2388 2389
f 2387 2389 2390
f 2389 2391 2390
f 2390 2391 2392
f 2390 2392 2393
f 2394 2395 2396
f 2396 2395 2393
f 2396 2393 2397
f 2397 2393 2392
f 2398 2399 2394
f 2389 2400 2391
f 2391 2400 2401
f 2391 2401 2392
f 2392 2401 2402
f 2392 2402 2397
f 2397 2402 2398
f 2397 2398 2396
f 2396 2398 2394
f 2378 2403 2379
f 2379 2403 2404
f 2379 2404 2382
f 2382 2404 2405
f 2382 2405 2383
f 2383 2405 2406
f 2383 2406 2385
f 2385 2406 2407
f 2385 2407 2386
f 2386 2407 2408
f 2386 2408 2388
f 2388 2408 2409
f 2388 2409 2389
f 2389 2409 2410
f 2389 2410 2400
f 2411 2412 2413
f 2413 2412 2414
f 2413 2414 2415
f 2415 2414 2416
f 2415 2416 2417
f 2417 2416 2418
f 2417 2418 2419
f 2419 2418 2420
f 2419 2420 2421
f 2421 2420 2422
f 2421 2422 2423
f 2423 2422 2424
f 2425 2426 2427
f 2425 2427 2428
f 2429 2430 2431
f 2431 2430 2432
f 2433 2434 2432
f 2432 2434 2435
f 2432 2435 2431
f 2436 2437 2433
f 2433 2437 2438
f 2438 2439 2433
f 2433 2439 2440
f 2433 2440 2434
f 2441 2442 2443
f 2443 2442 2444
f 2443 2444 2436
f 2436 2444 2445
f 2436 2445 2437
f 2441 2443 2446
f 2446 2443 2447
f 2446 2447 2448
f 2448 2447 2449
f 2449 2447 2450
f 2449 2450 2451
f 2427 2452 2428
f 2428 2452 2453
f 2428 2453 2450
f 2450 2453 2454
f 2450 2454 2451
f 2455 2456 2457
f 2457 2456 2458
f 2457 2458 2459
f 2459 2458 2460
f 2459 2460 2461
f 2461 2460 2462
f 2461 2462 2463
f 2463 2462 2464
f 2463 2464 2465
f 2465 2464 2466
f 2465 2466 2467
f 2467 2466 2468
f 2469 2470 2471
f 2469 2471 2472
f 2473 2474 2475
f 2475 2474 2476
f 2477 2478 2476
f 2476 2478 2479
f 2476 2479 2475
f 2480 2481 2477
f 2477 2481 2482
f 2482 2483 2477
f 2477 2483 2484
f 2477 2484 2478
f 2485 2486 2487
f 2487 2486 2488
f 2487 2488 2480
f 2480 2488 2489
f 2480 2489 2481
f 2485 2487 2490
f 2490 2487 2491
f 2490 2491 2492
f 2492 2491 2493
f 2493 2491 2494
f 2493 2494 2495
f 2471 2496 2472
f 2472 2496 2497
f 2472 2497 2494
f 2494 2497 2498
f 2494 2498 2495
f 2403 2499 2404
f 2404 2499 2500
f 2404 2500 2405
f 2409 2408 2501
f 2501 2408 2407
f 2501 2407 2500
f 2500 2407 2406
f 2500 2406 2405
f 2502 2399 2503
f 2503 2399 2398
f 2398 2402 2503
f 2503 2402 2401
f 2503 2401 2504
f 2504 2401 2400
f 2504 2400 2410
f 2410 2409 2504
f 2504 2409 2501
f 2504 2501 2505
f 2505 2501 2506
f 2505 2506 2507
f 2507 2506 2508
f 2507 2508 2509
f 2509 2508 2510
f 2509 2510 2511
f 2511 2510 2512
f 2511 2512 2513
f 2513 2512 2514
f 2515 2516 2517
f 2515 2517 2518
f 2519 2520 2521
f 2521 2520 2522
f 2523 2524 2522
f 2522 2524 2525
f 2522 2525 2521
f 2526 2527 2523
f 2523 2527 2528
f 2528 2529 2523
f 2523 2529 2530
f 2523 2530 2524
f 2531 2532 2533
f 2533 2532 2534
f 2533 2534 2526
f 2526 2534 2535
f 2526 2535 2527
f 2531 2533 2536
f 2536 2533 2537
f 2536 2537 2538
f 2538 2537 2539
f 2539 2537 2540
f 2539 2540 2541
f 2517 2542 2518
f 2518 2542 2543
f 2518 2543 2540
f 2540 2543 2544
f 2540 2544 2541
f 2545 2546 2547
f 2548 2549 2550
f 2548 2550 2551
f 2552 2553 2554
f 2554 2553 2555
f 2554 2555 2556
f 2556 2555 2557
f 2556 2557 2558
f 2547 2546 2557
f 2557 2546 2559
f 2557 2559 2558
f 2545 2547 2560
f 2560 2547 2561
f 2560 2561 2562
f 2562 2561 2563
f 2562 2563 2564
f 2564 2563 2565
f 2565 2563 2566
f 2565 2566 2567
f 2550 2568 2551
f 2551 2568 2569
f 2551 2569 2566
f 2566 2569 2570
f 2566 2570 2567
f 2571 2572 2573
f 2573 2572 2574
f 2575 2576 2577
f 2577 2576 2578
f 2577 2578 2579
f 2579 2578 2580
f 2579 2580 2581
f 2582 2583 2580
f 2580 2583 2584
f 2580 2584 2581
f 2585 2586 2587
f 2587 2586 2588
f 2587 2588 2582
f 2582 2588 2589
f 2582 2589 2583
f 2590 2591 2585
f 2585 2591 2592
f 2585 2592 2586
f 2572 2593 2574
f 2574 2593 2594
f 2574 2594 2590
f 2590 2594 2595
f 2590 2595 2591
f 2596 2597 2598
f 2598 2597 2599
f 2600 2601 2602
f 2602 2601 2603
f 2602 2603 2604
f 2604 2603 2605
f 2604 2605 2606
f 2607 2608 2605
f 2605 2608 2609
f 2605 2609 2606
f 2610 2611 2612
f 2612 2611 2613
f 2612 2613 2607
f 2607 2613 2614
f 2607 2614 2608
f 2615 2616 2610
f 2610 2616 2617
f 2610 2617 2611
f 2597 2618 2599
f 2599 2618 2619
f 2599 2619 2615
f 2615 2619 2620
f 2615 2620 2616
f 2621 2622 2623
f 2624 2625 2626
f 2626 2625 2627
f 2628 2629 2630
f 2630 2629 2631
f 2630 2631 2632
f 2632 2631 2633
f 2632 2633 2634
f 2634 2633 2635
f 2635 2633 2636
f 2635 2636 2637
f 2622 2638 2623
f 2623 2638 2639
f 2623 2639 2636
f 2636 2639 2640
f 2636 2640 2637
f 2621 2623 2641
f 2641 2623 2642
f 2641 2642 2643
f 2644 2645 2642
f 2642 2645 2646
f 2642 2646 2643
f 2625 2647 2627
f 2627 2647 2648
f 2627 2648 2644
f 2644 2648 2649
f 2644 2649 2645
f 2650 2651 2652
f 2652 2651 2653
f 2652 2653 2654
f 2654 2653 2655
f 2654 2655 2656
f 2656 2655 2657
f 2656 2657 2658
f 2658 2657 2659
f 2658 2659 2660
f 2660 2659 2661
f 2660 2661 2662
f 2662 2661 2663
f 2664 2665 2666
f 2666 2665 2667
f 2666 2667 2668
f 2668 2667 2669
f 2668 2669 2670
f 2670 2669 2671
f 2670 2671 2672
f 2672 2671 2673
f 2672 2673 2674
f 2674 2673 2675
f 2674 2675 2676
f 2676 2675 2677
f 2678 2679 2680
f 2680 2679 2681
f 2680 2681 2682
f 2682 2681 2683
f 2682 2683 2684
f 2684 2683 2685
f 2684 2685 2686
f 2686 2685 2687
f 2686 2687 2688
f 2688 2687 2689
f 2688 2689 2690
f 2690 2689 2691
f 2692 2693 2694
f 2694 2693 2695
f 2694 2695 2696
f 2696 2695 2697
f 2696 2697 2698
f 2698 2697 2699
f 2698 2699 2700
f 2700 2699 2701
f 2700 2701 2702
f 2702 2701 2703
f 2702 2703 2704
f 2704 2703 2705
f 2706 2707 2708
f 2708 2707 2709
f 2708 2709 2710
f 2710 2709 2711
f 2712 2713 2709
f 2709 2713 2714
f 2709 2714 2711
f 2715 2712 2716
f 2716 2712 2717
f 2715 2718 2712
f 2712 2718 2719
f 2712 2719 2713
f 2720 2721 2717
f 2717 2721 2722
f 2722 2723 2717
f 2717 2723 2724
f 2717 2724 2716
f 2725 2726 2727
f 2727 2728 2725
f 2725 2728 2729
f 2725 2729 2720
f 2720 2729 2730
f 2720 2730 2721
f 2696 2698 2731
f 2662 2732 2733
f 2734 2735 2736
f 2736 2735 2737
f 2736 2737 2738
f 2739 2740 2741
f 2741 2740 2742
f 2741 2742 2743
f 2744 2745 2709
f 2709 2745 2712
f 2746 2720 2745
f 2745 2720 2717
f 2745 2717 2712
f 2746 2747 2720
f 2720 2747 2748
f 2720 2748 2725
f 2725 2748 2347
f 2725 2347 2726
f 2726 2347 2731
f 2353 2749 2351
f 2351 2749 2731
f 2351 2731 2349
f 2349 2731 2347
f 2676 2750 2751
f 2672 2752 2670
f 2670 2752 2744
f 2676 2751 2674
f 2753 2754 2742
f 2742 2754 2755
f 2742 2755 2743
f 2743 2755 2756
f 2743 2756 2707
f 2707 2756 2664
f 2707 2664 2709
f 2709 2664 2666
f 2709 2666 2744
f 2744 2666 2668
f 2744 2668 2670
f 2672 2674 2752
f 2752 2674 2751
f 2752 2751 2757
f 2757 2751 2654
f 2662 2733 2660
f 2737 2650 2751
f 2751 2650 2652
f 2751 2652 2654
f 2654 2656 2757
f 2757 2656 2658
f 2757 2658 2660
f 2732 2758 2759
f 2759 2758 2760
f 2759 2760 2735
f 2735 2760 2761
f 2735 2761 2737
f 2737 2761 2762
f 2737 2762 2650
f 2355 2357 2752
f 2752 2357 2359
f 2752 2359 2744
f 2744 2359 2763
f 2744 2763 2745
f 2745 2763 2764
f 2745 2764 2746
f 2340 2765 2338
f 2338 2765 2766
f 2338 2766 2336
f 2340 2342 2765
f 2765 2342 2344
f 2765 2344 2767
f 2344 2768 2767
f 2767 2768 2769
f 2767 2769 2770
f 2660 2733 2757
f 2757 2733 2332
f 2757 2332 2334
f 2769 2771 2770
f 2770 2771 2772
f 2770 2772 2733
f 2733 2772 2773
f 2733 2773 2332
f 2739 2738 2740
f 2740 2738 2737
f 2740 2737 2742
f 2742 2737 2751
f 2742 2751 2753
f 2753 2751 2750
f 2731 2698 2774
f 2774 2698 2700
f 2774 2700 2702
f 2704 2775 2776
f 2776 2775 2777
f 2776 2777 2778
f 2779 2780 2749
f 2749 2780 2692
f 2749 2692 2731
f 2731 2692 2694
f 2731 2694 2696
f 2353 2355 2749
f 2749 2355 2752
f 2749 2752 2781
f 2781 2752 2757
f 2781 2757 2766
f 2766 2757 2334
f 2766 2334 2336
f 2782 2783 2774
f 2784 2783 2785
f 2785 2783 2782
f 2785 2782 2786
f 2702 2704 2774
f 2774 2704 2776
f 2774 2776 2782
f 2782 2776 2787
f 2782 2787 2786
f 2786 2787 2684
f 2786 2684 2686
f 2686 2688 2786
f 2786 2688 2690
f 2786 2690 2765
f 2765 2690 2788
f 2788 2789 2765
f 2765 2789 2790
f 2765 2790 2766
f 2766 2790 2791
f 2766 2791 2792
f 2678 2680 2787
f 2787 2680 2682
f 2787 2682 2684
f 2792 2678 2766
f 2766 2678 2787
f 2766 2787 2781
f 2781 2787 2776
f 2781 2776 2749
f 2749 2776 2778
f 2749 2778 2779
f 2732 2759 2733
f 2733 2759 2793
f 2733 2793 2770
f 2770 2793 2794
f 2770 2794 2767
f 184 2795 2381
f 2381 2384 184
f 184 2384 2387
f 184 2387 2796
f 2796 2387 2390
f 2796 2390 2797
f 2797 2390 2393
f 2797 2393 2798
f 2798 2393 2799
f 2799 2393 2800
f 2800 2393 2395
f 2800 2395 2801
f 2802 2803 2395
f 2395 2803 2804
f 2395 2804 2801
f 2805 2806 2802
f 2802 2806 2807
f 2802 2807 2803
f 2808 182 2805
f 2805 182 2809
f 2805 2809 2806
f 2808 2810 182
f 182 2810 2811
f 182 2811 2795
f 2795 2811 2380
f 2795 2380 2381
f 2784 2785 2812
f 2812 2785 2813
f 2812 2813 269
f 2794 2814 2767
f 2767 2814 265
f 2767 265 2765
f 2765 265 2813
f 2765 2813 2786
f 2786 2813 2785
f 2546 2545 2798
f 2562 2730 2729
f 2729 2728 2731
f 2731 2728 2727
f 2731 2727 2726
f 2731 2774 2729
f 2729 2774 2783
f 2729 2783 2784
f 2812 2796 2784
f 2784 2796 2797
f 2784 2797 2729
f 2729 2797 2798
f 2798 2545 2729
f 2729 2545 2560
f 2729 2560 2562
f 2564 2722 2562
f 2562 2722 2721
f 2562 2721 2730
f 2564 2565 2722
f 2722 2565 2567
f 2722 2567 2570
f 2570 2569 2722
f 2722 2569 2568
f 2722 2568 2723
f 2723 2568 2550
f 2723 2550 2724
f 2713 2719 2815
f 2815 2719 2718
f 2815 2718 2549
f 2549 2718 2715
f 2549 2715 2550
f 2550 2715 2716
f 2550 2716 2724
f 2816 2711 2815
f 2815 2711 2714
f 2815 2714 2713
f 2816 2817 2711
f 2711 2817 2818
f 2711 2818 2819
f 2819 2820 2711
f 2711 2820 2821
f 2711 2821 2449
f 2449 2821 2822
f 2449 2822 2823
f 2823 2824 2449
f 2449 2824 2825
f 2449 2825 2826
f 2800 2528 2799
f 2799 2528 2527
f 2527 2535 2799
f 2799 2535 2534
f 2799 2534 2532
f 2552 2531 2536
f 2489 2488 2538
f 2538 2488 2536
f 2536 2488 2486
f 2536 2486 2552
f 2444 2442 2552
f 2486 2485 2552
f 2552 2485 2490
f 2552 2490 2444
f 2444 2490 2492
f 2444 2492 2445
f 2826 2827 2449
f 2449 2827 2828
f 2449 2828 2448
f 2448 2828 2829
f 2448 2829 2446
f 2446 2829 2552
f 2446 2552 2441
f 2441 2552 2442
f 2609 2588 2606
f 2606 2588 2586
f 2606 2586 2604
f 2604 2586 2602
f 2602 2586 2600
f 2600 2586 2592
f 2600 2592 2591
f 2591 2595 2600
f 2600 2595 2594
f 2600 2594 2593
f 2581 2584 2449
f 2453 2577 2454
f 2454 2577 2451
f 2451 2577 2449
f 2449 2577 2579
f 2449 2579 2581
f 2584 2583 2449
f 2449 2583 2589
f 2449 2589 2588
f 2609 2608 2588
f 2588 2608 2614
f 2588 2614 2449
f 2449 2614 2613
f 2449 2613 2711
f 2613 2611 2711
f 2711 2611 2617
f 2711 2617 2616
f 2830 2831 2832
f 2832 2831 2833
f 2832 2833 2834
f 2834 2833 2835
f 2834 2835 2596
f 2596 2835 2706
f 2596 2706 2597
f 2597 2706 2708
f 2597 2708 2618
f 2618 2708 2710
f 2618 2710 2619
f 2619 2710 2711
f 2619 2711 2620
f 2620 2711 2616
f 2830 2836 2831
f 2831 2836 2837
f 2831 2837 2838
f 2839 2840 2841
f 2842 2843 2844
f 2839 2841 2844
f 2844 2841 2845
f 2844 2845 2842
f 2453 2452 2577
f 2577 2452 2427
f 2577 2427 2575
f 2575 2427 2426
f 2575 2426 2846
f 2426 2847 2846
f 2846 2847 2848
f 2846 2848 2849
f 2843 2850 2844
f 2844 2850 2851
f 2844 2851 2852
f 2852 2851 2846
f 2852 2846 2853
f 2853 2846 2849
f 2593 2572 2600
f 2600 2572 2571
f 2600 2571 2854
f 2854 2571 2855
f 2854 2855 2856
f 2856 2855 2857
f 2855 2858 2857
f 2857 2858 2859
f 2857 2859 2860
f 2840 2861 2841
f 2841 2861 2862
f 2841 2862 2863
f 2863 2862 2857
f 2863 2857 2864
f 2864 2857 2860
f 2630 2632 2844
f 2865 2866 2803
f 2630 2844 2628
f 2844 2867 2628
f 2628 2867 2868
f 2628 2868 2869
f 2865 2803 2870
f 2871 2872 2803
f 2866 2873 2803
f 2803 2873 2874
f 2803 2874 2871
f 2872 2875 2803
f 2803 2875 2876
f 2803 2876 2877
f 2878 2804 2879
f 2879 2804 2803
f 2879 2803 2880
f 2880 2803 2877
f 2632 2634 2844
f 2844 2634 2635
f 2844 2635 2637
f 2637 2640 2844
f 2844 2640 2639
f 2844 2639 2638
f 2838 2839 2831
f 2831 2839 2844
f 2831 2844 2622
f 2622 2844 2638
f 2622 2621 2831
f 2831 2621 2641
f 2831 2641 2643
f 2643 2646 2831
f 2831 2646 2645
f 2831 2645 2649
f 2649 2648 2831
f 2831 2648 2647
f 2831 2647 2881
f 2881 2647 2625
f 2624 2882 2625
f 2625 2882 2883
f 2625 2883 2881
f 2884 2885 2886
f 2887 2888 2624
f 2624 2888 2889
f 2624 2889 2882
f 2887 2624 2890
f 2890 2624 2891
f 2890 2891 2886
f 2886 2891 2892
f 2886 2892 2884
f 2885 2893 2886
f 2886 2893 2894
f 2886 2894 2895
f 2895 2894 2896
f 2896 2894 2897
f 2896 2897 2898
f 2809 2814 2806
f 2806 2814 2794
f 2794 2793 2896
f 2735 2734 2899
f 2793 2759 2896
f 2896 2759 2735
f 2896 2735 2900
f 2900 2735 2899
f 2794 2896 2806
f 2806 2896 2898
f 2806 2898 2807
f 2807 2898 2901
f 2807 2901 2902
f 2902 2903 2807
f 2807 2903 2904
f 2807 2904 2905
f 2869 2870 2628
f 2628 2870 2803
f 2628 2803 2906
f 2906 2803 2807
f 2906 2807 2907
f 2907 2807 2905
f 2532 2531 2799
f 2799 2531 2552
f 2799 2552 2798
f 2798 2552 2554
f 2798 2554 2556
f 2556 2558 2798
f 2798 2558 2559
f 2798 2559 2546
f 2538 2539 2489
f 2489 2539 2541
f 2489 2541 2544
f 2478 2542 2479
f 2479 2542 2517
f 2479 2517 2475
f 2478 2484 2542
f 2542 2484 2483
f 2542 2483 2482
f 2544 2543 2489
f 2489 2543 2542
f 2489 2542 2481
f 2481 2542 2482
f 2800 2801 2519
f 2519 2521 2800
f 2800 2521 2525
f 2800 2525 2524
f 2524 2530 2800
f 2800 2530 2529
f 2800 2529 2528
f 2878 2908 2804
f 2804 2908 2909
f 2804 2909 2910
f 2910 2911 2804
f 2804 2911 2912
f 2804 2912 2801
f 2801 2912 2913
f 2801 2913 2519
f 2475 2517 2473
f 2473 2517 2516
f 2473 2516 2914
f 2914 2516 2915
f 2914 2915 2916
f 2917 2918 2919
f 2919 2918 2920
f 2919 2920 2915
f 2915 2920 2921
f 2915 2921 2916
f 2922 2923 2924
f 2924 2923 2925
f 2924 2925 2926
f 2926 2925 2927
f 2926 2927 2872
f 2872 2927 2928
f 2872 2928 2875
f 2917 2919 2924
f 2924 2919 2929
f 2924 2929 2922
f 2492 2493 2445
f 2445 2493 2495
f 2445 2495 2498
f 2434 2496 2435
f 2435 2496 2471
f 2435 2471 2431
f 2434 2440 2496
f 2496 2440 2439
f 2496 2439 2438
f 2498 2497 2445
f 2445 2497 2496
f 2445 2496 2437
f 2437 2496 2438
f 2431 2471 2429
f 2429 2471 2470
f 2429 2470 2930
f 2930 2470 2931
f 2930 2931 2932
f 2933 2934 2935
f 2935 2934 2936
f 2935 2936 2931
f 2931 2936 2937
f 2931 2937 2932
f 2938 2939 2940
f 2940 2939 2941
f 2940 2941 2942
f 2942 2941 2943
f 2942 2943 2866
f 2866 2943 2944
f 2866 2944 2873
f 2933 2935 2940
f 2940 2935 2945
f 2940 2945 2938
f 2468 2946 2947
f 2947 2946 2948
f 2947 2948 2949
f 2950 2951 182
f 182 2951 2952
f 2458 2456 2952
f 2952 2456 2953
f 2952 2953 182
f 182 2953 2954
f 182 2954 2948
f 2948 2954 2955
f 2948 2955 2949
f 2508 2506 2795
f 2795 2506 2501
f 2468 2466 2946
f 2946 2466 2464
f 2946 2464 2462
f 2510 2946 2512
f 2512 2946 2462
f 2512 2462 2514
f 2514 2462 2460
f 2514 2460 2956
f 2956 2460 2458
f 2956 2458 2957
f 2957 2458 2952
f 2501 2500 2795
f 2795 2500 2499
f 2795 2499 182
f 182 2499 2958
f 182 2958 2950
f 184 2959 2795
f 2795 2959 2946
f 2795 2946 2508
f 2508 2946 2510
f 265 2960 2813
f 2813 2960 2424
f 2813 2424 2422
f 2422 2420 2813
f 2813 2420 2418
f 2813 2418 2946
f 2946 2418 2416
f 2946 2416 2414
f 295 294 265
f 265 294 58
f 265 58 2960
f 2960 58 56
f 2960 56 54
f 2948 297 265
f 265 297 296
f 265 296 295
f 50 48 2946
f 2946 48 46
f 2946 46 2948
f 2948 46 298
f 2948 298 297
f 2414 2412 2946
f 2946 2412 2961
f 2946 2961 50
f 50 2961 2962
f 50 2962 52
f 52 2962 2963
f 52 2963 54
f 54 2963 2964
f 54 2964 2960
f 41 269 43
f 43 269 2813
f 43 2813 300
f 41 39 269
f 269 39 37
f 269 37 2959
f 37 35 2959
f 2959 35 33
f 2959 33 2946
f 2946 33 31
f 2946 31 304
f 304 303 2946
f 2946 303 302
f 2946 302 2813
f 2813 302 301
f 2813 301 300
f 2734 2736 2899
f 2899 2736 2900
f 2900 2736 2896
f 2896 2736 2738
f 2896 2738 2895
f 2895 2738 2886
f 2886 2738 2739
f 2886 2739 2890
f 2882 2889 2741
f 2741 2889 2888
f 2741 2888 2739
f 2739 2888 2887
f 2739 2887 2890
f 2833 2831 2743
f 2743 2831 2881
f 2743 2881 2741
f 2741 2881 2883
f 2741 2883 2882
f 2833 2743 2835
f 2835 2743 2707
f 2835 2707 2706
f 2704 2705 2775
f 2775 2705 2965
f 2775 2965 2777
f 2777 2965 2966
f 2777 2966 2778
f 2778 2966 2967
f 2778 2967 2779
f 2779 2967 2968
f 2779 2968 2780
f 2780 2968 2969
f 2780 2969 2692
f 2692 2969 2693
f 2690 2691 2788
f 2788 2691 2970
f 2788 2970 2789
f 2789 2970 2971
f 2789 2971 2790
f 2790 2971 2972
f 2790 2972 2791
f 2791 2972 2973
f 2791 2973 2792
f 2792 2973 2974
f 2792 2974 2678
f 2678 2974 2679
f 2676 2677 2750
f 2750 2677 2975
f 2750 2975 2753
f 2753 2975 2976
f 2753 2976 2754
f 2754 2976 2977
f 2754 2977 2755
f 2755 2977 2978
f 2755 2978 2756
f 2756 2978 2979
f 2756 2979 2664
f 2664 2979 2665
f 2662 2663 2732
f 2732 2663 2980
f 2732 2980 2758
f 2758 2980 2981
f 2758 2981 2760
f 2760 2981 2982
f 2760 2982 2761
f 2761 2982 2983
f 2761 2983 2762
f 2762 2983 2984
f 2762 2984 2650
f 2650 2984 2651
f 2624 2626 2891
f 2891 2626 2985
f 2891 2985 2892
f 2892 2985 2986
f 2892 2986 2884
f 2987 2893 2986
f 2986 2893 2885
f 2986 2885 2884
f 2988 2898 2989
f 2989 2898 2897
f 2989 2897 2987
f 2987 2897 2894
f 2987 2894 2893
f 2904 2903 2990
f 2990 2903 2902
f 2990 2902 2988
f 2988 2902 2901
f 2988 2901 2898
f 2904 2990 2905
f 2905 2990 2991
f 2905 2991 2907
f 2907 2991 2906
f 2906 2991 2629
f 2906 2629 2628
f 2631 2663 2633
f 2633 2663 2661
f 2633 2661 2636
f 2636 2661 2659
f 2636 2659 2623
f 2623 2659 2657
f 2623 2657 2642
f 2642 2657 2655
f 2642 2655 2644
f 2644 2655 2653
f 2644 2653 2627
f 2627 2653 2651
f 2627 2651 2626
f 2631 2629 2663
f 2663 2629 2991
f 2663 2991 2980
f 2980 2991 2990
f 2980 2990 2981
f 2981 2990 2988
f 2981 2988 2982
f 2982 2988 2989
f 2982 2989 2983
f 2983 2989 2987
f 2983 2987 2984
f 2984 2987 2986
f 2984 2986 2651
f 2651 2986 2985
f 2651 2985 2626
f 2838 2837 2992
f 2596 2598 2834
f 2834 2598 2993
f 2834 2993 2832
f 2832 2993 2994
f 2832 2994 2830
f 2992 2837 2994
f 2994 2837 2836
f 2994 2836 2830
f 2838 2992 2839
f 2839 2992 2995
f 2839 2995 2840
f 2840 2995 2996
f 2840 2996 2861
f 2861 2996 2862
f 2862 2996 2997
f 2862 2997 2857
f 2857 2997 2998
f 2857 2998 2856
f 2856 2998 2854
f 2854 2998 2601
f 2854 2601 2600
f 2603 2677 2605
f 2605 2677 2675
f 2605 2675 2607
f 2607 2675 2673
f 2607 2673 2612
f 2612 2673 2671
f 2612 2671 2610
f 2610 2671 2669
f 2610 2669 2615
f 2615 2669 2667
f 2615 2667 2599
f 2599 2667 2665
f 2599 2665 2598
f 2603 2601 2677
f 2677 2601 2998
f 2677 2998 2975
f 2975 2998 2997
f 2975 2997 2976
f 2976 2997 2996
f 2976 2996 2977
f 2977 2996 2995
f 2977 2995 2978
f 2978 2995 2992
f 2978 2992 2979
f 2979 2992 2994
f 2979 2994 2665
f 2665 2994 2993
f 2665 2993 2598
f 2863 2864 2999
f 2571 2573 2855
f 2855 2573 3000
f 2855 3000 2858
f 2858 3000 3001
f 2858 3001 2859
f 2999 2864 3001
f 3001 2864 2860
f 3001 2860 2859
f 2863 2999 2841
f 2841 2999 3002
f 2841 3002 2845
f 2845 3002 3003
f 2845 3003 2842
f 2842 3003 2843
f 2843 3003 3004
f 2843 3004 2850
f 2850 3004 3005
f 2850 3005 2851
f 2851 3005 2846
f 2846 3005 2576
f 2846 2576 2575
f 2578 2691 2580
f 2580 2691 2689
f 2580 2689 2582
f 2582 2689 2687
f 2582 2687 2587
f 2587 2687 2685
f 2587 2685 2585
f 2585 2685 2683
f 2585 2683 2590
f 2590 2683 2681
f 2590 2681 2574
f 2574 2681 2679
f 2574 2679 2573
f 2578 2576 2691
f 2691 2576 3005
f 2691 3005 2970
f 2970 3005 3004
f 2970 3004 2971
f 2971 3004 3003
f 2971 3003 2972
f 2972 3003 3002
f 2972 3002 2973
f 2973 3002 2999
f 2973 2999 2974
f 2974 2999 3001
f 2974 3001 2679
f 2679 3001 3000
f 2679 3000 2573
f 2549 2548 2815
f 2815 2548 3006
f 2815 3006 2816
f 2816 3006 3007
f 3008 2818 3007
f 3007 2818 2817
f 3007 2817 2816
f 3009 2820 3008
f 3008 2820 2819
f 3008 2819 2818
f 3010 2822 3009
f 3009 2822 2821
f 3009 2821 2820
f 2825 2824 3010
f 3010 2824 2823
f 3010 2823 2822
f 2825 3010 2826
f 2826 3010 3011
f 2826 3011 2827
f 2827 3011 3012
f 2827 3012 2828
f 2828 3012 2829
f 2829 3012 2553
f 2829 2553 2552
f 2555 2705 2557
f 2557 2705 2703
f 2557 2703 2547
f 2547 2703 2701
f 2547 2701 2561
f 2561 2701 2699
f 2561 2699 2563
f 2563 2699 2697
f 2563 2697 2566
f 2566 2697 2695
f 2566 2695 2551
f 2551 2695 2693
f 2551 2693 2548
f 2555 2553 2705
f 2705 2553 3012
f 2705 3012 2965
f 2965 3012 3011
f 2965 3011 2966
f 2966 3011 3010
f 2966 3010 2967
f 2967 3010 3009
f 2967 3009 2968
f 2968 3009 3008
f 2968 3008 2969
f 2969 3008 3007
f 2969 3007 2693
f 2693 3007 3006
f 2693 3006 2548
f 2516 2515 2915
f 2915 2515 3013
f 3014 2929 3013
f 3013 2929 2919
f 3013 2919 2915
f 3015 2927 3014
f 3014 2927 2925
f 2925 2923 3014
f 3014 2923 2922
f 3014 2922 2929
f 2877 2876 3016
f 3016 2876 2875
f 3016 2875 3015
f 3015 2875 2928
f 3015 2928 2927
f 2877 3016 2880
f 2880 3016 3017
f 2880 3017 2879
f 2879 3017 2878
f 2878 3017 3018
f 2878 3018 2908
f 3019 2910 3018
f 3018 2910 2909
f 3018 2909 2908
f 2519 2913 2520
f 2520 2913 2912
f 2520 2912 3019
f 3019 2912 2911
f 3019 2911 2910
f 2399 2502 3020
f 3020 2502 3021
f 3020 3021 3022
f 3023 3024 3025
f 3025 3024 3026
f 3025 3026 3021
f 3021 3026 3027
f 3021 3027 3022
f 2499 2403 2958
f 2958 2403 3028
f 3028 3029 2958
f 2958 3029 3030
f 2958 3030 2950
f 2950 3030 3031
f 2950 3031 3032
f 2513 2514 3033
f 3033 2514 2956
f 3033 2956 3034
f 3034 2956 2957
f 3034 2957 3035
f 3035 2957 2952
f 3035 2952 3036
f 3036 2952 2951
f 3036 2951 3025
f 3025 2951 2950
f 3025 2950 3023
f 3023 2950 3032
f 2507 2533 2505
f 2505 2533 2526
f 2505 2526 2504
f 2504 2526 2523
f 2504 2523 2503
f 2503 2523 2522
f 2503 2522 2502
f 2502 2522 2520
f 2502 2520 3021
f 3021 2520 3019
f 3021 3019 3025
f 3025 3019 3018
f 3025 3018 3036
f 3036 3018 3017
f 3036 3017 3035
f 3017 3016 3035
f 3035 3016 3015
f 3035 3015 3034
f 3034 3015 3014
f 3034 3014 3033
f 3033 3014 3013
f 3033 3013 2513
f 2513 3013 2515
f 2513 2515 2511
f 2511 2515 2518
f 2511 2518 2509
f 2509 2518 2540
f 2509 2540 2507
f 2507 2540 2537
f 2507 2537 2533
f 2470 2469 2931
f 2931 2469 3037
f 3038 2945 3037
f 3037 2945 2935
f 3037 2935 2931
f 3039 2943 3038
f 3038 2943 2941
f 2941 2939 3038
f 3038 2939 2938
f 3038 2938 2945
f 2871 2874 3040
f 3040 2874 2873
f 3040 2873 3039
f 3039 2873 2944
f 3039 2944 2943
f 2871 3040 2872
f 2872 3040 3041
f 2872 3041 2926
f 2926 3041 2924
f 2924 3041 3042
f 2924 3042 2917
f 3043 2920 3042
f 3042 2920 2918
f 3042 2918 2917
f 2473 2914 2474
f 2474 2914 2916
f 2474 2916 3043
f 3043 2916 2921
f 3043 2921 2920
f 2467 2468 3044
f 3044 2468 2947
f 3044 2947 3045
f 3045 2947 2949
f 3045 2949 3046
f 3046 2949 2955
f 3046 2955 3047
f 3047 2955 2954
f 3047 2954 3048
f 3048 2954 2953
f 3048 2953 2455
f 2455 2953 2456
f 2476 2455 2477
f 2477 2455 2457
f 2477 2457 2480
f 2480 2457 2459
f 2480 2459 2487
f 2487 2459 2461
f 2487 2461 2491
f 2491 2461 2463
f 2491 2463 2494
f 2494 2463 2465
f 2494 2465 2472
f 2472 2465 2467
f 2472 2467 2469
f 2476 2474 2455
f 2455 2474 3043
f 2455 3043 3048
f 3048 3043 3042
f 3048 3042 3047
f 3047 3042 3041
f 3047 3041 3046
f 3046 3041 3040
f 3046 3040 3045
f 3045 3040 3039
f 3045 3039 3044
f 3044 3039 3038
f 3044 3038 2467
f 2467 3038 3037
f 2467 3037 2469
f 2426 2425 2847
f 2847 2425 3049
f 3050 2849 3049
f 3049 2849 2848
f 3049 2848 2847
f 3051 2867 3050
f 3050 2867 2844
f 2844 2852 3050
f 3050 2852 2853
f 3050 2853 2849
f 2865 2870 3052
f 3052 2870 2869
f 3052 2869 3051
f 3051 2869 2868
f 3051 2868 2867
f 2865 3052 2866
f 2866 3052 3053
f 2866 3053 2942
f 2942 3053 2940
f 2940 3053 3054
f 2940 3054 2933
f 3055 2936 3054
f 3054 2936 2934
f 3054 2934 2933
f 2429 2930 2430
f 2430 2930 2932
f 2430 2932 3055
f 3055 2932 2937
f 3055 2937 2936
f 2423 2424 3056
f 3056 2424 2960
f 3056 2960 3057
f 3057 2960 2964
f 3057 2964 3058
f 3058 2964 2963
f 3058 2963 3059
f 3059 2963 2962
f 3059 2962 3060
f 3060 2962 2961
f 3060 2961 2411
f 2411 2961 2412
f 2432 2411 2433
f 2433 2411 2413
f 2433 2413 2436
f 2436 2413 2415
f 2436 2415 2443
f 2443 2415 2417
f 2443 2417 2447
f 2447 2417 2419
f 2447 2419 2450
f 2450 2419 2421
f 2450 2421 2428
f 2428 2421 2423
f 2428 2423 2425
f 2432 2430 2411
f 2411 2430 3055
f 2411 3055 3060
f 3060 3055 3054
f 3060 3054 3059
f 3059 3054 3053
f 3059 3053 3058
f 3058 3053 3052
f 3058 3052 3057
f 3057 3052 3051
f 3057 3051 3056
f 3056 3051 3050
f 3056 3050 2423
f 2423 3050 3049
f 2423 3049 2425
f 184 2796 2959
f 2959 2796 2812
f 2959 2812 269
f 265 2814 2948
f 2948 2814 2809
f 2948 2809 182
f 3028 2403 2378
f 2378 3061 3028
f 3028 3061 3062
f 3028 3062 3029
f 3029 3062 3063
f 3029 3063 3030
f 3030 3063 3064
f 3030 3064 3031
f 3031 3064 3065
f 3031 3065 3032
f 3032 3065 3023
f 3023 3065 3066
f 3023 3066 3024
f 3024 3066 3067
f 3024 3067 3026
f 3026 3067 3068
f 3026 3068 3027
f 3027 3068 3069
f 3027 3069 3022
f 3022 3069 3070
f 3022 3070 3020
f 3070 3071 3020
f 3020 3071 2394
f 3020 2394 2399
f 2394 3071 2395
f 2395 3071 2802
f 3071 3070 2802
f 2802 3070 3069
f 2802 3069 2805
f 3069 3068 2805
f 2805 3068 3067
f 2805 3067 2808
f 3067 3066 2808
f 2808 3066 3065
f 2808 3065 2810
f 3065 3064 2810
f 2810 3064 3063
f 2810 3063 2811
f 2378 2380 3061
f 3061 2380 2811
f 3061 2811 3062
f 3062 2811 3063
f 2377 3072 3073
f 3074 3072 2377
f 2370 3074 2377
f 2377 3075 2376
f 3076 3075 2377
f 3073 3076 2377
f 31 2376 304
f 304 2376 3075
f 304 3075 303
f 303 3075 3076
f 303 3076 302
f 302 3076 3073
f 302 3073 301
f 301 3073 3072
f 301 3072 300
f 300 3072 3074
f 300 3074 43
f 43 3074 2370
f 2369 3077 3078
f 3079 3077 2369
f 2362 3079 2369
f 2369 3080 2368
f 3081 3080 2369
f 3078 3081 2369
f 46 2368 298
f 298 2368 3080
f 298 3080 297
f 297 3080 3081
f 297 3081 296
f 296 3081 3078
f 296 3078 295
f 295 3078 3077
f 295 3077 294
f 294 3077 3079
f 294 3079 58
f 58 3079 2362
f 2361 3082 3083
f 3084 3082 2361
f 2348 3084 2361
f 2361 3085 2360
f 3086 3085 2361
f 3083 3086 2361
f 2359 2360 2763
f 2763 2360 3085
f 2763 3085 2764
f 2764 3085 3086
f 2764 3086 2746
f 2746 3086 3083
f 2746 3083 2747
f 2747 3083 3082
f 2747 3082 2748
f 2748 3082 3084
f 2748 3084 2347
f 2347 3084 2348
f 2346 3087 3088
f 3089 3087 2346
f 2333 3089 2346
f 2346 3090 2345
f 3091 3090 2346
f 3088 3091 2346
f 2344 2345 2768
f 2768 2345 3090
f 2768 3090 2769
f 2769 3090 3091
f 2769 3091 2771
f 2771 3091 3088
f 2771 3088 2772
f 2772 3088 3087
f 2772 3087 2773
f 2773 3087 3089
f 2773 3089 2332
f 2332 3089 2333

