# https://github.com/mikedh/trimesh
v -0.02063202 0.04251790 -0.00641594
v -0.02063365 0.03901790 -0.00642042
v -0.02083297 0.04251704 -0.00566594
v -0.02083461 0.03901704 -0.00567043
v -0.02138201 0.04251659 -0.00511690
v -0.02138365 0.03901659 -0.00512139
v -0.02213201 0.04251668 -0.00491593
v -0.02213365 0.03901668 -0.00492042
v -0.02288201 0.04251729 -0.00511690
v -0.02288365 0.03901729 -0.00512139
v -0.02343105 0.04251825 -0.00566593
v -0.02343269 0.03901825 -0.00567042
v -0.02363201 0.04251930 -0.00641593
v -0.02363365 0.03901931 -0.00642042
v -0.02146392 0.04301829 -0.00641529
v -0.02155340 0.04301791 -0.00608136
v -0.02179785 0.04301771 -0.00583691
v -0.02213178 0.04301775 -0.00574743
v -0.02246571 0.04301802 -0.00583691
v -0.02271017 0.04301845 -0.00608136
v -0.02279964 0.04301891 -0.00641529
v -0.06892829 0.04252385 0.00652506
v -0.06892993 0.03902385 0.00652057
v -0.06912926 0.04252298 0.00727506
v -0.06913089 0.03902298 0.00727057
v -0.06967829 0.04252253 0.00782410
v -0.06967993 0.03902254 0.00781961
v -0.07042829 0.04252263 0.00802506
v -0.07042993 0.03902263 0.00802057
v -0.07117829 0.04252324 0.00782410
v -0.07117993 0.03902324 0.00781961
v -0.07172733 0.04252420 0.00727506
v -0.07172897 0.03902420 0.00727057
v -0.07192829 0.04252525 0.00652506
v -0.07192992 0.03902525 0.00652057
v -0.06976020 0.04302424 0.00652570
v -0.06984968 0.04302385 0.00685963
v -0.07009413 0.04302365 0.00710409
v -0.07042806 0.04302369 0.00719356
v -0.07076199 0.04302397 0.00710409
v -0.07100645 0.04302439 0.00685963
v -0.07109592 0.04302486 0.00652570
v -0.06117032 0.03900801 0.01605008
v -0.06116845 0.04300801 0.01605521
v -0.06157038 0.04300627 0.01755521
v -0.06157225 0.03900627 0.01755008
v -0.06266845 0.04300537 0.01865328
v -0.06267032 0.03900537 0.01864815
v -0.06416845 0.04300556 0.01905521
v -0.06417032 0.03900556 0.01905008
v -0.06117034 0.03904905 -0.01594990
v -0.06116847 0.04304905 -0.01594477
v -0.06136595 0.04304777 -0.01487430
v -0.06136782 0.03904777 -0.01487943
v -0.06193240 0.04304684 -0.01394477
v -0.06193427 0.03904684 -0.01394990
v -0.01528016 0.04250710 0.00005453
v -0.01531098 0.04268017 0.00005475
v -0.01543689 0.04267665 0.00284456
v -0.02048367 0.04266061 0.01719040
v -0.02183098 0.04267330 0.01905476
v -0.02178525 0.04248577 0.01905452
v -0.02057983 0.04284123 0.01712670
v -0.02198409 0.04284458 0.01905498
v -0.02229458 0.04297620 0.01905515
v -0.02220376 0.04295555 0.01905512
v -0.02073012 0.04295697 0.01702698
v -0.02087426 0.04298807 0.01693126
v -0.02242095 0.04298607 0.01905516
v -0.01882672 0.04296031 0.01373569
v -0.01898160 0.04299138 0.01365855
v -0.01734513 0.04296411 0.01023421
v -0.01750837 0.04299516 0.01017682
v -0.01630811 0.04296832 0.00657634
v -0.01647720 0.04299935 0.00653959
v -0.01573159 0.04297287 0.00281827
v -0.01590393 0.04300387 0.00280272
v -0.01560688 0.04297635 0.00005513
v -0.01577992 0.04300734 0.00005517
v -0.01706601 0.04266781 0.01033208
v -0.01598886 0.04249898 0.00664525
v -0.01601898 0.04267206 0.00663890
v -0.01593993 0.04249925 0.00641620
v -0.01540620 0.04250358 0.00284712
v -0.01856190 0.04266398 0.01386735
v -0.01759109 0.04249312 0.01179922
v -0.01703694 0.04249473 0.01034211
v -0.02045801 0.04248752 0.01720728
v -0.02018870 0.04248792 0.01679478
v -0.01853432 0.04249089 0.01388091
v -0.01866523 0.04284459 0.01381605
v -0.01717492 0.04284841 0.01029396
v -0.01613180 0.04285264 0.00661456
v -0.01555188 0.04285722 0.00283438
v -0.01542644 0.04286072 0.00005498
v -0.01080751 -0.01606217 -0.00693501
v -0.01080873 -0.01867367 -0.00844722
v -0.01139134 -0.01602706 -0.00701518
v -0.01145696 -0.01863083 -0.00854415
v -0.01191945 -0.01592020 -0.00725396
v -0.01209475 -0.01848104 -0.00886021
v -0.01230469 -0.01577708 -0.00755992
v -0.01232172 -0.01838722 -0.00905241
v -0.01245090 -0.01570137 -0.00771584
v -0.01255263 -0.01824906 -0.00932580
v -0.01277216 -0.01541989 -0.00826396
v -0.01280851 -0.01795442 -0.00988074
v -0.01285450 -0.01508562 -0.00885961
v -0.01284403 -0.01761199 -0.01048029
v -0.01279398 -0.01488107 -0.00919922
v -0.01279602 -0.01747700 -0.01070259
v -0.01274043 -0.01479081 -0.00934375
v -0.01262559 -0.01723925 -0.01108169
v -0.01254385 -0.01457891 -0.00967132
v -0.01232107 -0.01700105 -0.01144623
v -0.01080777 -0.01661911 -0.01199529
v -0.01080655 -0.01400762 -0.01048308
v -0.01094534 -0.01662193 -0.01199162
v -0.01118154 -0.01402837 -0.01045506
v -0.01160451 -0.01671423 -0.01186438
v -0.01181492 -0.01417398 -0.01025630
v -0.01217622 -0.01692054 -0.01156529
v -0.01230442 -0.01440805 -0.00992433
v -0.01238629 -0.01446049 -0.00984768
v -0.01080654 -0.01403447 0.01044712
v -0.01080776 -0.01664983 0.01195263
v -0.01139042 -0.01408621 0.01037686
v -0.01145604 -0.01671221 0.01186734
v -0.01191864 -0.01423944 0.01016514
v -0.01209399 -0.01691088 0.01157984
v -0.01230404 -0.01443276 0.00988837
v -0.01232107 -0.01703037 0.01140258
v -0.01245033 -0.01452991 0.00974490
v -0.01254704 -0.01460588 0.00963054
v -0.01255211 -0.01719799 0.01114633
v -0.01277188 -0.01486377 0.00922720
v -0.01280829 -0.01753120 0.01061380
v -0.01285454 -0.01521247 0.00863993
v -0.01284413 -0.01787921 0.01001749
v -0.01279420 -0.01540432 0.00829295
v -0.01279624 -0.01800424 0.00978941
v -0.01274073 -0.01548437 0.00814250
v -0.01274233 -0.01808895 0.00963145
v -0.01262602 -0.01821372 0.00939389
v -0.01238688 -0.01575570 0.00760433
v -0.01232171 -0.01841039 0.00900522
v -0.01230504 -0.01579588 0.00752056
v -0.01217692 -0.01847327 0.00887590
v -0.01181573 -0.01596646 0.00715166
v -0.01160538 -0.01862927 0.00854746
v -0.01118247 -0.01606593 0.00692592
v -0.01094628 -0.01869348 0.00840363
v -0.01080750 -0.01607991 0.00689379
v -0.01080872 -0.01869527 0.00839930
v -0.01079903 0.00203275 0.01738214
v -0.01079903 0.00202888 0.02039987
v -0.01138292 0.00194617 0.01739205
v -0.01144733 0.00192397 0.02041150
v -0.01191120 0.00168632 0.01741911
v -0.01208535 0.00157580 0.02044006
v -0.01229666 0.00135006 0.01744830
v -0.01231247 0.00136261 0.02045501
v -0.01244299 0.00117727 0.01746076
v -0.01254358 0.00105693 0.02047214
v -0.01276467 0.00056207 0.01749117
v -0.01279989 0.00042919 0.02049455
v -0.01284999 -0.00001462 0.01750000
v -0.01283589 -0.00026123 0.02049779
v -0.01080094 -0.00207112 0.02039461
v -0.01080095 -0.00206725 0.01737688
v -0.01093851 -0.00206644 0.02039527
v -0.01117591 -0.00203235 0.01738099
v -0.01159756 -0.00190963 0.02041185
v -0.01180910 -0.00178696 0.01740797
v -0.01216901 -0.00154705 0.02044120
v -0.01229830 -0.00138209 0.01744490
v -0.01231376 -0.00140358 0.02045146
v -0.01238011 -0.00128943 0.01745202
v -0.01261796 -0.00096858 0.02047560
v -0.01273382 -0.00068761 0.01748626
v -0.01278807 -0.00052127 0.02049201
v -0.01278724 -0.00051728 0.01749219
v -0.01284749 -0.00012086 0.01749955
v -0.01079249 0.01607226 0.00693503
v -0.01079127 0.01868375 0.00844725
v -0.01137635 0.01603769 0.00701521
v -0.01143954 0.01864152 0.00854418
v -0.01190456 0.01593132 0.00725398
v -0.01207747 0.01849233 0.00886024
v -0.01228993 0.01578856 0.00755994
v -0.01230453 0.01839872 0.00905244
v -0.01243622 0.01571299 0.00771587
v -0.01253556 0.01826078 0.00932583
v -0.01275774 0.01543181 0.00826398
v -0.01272539 0.01807615 0.00967769
v -0.01279171 0.01796637 0.00988077
v -0.01284039 0.01509762 0.00885964
v -0.01282755 0.01762398 0.01048032
v -0.01278006 0.01489301 0.00919925
v -0.01277967 0.01748894 0.01070262
v -0.01272659 0.01480270 0.00934378
v -0.01260946 0.01725104 0.01108172
v -0.01253021 0.01459062 0.00967134
v -0.01230517 0.01701255 0.01144625
v -0.01079222 0.01662920 0.01199532
v -0.01079344 0.01401770 0.01048310
v -0.01092979 0.01663215 0.01199165
v -0.01116841 0.01403880 0.01045508
v -0.01158887 0.01672506 0.01186440
v -0.01180165 0.01418501 0.01025632
v -0.01216039 0.01693190 0.01156531
v -0.01229094 0.01441953 0.00992435
v -0.01237276 0.01447205 0.00984770
v -0.01079345 0.01404455 -0.01044710
v -0.01079223 0.01665991 -0.01195261
v -0.01137728 0.01409684 -0.01037683
v -0.01144045 0.01672290 -0.01186731
v -0.01190536 0.01425056 -0.01016512
v -0.01207822 0.01692216 -0.01157981
v -0.01229058 0.01444424 -0.00988835
v -0.01230518 0.01704186 -0.01140256
v -0.01079128 0.01870536 -0.00839928
v -0.01079250 0.01609000 -0.00689377
v -0.01092884 0.01870369 -0.00840361
v -0.01116748 0.01607636 -0.00692589
v -0.01158800 0.01864010 -0.00854743
v -0.01180084 0.01597748 -0.00715164
v -0.01215969 0.01848464 -0.00887588
v -0.01229031 0.01580737 -0.00752053
v -0.01230453 0.01842188 -0.00900519
v -0.01237218 0.01576726 -0.00760430
v -0.01260903 0.01822550 -0.00939387
v -0.01272629 0.01549626 -0.00814247
v -0.01277945 0.01801618 -0.00978938
v -0.01277983 0.01541626 -0.00829293
v -0.01282745 0.01789120 -0.01001746
v -0.01284035 0.01522447 -0.00863990
v -0.01279193 0.01754316 -0.01061377
v -0.01275801 0.01487569 -0.00922718
v -0.01253607 0.01720971 -0.01114631
v -0.01253342 0.01461759 -0.00963052
v -0.01243678 0.01454153 -0.00974488
v -0.01080096 -0.00202266 -0.01738212
v -0.01080097 -0.00201879 -0.02039984
v -0.01138477 -0.00193554 -0.01739203
v -0.01144916 -0.00191328 -0.02041148
v -0.01191281 -0.00167520 -0.01741909
v -0.01208686 -0.00156452 -0.02044004
v -0.01229796 -0.00133858 -0.01744828
v -0.01231378 -0.00135111 -0.02045498
v -0.01244412 -0.00116566 -0.01746073
v -0.01254461 -0.00104521 -0.02047212
v -0.01276523 -0.00055015 -0.01749115
v -0.01280033 -0.00041724 -0.02049452
v -0.01285001 0.00002661 -0.01749997
v -0.01283569 0.00027321 -0.02049777
v -0.01079905 0.00208120 -0.02039458
v -0.01079905 0.00207733 -0.01737686
v -0.01093662 0.00207665 -0.02039525
v -0.01117405 0.00204278 -0.01738096
v -0.01159582 0.00192045 -0.02041182
v -0.01180747 0.00179799 -0.01740794
v -0.01216760 0.00155841 -0.02044118
v -0.01229705 0.00139357 -0.01744487
v -0.01231248 0.00141508 -0.02045143
v -0.01237894 0.00130099 -0.01745199
v -0.01261709 0.00098036 -0.02047557
v -0.01273321 0.00069950 -0.01748624
v -0.01278762 0.00053321 -0.02049199
v -0.01278679 0.00052922 -0.01749216
v -0.01284741 0.00013285 -0.01749953
v -0.01061887 -0.01403964 0.01044028
v -0.01430550 -0.01181662 0.01290194
v -0.01430681 -0.01461071 0.00962197
v -0.01430771 -0.01651868 0.00575871
v -0.01010283 -0.01603290 0.00700322
v -0.00630771 -0.01652241 0.00575870
v -0.00950623 -0.01589085 0.00732052
v -0.00929403 -0.01580498 0.00750438
v -0.00903049 -0.01565109 0.00782058
v -0.00879504 -0.01536318 0.00837237
v -0.00630681 -0.01461444 0.00962196
v -0.00876648 -0.01506209 0.00890282
v -0.00881973 -0.01490646 0.00916106
v -0.00894994 -0.01471981 0.00945803
v -0.00906984 -0.01460453 0.00963505
v -0.00630551 -0.01182035 0.01290193
v -0.00936920 -0.01439854 0.00994013
v -0.00996536 -0.01414706 0.01029463
v -0.00936181 0.00141131 0.01744336
v -0.00995789 0.00184419 0.01740306
v -0.00629800 0.00425713 0.01697505
v -0.00874999 -0.00001924 0.01749999
v -0.00875935 0.00018106 0.01749912
v -0.00629999 -0.00001951 0.01749999
v -0.00881254 0.00048253 0.01749347
v -0.00894267 0.00083306 0.01748037
v -0.01061136 0.00202419 0.01738312
v -0.01429799 0.00426086 0.01697505
v -0.01429999 -0.00001577 0.01750000
v -0.01430198 -0.00429104 0.01696408
v -0.01009624 -0.00194913 0.01739060
v -0.00630199 -0.00429478 0.01696408
v -0.00949955 -0.00160346 0.01742599
v -0.00928730 -0.00140134 0.01744346
v -0.00902366 -0.00105063 0.01746819
v -0.00878806 -0.00042886 0.01749465
v -0.00629318 0.01459559 0.00965943
v -0.00878090 0.01493842 0.00912229
v -0.00875233 0.01524724 0.00859630
v -0.00629229 0.01651347 0.00580107
v -0.00880559 0.01539310 0.00833242
v -0.00893581 0.01555705 0.00802235
v -0.00935509 0.01581422 0.00750324
v -0.00995129 0.01599590 0.00710844
v -0.01060482 0.01606879 0.00694286
v -0.01429228 0.01651721 0.00580108
v -0.01429317 0.01459933 0.00965944
v -0.01008876 0.01408848 0.01038738
v -0.00629448 0.01179310 0.01293222
v -0.01429448 0.01179683 0.01293223
v -0.00949214 0.01429182 0.01010548
v -0.00927993 0.01440797 0.00993909
v -0.00901636 0.01460468 0.00964762
v -0.01429183 0.01750666 0.00002246
v -0.00629183 0.01750292 0.00002245
v -0.01429186 0.01743420 0.00159106
v -0.00629186 0.01743046 0.00159105
v -0.01429612 0.00827960 0.01542106
v -0.00629612 0.00827587 0.01542105
v -0.01430386 -0.00830578 0.01539979
v -0.00630386 -0.00830952 0.01539978
v -0.01430813 -0.01742487 0.00154635
v -0.00630814 -0.01742860 0.00154634
v -0.01430817 -0.01749331 -0.00002243
v -0.00630817 -0.01749704 -0.00002244
v -0.02000940 -0.00946563 -0.01817895
v -0.02038993 -0.00855180 -0.01862664
v -0.00630402 -0.00855570 -0.01862792
v -0.01425300 -0.01971644 -0.00559011
v -0.01430817 -0.01930777 -0.00687038
v -0.01067130 -0.01867199 -0.00845154
v -0.01001221 -0.01860807 -0.00859513
v -0.00630921 -0.01972024 -0.00558983
v -0.01425621 -0.01975962 -0.00543545
v -0.01433386 -0.02003440 -0.00431331
v -0.01440524 -0.02014664 -0.00375389
v -0.00630955 -0.02045994 -0.00123309
v -0.01475693 -0.02039931 -0.00195887
v -0.00630957 -0.02049704 -0.00002629
v -0.01530957 -0.02049284 -0.00002628
v -0.01386112 0.01974360 -0.00554039
v -0.01382327 0.01979491 -0.00535414
v -0.00629079 0.01974039 -0.00553921
v -0.01353066 0.02018877 -0.00359425
v -0.00629045 0.02046891 -0.00118059
v -0.01335215 0.02042614 -0.00181208
v -0.00629043 0.02050292 0.00002630
v -0.01329046 0.02050620 -0.00001342
v -0.01329043 0.02050619 0.00002631
v -0.00629156 0.01809471 -0.00964043
v -0.00879151 0.01798981 -0.00983460
v -0.00904722 0.01828289 -0.00927917
v -0.00927828 0.01842047 -0.00900520
v -0.00950511 0.01851374 -0.00881287
v -0.01014299 0.01866276 -0.00849633
v -0.01421643 0.01925782 -0.00704570
v -0.01469864 0.01858662 -0.00866308
v -0.01504369 0.01809713 -0.00964366
v -0.01670476 0.01561256 -0.01329444
v -0.01526144 0.01778405 -0.01020934
v -0.01588894 0.01686206 -0.01166922
v -0.01656036 0.01583840 -0.01302457
v -0.01065481 0.01666272 -0.01194894
v -0.00629273 0.01560833 -0.01329367
v -0.00999570 0.01675465 -0.01182152
v -0.00942403 0.01696012 -0.01152201
v -0.00927894 0.01704044 -0.01140257
v -0.00897449 0.01727764 -0.01103754
v -0.00880399 0.01751448 -0.01065771
v -0.00875599 0.01764884 -0.01043518
v -0.01726472 0.01471498 -0.01428156
v -0.00629423 0.01239679 -0.01632918
v -0.01799091 0.01348984 -0.01544345
v -0.02010376 0.00929209 -0.01827812
v -0.01943059 0.01077122 -0.01744779
v -0.00629600 0.00860934 -0.01860590
v -0.01872130 0.01216934 -0.01650361
v -0.01859614 0.01240312 -0.01632872
v -0.02169532 0.00436156 -0.02003283
v -0.02126419 0.00607187 -0.01958321
v -0.00629796 0.00442196 -0.02001804
v -0.02072316 0.00772426 -0.01899301
v -0.02038200 0.00861878 -0.01860472
v -0.00951301 0.00162691 -0.02043595
v -0.01015079 0.00197570 -0.02040648
v -0.00630001 0.00002924 -0.02049998
v -0.00876434 -0.00021067 -0.02049838
v -0.00879970 0.00047994 -0.02049337
v -0.00928624 0.00141366 -0.02045143
v -0.00905525 0.00110756 -0.02046936
v -0.02199645 0.00258992 -0.02033702
v -0.02214551 0.00078408 -0.02048537
v -0.02215974 0.00003649 -0.02050002
v -0.02213265 -0.00101372 -0.02047454
v -0.02196075 -0.00280337 -0.02030597
v -0.02168466 -0.00435888 -0.02002899
v -0.00630206 -0.00436471 -0.02002931
v -0.01066354 -0.00201424 -0.02040049
v -0.01000440 -0.00185809 -0.02041667
v -0.00943266 -0.00149610 -0.02044508
v -0.00928753 -0.00135253 -0.02045498
v -0.00898299 -0.00091788 -0.02047801
v -0.00881239 -0.00047056 -0.02049328
v -0.02163772 -0.00457279 -0.01998115
v -0.02118994 -0.00627176 -0.01951384
v -0.02064043 -0.00790136 -0.01891204
v -0.00630728 -0.01556829 -0.01333366
v -0.01671953 -0.01556256 -0.01333485
v -0.00630578 -0.01234898 -0.01636092
v -0.01716708 -0.01484431 -0.01413004
v -0.01789239 -0.01362669 -0.01530801
v -0.01861698 -0.01232652 -0.01637352
v -0.01932770 -0.01094158 -0.01733038
v -0.00944056 -0.01845182 -0.00892306
v -0.00929547 -0.01838864 -0.00905241
v -0.00630845 -0.01806403 -0.00968681
v -0.00899104 -0.01819132 -0.00944046
v -0.00882056 -0.01798093 -0.00983556
v -0.00929482 -0.01700247 -0.01144622
v -0.00952164 -0.01688238 -0.01162307
v -0.00877257 -0.01785542 -0.01006320
v -0.00880808 -0.01750576 -0.01065876
v -0.00906378 -0.01717110 -0.01119019
v -0.01015950 -0.01668232 -0.01191014
v -0.01454250 -0.01880446 -0.00814780
v -0.01463855 -0.01866009 -0.00847323
v -0.01505999 -0.01805915 -0.00968866
v -0.01518994 -0.01787148 -0.01003066
v -0.01580220 -0.01697080 -0.01148874
v -0.01646461 -0.01596195 -0.01285407
v -0.02772999 0.04152895 -0.01244673
v -0.02772929 0.04302895 -0.01244481
v -0.02731467 0.04152677 -0.01089673
v -0.02731397 0.04302677 -0.01089481
v -0.02617999 0.04152478 -0.00976205
v -0.02617929 0.04302478 -0.00976013
v -0.02462999 0.04152353 -0.00934673
v -0.02462929 0.04302353 -0.00934481
v -0.02307999 0.04152333 -0.00976206
v -0.02307929 0.04302334 -0.00976013
v -0.02194531 0.04152426 -0.01089674
v -0.02194461 0.04302426 -0.01089481
v -0.02152999 0.04152605 -0.01244674
v -0.02152929 0.04302606 -0.01244481
v -0.02633116 0.03902830 -0.01244994
v -0.02632999 0.04152830 -0.01244673
v -0.02610340 0.03902710 -0.01159994
v -0.02610224 0.04152710 -0.01159673
v -0.02548116 0.03902601 -0.01097770
v -0.02547999 0.04152601 -0.01097449
v -0.02463116 0.03902532 -0.01074994
v -0.02462999 0.04152532 -0.01074673
v -0.02378116 0.03902522 -0.01097770
v -0.02377999 0.04152522 -0.01097449
v -0.02315892 0.03902572 -0.01159994
v -0.02315775 0.04152573 -0.01159673
v -0.02293116 0.03902671 -0.01244994
v -0.02292999 0.04152671 -0.01244673
v -0.02772998 0.04149688 0.01255325
v -0.02772928 0.04299688 0.01255517
v -0.02731466 0.04149470 0.01410325
v -0.02731396 0.04299470 0.01410517
v -0.02617998 0.04149272 0.01523793
v -0.02617928 0.04299272 0.01523985
v -0.02462998 0.04149146 0.01565324
v -0.02462928 0.04299146 0.01565517
v -0.02307998 0.04149127 0.01523792
v -0.02307928 0.04299127 0.01523985
v -0.02194530 0.04149219 0.01410324
v -0.02194460 0.04299220 0.01410517
v -0.02152998 0.04149399 0.01255324
v -0.02152928 0.04299399 0.01255517
v -0.02633115 0.03899623 0.01255004
v -0.02632998 0.04149623 0.01255325
v -0.02610339 0.03899503 0.01340004
v -0.02610222 0.04149503 0.01340325
v -0.02548115 0.03899394 0.01402228
v -0.02547998 0.04149394 0.01402549
v -0.02463115 0.03899325 0.01425004
v -0.02462998 0.04149326 0.01425325
v -0.02378115 0.03899315 0.01402228
v -0.02377998 0.04149315 0.01402549
v -0.02315890 0.03899366 0.01340004
v -0.02315774 0.04149366 0.01340324
v -0.02293115 0.03899464 0.01255004
v -0.02292998 0.04149464 0.01255324
v -0.07103125 0.04151710 0.01255330
v -0.07103055 0.04301710 0.01255522
v -0.07061592 0.04151491 0.01410330
v -0.07061522 0.04301492 0.01410522
v -0.06948125 0.04151293 0.01523797
v -0.06948055 0.04301293 0.01523990
v -0.06793124 0.04151167 0.01565329
v -0.06793054 0.04301168 0.01565522
v -0.06638125 0.04151148 0.01523797
v -0.06638055 0.04301149 0.01523989
v -0.06524657 0.04151241 0.01410329
v -0.06524587 0.04301241 0.01410521
v -0.06483125 0.04151420 0.01255329
v -0.06483055 0.04301421 0.01255521
v -0.06963241 0.03901644 0.01255009
v -0.06963125 0.04151645 0.01255330
v -0.06940465 0.03901525 0.01340009
v -0.06940349 0.04151525 0.01340329
v -0.06878241 0.03901416 0.01402233
v -0.06878125 0.04151416 0.01402554
v -0.06793241 0.03901347 0.01425009
v -0.06793125 0.04151347 0.01425329
v -0.06708241 0.03901337 0.01402233
v -0.06708125 0.04151336 0.01402554
v -0.06646017 0.03901387 0.01340009
v -0.06645901 0.04151387 0.01340329
v -0.06623241 0.03901486 0.01255009
v -0.06623125 0.04151486 0.01255329
v -0.07103126 0.04154916 -0.01244668
v -0.07103056 0.04304917 -0.01244476
v -0.07061594 0.04154698 -0.01089668
v -0.07061524 0.04304698 -0.01089476
v -0.06948126 0.04154500 -0.00976201
v -0.06948056 0.04304500 -0.00976008
v -0.06793126 0.04154374 -0.00934669
v -0.06793056 0.04304374 -0.00934476
v -0.06638126 0.04154355 -0.00976201
v -0.06638056 0.04304355 -0.00976009
v -0.06524658 0.04154447 -0.01089669
v -0.06524588 0.04304448 -0.01089477
v -0.06483126 0.04154627 -0.01244669
v -0.06483056 0.04304627 -0.01244477
v -0.06963243 0.03904851 -0.01244989
v -0.06963126 0.04154851 -0.01244668
v -0.06940467 0.03904732 -0.01159989
v -0.06940350 0.04154731 -0.01159668
v -0.06878243 0.03904623 -0.01097765
v -0.06878126 0.04154623 -0.01097444
v -0.06793243 0.03904554 -0.01074989
v -0.06793126 0.04154554 -0.01074669
v -0.06708243 0.03904543 -0.01097765
v -0.06708126 0.04154543 -0.01097444
v -0.06646018 0.03904594 -0.01159989
v -0.06645902 0.04154594 -0.01159669
v -0.06623243 0.03904692 -0.01244989
v -0.06623126 0.04154692 -0.01244669
v -0.02528179 0.03901177 0.00005005
v -0.02527992 0.04301177 0.00005518
v -0.02563028 0.03901682 -0.00375980
v -0.02562841 0.04301682 -0.00375467
v -0.02666418 0.03902203 -0.00744320
v -0.02666231 0.04302203 -0.00743807
v -0.02834916 0.03902722 -0.01087791
v -0.02834729 0.04302722 -0.01087278
v -0.03062932 0.03903223 -0.01394993
v -0.03062745 0.04303223 -0.01394480
v -0.01707672 -0.01961571 -0.01034356
v -0.01655880 -0.02048108 -0.00873785
v -0.01762052 -0.02047670 -0.01177096
v -0.02020934 -0.02009288 -0.01675260
v -0.02108355 -0.01962670 -0.01804371
v -0.02029566 -0.01353056 -0.01688284
v -0.02183767 -0.01900889 -0.01905486
v -0.02243706 -0.01828505 -0.01980100
v -0.02289377 -0.01745673 -0.02033904
v -0.02316838 -0.01663577 -0.02065063
v -0.02329983 -0.01573950 -0.02079645
v -0.02278107 0.00666231 -0.02019059
v -0.02318620 0.00478507 -0.02065432
v -0.02365152 0.03303819 -0.02114119
v -0.02346920 0.00284054 -0.02096811
v -0.02360936 0.00085851 -0.02112121
v -0.02105825 0.01182045 -0.01798849
v -0.02169072 0.01019690 -0.01884472
v -0.02227270 0.00847600 -0.01958193
v -0.02178970 0.03303452 -0.01895763
v -0.02020663 0.01375761 -0.01672959
v -0.02039184 0.01335511 -0.01701489
v -0.02359741 -0.00111469 -0.02111020
v -0.02363585 -0.01082106 -0.02115877
v -0.02343607 -0.00307892 -0.02093655
v -0.02313274 -0.00502091 -0.02060180
v -0.02271222 -0.00688556 -0.02012013
v -0.02219614 -0.00867405 -0.01949979
v -0.02338786 -0.01238692 -0.02089095
v -0.02330724 -0.01546245 -0.02080445
v -0.02330654 -0.01396245 -0.02080252
v -0.02096320 -0.01201064 -0.01786928
v -0.02160347 -0.01039082 -0.01874407
v -0.02467075 -0.00770335 -0.02221392
v -0.02541690 -0.00628055 -0.02291597
v -0.02457885 -0.00790804 -0.02212418
v -0.02406085 -0.00925472 -0.02160416
v -0.02642504 -0.00479551 -0.02379473
v -0.02762623 -0.00341798 -0.02474766
v -0.02785654 0.03304496 -0.02488565
v -0.02786594 -0.00318009 -0.02492656
v -0.02905256 -0.00214129 -0.02576105
v -0.03268059 -0.00004137 -0.02784804
v -0.03266951 0.03305095 -0.02780773
v -0.03232177 -0.00019223 -0.02766983
v -0.03062727 -0.00105974 -0.02674737
v -0.03389212 0.00039125 -0.02840810
v -0.03569278 0.00082776 -0.02912787
v -0.03793164 0.03305598 -0.02981105
v -0.03750374 0.00103494 -0.02972466
v -0.03794645 0.00105195 -0.02985206
v -0.03829954 0.00105629 -0.02994861
v -0.04346932 0.03305987 -0.03082950
v -0.04348426 0.00105990 -0.03087054
v -0.04911482 0.00106253 -0.03087054
v -0.04909988 0.03306250 -0.03082949
v -0.05465251 0.00106381 -0.02985207
v -0.05463757 0.03306378 -0.02981103
v -0.05991463 0.00106369 -0.02784875
v -0.05989970 0.03306367 -0.02780771
v -0.06472760 0.00106219 -0.02492666
v -0.06471266 0.03306216 -0.02488561
v -0.06893262 0.00105935 -0.02118219
v -0.06891768 0.03305933 -0.02114115
v -0.07144060 0.04255655 -0.01805485
v -0.07077505 0.04255738 -0.01894539
v -0.07077949 0.03305739 -0.01895758
v -0.07239098 0.00105527 -0.01673889
v -0.07728999 0.00103707 -0.00076742
v -0.07729953 0.00103609 0.00000137
v -0.07728015 0.04253605 0.00005460
v -0.07703916 0.04254089 -0.00380333
v -0.07662038 0.04254390 -0.00630707
v -0.07663975 0.00104394 -0.00636030
v -0.07631992 0.04254542 -0.00760128
v -0.07513362 0.04254959 -0.01128019
v -0.07498859 0.00105007 -0.01174332
v -0.07496922 0.04255003 -0.01169009
v -0.07349871 0.04255332 -0.01478286
v -0.07237161 0.04255523 -0.01668566
v -0.01961507 -0.01495744 -0.01578436
v -0.01893381 -0.01629370 -0.01456993
v -0.01926734 -0.02037754 -0.01518265
v -0.01827399 -0.01752021 -0.01325445
v -0.01830957 -0.02047437 -0.01333040
v -0.01765181 -0.01862732 -0.01184683
v -0.01902335 0.01614941 -0.01472364
v -0.01970562 0.01480458 -0.01592170
v -0.02018872 0.04253087 -0.01668571
v -0.02045802 0.04253152 -0.01709821
v -0.02178527 0.04253451 -0.01894545
v -0.01615947 0.02113629 -0.00726277
v -0.01661251 0.02039943 -0.00893041
v -0.01759110 0.04252325 -0.01169015
v -0.01703695 0.04252112 -0.01023305
v -0.01598887 0.04251589 -0.00653619
v -0.01595103 0.02147024 -0.00634020
v -0.01593994 0.04251557 -0.00630714
v -0.01579009 0.02172596 -0.00551865
v -0.01714125 0.01951839 -0.01052475
v -0.01760422 0.01872646 -0.01172557
v -0.01853434 0.04252636 -0.01377185
v -0.01773079 0.01850628 -0.01203002
v -0.01836159 0.01738258 -0.01342753
v -0.01540620 0.04251074 -0.00273806
v -0.01528949 0.02250712 0.00002888
v -0.01528952 0.02250713 -0.00001209
v -0.01534748 0.02241910 -0.00186659
v -0.01551519 0.02215840 -0.00370410
v -0.02330652 -0.01401091 0.01698088
v -0.02289261 -0.01750635 0.01639927
v -0.02330722 -0.01551091 0.01697895
v -0.02305253 -0.01708854 0.01662578
v -0.02325276 -0.01625450 0.01690358
v -0.02337877 -0.01252959 0.01708102
v -0.02360009 -0.01104637 0.01737668
v -0.02490796 0.03298724 0.01904234
v -0.02398374 -0.00954623 0.01786923
v -0.02455591 -0.00801255 0.01856373
v -0.02536219 -0.00642748 0.01947109
v -0.02635322 -0.00494629 0.02048746
v -0.02641735 0.03298592 0.02061546
v -0.02490516 0.03898723 0.01905003
v -0.02285403 0.03898960 0.01645432
v -0.02643184 -0.00484357 0.02056387
v -0.02753521 -0.00357045 0.02157740
v -0.02896381 -0.00227389 0.02274311
v -0.03072003 -0.00107030 0.02398219
v -0.03070790 0.03298355 0.02402832
v -0.03052857 -0.00118403 0.02385654
v -0.02907896 -0.00218302 0.02283057
v -0.03565454 0.00074927 0.02654610
v -0.03557083 0.03298257 0.02655980
v -0.03386385 0.00031288 0.02575517
v -0.03220673 -0.00031021 0.02488611
v -0.03744598 0.00095870 0.02719639
v -0.03829952 0.00098266 0.02745963
v -0.04082744 0.03298303 0.02811689
v -0.04084238 0.00098306 0.02807584
v -0.04628458 0.03298490 0.02864235
v -0.04629951 0.00098493 0.02860131
v -0.05174171 0.03298812 0.02811690
v -0.05175665 0.00098815 0.02807586
v -0.05699832 0.03299258 0.02655983
v -0.05701326 0.00099260 0.02651878
v -0.06186125 0.03299809 0.02402835
v -0.06187619 0.00099812 0.02398731
v -0.06615181 0.03300447 0.02061550
v -0.06616674 0.00100450 0.02057446
v -0.06766120 0.03300719 0.01904239
v -0.06972726 0.00101151 0.01640563
v -0.06765840 0.03900719 0.01905008
v -0.06970952 0.03901147 0.01645437
v -0.07240918 0.03901885 0.01168276
v -0.07242692 0.00101889 0.01163402
v -0.07414877 0.03902633 0.00648370
v -0.07416651 0.00102637 0.00643496
v -0.07486437 0.03903364 0.00104823
v -0.07488210 0.00103368 0.00099949
v -0.07488178 0.03903493 0.00005011
v -0.07489952 0.00103497 0.00000136
v -0.02190739 0.00572619 0.01494418
v -0.02226899 0.00389694 0.01552081
v -0.02039059 0.01043839 0.01213422
v -0.02093559 0.00900270 0.01323359
v -0.02015438 0.03899446 0.01168270
v -0.02017459 0.01096408 0.01166173
v -0.02024760 0.01078900 0.01182379
v -0.02140693 0.00757489 0.01409869
v -0.02149670 0.00727530 0.01425541
v -0.02250109 0.00204427 0.01587024
v -0.02259283 0.00023361 0.01599847
v -0.02259430 -0.00001020 0.01600001
v -0.02254483 -0.00151626 0.01592701
v -0.02237982 -0.00318439 0.01567781
v -0.02227178 -0.00392131 0.01550943
v -0.02206215 -0.00506391 0.01517410
v -0.02166706 -0.00671418 0.01451842
v -0.02141381 -0.00759176 0.01407885
v -0.02116771 -0.00836566 0.01363272
v -0.02017923 -0.01098661 0.01162273
v -0.02109186 -0.01966165 0.01346729
v -0.02174675 -0.01913958 0.01462675
v -0.02065953 -0.00978378 0.01265265
v -0.02025652 -0.01080047 0.01179602
v -0.02273371 -0.01783798 0.01616968
v -0.02228906 -0.01853542 0.01550107
v -0.02013737 -0.01108622 0.01152769
v -0.02018310 -0.02014054 0.01160933
v -0.02041386 -0.02004132 0.01211450
v -0.01960577 -0.01229086 0.01023280
v -0.01911952 -0.01331247 0.00886233
v -0.01965968 -0.02031786 0.01035416
v -0.01862382 -0.01429712 0.00716548
v -0.01890700 -0.02046503 0.00816281
v -0.01844190 -0.01464533 0.00642359
v -0.01844260 -0.02049762 0.00640743
v -0.01825020 -0.01500670 0.00552661
v -0.01820028 -0.01510006 0.00526608
v -0.01830957 -0.02049891 0.00580124
v -0.01795174 -0.01555888 0.00369601
v -0.01772699 -0.02049299 0.00097185
v -0.01776875 -0.01588685 0.00182881
v -0.01770957 -0.02049172 -0.00002628
v -0.01770747 -0.01599172 -0.00002050
v -0.01909073 0.01334998 0.00883269
v -0.01929050 0.01293576 0.00942865
v -0.01980615 0.01181313 0.01080134
v -0.01771018 0.01597651 0.00100760
v -0.01783195 0.01575816 0.00281832
v -0.01841480 0.03900032 0.00648364
v -0.01807653 0.01530839 0.00468100
v -0.01818635 0.01510314 0.00530582
v -0.01842309 0.01465602 0.00643843
v -0.01882054 0.01389174 0.00795386
v -0.01769921 0.03900695 0.00104817
v -0.01768179 0.03900823 0.00005004
v -0.01769253 0.01600825 0.00002054
v -0.01430353 -0.00759329 0.01407981
v -0.01430181 -0.00392267 0.01551002
v -0.01429253 0.01600666 0.00002054
v -0.01429256 0.01594041 0.00145468
v -0.01429294 0.01510202 0.00530385
v -0.01429376 0.01334853 0.00883149
v -0.01429495 0.01078625 0.01182376
v -0.01429645 0.00757050 0.01409926
v -0.01429816 0.00389622 0.01552005
v -0.01429999 -0.00001385 0.01600000
v -0.01430503 -0.01080319 0.01179606
v -0.01430623 -0.01335779 0.00879723
v -0.01430704 -0.01510222 0.00526511
v -0.01430747 -0.01599331 -0.00002051
v -0.01430744 -0.01593074 0.00141380
v -0.01750838 0.04302113 -0.01006648
v -0.02155340 0.04301876 -0.00674922
v -0.01647720 0.04301598 -0.00642924
v -0.01590393 0.04301092 -0.00269238
v -0.02972351 0.04303782 -0.01863282
v -0.02731397 0.04303075 -0.01399480
v -0.02839139 0.04303760 -0.01894480
v -0.02617930 0.04303167 -0.01512948
v -0.02242097 0.04303481 -0.01894481
v -0.02462929 0.04303148 -0.01554481
v -0.02307929 0.04303022 -0.01512949
v -0.02213178 0.04301946 -0.00708315
v -0.02246571 0.04301950 -0.00699368
v -0.02271017 0.04301930 -0.00674922
v -0.02179785 0.04301919 -0.00699368
v -0.01898162 0.04302628 -0.01354820
v -0.02194462 0.04302824 -0.01399481
v -0.03128300 0.04303407 -0.01514569
v -0.03133713 0.04303585 -0.01651279
v -0.03077857 0.04303719 -0.01776176
v -0.02087428 0.04303136 -0.01682091
v -0.02307928 0.04299816 0.00987049
v -0.02194460 0.04299617 0.01100517
v -0.03077856 0.04299149 0.01787213
v -0.02972350 0.04298988 0.01874319
v -0.02839137 0.04298886 0.01905517
v -0.03133711 0.04299335 0.01662317
v -0.02462928 0.04299941 0.00945517
v -0.02562841 0.04300705 0.00386503
v -0.02617928 0.04299960 0.00987050
v -0.02666230 0.04300281 0.00754844
v -0.02731396 0.04299868 0.01100518
v -0.02834728 0.04299919 0.01098315
v -0.03062744 0.04299631 0.01405518
v -0.03128298 0.04299508 0.01525607
v -0.03128487 0.03903407 -0.01515083
v -0.03133899 0.03903585 -0.01651792
v -0.02610340 0.03902928 -0.01329994
v -0.02972536 0.03898988 0.01873806
v -0.03078042 0.03899149 0.01786700
v -0.03133898 0.03899335 0.01661804
v -0.03078044 0.03903719 -0.01776689
v -0.02972538 0.03903782 -0.01863795
v -0.02839326 0.03903760 -0.01894993
v -0.02548116 0.03902979 -0.01392218
v -0.01769921 0.03900952 -0.00094808
v -0.01841481 0.03901682 -0.00638355
v -0.02463116 0.03902968 -0.01414994
v -0.02490518 0.03903597 -0.01894993
v -0.02378116 0.03902899 -0.01392218
v -0.02285405 0.03903168 -0.01635422
v -0.02839324 0.03898885 0.01905004
v -0.02463115 0.03899762 0.01085004
v -0.02378115 0.03899693 0.01107780
v -0.02315891 0.03899584 0.01170004
v -0.03128485 0.03899508 0.01525094
v -0.03062931 0.03899631 0.01405005
v -0.02610339 0.03899721 0.01170004
v -0.02834915 0.03899919 0.01097802
v -0.02548115 0.03899772 0.01107780
v -0.02666417 0.03900281 0.00754331
v -0.02563027 0.03900705 0.00385990
v -0.02083461 0.03901896 -0.00717042
v -0.02015440 0.03902430 -0.01158261
v -0.02138365 0.03901992 -0.00771946
v -0.02213365 0.03902053 -0.00792042
v -0.02315892 0.03902791 -0.01329994
v -0.02343269 0.03902017 -0.00717042
v -0.02288365 0.03902062 -0.00771946
v -0.06449310 0.03904349 -0.01040686
v -0.06449123 0.04304349 -0.01040173
v -0.06626316 0.03903919 -0.00641091
v -0.06626130 0.04303920 -0.00640578
v -0.06716778 0.03903413 -0.00213512
v -0.06716592 0.04303413 -0.00212999
v -0.06716778 0.03902853 0.00223532
v -0.06716591 0.04302853 0.00224045
v -0.06626315 0.03902262 0.00651110
v -0.06626129 0.04302262 0.00651623
v -0.06449309 0.03901667 0.01050705
v -0.06449123 0.04301667 0.01051218
v -0.06193426 0.03901093 0.01405008
v -0.06193239 0.04301093 0.01405521
v -0.07347148 0.04268831 0.01487748
v -0.07237159 0.04251229 0.01679484
v -0.07141542 0.04268316 0.01814620
v -0.07144058 0.04251010 0.01816403
v -0.07077504 0.04250864 0.01905457
v -0.07628988 0.04269883 0.00770306
v -0.07513361 0.04252051 0.01138938
v -0.07510477 0.04269357 0.01137830
v -0.07496920 0.04251991 0.01179928
v -0.07349870 0.04251525 0.01489205
v -0.07700841 0.04271392 -0.00379926
v -0.07724917 0.04270909 0.00005482
v -0.07703915 0.04253099 0.00391252
v -0.07700841 0.04270403 0.00390890
v -0.07662037 0.04252758 0.00641627
v -0.07631991 0.04252578 0.00771047
v -0.07510478 0.04272261 -0.01126867
v -0.07628989 0.04271845 -0.00759342
v -0.07347149 0.04272634 -0.01476785
v -0.07141543 0.04272957 -0.01803657
v -0.07132158 0.04290994 -0.01796884
v -0.07057579 0.04291566 -0.01894493
v -0.07072931 0.04274427 -0.01894515
v -0.07026417 0.04304745 -0.01894476
v -0.07035598 0.04302664 -0.01894479
v -0.07117502 0.04302528 -0.01786326
v -0.07103455 0.04305599 -0.01776212
v -0.07013889 0.04305709 -0.01894475
v -0.07321143 0.04302208 -0.01462578
v -0.07305947 0.04305280 -0.01454291
v -0.07482910 0.04301839 -0.01116004
v -0.07466801 0.04304913 -0.01109673
v -0.07600289 0.04301427 -0.00751993
v -0.07583518 0.04304504 -0.00747715
v -0.07671454 0.04300978 -0.00376204
v -0.07654281 0.04304057 -0.00374047
v -0.07695299 0.04300499 0.00005520
v -0.07677992 0.04303582 0.00005524
v -0.07671454 0.04299999 0.00387244
v -0.07654281 0.04303084 0.00385094
v -0.07600288 0.04299483 0.00763033
v -0.07583517 0.04302571 0.00758763
v -0.07482909 0.04298962 0.01127044
v -0.07466800 0.04302053 0.01120720
v -0.07321142 0.04298441 0.01473617
v -0.07305945 0.04301536 0.01465338
v -0.07117501 0.04297931 0.01797364
v -0.07103454 0.04301028 0.01787258
v -0.07035622 0.04297721 0.01905517
v -0.07013887 0.04300835 0.01905521
v -0.07077022 0.04257315 0.01905466
v -0.07069485 0.04275179 0.01905489
v -0.07058288 0.04286188 0.01905503
v -0.07336996 0.04290672 -0.01471232
v -0.07499715 0.04290301 -0.01122619
v -0.07617784 0.04289886 -0.00756466
v -0.07689368 0.04289435 -0.00378465
v -0.07713354 0.04288954 0.00005505
v -0.07689368 0.04288450 0.00389475
v -0.07617784 0.04287931 0.00767475
v -0.07499714 0.04287407 0.01133628
v -0.07336995 0.04286883 0.01482241
v -0.07132155 0.04286370 0.01807893
v -0.07047089 0.04293134 0.01905512
v -0.01861059 0.01431430 -0.00716584
v -0.01910712 0.01333026 -0.00886237
v -0.01429377 0.01337114 -0.00879720
v -0.02116075 0.00838292 -0.01363420
v -0.02140675 0.00761175 -0.01407880
v -0.01429646 0.00760664 -0.01407978
v -0.02205795 0.00508212 -0.01517485
v -0.02226814 0.00394211 -0.01550938
v -0.01429818 0.00393602 -0.01550999
v -0.01772512 -0.01595991 -0.00100849
v -0.01430744 -0.01592706 -0.00145465
v -0.01784676 -0.01574134 -0.00281921
v -0.01809086 -0.01529144 -0.00468118
v -0.01430705 -0.01508867 -0.00530382
v -0.01820046 -0.01508616 -0.00530578
v -0.01843625 -0.01463981 -0.00643613
v -0.01430624 -0.01333518 -0.00883146
v -0.01883286 -0.01387547 -0.00795153
v -0.01430504 -0.01077289 -0.01182372
v -0.02025769 -0.01077009 -0.01182374
v -0.02018484 -0.01094527 -0.01166166
v -0.01981630 -0.01179665 -0.01079908
v -0.01930183 -0.01291935 -0.00942640
v -0.01910321 -0.01333215 -0.00883265
v -0.02039945 -0.01042161 -0.01213223
v -0.01430354 -0.00755714 -0.01409923
v -0.02094318 -0.00898550 -0.01323194
v -0.02227225 -0.00387865 -0.01552013
v -0.02191217 -0.00570825 -0.01494317
v -0.01430183 -0.00388287 -0.01552002
v -0.02150267 -0.00725810 -0.01425389
v -0.02141403 -0.00755489 -0.01409865
v -0.02250282 -0.00202576 -0.01586987
v -0.01430000 0.00002720 -0.01599997
v -0.02259303 -0.00021631 -0.01599837
v -0.02237724 0.00320253 -0.01567833
v -0.02254369 0.00153336 -0.01592734
v -0.02259431 0.00003130 -0.01599996
v -0.02166146 0.00673202 -0.01451948
v -0.01429496 0.01081654 -0.01179603
v -0.01959376 0.01231035 -0.01023133
v -0.02012615 0.01110712 -0.01152562
v -0.02016904 0.01100534 -0.01162278
v -0.02024646 0.01081938 -0.01179598
v -0.02065091 0.00980177 -0.01265360
v -0.01429295 0.01511557 -0.00526507
v -0.01823621 0.01502372 -0.00552662
v -0.01842823 0.01466253 -0.00642355
v -0.01775391 0.01590343 -0.00182877
v -0.01793722 0.01557563 -0.00369599
v -0.01818619 0.01511705 -0.00526604
v -0.01429256 0.01594409 -0.00141377
v -0.06766122 0.03305594 -0.01895758
v -0.06765842 0.03905593 -0.01894989
v -0.06970954 0.03905356 -0.01635417
v -0.02018322 -0.02011066 -0.01166120
v -0.02289062 -0.01746888 -0.01644124
v -0.02183649 -0.01901461 -0.01482512
v -0.02169619 -0.01914940 -0.01459068
v -0.02229052 -0.01849369 -0.01555078
v -0.02271734 -0.01782743 -0.01619149
v -0.02109431 -0.01962538 -0.01352223
v -0.02042654 -0.02000426 -0.01219283
v -0.01830957 -0.02048396 -0.00585379
v -0.01844262 -0.02048111 -0.00646000
v -0.01962985 -0.02029967 -0.01032927
v -0.01896775 -0.02043617 -0.00841585
v -0.01772699 -0.02049043 -0.00102440
v -0.02490798 0.03303597 -0.01895763
v -0.02381226 -0.01009337 -0.01767784
v -0.02348358 -0.01165703 -0.01725218
v -0.02495268 -0.00712382 -0.01903830
v -0.02458048 -0.00790885 -0.01861286
v -0.02428942 -0.00861745 -0.01826801
v -0.02332678 -0.01317888 -0.01704357
v -0.02330654 -0.01396731 -0.01701674
v -0.02330724 -0.01546730 -0.01701867
v -0.02301940 -0.01714217 -0.01662320
v -0.02323561 -0.01631784 -0.01692187
v -0.02843090 -0.00266216 -0.02233299
v -0.02704770 -0.00404130 -0.02115313
v -0.02641737 0.03303870 -0.02053075
v -0.02907644 -0.00212644 -0.02283416
v -0.02647084 -0.00473564 -0.02061374
v -0.02642068 -0.00480027 -0.02056540
v -0.02588034 -0.00554804 -0.02002938
v -0.03070793 0.03304508 -0.02394360
v -0.03308494 0.00011151 -0.02536367
v -0.03224524 -0.00022929 -0.02490853
v -0.03146290 -0.00060174 -0.02445095
v -0.03071481 -0.00101181 -0.02398142
v -0.02990675 -0.00152125 -0.02343691
v -0.03829954 0.00105310 -0.02745699
v -0.03653326 0.00094367 -0.02687962
v -0.03557086 0.03305060 -0.02647507
v -0.03578226 0.00083282 -0.02659489
v -0.03558214 0.00079688 -0.02651492
v -0.03476818 0.00062296 -0.02617138
v -0.04084241 0.00105508 -0.02807319
v -0.04082746 0.03305505 -0.02803214
v -0.04629954 0.00105830 -0.02859864
v -0.04628460 0.03305827 -0.02855760
v -0.05175668 0.00106017 -0.02807318
v -0.05174174 0.03306014 -0.02803213
v -0.05701329 0.00106063 -0.02651609
v -0.05699835 0.03306060 -0.02647505
v -0.06187622 0.00105965 -0.02398461
v -0.06186128 0.03305962 -0.02394356
v -0.06616677 0.00105728 -0.02057175
v -0.06615183 0.03305725 -0.02053070
v -0.06972728 0.00105359 -0.01640291
v -0.07486437 0.03903620 -0.00094802
v -0.07488210 0.00103624 -0.00099676
v -0.07414877 0.03904284 -0.00638349
v -0.07416651 0.00104288 -0.00643223
v -0.07240919 0.03904869 -0.01158256
v -0.07242693 0.00104873 -0.01163130
v -0.06793055 0.04301963 0.00945522
v -0.06638055 0.04301837 0.00987054
v -0.06157039 0.04305116 -0.01744476
v -0.06266847 0.04305308 -0.01854284
v -0.06416848 0.04305430 -0.01894476
v -0.06524587 0.04301639 0.01100522
v -0.06136594 0.04300947 0.01498474
v -0.06638056 0.04305044 -0.01512944
v -0.06524588 0.04304845 -0.01399476
v -0.07100645 0.04302525 0.00619177
v -0.07076199 0.04302545 0.00594732
v -0.07042806 0.04302541 0.00585784
v -0.06793056 0.04305169 -0.01554476
v -0.06948056 0.04305189 -0.01512944
v -0.07061524 0.04305096 -0.01399476
v -0.07061522 0.04301889 0.01100522
v -0.06948055 0.04301982 0.00987054
v -0.06984968 0.04302471 0.00619177
v -0.07009413 0.04302514 0.00594732
v -0.01595101 0.02145398 0.00639531
v -0.01577844 0.02173042 0.00551031
v -0.01550911 0.02215845 0.00371056
v -0.01534364 0.02242023 0.00185960
v -0.01760389 0.01869688 0.01177282
v -0.01712495 0.01951894 0.01052975
v -0.01660022 0.02039662 0.00894185
v -0.01614583 0.02113966 0.00726049
v -0.02020619 0.01371559 0.01676419
v -0.01968819 0.01479917 0.01593063
v -0.01900887 0.01613925 0.01473836
v -0.01834556 0.01737730 0.01343884
v -0.01771051 0.01851086 0.01202940
v -0.02178968 0.03298578 0.01904234
v -0.02344201 -0.00308247 0.02093521
v -0.02360003 -0.00111070 0.02110994
v -0.02365622 -0.01078119 0.02115297
v -0.02220847 -0.00868572 0.01949286
v -0.02272294 -0.00689552 0.02011508
v -0.02314414 -0.00501401 0.02060181
v -0.02344136 -0.01199286 0.02091853
v -0.02098105 -0.01201330 0.01786387
v -0.02162191 -0.01038916 0.01874179
v -0.02351663 -0.01149792 0.02100134
v -0.02207759 -0.01880152 0.01931112
v -0.02183491 -0.01906042 0.01900253
v -0.02021688 -0.01374426 0.01672566
v -0.02030808 -0.01354676 0.01686731
v -0.02331237 -0.01358633 0.02077390
v -0.02330652 -0.01401577 0.02076666
v -0.02330722 -0.01551577 0.02076474
v -0.02261797 -0.01805036 0.01997095
v -0.02322619 -0.01641590 0.02067309
v -0.02299105 -0.01726783 0.02040624
v -0.02139692 -0.01944650 0.01842461
v -0.02060933 -0.01995169 0.01730970
v -0.02022056 -0.02013122 0.01671856
v -0.02360631 0.00089309 0.02112028
v -0.02346019 0.00286769 0.02096594
v -0.02365150 0.03298385 0.02122590
v -0.02317291 0.00480456 0.02065183
v -0.02276054 0.00669237 0.02018389
v -0.02225418 0.00848516 0.01958104
v -0.02167600 0.01018863 0.01885175
v -0.02037225 0.01335447 0.01701939
v -0.02104335 0.01181030 0.01799797
v -0.01981461 -0.02027788 0.01606822
v -0.01828418 -0.01753551 0.01323105
v -0.02003144 -0.02020446 0.01642002
v -0.01894757 -0.01630482 0.01455405
v -0.01962613 -0.01497575 0.01576479
v -0.01886463 -0.02047802 0.01438822
v -0.01830956 -0.02050850 0.01327785
v -0.01765616 -0.01865005 0.01180961
v -0.01762050 -0.02050682 0.01171841
v -0.01707777 -0.01964040 0.01029620
v -0.01655879 -0.02050343 0.00868530
v -0.02647076 -0.00479298 0.02382062
v -0.02578070 -0.00575311 0.02322730
v -0.02487007 -0.00734138 0.02238731
v -0.02458002 -0.00796208 0.02210501
v -0.02421576 -0.00886551 0.02173963
v -0.02375064 -0.01037954 0.02125426
v -0.03134353 -0.00072942 0.02715227
v -0.02977673 -0.00167363 0.02622682
v -0.02785652 0.03298101 0.02497037
v -0.02907844 -0.00218708 0.02577287
v -0.02830352 -0.00283613 0.02523684
v -0.02786101 -0.00324878 0.02491471
v -0.02692728 -0.00423748 0.02419423
v -0.03471734 0.00054713 0.02875572
v -0.03297691 0.00000343 0.02799105
v -0.03266948 0.03297951 0.02789246
v -0.03268025 -0.00011294 0.02784773
v -0.03224679 -0.00029595 0.02763124
v -0.04348423 0.00098070 0.03087320
v -0.03829951 0.00097946 0.02995126
v -0.03793161 0.03297940 0.02989579
v -0.03794562 0.00097535 0.02985447
v -0.03649160 0.00087139 0.02940871
v -0.04346929 0.03298067 0.03091425
v -0.04909986 0.03298330 0.03091426
v -0.04911479 0.00098333 0.03087321
v -0.05463754 0.03298719 0.02989580
v -0.05465248 0.00098722 0.02985476
v -0.05989967 0.03299222 0.02789249
v -0.05991461 0.00099225 0.02785145
v -0.06471264 0.03299822 0.02497041
v -0.06472757 0.00099824 0.02492936
v -0.06891766 0.03300498 0.02122595
v -0.07077947 0.03300865 0.01904239
v -0.07239097 0.00101232 0.01674161
v -0.06893260 0.00100501 0.02118491
v -0.07498858 0.00101994 0.01174605
v -0.07663974 0.00102762 0.00636304
v -0.07728999 0.00103510 0.00077015
v -0.06417034 0.03905430 -0.01894989
v -0.06708243 0.03904921 -0.01392214
v -0.06793243 0.03904990 -0.01414989
v -0.06878243 0.03905000 -0.01392213
v -0.06940467 0.03904950 -0.01329989
v -0.07117993 0.03902657 0.00522154
v -0.07172897 0.03902612 0.00577057
v -0.06267034 0.03905308 -0.01854797
v -0.06157226 0.03905116 -0.01744989
v -0.06646018 0.03904812 -0.01329989
v -0.06708241 0.03901714 0.01107784
v -0.06646017 0.03901605 0.01170009
v -0.06136781 0.03900947 0.01497961
v -0.06793241 0.03901783 0.01085009
v -0.06878241 0.03901794 0.01107785
v -0.06940466 0.03901743 0.01170009
v -0.06913089 0.03902491 0.00577057
v -0.06967993 0.03902587 0.00522153
v -0.07042993 0.03902648 0.00502057
v -0.06645902 0.04154812 -0.01329669
v -0.06708126 0.04154921 -0.01391893
v -0.06793126 0.04154990 -0.01414668
v -0.06878126 0.04155000 -0.01391893
v -0.06940351 0.04154950 -0.01329668
v -0.06638126 0.04155044 -0.01513136
v -0.06793126 0.04155169 -0.01554668
v -0.06948126 0.04155188 -0.01513136
v -0.07061594 0.04155096 -0.01399668
v -0.06524658 0.04154845 -0.01399669
v -0.06645901 0.04151605 0.01170329
v -0.06708125 0.04151714 0.01108105
v -0.06793125 0.04151783 0.01085330
v -0.06878125 0.04151794 0.01108105
v -0.06940349 0.04151743 0.01170330
v -0.06638125 0.04151837 0.00986862
v -0.06793125 0.04151963 0.00945330
v -0.06948125 0.04151982 0.00986862
v -0.07061592 0.04151889 0.01100330
v -0.06524657 0.04151639 0.01100329
v -0.02315774 0.04149584 0.01170325
v -0.02377998 0.04149693 0.01108100
v -0.02462998 0.04149762 0.01085325
v -0.02547998 0.04149772 0.01108101
v -0.02610222 0.04149721 0.01170325
v -0.02307998 0.04149815 0.00986857
v -0.02462998 0.04149941 0.00945325
v -0.02617998 0.04149960 0.00986857
v -0.02731466 0.04149868 0.01100325
v -0.02194531 0.04149617 0.01100325
v -0.02315775 0.04152790 -0.01329673
v -0.02378000 0.04152899 -0.01391898
v -0.02463000 0.04152968 -0.01414673
v -0.02547999 0.04152979 -0.01391897
v -0.02610224 0.04152928 -0.01329673
v -0.02308000 0.04153022 -0.01513141
v -0.02463000 0.04153148 -0.01554673
v -0.02618000 0.04153167 -0.01513141
v -0.02731467 0.04153074 -0.01399673
v -0.02194532 0.04152824 -0.01399673
v -0.00950584 0.01689126 0.01162309
v -0.01014389 0.01669180 0.01191016
v -0.00629272 0.01557417 0.01333368
v -0.00927892 0.01701114 0.01144625
v -0.00880374 0.01798915 0.00983558
v -0.00875587 0.01786360 0.01006322
v -0.00629156 0.01806992 0.00968682
v -0.00879171 0.01751398 0.01065878
v -0.00904772 0.01717956 0.01119021
v -0.01670478 0.01557834 0.01333454
v -0.01654329 0.01583156 0.01303291
v -0.01586735 0.01686442 0.01166583
v -0.01524409 0.01778297 0.01021125
v -0.01504332 0.01807281 0.00968906
v -0.01468557 0.01858271 0.00867110
v -0.01420191 0.01925980 0.00704030
v -0.01381086 0.01979815 0.00534277
v -0.01065384 0.01868195 0.00845157
v -0.00629079 0.01972612 0.00558984
v -0.00999481 0.01861741 0.00859516
v -0.00942331 0.01846063 0.00892308
v -0.00927828 0.01839731 0.00905243
v -0.00897404 0.01819971 0.00944048
v -0.00885766 0.01807427 0.00967783
v -0.00951448 -0.00161803 0.02043597
v -0.01015259 -0.00196622 0.02040651
v -0.00630204 -0.00441608 0.02001805
v -0.00928751 -0.00140499 0.02045145
v -0.00876410 0.00021886 0.02049840
v -0.00874999 -0.00002357 0.02049999
v -0.00629999 -0.00002335 0.02049999
v -0.00880010 -0.00047172 0.02049339
v -0.00905624 -0.00109910 0.02046938
v -0.02164985 -0.00456961 0.01998192
v -0.02196708 -0.00280977 0.02030513
v -0.02213543 -0.00101327 0.02047445
v -0.02215966 -0.00001604 0.02049991
v -0.02214227 0.00081241 0.02048433
v -0.02198686 0.00261149 0.02033450
v -0.02168118 0.00437620 0.02002969
v -0.00629794 0.00437059 0.02002933
v -0.01066161 0.00202420 0.02040052
v -0.01000262 0.00186743 0.02041669
v -0.00943121 0.00150491 0.02044510
v -0.00928622 0.00136120 0.02045500
v -0.00898209 0.00092627 0.02047803
v -0.00881191 0.00047878 0.02049330
v -0.00630844 -0.01808882 0.00964044
v -0.00880828 -0.01798159 0.00983462
v -0.00630921 -0.01973451 0.00553922
v -0.00906427 -0.01827443 0.00927919
v -0.00929546 -0.01841179 0.00900522
v -0.00952237 -0.01850485 0.00881289
v -0.01016039 -0.01865328 0.00849635
v -0.01425203 -0.01967702 0.00572740
v -0.01434567 -0.01921670 0.00712120
v -0.01463854 -0.01868177 0.00842535
v -0.01505999 -0.01808393 0.00964232
v -0.01671950 -0.01559662 0.01329480
v -0.01519106 -0.01789554 0.00998768
v -0.01580684 -0.01699330 0.01145546
v -0.01647546 -0.01597788 0.01283402
v -0.01067034 -0.01665276 0.01194896
v -0.00630727 -0.01560244 0.01329369
v -0.01001132 -0.01674531 0.01182154
v -0.00943984 -0.01695131 0.01152204
v -0.00929482 -0.01703178 0.01140259
v -0.00899059 -0.01726925 0.01103756
v -0.00882031 -0.01750625 0.01065773
v -0.00877245 -0.01764065 0.01043520
v -0.00630955 -0.02046303 0.00118061
v -0.01457051 -0.02030857 0.00274516
v -0.01504305 -0.02047594 0.00083561
v -0.01433456 -0.02004726 0.00425315
v -0.01718174 -0.01485664 0.01411709
v -0.00630577 -0.01239091 0.01632920
v -0.01790416 -0.01364575 0.01529128
v -0.01863021 -0.01234382 0.01636050
v -0.01934672 -0.01094670 0.01732694
v -0.00630400 -0.00860345 0.01860592
v -0.02002903 -0.00946694 0.01817830
v -0.02120134 -0.00628387 0.01950998
v -0.02065356 -0.00791494 0.01890663
v -0.02039001 -0.00859966 0.01860480
v -0.02070344 0.00772965 0.01899086
v -0.02038196 0.00857097 0.01862679
v -0.00629598 0.00856158 0.01862794
v -0.02008808 0.00928171 0.01828340
v -0.02124235 0.00609621 0.01957570
v -0.00629422 0.01235486 0.01636094
v -0.01724931 0.01470351 0.01429340
v -0.01797236 0.01348251 0.01544988
v -0.01870045 0.01216619 0.01650596
v -0.01941474 0.01075925 0.01745521
v -0.01352419 0.02018825 0.00359717
v -0.01334806 0.02042689 0.00180192
v -0.00629045 0.02046582 0.00123311
v -0.00629449 0.01182623 -0.01290192
v -0.00629319 0.01462033 -0.00962195
v -0.00629229 0.01652830 -0.00575869
v -0.00629186 0.01743449 -0.00154632
v -0.00630814 -0.01742458 -0.00159104
v -0.00630771 -0.01650759 -0.00580106
v -0.00630682 -0.01458971 -0.00965942
v -0.00630552 -0.01178721 -0.01293221
v -0.00630388 -0.00826999 -0.01542104
v -0.00630200 -0.00425125 -0.01697503
v -0.00630001 0.00002539 -0.01749998
v -0.00629801 0.00430066 -0.01696406
v -0.00629614 0.00831540 -0.01539977
v -0.01430814 -0.01742085 -0.00159103
v -0.01430771 -0.01650385 -0.00580105
v -0.01430682 -0.01458598 -0.00965941
v -0.01430552 -0.01178348 -0.01293220
v -0.01430388 -0.00826625 -0.01542103
v -0.01430200 -0.00424751 -0.01697502
v -0.01430001 0.00002912 -0.01749997
v -0.01429801 0.00430440 -0.01696405
v -0.01429613 0.00831914 -0.01539976
v -0.01429449 0.01182997 -0.01290191
v -0.01429318 0.01462406 -0.00962194
v -0.01429229 0.01653203 -0.00575868
v -0.01429186 0.01743822 -0.00154631
v -0.00936316 -0.00140257 -0.01744334
v -0.00995965 -0.00183489 -0.01740304
v -0.00875001 0.00002740 -0.01749998
v -0.00875955 -0.00017288 -0.01749909
v -0.00881303 -0.00047430 -0.01749345
v -0.00894348 -0.00082472 -0.01748035
v -0.01061329 -0.00201428 -0.01738310
v -0.01009445 0.00195856 -0.01739058
v -0.00949809 0.00161233 -0.01742597
v -0.00928602 0.00141001 -0.01744344
v -0.00902272 0.00105905 -0.01746817
v -0.00878770 0.00043707 -0.01749463
v -0.01060578 0.01404955 -0.01044026
v -0.01008787 0.01604233 -0.00700320
v -0.00949141 0.01589972 -0.00732050
v -0.00927929 0.01581364 -0.00750436
v -0.00901589 0.01565952 -0.00782056
v -0.00878071 0.01537139 -0.00837235
v -0.00875243 0.01507027 -0.00890280
v -0.00880583 0.01491469 -0.00916104
v -0.00893622 0.01472816 -0.00945801
v -0.00905622 0.01461300 -0.00963503
v -0.00935577 0.01440728 -0.00994011
v -0.00995217 0.01415636 -0.01029461
v -0.00879486 -0.01493022 -0.00912227
v -0.00876658 -0.01523906 -0.00859628
v -0.00881998 -0.01538487 -0.00833240
v -0.00895035 -0.01554870 -0.00802233
v -0.00936987 -0.01580548 -0.00750322
v -0.00996624 -0.01598660 -0.00710842
v -0.01061983 -0.01605888 -0.00694283
v -0.01010193 -0.01407905 -0.01038736
v -0.00950550 -0.01428296 -0.01010546
v -0.00929340 -0.01439930 -0.00993907
v -0.00903002 -0.01459625 -0.00964760
v -0.01603187 -0.02050103 0.00662661
v -0.01627884 -0.02050225 0.00766497
v -0.01581890 -0.02049978 0.00557036
v -0.01627884 -0.02048252 -0.00771753
v -0.01603187 -0.02048397 -0.00667917
v -0.01563993 -0.02048689 -0.00453995
v -0.01539440 -0.02048986 -0.00231810
v -0.01539440 -0.02049574 0.00226555
v -0.01563993 -0.02049847 0.00448739
v -0.02048369 0.04270457 -0.01708088
v -0.01573159 0.04297996 -0.00270801
v -0.01630812 0.04298504 -0.00646607
v -0.01734514 0.04299022 -0.01012395
v -0.01882674 0.04299540 -0.01362542
v -0.02073014 0.04300052 -0.01691670
v -0.02220367 0.04300340 -0.01894484
v -0.02186544 0.04277792 -0.01894514
v -0.02197719 0.04288785 -0.01894499
v -0.02179008 0.04259934 -0.01894536
v -0.01856191 0.04269941 -0.01375784
v -0.01706602 0.04269418 -0.01022257
v -0.01601899 0.04268895 -0.00652939
v -0.01543690 0.04268381 -0.00273505
v -0.01555188 0.04286435 -0.00272441
v -0.01613180 0.04286947 -0.00650460
v -0.01717493 0.04287468 -0.01018399
v -0.01866524 0.04287989 -0.01370607
v -0.02057984 0.04288503 -0.01701672
v -0.02208957 0.04295763 -0.01894490
v -0.01505657 -0.02040858 0.00218488
v -0.01468505 -0.02006890 0.00430165
v -0.01479449 -0.01954695 0.00638360
v -0.01499226 -0.01922183 0.00737351
v -0.01530350 -0.01886568 0.00831383
v -0.01592367 -0.01928346 0.00832087
v -0.01636430 -0.01987201 0.00845743
v -0.01556099 -0.01952419 0.00739992
v -0.01600850 -0.01997640 0.00750396
v -0.01529719 -0.01975817 0.00642447
v -0.01572338 -0.02009008 0.00650925
v -0.01550684 -0.02020077 0.00548116
v -0.01503087 -0.02015497 0.00435415
v -0.01535410 -0.02030095 0.00441714
v -0.01582973 -0.01809143 0.00987189
v -0.01617297 -0.01954219 -0.00842450
v -0.01636431 -0.01985025 -0.00850836
v -0.01686433 -0.01902507 -0.01008713
v -0.01592368 -0.01926205 -0.00837029
v -0.01582866 -0.01806765 -0.00991537
v -0.01641360 -0.01717648 -0.01137569
v -0.01704847 -0.01617363 -0.01274893
v -0.01772363 -0.01505785 -0.01403732
v -0.01842263 -0.01383729 -0.01523116
v -0.01912257 -0.01252923 -0.01631458
v -0.01981055 -0.01113137 -0.01729036
v -0.02047156 -0.00963752 -0.01815792
v -0.02205445 -0.00466396 -0.02000704
v -0.02161866 -0.00639381 -0.01952672
v -0.02108438 -0.00805045 -0.01890903
v -0.02236904 -0.00286034 -0.02034126
v -0.02253645 -0.00103480 -0.02051476
v -0.02116444 0.00786988 -0.01899221
v -0.02169065 0.00618961 -0.01959810
v -0.02211035 0.00444784 -0.02006029
v -0.02240370 0.00264168 -0.02037328
v -0.02254899 0.00079951 -0.02052599
v -0.01922291 0.01237064 -0.01644717
v -0.01990975 0.01095882 -0.01741040
v -0.02056275 0.00946108 -0.01825956
v -0.01742202 -0.01807962 -0.01157092
v -0.01802811 -0.01701731 -0.01296570
v -0.01867349 -0.01583708 -0.01427382
v -0.01934245 -0.01454784 -0.01548551
v -0.02001307 -0.01316795 -0.01658477
v -0.02067289 -0.01169505 -0.01757451
v -0.02130740 -0.01012264 -0.01845423
v -0.02189611 -0.00845362 -0.01921570
v -0.02240970 -0.00671276 -0.01984176
v -0.02282881 -0.00489607 -0.02032850
v -0.02313145 -0.00300273 -0.02066713
v -0.02329249 -0.00108692 -0.02084287
v -0.02330450 0.00083792 -0.02085416
v -0.02316458 0.00277117 -0.02069933
v -0.02288222 0.00466711 -0.02038205
v -0.02247840 0.00649625 -0.01991353
v -0.02197239 0.00826185 -0.01929928
v -0.02139418 0.00993512 -0.01855641
v -0.02076714 0.01151153 -0.01769522
v -0.02010820 0.01299902 -0.01671811
v -0.01943170 0.01440114 -0.01562379
v -0.01851707 0.01369986 -0.01536870
v -0.01781695 0.01492864 -0.01419058
v -0.01876143 0.01569900 -0.01442800
v -0.01811370 0.01688609 -0.01313849
v -0.01749884 0.01796468 -0.01175304
v -0.01692673 0.01893319 -0.01026641
v -0.01589590 0.01798214 -0.01009345
v -0.01649576 0.01706923 -0.01155654
v -0.01713957 0.01605098 -0.01292057
v -0.01641595 0.01977356 -0.00869808
v -0.01535966 0.01877303 -0.00855054
v -0.01490163 0.01943138 -0.00694338
v -0.01562650 0.02103311 -0.00536101
v -0.01598025 0.02047415 -0.00706388
v -0.01402658 0.02064697 -0.00001254
v -0.01408463 0.02056951 -0.00177993
v -0.01425295 0.02033911 -0.00353337
v -0.01452932 0.01995591 -0.00526924
v -0.01536415 0.02144197 -0.00359488
v -0.01520448 0.02168803 -0.00181052
v -0.01514944 0.02177088 -0.00001179
v -0.01520088 0.02168888 0.00180354
v -0.01535836 0.02144176 0.00360091
v -0.01561534 0.02103703 0.00535259
v -0.01596716 0.02047693 0.00706114
v -0.01534721 0.01876911 0.00855913
v -0.01488787 0.01943319 0.00693889
v -0.01451758 0.01995897 0.00525912
v -0.01424685 0.02033850 0.00353742
v -0.01408083 0.02057009 0.00177116
v -0.01640410 0.01977039 0.00870859
v -0.01691094 0.01893318 0.01027055
v -0.01747911 0.01796851 0.01175154
v -0.01712319 0.01604432 0.01292919
v -0.01647509 0.01707164 0.01155348
v -0.01587935 0.01798104 0.01009587
v -0.01809804 0.01688041 0.01314875
v -0.01874723 0.01568860 0.01444165
v -0.02008886 0.01299779 0.01672162
v -0.01941454 0.01439530 0.01563170
v -0.01780211 0.01491742 0.01420265
v -0.01849916 0.01369287 0.01537522
v -0.01920274 0.01236796 0.01644949
v -0.01989438 0.01094732 0.01741786
v -0.02054753 0.00945125 0.01826482
v -0.02114527 0.00787614 0.01898987
v -0.02166939 0.00621523 0.01959026
v -0.02209658 0.00446366 0.02005696
v -0.02239433 0.00266460 0.02037057
v -0.02254583 0.00082937 0.02052490
v -0.02253921 -0.00103339 0.02051475
v -0.02237521 -0.00286592 0.02034046
v -0.02206627 -0.00465983 0.02000793
v -0.02162976 -0.00640529 0.01952288
v -0.02109714 -0.00806344 0.01890360
v -0.02075239 0.01150105 0.01770381
v -0.02137956 0.00992646 0.01856262
v -0.02195397 0.00827013 0.01929764
v -0.02245796 0.00652489 0.01990617
v -0.02286896 0.00468546 0.02037909
v -0.02315555 0.00279698 0.02069682
v -0.02330145 0.00087101 0.02085313
v -0.02329515 -0.00108368 0.02084276
v -0.02313738 -0.00300684 0.02066606
v -0.02284017 -0.00488999 0.02032898
v -0.02242037 -0.00672310 0.01983728
v -0.02190837 -0.00846557 0.01920945
v -0.02132570 -0.01012166 0.01845280
v -0.02069054 -0.01169828 0.01757002
v -0.02002533 -0.01318425 0.01657021
v -0.01935336 -0.01456611 0.01546697
v -0.02049061 -0.00963818 0.01815738
v -0.01982895 -0.01113599 0.01728696
v -0.01913537 -0.01254619 0.01630139
v -0.01843402 -0.01385604 0.01521417
v -0.01773774 -0.01506993 0.01402412
v -0.01705885 -0.01618939 0.01272846
v -0.01641803 -0.01719874 0.01134192
v -0.01868698 -0.01584840 0.01425901
v -0.01803803 -0.01703262 0.01294340
v -0.01742625 -0.01810197 0.01153500
v -0.01686535 -0.01904919 0.01004124
v -0.01642816 -0.01849554 0.00988645
v -0.01699358 -0.01758616 0.01136573
v -0.01761102 -0.01655693 0.01276297
v -0.01826665 -0.01541448 0.01407026
v -0.01894050 -0.01417478 0.01527231
v -0.01962049 -0.01283632 0.01637152
v -0.02029406 -0.01139464 0.01736875
v -0.02093753 -0.00986282 0.01825004
v -0.02152808 -0.00825186 0.01900598
v -0.02204715 -0.00655525 0.01963359
v -0.02247287 -0.00476900 0.02012534
v -0.02277432 -0.00293299 0.02046252
v -0.02293438 -0.00105733 0.02063930
v -0.02294081 0.00084931 0.02064961
v -0.02279284 0.00272772 0.02049311
v -0.02250224 0.00456904 0.02017516
v -0.02208550 0.00636156 0.01970205
v -0.02157460 0.00806105 0.01909360
v -0.02099248 0.00967241 0.01835911
v -0.02035713 0.01120252 0.01750156
v -0.01968526 0.01265495 0.01652169
v -0.01900290 0.01400889 0.01543551
v -0.01832813 0.01525955 0.01425101
v -0.01767222 0.01640970 0.01296598
v -0.01704753 0.01745734 0.01157948
v -0.01647473 0.01838386 0.01011244
v -0.01596439 0.01918591 0.00856806
v -0.01552499 0.01986103 0.00694223
v -0.01517162 0.02039497 0.00525917
v -0.01491380 0.02077999 0.00353622
v -0.01475594 0.02101476 0.00177042
v -0.01470439 0.02109265 -0.00001194
v -0.01475952 0.02101414 -0.00177802
v -0.01491961 0.02078048 -0.00353105
v -0.01518282 0.02039165 -0.00526821
v -0.01553814 0.01985891 -0.00694577
v -0.01597632 0.01918955 -0.00855859
v -0.01649063 0.01838455 -0.01010924
v -0.01706744 0.01745439 -0.01158189
v -0.01768803 0.01641593 -0.01295670
v -0.01834248 0.01527036 -0.01423832
v -0.01902026 0.01401533 -0.01542848
v -0.01970484 0.01265693 -0.01651897
v -0.02037206 0.01121349 -0.01749369
v -0.02100730 0.00968163 -0.01835353
v -0.02159327 0.00805379 -0.01909577
v -0.02210623 0.00633445 -0.01970984
v -0.02251568 0.00455194 -0.02017842
v -0.02280202 0.00270336 -0.02049581
v -0.02294389 0.00081782 -0.02065070
v -0.02293167 -0.00105970 -0.02063932
v -0.02276830 -0.00292819 -0.02046340
v -0.02246134 -0.00477413 -0.02012454
v -0.02203633 -0.00654438 -0.01963764
v -0.02151564 -0.00823944 -0.01901169
v -0.02091899 -0.00986297 -0.01825084
v -0.02027619 -0.01139069 -0.01737251
v -0.01960807 -0.01281973 -0.01638524
v -0.01892945 -0.01415632 -0.01528991
v -0.01825301 -0.01540278 -0.01408409
v -0.01760102 -0.01654142 -0.01278421
v -0.01698932 -0.01756396 -0.01140042
v -0.01642713 -0.01847175 -0.00993094
v -0.01530351 -0.01884429 -0.00836218
v -0.01550247 -0.02038249 -0.00450388
v -0.01499227 -0.01920285 -0.00742278
v -0.01479450 -0.01953051 -0.00643370
v -0.01529720 -0.01974162 -0.00647512
v -0.01505657 -0.02040291 -0.00223721
v -0.01535411 -0.02028955 -0.00446919
v -0.01503088 -0.02014374 -0.00440583
v -0.01468506 -0.02005780 -0.00435311
v -0.01616712 -0.02021609 -0.00763113
v -0.01552302 -0.01989454 -0.00651294
v -0.01572338 -0.02007331 -0.00656075
v -0.01589385 -0.02027199 -0.00661684
v -0.07172734 0.04252612 0.00577506
v -0.07117829 0.04252657 0.00522602
v -0.07042830 0.04252648 0.00502506
v -0.06967829 0.04252587 0.00522602
v -0.06912926 0.04252491 0.00577506
v -0.02343105 0.04252017 -0.00716593
v -0.02288201 0.04252062 -0.00771497
v -0.02213201 0.04252053 -0.00791593
v -0.02138202 0.04251992 -0.00771497
v -0.02083298 0.04251896 -0.00716593
v -0.05846279 0.03606032 -0.02572014
v -0.05846139 0.03904568 -0.02571632
v -0.05844811 0.03906032 -0.02572257
v -0.03005864 0.03604406 -0.02338481
v -0.03005724 0.03902943 -0.02338098
v -0.03004517 0.03904404 -0.02337260
v -0.01789024 0.03901151 -0.00243389
v -0.01787879 0.03901067 -0.00229930
v -0.01788013 0.03601133 -0.00230249
v -0.03426090 -0.01175087 -0.02584485
v -0.03411569 0.03604896 -0.02572588
v -0.02995859 -0.01175606 -0.02336092
v -0.02993487 0.03904389 -0.02329576
v -0.06262872 0.03905915 -0.02329572
v -0.06251789 0.03905854 -0.02337294
v -0.06251875 0.03605920 -0.02337717
v -0.01877513 -0.00858177 -0.00738735
v -0.01873548 -0.00858198 -0.00723776
v -0.01791396 -0.01178844 -0.00249905
v -0.01873217 -0.00148199 -0.00722865
v -0.01787904 0.03600533 0.00238156
v -0.01791396 -0.01179481 0.00246882
v -0.01875291 0.03901819 -0.00732629
v -0.01877663 -0.01178177 -0.00739145
v -0.02047574 -0.01177498 -0.01205972
v -0.02047425 -0.00857498 -0.01205562
v -0.02295968 -0.01176831 -0.01636203
v -0.02295819 -0.00856831 -0.01635792
v -0.02615297 -0.01176193 -0.02016763
v -0.02615148 -0.00856193 -0.02016353
v -0.02705292 -0.00856041 -0.02102634
v -0.02704961 -0.00146042 -0.02101723
v -0.02614816 -0.00146194 -0.02015442
v -0.02612926 0.03903802 -0.02010247
v -0.02293596 0.03903165 -0.01629687
v -0.02295487 -0.00146832 -0.01634881
v -0.02045202 0.03902497 -0.01199456
v -0.02047093 -0.00147499 -0.01204651
v -0.01877182 -0.00148178 -0.00737824
v -0.01787764 0.03899069 0.00238539
v -0.01787884 0.03900531 0.00240004
v -0.01789024 0.03900514 0.00253398
v -0.01845686 0.03900068 0.00621636
v -0.01877662 -0.01180069 0.00736122
v -0.01868481 0.03899956 0.00716742
v -0.01875290 0.03899927 0.00742638
v -0.03411489 0.03904830 -0.02572231
v -0.03423718 0.03904909 -0.02577969
v -0.03864715 0.03905324 -0.02740828
v -0.03892918 -0.01174651 -0.02754396
v -0.03890546 0.03905344 -0.02747880
v -0.04382158 -0.01174312 -0.02840661
v -0.04379787 0.03905684 -0.02834145
v -0.04878946 -0.01174080 -0.02840661
v -0.04876574 0.03905915 -0.02834145
v -0.05368186 -0.01173962 -0.02754394
v -0.05365814 0.03906033 -0.02747878
v -0.05835013 -0.01173962 -0.02584482
v -0.05832642 0.03906033 -0.02577966
v -0.06265244 -0.01174080 -0.02336088
v -0.06645805 -0.01174312 -0.02016759
v -0.06643434 0.03905684 -0.02010243
v -0.06965134 -0.01174651 -0.01636197
v -0.06962763 0.03905344 -0.01629682
v -0.07213528 -0.01175087 -0.01205967
v -0.07211156 0.03904909 -0.01199451
v -0.07383439 -0.01175606 -0.00739139
v -0.07381067 0.03904389 -0.00732623
v -0.04856611 0.03921334 0.00730412
v -0.04891125 0.03921260 0.00800401
v -0.04847725 0.03591344 0.00719036
v -0.04891279 0.03591261 0.00799977
v -0.04797940 0.03921373 0.00678959
v -0.04772566 0.03591377 0.00666123
v -0.04772412 0.03921377 0.00666546
v -0.04681678 0.03591352 0.00652416
v -0.04681524 0.03921352 0.00652839
v -0.04741725 0.03921375 0.00657016
v -0.04872195 0.03920244 0.01586314
v -0.04872349 0.03590244 0.01585890
v -0.04950120 0.03920318 0.01556711
v -0.04950274 0.03590318 0.01556287
v -0.05009210 0.03920421 0.01497914
v -0.05009364 0.03590421 0.01497490
v -0.05039198 0.03920535 0.01420136
v -0.05039353 0.03590535 0.01419713
v -0.05034877 0.03920639 0.01336890
v -0.05035031 0.03590640 0.01336467
v -0.04628323 0.03590106 0.01604608
v -0.04628169 0.03920105 0.01605032
v -0.04384296 0.03590016 0.01585890
v -0.04384142 0.03920016 0.01586313
v -0.04574815 0.03921302 0.00652839
v -0.04574969 0.03591302 0.00652416
v -0.04500541 0.03591257 0.00660339
v -0.04483926 0.03921242 0.00666546
v -0.04434239 0.03591182 0.00695068
v -0.04408767 0.03921139 0.00719458
v -0.04365367 0.03591015 0.00799977
v -0.04365213 0.03921015 0.00800400
v -0.04385347 0.03591086 0.00751741
v -0.04408922 0.03591139 0.00719035
v -0.04247282 0.03590065 0.01497490
v -0.04217139 0.03920151 0.01420136
v -0.04217293 0.03590151 0.01419712
v -0.04221461 0.03920260 0.01336889
v -0.04221614 0.03590260 0.01336466
v -0.04314800 0.03590015 0.01561434
v -0.04314646 0.03920015 0.01561858
v -0.04306371 0.03590018 0.01556287
v -0.04306217 0.03920017 0.01556710
v -0.04247128 0.03920065 0.01497913
v -0.04093830 0.03922383 -0.00365077
v -0.04093984 0.03592383 -0.00365500
v -0.04127403 0.03922509 -0.00450642
v -0.04127558 0.03592509 -0.00451065
v -0.04119159 0.03922622 -0.00542187
v -0.04119314 0.03592622 -0.00542611
v -0.04070839 0.03922700 -0.00620378
v -0.04070993 0.03592700 -0.00620801
v -0.04040476 0.03922240 -0.00272664
v -0.04040629 0.03592240 -0.00273088
v -0.03807883 0.03921993 -0.00164925
v -0.03808037 0.03591993 -0.00165348
v -0.03899758 0.03922032 -0.00162173
v -0.03899912 0.03592033 -0.00162597
v -0.03983160 0.03922121 -0.00200807
v -0.03983315 0.03592121 -0.00201230
v -0.03678102 0.03923020 -0.01013116
v -0.03678256 0.03593021 -0.01013539
v -0.03636681 0.03923042 -0.01044899
v -0.03608323 0.03593046 -0.01058905
v -0.03608169 0.03923046 -0.01058481
v -0.03525971 0.03593024 -0.01071822
v -0.03546884 0.03923034 -0.01071434
v -0.03445507 0.03592959 -0.01050048
v -0.03454850 0.03922969 -0.01054188
v -0.03380907 0.03592861 -0.00997365
v -0.03380753 0.03922861 -0.00996941
v -0.03136881 0.03592205 -0.00574699
v -0.03136727 0.03922205 -0.00574276
v -0.03242683 0.03592537 -0.00795391
v -0.03242529 0.03922537 -0.00794968
v -0.03123555 0.03592093 -0.00492413
v -0.03223311 0.03591930 -0.00329081
v -0.03223157 0.03921930 -0.00328657
v -0.03197293 0.03591941 -0.00346981
v -0.03197139 0.03921941 -0.00346558
v -0.03155433 0.03591981 -0.00393580
v -0.03155279 0.03921981 -0.00393156
v -0.03144930 0.03592000 -0.00411841
v -0.03144776 0.03921999 -0.00411418
v -0.03123401 0.03922093 -0.00491989
v -0.05875586 0.03924026 -0.00996939
v -0.05875741 0.03594026 -0.00997362
v -0.05811141 0.03594063 -0.01050046
v -0.05819659 0.03924061 -0.01044897
v -0.05730677 0.03594054 -0.01071820
v -0.05737090 0.03924056 -0.01070931
v -0.05648325 0.03593998 -0.01058902
v -0.05651255 0.03924001 -0.01059631
v -0.05578392 0.03593908 -0.01013537
v -0.05578238 0.03923908 -0.01013113
v -0.06013964 0.03593831 -0.00795388
v -0.06013810 0.03923831 -0.00794965
v -0.06119767 0.03593598 -0.00574696
v -0.06119613 0.03923597 -0.00574272
v -0.05984946 0.03923194 -0.00308674
v -0.05985100 0.03593194 -0.00309097
v -0.06059200 0.03923277 -0.00346555
v -0.06059354 0.03593277 -0.00346978
v -0.06111563 0.03923384 -0.00411415
v -0.06111717 0.03593385 -0.00411838
v -0.06132938 0.03923498 -0.00491986
v -0.06133093 0.03593498 -0.00492409
v -0.05215864 0.03922788 -0.00272663
v -0.05216018 0.03592789 -0.00273086
v -0.05273332 0.03592723 -0.00201228
v -0.05273179 0.03922723 -0.00200805
v -0.05296846 0.03592714 -0.00185326
v -0.05296693 0.03922714 -0.00184903
v -0.05162509 0.03922882 -0.00365076
v -0.05162663 0.03592882 -0.00365499
v -0.05185654 0.03593221 -0.00620800
v -0.05153871 0.03593153 -0.00579379
v -0.05185503 0.03923220 -0.00620379
v -0.05137182 0.03923097 -0.00542191
v -0.05137690 0.03593099 -0.00543667
v -0.05129237 0.03593050 -0.00508701
v -0.05128936 0.03922976 -0.00450643
v -0.05132311 0.03592956 -0.00433916
v -0.05129012 0.03592977 -0.00451616
v -0.03762259 0.03939830 0.01504841
v -0.03753183 0.03889805 0.01520537
v -0.03437881 0.03889957 0.01287833
v -0.03450235 0.03939980 0.01274557
v -0.03182265 0.03890219 0.00990802
v -0.03197278 0.03940238 0.00980615
v -0.02999154 0.03890577 0.00644339
v -0.03030694 0.03940554 0.00673816
v -0.03111216 0.03940378 0.00840532
v -0.03158317 0.03940297 0.00920861
v -0.03016071 0.03940594 0.00637755
v -0.02897730 0.03891015 0.00265816
v -0.02915701 0.03941027 0.00263168
v -0.02883077 0.03891511 -0.00125785
v -0.02901201 0.03941518 -0.00124361
v -0.02953180 0.03941940 -0.00434916
v -0.02955931 0.03892039 -0.00510828
v -0.02973298 0.03942040 -0.00505400
v -0.03112639 0.03892573 -0.00870006
v -0.03128377 0.03942568 -0.00860843
v -0.03345343 0.03893086 -0.01185308
v -0.03358661 0.03943076 -0.01172866
v -0.03642374 0.03893552 -0.01440923
v -0.03988837 0.03893949 -0.01624034
v -0.03781912 0.03943701 -0.01505901
v -0.03945862 0.03943881 -0.01586671
v -0.03768739 0.03943685 -0.01498447
v -0.03652602 0.03943538 -0.01425823
v -0.03409643 0.03943167 -0.01225531
v -0.03995463 0.03943930 -0.01607029
v -0.04367360 0.03894256 -0.01725458
v -0.04370049 0.03944234 -0.01707399
v -0.04758962 0.03894457 -0.01740110
v -0.04757579 0.03944433 -0.01721899
v -0.05144006 0.03894544 -0.01667256
v -0.05138618 0.03944519 -0.01649802
v -0.05503184 0.03894510 -0.01510548
v -0.05494061 0.03944486 -0.01494723
v -0.03780355 0.03943674 -0.01485633
v -0.05077833 0.03940223 0.01677460
v -0.05249381 0.03940704 0.01364932
v -0.05260858 0.03940386 0.01617147
v -0.04543161 0.03943498 -0.01070716
v -0.04628161 0.03943508 -0.01047940
v -0.04584461 0.03943454 -0.01021382
v -0.05155936 0.03943795 -0.01079074
v -0.05218161 0.03943744 -0.01016850
v -0.05133818 0.03943552 -0.00897622
v -0.04393795 0.03941149 0.00706213
v -0.04345885 0.03941013 0.00795249
v -0.04182993 0.03940995 0.00749252
v -0.05453623 0.03942737 -0.00145579
v -0.05512417 0.03942644 -0.00052384
v -0.05352561 0.03942685 -0.00142552
v -0.05450385 0.03943932 -0.01079074
v -0.05473161 0.03944052 -0.01164074
v -0.05738824 0.03944082 -0.01090829
v -0.05450385 0.03944150 -0.01249074
v -0.05644406 0.03944022 -0.01078399
v -0.05564087 0.03943919 -0.01027230
v -0.05388160 0.03943823 -0.01016850
v -0.05324429 0.03943500 -0.00787573
v -0.05303160 0.03943754 -0.00994074
v -0.05829650 0.03944088 -0.01062192
v -0.05806085 0.03944336 -0.01264439
v -0.05891170 0.03944049 -0.01009438
v -0.06059042 0.03944077 -0.00970497
v -0.06031122 0.03943852 -0.00804939
v -0.06138247 0.03943615 -0.00581488
v -0.06240249 0.03943722 -0.00627637
v -0.06152905 0.03943506 -0.00490973
v -0.06340618 0.03943288 -0.00253051
v -0.06129392 0.03943381 -0.00402344
v -0.06200206 0.03943260 -0.00281942
v -0.06071793 0.03943263 -0.00330999
v -0.06116456 0.03943035 -0.00136883
v -0.05990113 0.03943171 -0.00289330
v -0.05808160 0.03942709 0.00005060
v -0.05830936 0.03942828 -0.00079940
v -0.05893160 0.03942937 -0.00142164
v -0.05978160 0.03943006 -0.00164940
v -0.05005003 0.03942705 -0.00284102
v -0.04865660 0.03942796 -0.00406303
v -0.04862469 0.03942822 -0.00427632
v -0.05171354 0.03943232 -0.00634498
v -0.05118198 0.03943096 -0.00548488
v -0.05109128 0.03942963 -0.00447786
v -0.05146059 0.03942860 -0.00353662
v -0.05050068 0.03943327 -0.00752563
v -0.03118074 0.03942205 -0.00581491
v -0.03225200 0.03942542 -0.00804942
v -0.03365151 0.03942870 -0.01009440
v -0.03446658 0.03942988 -0.01072412
v -0.03547895 0.03943060 -0.01091382
v -0.04138124 0.03942639 -0.00548485
v -0.04084972 0.03942725 -0.00634494
v -0.04084254 0.03942979 -0.00833502
v -0.03692235 0.03943045 -0.01027232
v -0.03646671 0.03943069 -0.01062194
v -0.03573949 0.03943119 -0.01128127
v -0.03592756 0.03943170 -0.01160702
v -0.03995503 0.03942106 -0.00185051
v -0.04000042 0.03941883 -0.00009142
v -0.03903759 0.03942009 -0.00142554
v -0.03802697 0.03941966 -0.00145581
v -0.04058549 0.03942237 -0.00264094
v -0.04110262 0.03942376 -0.00353663
v -0.04378054 0.03942899 -0.00663876
v -0.04147192 0.03942514 -0.00447785
v -0.03126929 0.03941980 -0.00402348
v -0.03184528 0.03941915 -0.00331002
v -0.03119687 0.03941898 -0.00341324
v -0.03266208 0.03941900 -0.00289333
v -0.03629992 0.03941758 -0.00046699
v -0.03103416 0.03942082 -0.00490976
v -0.04960954 0.03940301 0.01573542
v -0.05025952 0.03940415 0.01508865
v -0.05058940 0.03940540 0.01423310
v -0.05054186 0.03940655 0.01331739
v -0.04628159 0.03940080 0.01625057
v -0.04505225 0.03939937 0.01692120
v -0.04381083 0.03939989 0.01606105
v -0.04295365 0.03939991 0.01573541
v -0.03855276 0.03940114 0.01316872
v -0.03868160 0.03940115 0.01321415
v -0.03953160 0.03940125 0.01344191
v -0.04230367 0.03940043 0.01508864
v -0.04038160 0.03940194 0.01321416
v -0.04202133 0.03940257 0.01331738
v -0.04197379 0.03940137 0.01423309
v -0.04746094 0.03941402 0.00637527
v -0.04679872 0.03941377 0.00632932
v -0.04370592 0.03941500 0.00424321
v -0.04576447 0.03941328 0.00632932
v -0.04476470 0.03941263 0.00648010
v -0.05303159 0.03941191 0.01004193
v -0.05218159 0.03941122 0.01026969
v -0.05020541 0.03941322 0.00799569
v -0.04910434 0.03941276 0.00795250
v -0.05155935 0.03941014 0.01089193
v -0.05133159 0.03940894 0.01174193
v -0.04880660 0.03943621 -0.01043783
v -0.05133161 0.03943893 -0.01164074
v -0.05155936 0.03944013 -0.01249074
v -0.05218161 0.03944122 -0.01311298
v -0.05388161 0.03944201 -0.01311298
v -0.05303161 0.03944191 -0.01334074
v -0.04775385 0.03943904 -0.01302940
v -0.04796911 0.03943396 -0.00898724
v -0.04713161 0.03943577 -0.01070716
v -0.04775385 0.03943686 -0.01132940
v -0.04798161 0.03943806 -0.01217940
v -0.04713161 0.03943955 -0.01365164
v -0.04628161 0.03943945 -0.01387940
v -0.04543161 0.03943876 -0.01365165
v -0.04374411 0.03943760 -0.01336067
v -0.04480936 0.03943767 -0.01302940
v -0.04290661 0.03943535 -0.01191008
v -0.04458161 0.03943647 -0.01217940
v -0.04480936 0.03943549 -0.01132941
v -0.03421786 0.03940919 0.00531557
v -0.03399011 0.03940800 0.00616557
v -0.03169835 0.03940521 0.00750314
v -0.03421786 0.03940701 0.00701557
v -0.03484011 0.03940650 0.00763781
v -0.03463636 0.03940441 0.00919940
v -0.03569011 0.03940661 0.00786557
v -0.03676085 0.03940383 0.01042598
v -0.03654011 0.03940730 0.00763781
v -0.03716235 0.03940839 0.00701557
v -0.03739011 0.03940959 0.00616557
v -0.03929835 0.03941065 0.00603091
v -0.03716235 0.03941057 0.00531557
v -0.03717386 0.03941123 0.00480433
v -0.03654011 0.03941108 0.00469333
v -0.03423585 0.03941203 0.00310807
v -0.03569011 0.03941097 0.00446557
v -0.03484011 0.03941028 0.00469333
v -0.03805935 0.03940383 0.01089191
v -0.03783160 0.03940264 0.01174191
v -0.03602119 0.03940184 0.01170711
v -0.03805935 0.03940165 0.01259191
v -0.03868160 0.03940492 0.01026967
v -0.04100384 0.03940303 0.01259191
v -0.04123159 0.03940422 0.01174191
v -0.04100384 0.03940521 0.01089192
v -0.04038160 0.03940571 0.01026967
v -0.03953160 0.03940561 0.01004191
v -0.05830935 0.03942610 0.00090060
v -0.05893160 0.03942560 0.00152284
v -0.05928857 0.03942530 0.00188048
v -0.05978160 0.03942570 0.00175060
v -0.06312836 0.03942430 0.00406310
v -0.06063160 0.03942639 0.00152284
v -0.06355119 0.03942798 0.00134478
v -0.06125384 0.03942748 0.00090060
v -0.06359945 0.03942976 -0.00002411
v -0.06148160 0.03942867 0.00005060
v -0.06125384 0.03942966 -0.00079940
v -0.05155935 0.03940796 0.01259193
v -0.05218159 0.03940745 0.01321417
v -0.05303159 0.03940756 0.01344193
v -0.05603718 0.03940778 0.01435940
v -0.05388159 0.03940824 0.01321417
v -0.05450384 0.03940933 0.01259193
v -0.05817990 0.03941099 0.01263407
v -0.05473159 0.03941053 0.01174193
v -0.05450384 0.03941151 0.01089193
v -0.05602309 0.03941640 0.00763784
v -0.05687309 0.03941650 0.00786559
v -0.05897660 0.03941240 0.01182983
v -0.05772309 0.03941719 0.00763784
v -0.06127943 0.03941748 0.00870960
v -0.05834533 0.03941828 0.00701559
v -0.06283022 0.03942276 0.00515518
v -0.05115598 0.03941578 0.00634925
v -0.05493610 0.03942594 -0.00019809
v -0.05602309 0.03942017 0.00469335
v -0.05540084 0.03941908 0.00531559
v -0.05517309 0.03941789 0.00616559
v -0.05540084 0.03941690 0.00701559
v -0.05857309 0.03941947 0.00616560
v -0.05834533 0.03942046 0.00531560
v -0.05910049 0.03942480 0.00220623
v -0.05772309 0.03942097 0.00469335
v -0.05687309 0.03942086 0.00446559
v -0.05197771 0.03942769 -0.00264093
v -0.05260818 0.03942697 -0.00185049
v -0.05086975 0.03942530 -0.00117880
v -0.05099097 0.03942298 0.00067059
v -0.05039522 0.03942045 0.00242559
v -0.04917322 0.03941809 0.00381902
v -0.04751099 0.03941627 0.00463873
v -0.05039348 0.03941372 0.00766994
v -0.04566160 0.03941525 0.00475995
v -0.04117435 0.03941569 0.00278160
v -0.04251317 0.03941611 0.00294220
v -0.04390660 0.03941519 0.00416420
v -0.04807931 0.03941400 0.00661664
v -0.04872468 0.03941357 0.00718263
v -0.03923792 0.03941678 0.00122927
v -0.04169345 0.03941786 0.00127997
v -0.04136242 0.03941620 0.00245585
v -0.04505221 0.03942689 -0.00453756
v -0.04338999 0.03942506 -0.00371784
v -0.04216798 0.03942271 -0.00232442
v -0.04157224 0.03942018 -0.00056942
v -0.05532038 0.03941464 0.00875358
v -0.05455787 0.03941258 0.01007426
v -0.05436980 0.03941208 0.01040001
v -0.05388160 0.03941202 0.01026969
v -0.06347788 0.03943224 -0.00199916
v -0.06063160 0.03943017 -0.00142164
v -0.02913280 0.03941343 0.00016182
v -0.03100880 0.03941847 -0.00308749
v -0.03389670 0.03940242 0.01048053
v -0.04875236 0.03940219 0.01606105
v -0.04886271 0.03940082 0.01717516
v -0.04498742 0.03939882 0.01732016
v -0.04483515 0.03939877 0.01730807
v -0.04117702 0.03939797 0.01659919
v -0.03108160 0.03941448 0.00005057
v -0.03130936 0.03941568 -0.00079943
v -0.03193160 0.03941677 -0.00142167
v -0.03611185 0.03941708 -0.00014124
v -0.03425384 0.03941487 0.00090057
v -0.03448160 0.03941607 0.00005057
v -0.03130936 0.03941350 0.00090057
v -0.03193160 0.03941299 0.00152281
v -0.03278160 0.03941309 0.00175057
v -0.03363160 0.03941378 0.00152282
v -0.03904985 0.03941627 0.00155502
v -0.03425385 0.03941705 -0.00079943
v -0.03363160 0.03941756 -0.00142167
v -0.03278160 0.03941746 -0.00164943
v -0.04609311 0.03942892 -0.00573793
v -0.04690160 0.03942791 -0.00465877
v -0.04590504 0.03942841 -0.00541218
v -0.04396861 0.03942950 -0.00696451
v -0.03805937 0.03943383 -0.01249075
v -0.03783161 0.03943263 -0.01164076
v -0.03805937 0.03943165 -0.01079076
v -0.04103061 0.03943030 -0.00866077
v -0.03868161 0.03943114 -0.01016851
v -0.03868161 0.03943491 -0.01311300
v -0.03953161 0.03943124 -0.00994075
v -0.04038161 0.03943193 -0.01016851
v -0.04100385 0.03943302 -0.01079075
v -0.04123161 0.03943422 -0.01164075
v -0.04100385 0.03943520 -0.01249075
v -0.04038161 0.03943571 -0.01311299
v -0.03953161 0.03943560 -0.01334075
v -0.04865824 0.03592797 -0.00406752
v -0.05005166 0.03592705 -0.00284551
v -0.05087138 0.03592530 -0.00118329
v -0.05099260 0.03592299 0.00066610
v -0.05039685 0.03592046 0.00242110
v -0.04917485 0.03591810 0.00381453
v -0.04751262 0.03591627 0.00463424
v -0.04566323 0.03591525 0.00475546
v -0.04390823 0.03591520 0.00415971
v -0.05762318 0.03922069 0.00486630
v -0.05817222 0.03922025 0.00541534
v -0.05837318 0.03921938 0.00616534
v -0.05817222 0.03921833 0.00691534
v -0.05762318 0.03921736 0.00746437
v -0.05687318 0.03921676 0.00766534
v -0.05612318 0.03921666 0.00746437
v -0.05762463 0.03612070 0.00486232
v -0.05817367 0.03612025 0.00541136
v -0.05837463 0.03611938 0.00616136
v -0.05817366 0.03611833 0.00691136
v -0.05762463 0.03611737 0.00746040
v -0.05687463 0.03611676 0.00766136
v -0.05612463 0.03611667 0.00746040
v -0.05378169 0.03921175 0.01044264
v -0.05433073 0.03921130 0.01099167
v -0.05453169 0.03921044 0.01174167
v -0.05433073 0.03920938 0.01249167
v -0.05378169 0.03920842 0.01304071
v -0.05303169 0.03920781 0.01324167
v -0.05228169 0.03920772 0.01304071
v -0.05453393 0.03441044 0.01173552
v -0.05433297 0.03440938 0.01248552
v -0.05378393 0.03440842 0.01303455
v -0.05378393 0.03441175 0.01043648
v -0.05433297 0.03441131 0.01098552
v -0.05303393 0.03440781 0.01323551
v -0.05228393 0.03441105 0.01043648
v -0.05228393 0.03440772 0.01303455
v -0.05303393 0.03441166 0.01023552
v -0.05173489 0.03440817 0.01248551
v -0.05153393 0.03440904 0.01173551
v -0.05173489 0.03441009 0.01098551
v -0.06053169 0.03922990 -0.00124869
v -0.06108073 0.03922945 -0.00069965
v -0.06128169 0.03922858 0.00005035
v -0.06108073 0.03922753 0.00080035
v -0.06053169 0.03922657 0.00134938
v -0.05978169 0.03922596 0.00155034
v -0.05903169 0.03922587 0.00134938
v -0.06128393 0.03442859 0.00004419
v -0.06108297 0.03442753 0.00079419
v -0.06053393 0.03442657 0.00134323
v -0.05828393 0.03442718 0.00004419
v -0.05848490 0.03442824 -0.00070581
v -0.05903393 0.03442920 -0.00125485
v -0.05903393 0.03442587 0.00134322
v -0.05848490 0.03442632 0.00079419
v -0.05978393 0.03442596 0.00154419
v -0.05978394 0.03442981 -0.00145581
v -0.06053393 0.03442990 -0.00125485
v -0.06108297 0.03442945 -0.00070581
v -0.04028169 0.03920545 0.01044262
v -0.04083073 0.03920500 0.01099166
v -0.04103169 0.03920413 0.01174166
v -0.04083073 0.03920308 0.01249166
v -0.04028169 0.03920212 0.01304069
v -0.03953169 0.03920151 0.01324166
v -0.03878169 0.03920142 0.01304069
v -0.04103393 0.03440414 0.01173550
v -0.04083297 0.03440308 0.01248550
v -0.04028393 0.03440212 0.01303454
v -0.04083297 0.03440500 0.01098550
v -0.04028393 0.03440545 0.01043646
v -0.03878393 0.03440142 0.01303454
v -0.03953393 0.03440151 0.01323550
v -0.03803393 0.03440274 0.01173550
v -0.03823489 0.03440379 0.01098550
v -0.03823489 0.03440187 0.01248550
v -0.03878393 0.03440475 0.01043646
v -0.03953393 0.03440536 0.01023550
v -0.03644020 0.03921081 0.00486628
v -0.03698924 0.03921036 0.00541532
v -0.03719020 0.03920949 0.00616532
v -0.03698924 0.03920843 0.00691532
v -0.03644020 0.03920747 0.00746435
v -0.03569020 0.03920687 0.00766531
v -0.03494020 0.03920677 0.00746435
v -0.03644165 0.03611081 0.00486230
v -0.03699069 0.03611036 0.00541134
v -0.03719165 0.03610949 0.00616134
v -0.03699069 0.03610844 0.00691134
v -0.03644165 0.03610748 0.00746038
v -0.03569165 0.03610687 0.00766134
v -0.03494165 0.03610678 0.00746037
v -0.03353170 0.03921729 -0.00124872
v -0.03408073 0.03921685 -0.00069968
v -0.03428170 0.03921598 0.00005032
v -0.03408073 0.03921492 0.00080032
v -0.03353170 0.03921396 0.00134935
v -0.03278169 0.03921335 0.00155031
v -0.03203170 0.03921326 0.00134935
v -0.03353394 0.03441396 0.00134320
v -0.03278394 0.03441336 0.00154416
v -0.03203394 0.03441326 0.00134320
v -0.03203394 0.03441660 -0.00125488
v -0.03278394 0.03441720 -0.00145584
v -0.03148490 0.03441564 -0.00070584
v -0.03353394 0.03441730 -0.00125488
v -0.03128394 0.03441458 0.00004416
v -0.03408298 0.03441492 0.00079416
v -0.03428394 0.03441598 0.00004416
v -0.03408298 0.03441685 -0.00070584
v -0.03148490 0.03441371 0.00079416
v -0.04028170 0.03923544 -0.01294005
v -0.04083074 0.03923499 -0.01239101
v -0.04103170 0.03923412 -0.01164101
v -0.04083074 0.03923307 -0.01089101
v -0.04028170 0.03923211 -0.01034197
v -0.03953170 0.03923150 -0.01014101
v -0.03878170 0.03923141 -0.01034197
v -0.04103394 0.03443413 -0.01164716
v -0.04083298 0.03443307 -0.01089717
v -0.03823490 0.03443378 -0.01239717
v -0.04028394 0.03443211 -0.01034813
v -0.03953394 0.03443150 -0.01014717
v -0.03803394 0.03443273 -0.01164717
v -0.03823490 0.03443186 -0.01089717
v -0.03878394 0.03443141 -0.01034813
v -0.04028394 0.03443544 -0.01294620
v -0.04083298 0.03443500 -0.01239717
v -0.03953394 0.03443535 -0.01314717
v -0.03878394 0.03443474 -0.01294620
v -0.04703170 0.03923928 -0.01347870
v -0.04758074 0.03923883 -0.01292966
v -0.04778170 0.03923796 -0.01217966
v -0.04758074 0.03923691 -0.01142966
v -0.04703170 0.03923595 -0.01088062
v -0.04628170 0.03923534 -0.01067966
v -0.04553170 0.03923525 -0.01088062
v -0.04703315 0.03613928 -0.01348267
v -0.04758219 0.03613884 -0.01293363
v -0.04778315 0.03613797 -0.01218363
v -0.04758219 0.03613691 -0.01143363
v -0.04703315 0.03613595 -0.01088460
v -0.04628315 0.03613535 -0.01068364
v -0.04553315 0.03613525 -0.01088460
v -0.05378170 0.03924174 -0.01294003
v -0.05433074 0.03924130 -0.01239099
v -0.05453170 0.03924043 -0.01164099
v -0.05433074 0.03923937 -0.01089100
v -0.05378170 0.03923841 -0.01034196
v -0.05303170 0.03923780 -0.01014100
v -0.05228170 0.03923771 -0.01034196
v -0.05228394 0.03443771 -0.01034812
v -0.05173490 0.03443816 -0.01089715
v -0.05153394 0.03443903 -0.01164715
v -0.05433298 0.03443937 -0.01089715
v -0.05378394 0.03443841 -0.01034811
v -0.05453394 0.03444043 -0.01164715
v -0.05303394 0.03444165 -0.01314715
v -0.05433298 0.03444130 -0.01239715
v -0.05378394 0.03444175 -0.01294619
v -0.05303394 0.03443781 -0.01014715
v -0.05228394 0.03444105 -0.01294619
v -0.05173490 0.03444009 -0.01239715
v -0.03271393 0.03921927 -0.00308677
v -0.03271547 0.03591927 -0.00309100
v -0.05448610 0.03592759 -0.00165346
v -0.05448456 0.03922759 -0.00164923
v -0.05370587 0.03922716 -0.00159819
v -0.05356582 0.03922712 -0.00162172
v -0.04498411 0.03613570 -0.01143364
v -0.04478315 0.03613657 -0.01218364
v -0.04498411 0.03613763 -0.01293364
v -0.04628315 0.03613919 -0.01368363
v -0.04553315 0.03613858 -0.01348267
v -0.03439261 0.03610722 0.00691134
v -0.03419165 0.03610809 0.00616134
v -0.03439261 0.03610915 0.00541134
v -0.03569165 0.03611072 0.00466134
v -0.03494165 0.03611011 0.00486230
v -0.05687463 0.03612061 0.00466136
v -0.05557559 0.03611711 0.00691136
v -0.05557559 0.03611904 0.00541136
v -0.05612463 0.03612000 0.00486232
v -0.05537463 0.03611798 0.00616136
v -0.04640051 0.03404539 -0.00284744
v -0.04639985 0.03392534 -0.00283915
v -0.04711663 0.03392551 -0.00271875
v -0.04640147 0.03429695 -0.00292253
v -0.04713769 0.03427465 -0.00278872
v -0.04719761 0.03456461 -0.00298762
v -0.04640507 0.03456441 -0.00311999
v -0.04776109 0.03456457 -0.00275665
v -0.04765448 0.03424409 -0.00256365
v -0.04762882 0.03403488 -0.00251658
v -0.04762533 0.03392548 -0.00251078
v -0.04493936 0.03404429 -0.00251830
v -0.04494301 0.03392423 -0.00251078
v -0.04523016 0.03392453 -0.00264204
v -0.04490246 0.03429582 -0.00258383
v -0.04520281 0.03427561 -0.00271086
v -0.04512696 0.03456353 -0.00290341
v -0.04480666 0.03456319 -0.00275665
v -0.04616268 0.03456429 -0.00311999
v -0.04616707 0.03424383 -0.00289953
v -0.04616854 0.03403462 -0.00284592
v -0.04616849 0.03392523 -0.00283915
v -0.04383853 0.03404247 -0.00150268
v -0.04384553 0.03392242 -0.00149799
v -0.04416931 0.03392311 -0.00191877
v -0.04377363 0.03429396 -0.00154100
v -0.04411524 0.03427218 -0.00196834
v -0.04396254 0.03456197 -0.00210953
v -0.04360406 0.03456120 -0.00164278
v -0.04459674 0.03456294 -0.00263546
v -0.04471100 0.03424256 -0.00244670
v -0.04473922 0.03403338 -0.00240100
v -0.04474265 0.03392399 -0.00239510
v -0.04339299 0.03404043 -0.00007272
v -0.04340149 0.03392038 -0.00007215
v -0.04352734 0.03392139 -0.00080684
v -0.04331745 0.03429186 -0.00007347
v -0.04345607 0.03427238 -0.00082832
v -0.04325789 0.03456007 -0.00088904
v -0.04311952 0.03455897 -0.00007685
v -0.04348287 0.03456088 -0.00143287
v -0.04367643 0.03424064 -0.00132651
v -0.04372387 0.03403150 -0.00130103
v -0.04372985 0.03392211 -0.00129763
v -0.04372212 0.03403871 0.00138844
v -0.04372985 0.03391867 0.00138469
v -0.04343139 0.03391970 0.00047352
v -0.04365615 0.03429010 0.00142554
v -0.04335764 0.03427065 0.00048506
v -0.04315257 0.03455822 0.00051632
v -0.04348287 0.03455709 0.00152156
v -0.04311952 0.03455866 0.00016554
v -0.04334055 0.03423858 0.00016089
v -0.04339452 0.03402947 0.00015925
v -0.04340149 0.03392009 0.00015921
v -0.04473774 0.03403777 0.00248927
v -0.04474264 0.03391774 0.00248216
v -0.04430819 0.03391796 0.00214560
v -0.04469898 0.03428914 0.00255437
v -0.04383882 0.03426930 0.00171108
v -0.04366745 0.03455678 0.00182819
v -0.04425706 0.03426887 0.00220028
v -0.04411497 0.03455632 0.00235165
v -0.04360406 0.03455688 0.00173148
v -0.04379338 0.03423692 0.00161695
v -0.04383945 0.03402785 0.00158856
v -0.04384553 0.03391847 0.00158505
v -0.04390047 0.03391838 0.00166871
v -0.04459674 0.03455606 0.00272416
v -0.04616771 0.03403787 0.00293481
v -0.04616848 0.03391783 0.00292621
v -0.04553748 0.03391766 0.00283023
v -0.04616652 0.03428924 0.00301055
v -0.04551828 0.03426659 0.00290171
v -0.04546428 0.03455598 0.00310311
v -0.04616268 0.03455618 0.00320870
v -0.04480665 0.03455601 0.00284535
v -0.04491356 0.03423612 0.00265153
v -0.04493942 0.03402706 0.00260392
v -0.04494301 0.03391768 0.00259784
v -0.04762887 0.03403897 0.00260568
v -0.04762533 0.03391893 0.00259785
v -0.04703086 0.03391836 0.00283023
v -0.04766553 0.03429037 0.00267185
v -0.04704995 0.03426927 0.00290256
v -0.04710346 0.03455675 0.00310312
v -0.04776109 0.03455739 0.00284535
v -0.04640506 0.03455629 0.00320870
v -0.04640097 0.03423638 0.00298741
v -0.04639970 0.03402732 0.00293326
v -0.04639985 0.03391794 0.00292621
v -0.04872970 0.03404079 0.00159006
v -0.04872280 0.03392075 0.00158506
v -0.04832417 0.03391992 0.00208354
v -0.04879436 0.03429224 0.00162902
v -0.04837601 0.03426890 0.00213599
v -0.04852304 0.03455846 0.00228352
v -0.04896368 0.03455938 0.00173148
v -0.04797100 0.03455764 0.00272416
v -0.04785703 0.03423764 0.00253459
v -0.04782901 0.03402856 0.00248834
v -0.04782569 0.03391917 0.00248217
v -0.04917524 0.03404283 0.00016009
v -0.04916685 0.03392278 0.00015922
v -0.04907086 0.03392193 0.00079023
v -0.04925054 0.03429433 0.00016149
v -0.04914174 0.03427096 0.00080971
v -0.04934264 0.03456067 0.00086395
v -0.04944822 0.03456161 0.00016555
v -0.04908487 0.03455970 0.00152157
v -0.04889161 0.03423956 0.00141440
v -0.04884437 0.03403044 0.00138837
v -0.04883849 0.03392106 0.00138469
v -0.04884610 0.03404455 -0.00130107
v -0.04883849 0.03392450 -0.00129762
v -0.04907086 0.03392384 -0.00070316
v -0.04891184 0.03429610 -0.00133752
v -0.04914258 0.03427490 -0.00072197
v -0.04934264 0.03456277 -0.00077524
v -0.04908487 0.03456349 -0.00143286
v -0.04944822 0.03456192 -0.00007684
v -0.04922749 0.03424163 -0.00007300
v -0.04917371 0.03403247 -0.00007191
v -0.04916685 0.03392308 -0.00007215
v -0.04783048 0.03404549 -0.00240190
v -0.04782569 0.03392543 -0.00239510
v -0.04832417 0.03392515 -0.00199647
v -0.04786901 0.03429706 -0.00246635
v -0.04837601 0.03427427 -0.00204802
v -0.04852304 0.03456421 -0.00219482
v -0.04797100 0.03456451 -0.00263545
v -0.04896368 0.03456371 -0.00164277
v -0.04877466 0.03424329 -0.00152907
v -0.04872879 0.03403409 -0.00150122
v -0.04872280 0.03392470 -0.00149799
v -0.04986484 0.03328768 -0.00239833
v -0.04934860 0.03328824 -0.00302141
v -0.04948491 0.03354559 -0.00315752
v -0.04986424 0.03456509 -0.00239670
v -0.04996375 0.03456494 -0.00224393
v -0.05012772 0.03430803 -0.00234615
v -0.04934800 0.03456565 -0.00301977
v -0.04948456 0.03430877 -0.00315654
v -0.04857216 0.03456608 -0.00363552
v -0.04867417 0.03430922 -0.00379970
v -0.04871554 0.03406275 -0.00386635
v -0.04954747 0.03392729 -0.00321976
v -0.04872120 0.03392775 -0.00387553
v -0.04871566 0.03379271 -0.00386670
v -0.04867453 0.03354604 -0.00380068
v -0.04857276 0.03328867 -0.00363716
v -0.04996435 0.03328753 -0.00224557
v -0.05012808 0.03354485 -0.00234713
v -0.05019430 0.03379150 -0.00238806
v -0.05020324 0.03392654 -0.00239349
v -0.05019417 0.03406155 -0.00238772
v -0.04603469 0.03435712 -0.00298684
v -0.04585229 0.03417455 -0.00298708
v -0.04578561 0.03392524 -0.00298740
v -0.04616782 0.03380519 -0.00284774
v -0.04585252 0.03367599 -0.00298772
v -0.04616686 0.03355383 -0.00292348
v -0.04603509 0.03349359 -0.00298795
v -0.04616327 0.03328688 -0.00312163
v -0.04653365 0.03349382 -0.00298795
v -0.04639981 0.03381596 -0.00284620
v -0.04671605 0.03367639 -0.00298771
v -0.04678273 0.03392570 -0.00298739
v -0.04671582 0.03417495 -0.00298707
v -0.04653325 0.03435735 -0.00298684
v -0.04628376 0.03480139 -0.00370534
v -0.04589626 0.03459703 -0.00329978
v -0.04584632 0.03468396 -0.00370549
v -0.04561265 0.03431316 -0.00330015
v -0.04552620 0.03436354 -0.00370590
v -0.04550897 0.03392551 -0.00330064
v -0.04540917 0.03392598 -0.00370647
v -0.04561301 0.03353796 -0.00330114
v -0.04552660 0.03348854 -0.00370703
v -0.04589688 0.03325435 -0.00330150
v -0.04584702 0.03316842 -0.00370744
v -0.04628453 0.03315068 -0.00330164
v -0.04628458 0.03305139 -0.00370759
v -0.04667208 0.03325471 -0.00330150
v -0.04672202 0.03316883 -0.00370744
v -0.04695569 0.03353859 -0.00330114
v -0.04704215 0.03348925 -0.00370702
v -0.04705937 0.03392623 -0.00330064
v -0.04715917 0.03392680 -0.00370646
v -0.04695533 0.03431379 -0.00330014
v -0.04704174 0.03436425 -0.00370590
v -0.04667146 0.03459740 -0.00329978
v -0.04672132 0.03468437 -0.00370549
v -0.04628381 0.03470107 -0.00329965
v -0.04628387 0.03457783 -0.00312229
v -0.04628447 0.03327346 -0.00312397
v -0.04640566 0.03328699 -0.00312163
v -0.04640127 0.03360689 -0.00290034
v -0.04511286 0.03354505 -0.00432901
v -0.04613626 0.03354573 -0.00448081
v -0.04614269 0.03328837 -0.00428830
v -0.04415032 0.03430730 -0.00394780
v -0.04424115 0.03456424 -0.00377730
v -0.04511251 0.03430824 -0.00432803
v -0.04470073 0.03456473 -0.00398943
v -0.04516232 0.03456514 -0.00414132
v -0.04411361 0.03406080 -0.00401701
v -0.04508972 0.03392674 -0.00441421
v -0.04410867 0.03392579 -0.00402653
v -0.04411373 0.03379076 -0.00401735
v -0.04415067 0.03354412 -0.00394878
v -0.04424175 0.03328682 -0.00377894
v -0.04470132 0.03328731 -0.00399107
v -0.04516292 0.03328772 -0.00414296
v -0.04613359 0.03379240 -0.00455857
v -0.04613318 0.03392743 -0.00456899
v -0.04613346 0.03406244 -0.00455822
v -0.04613590 0.03430891 -0.00447983
v -0.04614209 0.03456578 -0.00428666
v -0.04455262 0.03435575 -0.00245614
v -0.04439467 0.03417307 -0.00236513
v -0.04433694 0.03392372 -0.00233205
v -0.04473786 0.03380395 -0.00240221
v -0.04439490 0.03367451 -0.00236577
v -0.04469933 0.03355256 -0.00246730
v -0.04455302 0.03349221 -0.00245724
v -0.04459734 0.03328552 -0.00263709
v -0.04498479 0.03349274 -0.00270652
v -0.04493952 0.03381485 -0.00251686
v -0.04514274 0.03367541 -0.00279753
v -0.04520047 0.03392477 -0.00283061
v -0.04514251 0.03417398 -0.00279689
v -0.04498439 0.03435627 -0.00270542
v -0.04440876 0.03479987 -0.00320294
v -0.04427610 0.03459545 -0.00265795
v -0.04402993 0.03468219 -0.00298434
v -0.04403050 0.03431141 -0.00251644
v -0.04375271 0.03436158 -0.00282462
v -0.04394074 0.03392371 -0.00246501
v -0.04365140 0.03392396 -0.00276656
v -0.04403086 0.03353622 -0.00251744
v -0.04375312 0.03348658 -0.00282574
v -0.04427673 0.03325277 -0.00265967
v -0.04403064 0.03316664 -0.00298628
v -0.04461244 0.03314932 -0.00285360
v -0.04440958 0.03304987 -0.00320518
v -0.04494807 0.03325358 -0.00304727
v -0.04478841 0.03316756 -0.00342378
v -0.04519366 0.03353762 -0.00318878
v -0.04506563 0.03348817 -0.00358351
v -0.04528342 0.03392533 -0.00324021
v -0.04516694 0.03392579 -0.00364156
v -0.04519330 0.03431282 -0.00318778
v -0.04506522 0.03436317 -0.00358239
v -0.04494744 0.03459626 -0.00304555
v -0.04478770 0.03468310 -0.00342184
v -0.04461172 0.03469972 -0.00285162
v -0.04470053 0.03457655 -0.00269804
v -0.04470114 0.03327218 -0.00269972
v -0.04480725 0.03328578 -0.00275829
v -0.04491387 0.03360577 -0.00256447
v -0.04308378 0.03354260 -0.00315752
v -0.04389417 0.03354381 -0.00380069
v -0.04399618 0.03328653 -0.00363716
v -0.04244026 0.03430444 -0.00234616
v -0.04260400 0.03456151 -0.00224394
v -0.04308343 0.03430578 -0.00315654
v -0.04310732 0.03456259 -0.00290306
v -0.04321974 0.03456279 -0.00301978
v -0.04237404 0.03405790 -0.00238773
v -0.04302087 0.03392424 -0.00321977
v -0.04236510 0.03392288 -0.00239350
v -0.04237417 0.03378785 -0.00238807
v -0.04244062 0.03354127 -0.00234714
v -0.04260459 0.03328409 -0.00224558
v -0.04310791 0.03328517 -0.00290470
v -0.04322034 0.03328538 -0.00302142
v -0.04385280 0.03379044 -0.00386671
v -0.04384714 0.03392547 -0.00387554
v -0.04385268 0.03406049 -0.00386636
v -0.04389381 0.03430699 -0.00379971
v -0.04399558 0.03456394 -0.00363553
v -0.04353447 0.03435373 -0.00125550
v -0.04344331 0.03417100 -0.00109769
v -0.04341003 0.03392163 -0.00104017
v -0.04372224 0.03380207 -0.00130138
v -0.04344354 0.03367244 -0.00109833
v -0.04365651 0.03355063 -0.00133848
v -0.04353487 0.03349020 -0.00125660
v -0.04348347 0.03328346 -0.00143450
v -0.04378415 0.03349087 -0.00168837
v -0.04383955 0.03381304 -0.00150150
v -0.04387531 0.03367360 -0.00184617
v -0.04390859 0.03392297 -0.00190370
v -0.04387508 0.03417216 -0.00184553
v -0.04378375 0.03435440 -0.00168726
v -0.04303617 0.03479747 -0.00183035
v -0.04319391 0.03459319 -0.00129203
v -0.04281747 0.03467965 -0.00145161
v -0.04305217 0.03430907 -0.00104666
v -0.04265748 0.03435895 -0.00117466
v -0.04300043 0.03392133 -0.00095722
v -0.04259907 0.03392130 -0.00107370
v -0.04305254 0.03353387 -0.00104766
v -0.04265789 0.03348396 -0.00117578
v -0.04319454 0.03325051 -0.00129375
v -0.04281818 0.03316411 -0.00145356
v -0.04338839 0.03314718 -0.00162955
v -0.04303698 0.03304747 -0.00183259
v -0.04358214 0.03325156 -0.00196509
v -0.04325568 0.03316529 -0.00221133
v -0.04372388 0.03353568 -0.00221045
v -0.04341567 0.03348599 -0.00248828
v -0.04377563 0.03392342 -0.00229990
v -0.04347407 0.03392365 -0.00258924
v -0.04372352 0.03431088 -0.00220946
v -0.04341526 0.03436099 -0.00248716
v -0.04358151 0.03459424 -0.00196337
v -0.04325497 0.03468083 -0.00220938
v -0.04338767 0.03469757 -0.00162756
v -0.04354145 0.03457452 -0.00153897
v -0.04354206 0.03327015 -0.00154064
v -0.04360466 0.03328379 -0.00164442
v -0.04379367 0.03360392 -0.00152989
v -0.04176013 0.03430125 -0.00010407
v -0.04191194 0.03430263 -0.00112747
v -0.04168218 0.03405465 -0.00010695
v -0.04182642 0.03392103 -0.00115092
v -0.04167164 0.03391962 -0.00010747
v -0.04168230 0.03378461 -0.00010729
v -0.04191229 0.03353946 -0.00112845
v -0.04176049 0.03353807 -0.00010505
v -0.04229252 0.03354087 -0.00209064
v -0.04246281 0.03328371 -0.00200001
v -0.04195346 0.03328104 -0.00009907
v -0.04209879 0.03328236 -0.00107884
v -0.04214365 0.03328258 -0.00123456
v -0.04222352 0.03378745 -0.00212714
v -0.04221411 0.03392247 -0.00213197
v -0.04195286 0.03455845 -0.00009743
v -0.04209819 0.03455978 -0.00107720
v -0.04214305 0.03455999 -0.00123292
v -0.04222339 0.03405749 -0.00212680
v -0.04229217 0.03430405 -0.00208966
v -0.04246221 0.03456113 -0.00199837
v -0.04325304 0.03435162 0.00029336
v -0.04325312 0.03416890 0.00047562
v -0.04325324 0.03391953 0.00054209
v -0.04339310 0.03380004 0.00015978
v -0.04325335 0.03367034 0.00047498
v -0.04331780 0.03354855 0.00016053
v -0.04325344 0.03348808 0.00029226
v -0.04312012 0.03328124 0.00016390
v -0.04312012 0.03328155 -0.00007848
v -0.04334085 0.03360184 -0.00007383
v -0.04325344 0.03348872 -0.00020631
v -0.04339463 0.03381100 -0.00007219
v -0.04325335 0.03367144 -0.00038856
v -0.04325324 0.03392081 -0.00045503
v -0.04325312 0.03417000 -0.00038792
v -0.04325304 0.03435225 -0.00020520
v -0.04253458 0.03304483 0.00004241
v -0.04294030 0.03324918 -0.00034493
v -0.04253452 0.03316262 -0.00039494
v -0.04294017 0.03353328 -0.00062831
v -0.04253437 0.03348330 -0.00071480
v -0.04293999 0.03392102 -0.00073167
v -0.04253417 0.03392095 -0.00083147
v -0.04293981 0.03430848 -0.00062732
v -0.04253396 0.03435830 -0.00071368
v -0.04293968 0.03459186 -0.00034321
v -0.04253381 0.03467816 -0.00039300
v -0.04293963 0.03469522 0.00004452
v -0.04253376 0.03479483 0.00004465
v -0.04293968 0.03459087 0.00043199
v -0.04253381 0.03467704 0.00048200
v -0.04293981 0.03430676 0.00071537
v -0.04253396 0.03435636 0.00080186
v -0.04293999 0.03391903 0.00081873
v -0.04253417 0.03391871 0.00091853
v -0.04294017 0.03353156 0.00071437
v -0.04253437 0.03348136 0.00080074
v -0.04294030 0.03324818 0.00043027
v -0.04253452 0.03316150 0.00048006
v -0.04294035 0.03314482 0.00004253
v -0.04311781 0.03326792 0.00004269
v -0.04311720 0.03457229 0.00004437
v -0.04176049 0.03353769 0.00019113
v -0.04195346 0.03328067 0.00018449
v -0.04176093 0.03353767 0.00020413
v -0.04195388 0.03328066 0.00019694
v -0.04168230 0.03378422 0.00019400
v -0.04167209 0.03391922 0.00020778
v -0.04167164 0.03391924 0.00019452
v -0.04168218 0.03405426 0.00019435
v -0.04176058 0.03430086 0.00020511
v -0.04176013 0.03430087 0.00019211
v -0.04195328 0.03455807 0.00019858
v -0.04195286 0.03455809 0.00018613
v -0.04378374 0.03434996 0.00177543
v -0.04387507 0.03416732 0.00193323
v -0.04390858 0.03391798 0.00199076
v -0.04383864 0.03379841 0.00158974
v -0.04387531 0.03366876 0.00193259
v -0.04377398 0.03354688 0.00162806
v -0.04378415 0.03348643 0.00177432
v -0.04360466 0.03327946 0.00172984
v -0.04348347 0.03327968 0.00151993
v -0.04367672 0.03360009 0.00141357
v -0.04353487 0.03348687 0.00134256
v -0.04372397 0.03380927 0.00138809
v -0.04344354 0.03366951 0.00118475
v -0.04341003 0.03391885 0.00112723
v -0.04344331 0.03416807 0.00118539
v -0.04353447 0.03435040 0.00134366
v -0.04303698 0.03304266 0.00191741
v -0.04319454 0.03324709 0.00137908
v -0.04281818 0.03316027 0.00153867
v -0.04305254 0.03353108 0.00113372
v -0.04265789 0.03348083 0.00126172
v -0.04300043 0.03391877 0.00104428
v -0.04259907 0.03391843 0.00116076
v -0.04305217 0.03430628 0.00113472
v -0.04265748 0.03435583 0.00126284
v -0.04319391 0.03458977 0.00138081
v -0.04281747 0.03467582 0.00154061
v -0.04338766 0.03469329 0.00171661
v -0.04303616 0.03479266 0.00191965
v -0.04358151 0.03458909 0.00205215
v -0.04325497 0.03467505 0.00229839
v -0.04372352 0.03430510 0.00229751
v -0.04341526 0.03435450 0.00257534
v -0.04377563 0.03391741 0.00238696
v -0.04347407 0.03391689 0.00267630
v -0.04372388 0.03352990 0.00229652
v -0.04341566 0.03347950 0.00257422
v -0.04358214 0.03324641 0.00205043
v -0.04325568 0.03315951 0.00229644
v -0.04338839 0.03314289 0.00171462
v -0.04354206 0.03326609 0.00162602
v -0.04354145 0.03457046 0.00162770
v -0.04270350 0.03455549 0.00248540
v -0.04260399 0.03455564 0.00233264
v -0.04244026 0.03429831 0.00243420
v -0.04270410 0.03327807 0.00248376
v -0.04322034 0.03327752 0.00310684
v -0.04308378 0.03353439 0.00324360
v -0.04321974 0.03455493 0.00310848
v -0.04308343 0.03429757 0.00324458
v -0.04399558 0.03455450 0.00372422
v -0.04389381 0.03429713 0.00388775
v -0.04385267 0.03405045 0.00395377
v -0.04302087 0.03391587 0.00330682
v -0.04384714 0.03391542 0.00396260
v -0.04385280 0.03378041 0.00395342
v -0.04389416 0.03353395 0.00388677
v -0.04399617 0.03327709 0.00372259
v -0.04260459 0.03327822 0.00233100
v -0.04244062 0.03353513 0.00243322
v -0.04237416 0.03378162 0.00247478
v -0.04236510 0.03391663 0.00248056
v -0.04237404 0.03405166 0.00247513
v -0.04459734 0.03327865 0.00272252
v -0.04471130 0.03359913 0.00253376
v -0.04455302 0.03348580 0.00254320
v -0.04473932 0.03380834 0.00248806
v -0.04439490 0.03366833 0.00245219
v -0.04433694 0.03391763 0.00241911
v -0.04439466 0.03416689 0.00245283
v -0.04455262 0.03434933 0.00254430
v -0.04498439 0.03434922 0.00279359
v -0.04514251 0.03416669 0.00288459
v -0.04520047 0.03391739 0.00291767
v -0.04493947 0.03379763 0.00260536
v -0.04514274 0.03366813 0.00288396
v -0.04490281 0.03354606 0.00267089
v -0.04498479 0.03348568 0.00279248
v -0.04480725 0.03327860 0.00284371
v -0.04440958 0.03304154 0.00329000
v -0.04427672 0.03324584 0.00274501
v -0.04403064 0.03315888 0.00307140
v -0.04403086 0.03352965 0.00260350
v -0.04375312 0.03347922 0.00291168
v -0.04394074 0.03391727 0.00255207
v -0.04365139 0.03391675 0.00285362
v -0.04403050 0.03430485 0.00260450
v -0.04375271 0.03435422 0.00291280
v -0.04427610 0.03458852 0.00274673
v -0.04402993 0.03467442 0.00307334
v -0.04461172 0.03469229 0.00294067
v -0.04440876 0.03479154 0.00329225
v -0.04494744 0.03458834 0.00313433
v -0.04478770 0.03467421 0.00351085
v -0.04519330 0.03430453 0.00327584
v -0.04506521 0.03435386 0.00367057
v -0.04528342 0.03391691 0.00332727
v -0.04516694 0.03391634 0.00372862
v -0.04519366 0.03352933 0.00327485
v -0.04506562 0.03347886 0.00366945
v -0.04494806 0.03324566 0.00313261
v -0.04478841 0.03315867 0.00350890
v -0.04461244 0.03314189 0.00293868
v -0.04470114 0.03326514 0.00278511
v -0.04470053 0.03456951 0.00278678
v -0.04596004 0.03455460 0.00436556
v -0.04516232 0.03455440 0.00423003
v -0.04511250 0.03429702 0.00441607
v -0.04614209 0.03455467 0.00437536
v -0.04613589 0.03429730 0.00456788
v -0.04613345 0.03405063 0.00464563
v -0.04508972 0.03391531 0.00450128
v -0.04613317 0.03391560 0.00465606
v -0.04613358 0.03378059 0.00464529
v -0.04511286 0.03353384 0.00441509
v -0.04613625 0.03353412 0.00456690
v -0.04415067 0.03353388 0.00403486
v -0.04424174 0.03327702 0.00386436
v -0.04516292 0.03327698 0.00422839
v -0.04596063 0.03327718 0.00436393
v -0.04614269 0.03327725 0.00437372
v -0.04411373 0.03378034 0.00410407
v -0.04410867 0.03391535 0.00411359
v -0.04411360 0.03405039 0.00410441
v -0.04415031 0.03429706 0.00403584
v -0.04424115 0.03455443 0.00386600
v -0.04653325 0.03434958 0.00307501
v -0.04671582 0.03416718 0.00307478
v -0.04678273 0.03391793 0.00307446
v -0.04640063 0.03379788 0.00293450
v -0.04671605 0.03366862 0.00307414
v -0.04640182 0.03354633 0.00300959
v -0.04653365 0.03348605 0.00307391
v -0.04640566 0.03327888 0.00320706
v -0.04616327 0.03327876 0.00320706
v -0.04616737 0.03359923 0.00298659
v -0.04603509 0.03348581 0.00307391
v -0.04616864 0.03380844 0.00293298
v -0.04585252 0.03366821 0.00307414
v -0.04578561 0.03391746 0.00307446
v -0.04585228 0.03416678 0.00307478
v -0.04603469 0.03434934 0.00307501
v -0.04628458 0.03304178 0.00379241
v -0.04589688 0.03324577 0.00338685
v -0.04584702 0.03315880 0.00379256
v -0.04561301 0.03352938 0.00338721
v -0.04552660 0.03347892 0.00379297
v -0.04550897 0.03391693 0.00338771
v -0.04540917 0.03391637 0.00379353
v -0.04561264 0.03430458 0.00338820
v -0.04552619 0.03435392 0.00379409
v -0.04589625 0.03458846 0.00338857
v -0.04584631 0.03467434 0.00379450
v -0.04628380 0.03469249 0.00338870
v -0.04628376 0.03479177 0.00379465
v -0.04667145 0.03458882 0.00338857
v -0.04672131 0.03467475 0.00379450
v -0.04695533 0.03430521 0.00338821
v -0.04704174 0.03435463 0.00379409
v -0.04705936 0.03391765 0.00338771
v -0.04715917 0.03391718 0.00379353
v -0.04695569 0.03353001 0.00338721
v -0.04704214 0.03347963 0.00379297
v -0.04667208 0.03324613 0.00338685
v -0.04672202 0.03315921 0.00379256
v -0.04628453 0.03314210 0.00338671
v -0.04628447 0.03326534 0.00320936
v -0.04628386 0.03456971 0.00321103
v -0.04745583 0.03353493 0.00441509
v -0.04643244 0.03353426 0.00456690
v -0.04642624 0.03327739 0.00437372
v -0.04841767 0.03429905 0.00403584
v -0.04832659 0.03455634 0.00386601
v -0.04745547 0.03429811 0.00441607
v -0.04786701 0.03455586 0.00407814
v -0.04740542 0.03455545 0.00423003
v -0.04845461 0.03405241 0.00410442
v -0.04747862 0.03391642 0.00450128
v -0.04845967 0.03391738 0.00411360
v -0.04845473 0.03378237 0.00410407
v -0.04841802 0.03353587 0.00403486
v -0.04832719 0.03327893 0.00386437
v -0.04786761 0.03327844 0.00407650
v -0.04740601 0.03327803 0.00422839
v -0.04643488 0.03378073 0.00464529
v -0.04643516 0.03391574 0.00465606
v -0.04643475 0.03405077 0.00464563
v -0.04643208 0.03429744 0.00456788
v -0.04642565 0.03455480 0.00437536
v -0.04801532 0.03435095 0.00254431
v -0.04817344 0.03416866 0.00245283
v -0.04823140 0.03391945 0.00241911
v -0.04783059 0.03379912 0.00248897
v -0.04817367 0.03367009 0.00245219
v -0.04786935 0.03354759 0.00255342
v -0.04801572 0.03348742 0.00254320
v -0.04797160 0.03328023 0.00272252
v -0.04776168 0.03327997 0.00284371
v -0.04765477 0.03360036 0.00265072
v -0.04758395 0.03348690 0.00279248
v -0.04762892 0.03380954 0.00260364
v -0.04742583 0.03366919 0.00288396
v -0.04736787 0.03391840 0.00291767
v -0.04742559 0.03416775 0.00288460
v -0.04758355 0.03435043 0.00279359
v -0.04815958 0.03304330 0.00329000
v -0.04762090 0.03324690 0.00313261
v -0.04778063 0.03316006 0.00350890
v -0.04737504 0.03353035 0.00327485
v -0.04750312 0.03348000 0.00366945
v -0.04728491 0.03391784 0.00332727
v -0.04740139 0.03391738 0.00372863
v -0.04737468 0.03430555 0.00327584
v -0.04750271 0.03435500 0.00367057
v -0.04762027 0.03458958 0.00313433
v -0.04777993 0.03467561 0.00351085
v -0.04795589 0.03469385 0.00294067
v -0.04815876 0.03479329 0.00329225
v -0.04829161 0.03459040 0.00274674
v -0.04853770 0.03467652 0.00307335
v -0.04853747 0.03430695 0.00260450
v -0.04881521 0.03435659 0.00291280
v -0.04862760 0.03391946 0.00255208
v -0.04891694 0.03391921 0.00285363
v -0.04853784 0.03353175 0.00260351
v -0.04881562 0.03348159 0.00291168
v -0.04829224 0.03324771 0.00274501
v -0.04853841 0.03316098 0.00307141
v -0.04795662 0.03314345 0.00293868
v -0.04786780 0.03326662 0.00278511
v -0.04786720 0.03457099 0.00278678
v -0.04948491 0.03353738 0.00324361
v -0.04867452 0.03353618 0.00388677
v -0.04857276 0.03327923 0.00372259
v -0.05012772 0.03430190 0.00243421
v -0.04996375 0.03455907 0.00233264
v -0.04948455 0.03430056 0.00324459
v -0.04946043 0.03455799 0.00299177
v -0.04934800 0.03455779 0.00310848
v -0.05019417 0.03405531 0.00247514
v -0.04954746 0.03391892 0.00330683
v -0.05020324 0.03392029 0.00248056
v -0.05019430 0.03378527 0.00247479
v -0.05012808 0.03353872 0.00243323
v -0.04996434 0.03328166 0.00233101
v -0.04946102 0.03328058 0.00299013
v -0.04934859 0.03328038 0.00310684
v -0.04871566 0.03378268 0.00395342
v -0.04872120 0.03391770 0.00396260
v -0.04871554 0.03405273 0.00395377
v -0.04867417 0.03429936 0.00388775
v -0.04857216 0.03455664 0.00372423
v -0.04903347 0.03435297 0.00134367
v -0.04912480 0.03417072 0.00118540
v -0.04915831 0.03392154 0.00112723
v -0.04884621 0.03380101 0.00138814
v -0.04912503 0.03367217 0.00118476
v -0.04891218 0.03354952 0.00142459
v -0.04903387 0.03348943 0.00134256
v -0.04908547 0.03328229 0.00151993
v -0.04896427 0.03328196 0.00172985
v -0.04877496 0.03360221 0.00161614
v -0.04878459 0.03348877 0.00177433
v -0.04872889 0.03381136 0.00158829
v -0.04869326 0.03367100 0.00193260
v -0.04865975 0.03392019 0.00199077
v -0.04869303 0.03416957 0.00193324
v -0.04878419 0.03435230 0.00177544
v -0.04953217 0.03304569 0.00191741
v -0.04898682 0.03324893 0.00205043
v -0.04931337 0.03316234 0.00229645
v -0.04884482 0.03353229 0.00229652
v -0.04915308 0.03348218 0.00257422
v -0.04879271 0.03391975 0.00238696
v -0.04909426 0.03391952 0.00267631
v -0.04884446 0.03430749 0.00229752
v -0.04915267 0.03435718 0.00257534
v -0.04898620 0.03459161 0.00205215
v -0.04931266 0.03467788 0.00229839
v -0.04917995 0.03469599 0.00171662
v -0.04953136 0.03479569 0.00191966
v -0.04937380 0.03459265 0.00138081
v -0.04975016 0.03467906 0.00154062
v -0.04951580 0.03430929 0.00113472
v -0.04991044 0.03435921 0.00126285
v -0.04956791 0.03392183 0.00104428
v -0.04996926 0.03392187 0.00116076
v -0.04951616 0.03353409 0.00113373
v -0.04991085 0.03348421 0.00126172
v -0.04937442 0.03324997 0.00137909
v -0.04975087 0.03316351 0.00153868
v -0.04918067 0.03314559 0.00171463
v -0.04902688 0.03326865 0.00162603
v -0.04902628 0.03457302 0.00162770
v -0.05080785 0.03430510 0.00019212
v -0.05065604 0.03430371 0.00121551
v -0.05088604 0.03405856 0.00019436
v -0.05074191 0.03392213 0.00123799
v -0.05089670 0.03392354 0.00019453
v -0.05088616 0.03378852 0.00019401
v -0.05065640 0.03354053 0.00121453
v -0.05080821 0.03354191 0.00019114
v -0.05027617 0.03353912 0.00217672
v -0.05010612 0.03328204 0.00208544
v -0.05061548 0.03328472 0.00018450
v -0.05047014 0.03328339 0.00116427
v -0.05042528 0.03328317 0.00131999
v -0.05034494 0.03378567 0.00221386
v -0.05035423 0.03392069 0.00221903
v -0.05061488 0.03456213 0.00018614
v -0.05046955 0.03456081 0.00116590
v -0.05042468 0.03456058 0.00132163
v -0.05034482 0.03405572 0.00221421
v -0.05027581 0.03430230 0.00217770
v -0.05010553 0.03455945 0.00208708
v -0.04931490 0.03435509 -0.00020519
v -0.04931498 0.03417283 -0.00038791
v -0.04931510 0.03392364 -0.00045503
v -0.04917535 0.03380303 -0.00007302
v -0.04931521 0.03367427 -0.00038855
v -0.04925089 0.03355160 -0.00007442
v -0.04931530 0.03349155 -0.00020630
v -0.04944881 0.03328451 -0.00007848
v -0.04931530 0.03349091 0.00029226
v -0.04917381 0.03381340 0.00015898
v -0.04931521 0.03367316 0.00047498
v -0.04931510 0.03392236 0.00054210
v -0.04931498 0.03417173 0.00047562
v -0.04931490 0.03435444 0.00029337
v -0.05003376 0.03479834 0.00004466
v -0.04962803 0.03459498 -0.00034320
v -0.05003382 0.03468167 -0.00039299
v -0.04962816 0.03431160 -0.00062731
v -0.05003396 0.03436181 -0.00071367
v -0.04962835 0.03392414 -0.00073166
v -0.05003417 0.03392446 -0.00083146
v -0.04962853 0.03353641 -0.00062830
v -0.05003437 0.03348681 -0.00071480
v -0.04962866 0.03325230 -0.00034492
v -0.05003452 0.03316613 -0.00039493
v -0.04962871 0.03314795 0.00004254
v -0.05003458 0.03304834 0.00004241
v -0.04962866 0.03325131 0.00043027
v -0.05003452 0.03316500 0.00048006
v -0.04962853 0.03353468 0.00071438
v -0.05003437 0.03348486 0.00080075
v -0.04962835 0.03392215 0.00081873
v -0.05003417 0.03392221 0.00091854
v -0.04962816 0.03430988 0.00071537
v -0.05003396 0.03435986 0.00080187
v -0.04962803 0.03459399 0.00043200
v -0.05003382 0.03468055 0.00048201
v -0.04962798 0.03469834 0.00004453
v -0.04945053 0.03457525 0.00004437
v -0.04945114 0.03327088 0.00004270
v -0.04944881 0.03328420 0.00016391
v -0.04922779 0.03360429 0.00016008
v -0.05027581 0.03430777 -0.00208965
v -0.05065604 0.03430672 -0.00112746
v -0.05034482 0.03406128 -0.00212679
v -0.05074191 0.03392520 -0.00115091
v -0.05035423 0.03392627 -0.00213196
v -0.05034495 0.03379124 -0.00212714
v -0.05065640 0.03354354 -0.00112844
v -0.05027617 0.03354459 -0.00209063
v -0.05080821 0.03354229 -0.00010504
v -0.05061548 0.03328508 -0.00009906
v -0.05010612 0.03328728 -0.00200000
v -0.05047014 0.03328627 -0.00107883
v -0.05056940 0.03328571 -0.00060313
v -0.05088616 0.03378890 -0.00010728
v -0.05089670 0.03392393 -0.00010746
v -0.05010553 0.03456470 -0.00199836
v -0.05046955 0.03456368 -0.00107719
v -0.05056880 0.03456312 -0.00060149
v -0.05088603 0.03405895 -0.00010694
v -0.05080785 0.03430548 -0.00010406
v -0.05061488 0.03456249 -0.00009742
v -0.04878419 0.03435674 -0.00168726
v -0.04869303 0.03417441 -0.00184553
v -0.04865975 0.03392519 -0.00190370
v -0.04872981 0.03380466 -0.00150299
v -0.04869327 0.03367585 -0.00184617
v -0.04879470 0.03355329 -0.00154195
v -0.04878459 0.03349321 -0.00168837
v -0.04896427 0.03328629 -0.00164441
v -0.04903387 0.03349277 -0.00125660
v -0.04884447 0.03381512 -0.00130130
v -0.04912503 0.03367509 -0.00109833
v -0.04915831 0.03392432 -0.00104016
v -0.04912480 0.03417366 -0.00109769
v -0.04903347 0.03435630 -0.00125549
v -0.04953136 0.03480050 -0.00183034
v -0.04898620 0.03459676 -0.00196336
v -0.04931266 0.03468366 -0.00220938
v -0.04884446 0.03431327 -0.00220945
v -0.04915268 0.03436367 -0.00248715
v -0.04879271 0.03392576 -0.00229989
v -0.04909426 0.03392627 -0.00258923
v -0.04884482 0.03353807 -0.00221045
v -0.04915308 0.03348867 -0.00248827
v -0.04898683 0.03325408 -0.00196508
v -0.04931337 0.03316812 -0.00221132
v -0.04918068 0.03314988 -0.00162955
v -0.04953217 0.03305051 -0.00183258
v -0.04937442 0.03325340 -0.00129374
v -0.04975087 0.03316735 -0.00145355
v -0.04951616 0.03353689 -0.00104765
v -0.04991085 0.03348734 -0.00117577
v -0.04956791 0.03392440 -0.00095721
v -0.04996926 0.03392474 -0.00107369
v -0.04951580 0.03431209 -0.00104666
v -0.04991044 0.03436234 -0.00117465
v -0.04937380 0.03459608 -0.00129202
v -0.04975016 0.03468289 -0.00145160
v -0.04917995 0.03470028 -0.00162756
v -0.04902628 0.03457708 -0.00153896
v -0.04902689 0.03327271 -0.00154063
v -0.04908547 0.03328608 -0.00143450
v -0.04889191 0.03360604 -0.00132733
v -0.05042405 0.03592188 0.00132337
v -0.05056817 0.03592441 -0.00059975
v -0.04986360 0.03592638 -0.00239495
v -0.04844990 0.03592741 -0.00370667
v -0.04845053 0.03457959 -0.00370840
v -0.05003664 0.03457830 -0.00212229
v -0.05061720 0.03457579 0.00004437
v -0.04945979 0.03591928 0.00299351
v -0.05003664 0.03457274 0.00221104
v -0.04786638 0.03591715 0.00407988
v -0.04845053 0.03456997 0.00379715
v -0.04595940 0.03591589 0.00436731
v -0.04628386 0.03456821 0.00437770
v -0.04411657 0.03591576 0.00379887
v -0.04411720 0.03456794 0.00379714
v -0.04660770 0.03456599 -0.00427686
v -0.04740542 0.03456618 -0.00414132
v -0.04745548 0.03430933 -0.00432803
v -0.04642565 0.03456591 -0.00428666
v -0.04643209 0.03430904 -0.00447983
v -0.04643476 0.03406258 -0.00455822
v -0.04747862 0.03392786 -0.00441421
v -0.04643517 0.03392757 -0.00456899
v -0.04643488 0.03379253 -0.00455857
v -0.04745584 0.03354615 -0.00432900
v -0.04643244 0.03354587 -0.00448081
v -0.04841803 0.03354611 -0.00394877
v -0.04832719 0.03328873 -0.00377894
v -0.04740602 0.03328877 -0.00414296
v -0.04660830 0.03328857 -0.00427850
v -0.04642625 0.03328850 -0.00428830
v -0.04845474 0.03379278 -0.00401735
v -0.04845967 0.03392782 -0.00402653
v -0.04845461 0.03406283 -0.00401700
v -0.04841767 0.03430929 -0.00394779
v -0.04832659 0.03456615 -0.00377730
v -0.04801572 0.03349383 -0.00245724
v -0.04782911 0.03381605 -0.00240127
v -0.04817367 0.03367627 -0.00236576
v -0.04823140 0.03392554 -0.00233205
v -0.04817344 0.03417484 -0.00236512
v -0.04801532 0.03435737 -0.00245613
v -0.04758355 0.03435748 -0.00270541
v -0.04742560 0.03417504 -0.00279689
v -0.04736787 0.03392578 -0.00283061
v -0.04762898 0.03380545 -0.00251861
v -0.04742583 0.03367648 -0.00279753
v -0.04766588 0.03355410 -0.00258478
v -0.04758395 0.03349395 -0.00270652
v -0.04776168 0.03328716 -0.00275828
v -0.04815876 0.03480162 -0.00320294
v -0.04762027 0.03459751 -0.00304554
v -0.04777993 0.03468450 -0.00342184
v -0.04737468 0.03431384 -0.00318778
v -0.04750272 0.03436431 -0.00358238
v -0.04728492 0.03392626 -0.00324021
v -0.04740140 0.03392683 -0.00364156
v -0.04737504 0.03353864 -0.00318877
v -0.04750312 0.03348931 -0.00358351
v -0.04762090 0.03325483 -0.00304727
v -0.04778064 0.03316896 -0.00342378
v -0.04795662 0.03315088 -0.00285360
v -0.04815958 0.03305162 -0.00320518
v -0.04829224 0.03325465 -0.00265967
v -0.04853841 0.03316875 -0.00298628
v -0.04853784 0.03353832 -0.00251743
v -0.04881562 0.03348894 -0.00282573
v -0.04862760 0.03392589 -0.00246501
v -0.04891694 0.03392642 -0.00276656
v -0.04853748 0.03431352 -0.00251644
v -0.04881522 0.03436394 -0.00282461
v -0.04829162 0.03459733 -0.00265794
v -0.04853770 0.03468429 -0.00298434
v -0.04795590 0.03470128 -0.00285161
v -0.04786720 0.03457803 -0.00269804
v -0.04786781 0.03327366 -0.00269971
v -0.04797160 0.03328710 -0.00263709
v -0.04785733 0.03360699 -0.00244752
v -0.04628330 0.03576902 0.00204590
v -0.04701399 0.03576953 0.00190765
v -0.04702129 0.03584452 0.00192646
v -0.04728330 0.03576983 0.00177796
v -0.04774941 0.03577052 0.00140625
v -0.04776410 0.03584551 0.00142002
v -0.04805965 0.03592397 -0.00116504
v -0.04840922 0.03592299 -0.00027434
v -0.04799769 0.03590379 -0.00112281
v -0.04833507 0.03590284 -0.00026319
v -0.04795235 0.03584882 -0.00109196
v -0.04828080 0.03584790 -0.00025508
v -0.04833772 0.03592173 0.00067982
v -0.04826606 0.03590163 0.00065769
v -0.04821362 0.03584672 0.00064144
v -0.04735824 0.03592447 -0.00181585
v -0.04732075 0.03590427 -0.00175093
v -0.04729332 0.03584930 -0.00170345
v -0.04728331 0.03577427 -0.00168614
v -0.04793578 0.03577380 -0.00108073
v -0.04801536 0.03577111 0.00104591
v -0.04819445 0.03577172 0.00063542
v -0.04828331 0.03577252 0.00004591
v -0.04826097 0.03577289 -0.00025218
v -0.04801536 0.03577367 -0.00095409
v -0.04780433 0.03590038 0.00145743
v -0.04785930 0.03592044 0.00150847
v -0.04704133 0.03589936 0.00197763
v -0.04706872 0.03591938 0.00204748
v -0.04613384 0.03576895 0.00204031
v -0.04613231 0.03584393 0.00206045
v -0.04612818 0.03589876 0.00211527
v -0.04612257 0.03591876 0.00219008
v -0.04520823 0.03591869 0.00190805
v -0.04524574 0.03589870 0.00184307
v -0.04527322 0.03584387 0.00179545
v -0.04528330 0.03576889 0.00177795
v -0.04902565 0.03592083 0.00162943
v -0.04944990 0.03592306 0.00004610
v -0.04902565 0.03592489 -0.00153723
v -0.04786657 0.03592584 -0.00269631
v -0.04651988 0.03592574 -0.00311171
v -0.04644391 0.03592441 -0.00209789
v -0.04512632 0.03592482 -0.00290167
v -0.04549775 0.03592378 -0.00195528
v -0.04396190 0.03592326 -0.00210778
v -0.04470718 0.03592272 -0.00141627
v -0.04325726 0.03592137 -0.00088730
v -0.04422875 0.03592144 -0.00058763
v -0.04315194 0.03591951 0.00051806
v -0.04415725 0.03592018 0.00036654
v -0.04366681 0.03591807 0.00182994
v -0.04450682 0.03591920 0.00125723
v -0.04469990 0.03591733 0.00278851
v -0.04628323 0.03591752 0.00321276
v -0.04786657 0.03591880 0.00278851
v -0.04596090 0.03271589 0.00436321
v -0.04411806 0.03271576 0.00379476
v -0.04411780 0.03326357 0.00379547
v -0.04786787 0.03271715 0.00407578
v -0.04628447 0.03326384 0.00437603
v -0.04946129 0.03271929 0.00298941
v -0.04845114 0.03326559 0.00379547
v -0.05042554 0.03272188 0.00131927
v -0.05003725 0.03326837 0.00220936
v -0.05056966 0.03272441 -0.00060385
v -0.05061781 0.03327142 0.00004270
v -0.04986510 0.03272639 -0.00239905
v -0.05003725 0.03327393 -0.00212396
v -0.04845140 0.03272741 -0.00371078
v -0.04845114 0.03327522 -0.00371008
v -0.04470139 0.03271733 0.00278440
v -0.04354231 0.03271827 0.00162532
v -0.04404530 0.03327896 0.00228188
v -0.04311806 0.03272011 0.00004199
v -0.04322570 0.03328040 0.00086230
v -0.04354232 0.03272234 -0.00154134
v -0.04322570 0.03328250 -0.00077688
v -0.04470140 0.03272436 -0.00270042
v -0.04404530 0.03328471 -0.00219646
v -0.04628473 0.03272565 -0.00312467
v -0.04546487 0.03328642 -0.00301605
v -0.04786806 0.03272584 -0.00270042
v -0.04710406 0.03328718 -0.00301605
v -0.04528473 0.03271890 0.00177404
v -0.04628473 0.03271902 0.00204199
v -0.04728473 0.03271983 0.00177404
v -0.04801678 0.03272111 0.00104199
v -0.04828473 0.03272252 0.00004200
v -0.04801678 0.03272368 -0.00095800
v -0.04728473 0.03272427 -0.00169006
v -0.04270286 0.03591678 0.00248715
v -0.04251480 0.03591611 0.00293771
v -0.04199830 0.03591875 0.00069194
v -0.04169509 0.03591786 0.00127548
v -0.04214242 0.03592129 -0.00123118
v -0.04157387 0.03592018 -0.00057391
v -0.04216962 0.03592271 -0.00232890
v -0.04310668 0.03592388 -0.00290132
v -0.04339162 0.03592506 -0.00372233
v -0.04470009 0.03592602 -0.00398769
v -0.04505385 0.03592689 -0.00454205
v -0.04660707 0.03592728 -0.00427511
v -0.04690324 0.03592791 -0.00466326
v -0.04902714 0.03272083 0.00162533
v -0.04786806 0.03271881 0.00278441
v -0.04628473 0.03271752 0.00320866
v -0.04270436 0.03271678 0.00248304
v -0.04199979 0.03271876 0.00068784
v -0.04214391 0.03272129 -0.00123528
v -0.04310817 0.03272388 -0.00290542
v -0.04470159 0.03272602 -0.00399179
v -0.04660856 0.03272728 -0.00427922
v -0.04902714 0.03272489 -0.00154134
v -0.04945140 0.03272306 0.00004200
v -0.04455268 0.03271949 0.00104199
v -0.04628473 0.03272415 -0.00195800
v -0.04528473 0.03272334 -0.00169006
v -0.04455268 0.03272206 -0.00095801
v -0.04428473 0.03272065 0.00004199
v -0.03112682 0.03802573 -0.00870122
v -0.02955974 0.03802039 -0.00510944
v -0.02883119 0.03801511 -0.00125900
v -0.02897772 0.03801016 0.00265701
v -0.02999196 0.03800577 0.00644224
v -0.03182307 0.03800219 0.00990687
v -0.03437923 0.03799957 0.01287718
v -0.03753225 0.03799805 0.01520421
v -0.04112361 0.03889772 0.01677245
v -0.04112403 0.03799772 0.01677130
v -0.04497405 0.03889858 0.01750100
v -0.04497447 0.03799859 0.01749984
v -0.04889007 0.03890060 0.01735447
v -0.04889049 0.03800060 0.01735332
v -0.05267529 0.03890367 0.01634023
v -0.05267571 0.03800367 0.01633907
v -0.05613993 0.03890764 0.01450912
v -0.05614035 0.03800764 0.01450797
v -0.05911024 0.03891230 0.01195297
v -0.05911066 0.03801230 0.01195182
v -0.06143727 0.03891743 0.00879996
v -0.06143769 0.03801743 0.00879880
v -0.03069380 0.03802584 -0.00895122
v -0.03069334 0.03902585 -0.00894994
v -0.03308733 0.03803112 -0.01219432
v -0.03308686 0.03903112 -0.01219304
v -0.03614250 0.03803592 -0.01482351
v -0.03614203 0.03903592 -0.01482222
v -0.03970613 0.03804000 -0.01670693
v -0.03970566 0.03904000 -0.01670565
v -0.04359950 0.03804316 -0.01775015
v -0.04359904 0.03904315 -0.01774887
v -0.04762740 0.03804523 -0.01790086
v -0.04762694 0.03904523 -0.01789958
v -0.05158786 0.03804612 -0.01715150
v -0.05158739 0.03904612 -0.01715022
v -0.05528226 0.03804578 -0.01553964
v -0.05528180 0.03904577 -0.01553836
v -0.05852537 0.03804422 -0.01314612
v -0.05852490 0.03904422 -0.01314484
v -0.06115456 0.03804153 -0.01009095
v -0.06115409 0.03904153 -0.01008966
v -0.06303798 0.03803784 -0.00652732
v -0.06303751 0.03903783 -0.00652604
v -0.06408121 0.03803333 -0.00263395
v -0.06408074 0.03903333 -0.00263266
v -0.06423192 0.03802823 0.00139395
v -0.06423146 0.03902823 0.00139523
v -0.06348256 0.03802281 0.00535440
v -0.06348209 0.03902280 0.00535568
v -0.06187071 0.03801731 0.00904880
v -0.06187024 0.03901731 0.00905008
v -0.05947718 0.03801204 0.01229191
v -0.05642201 0.03800724 0.01492109
v -0.05285839 0.03800316 0.01680451
v -0.04896501 0.03800000 0.01784774
v -0.04493710 0.03799793 0.01799844
v -0.04097665 0.03799704 0.01724908
v -0.03728225 0.03799738 0.01563722
v -0.03403914 0.03799894 0.01324370
v -0.03140995 0.03800163 0.01018853
v -0.02952653 0.03800532 0.00662491
v -0.02848330 0.03800983 0.00273153
v -0.02833259 0.03801493 -0.00129637
v -0.02908195 0.03802035 -0.00525682
v -0.03345385 0.03803086 -0.01185424
v -0.03642416 0.03803552 -0.01441039
v -0.03988880 0.03803949 -0.01624149
v -0.04367402 0.03804256 -0.01725574
v -0.04759004 0.03804458 -0.01740226
v -0.05144048 0.03804544 -0.01667371
v -0.05503226 0.03804510 -0.01510663
v -0.05818528 0.03804359 -0.01277959
v -0.06074144 0.03804097 -0.00980929
v -0.06257255 0.03803739 -0.00634465
v -0.06358679 0.03803300 -0.00255943
v -0.06373332 0.03802805 0.00135659
v -0.06300478 0.03802277 0.00520702
v -0.05081825 -0.00149893 0.01765789
v -0.05052543 -0.00149944 0.01795071
v -0.05041825 -0.00150000 0.01835071
v -0.05191107 -0.00149879 0.01795071
v -0.05161825 -0.00149855 0.01765789
v -0.05201825 -0.00149926 0.01835071
v -0.05121825 -0.00149860 0.01755071
v -0.05161825 -0.00150033 0.01904353
v -0.05191107 -0.00149982 0.01875071
v -0.05121825 -0.00150066 0.01915071
v -0.05081825 -0.00150070 0.01904353
v -0.05052543 -0.00150047 0.01875071
v -0.02864092 -0.00149242 0.00451567
v -0.02834811 -0.00149218 0.00422285
v -0.02794810 -0.00149223 0.00411566
v -0.02834810 -0.00149396 0.00560848
v -0.02864092 -0.00149345 0.00531566
v -0.02794810 -0.00149429 0.00571566
v -0.02874810 -0.00149289 0.00491567
v -0.02725528 -0.00149410 0.00531566
v -0.02754810 -0.00149434 0.00560848
v -0.02714810 -0.00149363 0.00491566
v -0.02725528 -0.00149307 0.00451566
v -0.02754810 -0.00149256 0.00422284
v -0.04069032 -0.00145798 -0.01795446
v -0.04098314 -0.00145822 -0.01766163
v -0.04058314 -0.00145751 -0.01835446
v -0.04138314 -0.00145817 -0.01755445
v -0.04207596 -0.00145630 -0.01875445
v -0.04178314 -0.00145606 -0.01904727
v -0.04218314 -0.00145677 -0.01835445
v -0.04138314 -0.00145611 -0.01915445
v -0.04207596 -0.00145733 -0.01795445
v -0.04069032 -0.00145695 -0.01875445
v -0.04098314 -0.00145644 -0.01904728
v -0.04178314 -0.00145784 -0.01766163
v -0.06425329 -0.00146281 -0.00561223
v -0.06396046 -0.00146332 -0.00531941
v -0.06465328 -0.00146248 -0.00571941
v -0.06385329 -0.00146388 -0.00491941
v -0.06505328 -0.00146421 -0.00422659
v -0.06534611 -0.00146370 -0.00451941
v -0.06465328 -0.00146454 -0.00411941
v -0.06545328 -0.00146314 -0.00491941
v -0.06425329 -0.00146458 -0.00422659
v -0.06505328 -0.00146243 -0.00561223
v -0.06534611 -0.00146267 -0.00531941
v -0.06396046 -0.00146435 -0.00451941
v -0.05161988 -0.00499855 0.01765340
v -0.05121988 -0.00499860 0.01754622
v -0.05081988 -0.00499892 0.01765340
v -0.05052706 -0.00499944 0.01794622
v -0.05041988 -0.00500000 0.01834622
v -0.05052706 -0.00500046 0.01874622
v -0.05081988 -0.00500070 0.01903904
v -0.02864256 -0.00499345 0.00531118
v -0.02874974 -0.00499288 0.00491118
v -0.02864256 -0.00499242 0.00451118
v -0.02834974 -0.00499218 0.00421836
v -0.02794974 -0.00499223 0.00411118
v -0.02754974 -0.00499255 0.00421835
v -0.02725692 -0.00499307 0.00451117
v -0.04098478 -0.00495821 -0.01766612
v -0.04138478 -0.00495816 -0.01755895
v -0.04178478 -0.00495784 -0.01766612
v -0.04207760 -0.00495733 -0.01795894
v -0.04218478 -0.00495676 -0.01835894
v -0.04207760 -0.00495630 -0.01875894
v -0.04178478 -0.00495606 -0.01905176
v -0.06396210 -0.00496332 -0.00532390
v -0.06385492 -0.00496388 -0.00492390
v -0.06396210 -0.00496434 -0.00452390
v -0.06425492 -0.00496458 -0.00423108
v -0.06465492 -0.00496453 -0.00412390
v -0.06505492 -0.00496421 -0.00423108
v -0.06534774 -0.00496370 -0.00452390
v -0.07240076 -0.01095870 -0.00585385
v -0.07257815 -0.01095785 -0.00645072
v -0.07243343 -0.01095720 -0.00701508
v -0.06934246 -0.01095970 -0.00618686
v -0.07186572 -0.01095973 -0.00525062
v -0.06976952 -0.01096045 -0.00544719
v -0.07050919 -0.01096066 -0.00502014
v -0.07136329 -0.01096026 -0.00502014
v -0.07227658 -0.01095655 -0.00757619
v -0.07182452 -0.01095621 -0.00800440
v -0.06976952 -0.01095746 -0.00778064
v -0.06934246 -0.01095861 -0.00704097
v -0.07050919 -0.01095657 -0.00820769
v -0.07105955 -0.01095624 -0.00825930
v -0.07232749 -0.01090441 -0.00739894
v -0.07253388 -0.01090553 -0.00662863
v -0.07242574 -0.01085748 -0.00704340
v -0.05161988 -0.00500033 0.01903904
v -0.05121988 -0.00500065 0.01914622
v -0.05089636 -0.00500133 0.01955362
v -0.05033600 -0.00500117 0.01923010
v -0.05001247 -0.00500060 0.01866974
v -0.05001248 -0.00499977 0.01802269
v -0.05033600 -0.00499890 0.01746233
v -0.05089636 -0.00499823 0.01713881
v -0.05154340 -0.00500102 0.01955362
v -0.05210377 -0.00500035 0.01923010
v -0.05191270 -0.00499982 0.01874622
v -0.05242729 -0.00499948 0.01866974
v -0.05201988 -0.00499925 0.01834622
v -0.05242729 -0.00499865 0.01802270
v -0.05191270 -0.00499879 0.01794622
v -0.05210377 -0.00499808 0.01746234
v -0.05154341 -0.00499793 0.01713881
v -0.02725692 -0.00499409 0.00531117
v -0.02706585 -0.00499480 0.00579506
v -0.02754974 -0.00499433 0.00560399
v -0.02762621 -0.00499496 0.00611858
v -0.02794974 -0.00499428 0.00571117
v -0.02827326 -0.00499465 0.00611858
v -0.02834974 -0.00499396 0.00560400
v -0.02883362 -0.00499398 0.00579506
v -0.02915714 -0.00499311 0.00523470
v -0.02915714 -0.00499228 0.00458765
v -0.02883362 -0.00499171 0.00402729
v -0.02827326 -0.00499156 0.00370377
v -0.02762621 -0.00499186 0.00370377
v -0.02706585 -0.00499254 0.00402729
v -0.02714974 -0.00499363 0.00491117
v -0.02674233 -0.00499341 0.00458765
v -0.02674233 -0.00499424 0.00523470
v -0.04098478 -0.00495643 -0.01905176
v -0.04050089 -0.00495642 -0.01924283
v -0.04069196 -0.00495695 -0.01875894
v -0.04017737 -0.00495729 -0.01868247
v -0.04058478 -0.00495751 -0.01835895
v -0.04017737 -0.00495812 -0.01803542
v -0.04069196 -0.00495797 -0.01795894
v -0.04050089 -0.00495868 -0.01747506
v -0.04106125 -0.00495884 -0.01715154
v -0.04170830 -0.00495853 -0.01715154
v -0.04226866 -0.00495786 -0.01747506
v -0.04259218 -0.00495699 -0.01803542
v -0.04259218 -0.00495616 -0.01868247
v -0.04226866 -0.00495559 -0.01924282
v -0.04138478 -0.00495611 -0.01915894
v -0.04170830 -0.00495544 -0.01956635
v -0.04106125 -0.00495574 -0.01956635
v -0.06534774 -0.00496267 -0.00532390
v -0.06553880 -0.00496196 -0.00580778
v -0.06505492 -0.00496243 -0.00561672
v -0.06497844 -0.00496181 -0.00613131
v -0.06465492 -0.00496248 -0.00572390
v -0.06433140 -0.00496211 -0.00613131
v -0.06425492 -0.00496280 -0.00561672
v -0.06377104 -0.00496278 -0.00580778
v -0.06344751 -0.00496365 -0.00524743
v -0.06344751 -0.00496448 -0.00460038
v -0.06377104 -0.00496505 -0.00404002
v -0.06433140 -0.00496521 -0.00371650
v -0.06497844 -0.00496490 -0.00371649
v -0.06553880 -0.00496423 -0.00404002
v -0.06545492 -0.00496313 -0.00492390
v -0.06586233 -0.00496336 -0.00460038
v -0.06586233 -0.00496253 -0.00524742
v -0.05214494 -0.01100912 0.02608155
v -0.05274181 -0.01100907 0.02625895
v -0.05330617 -0.01100862 0.02611422
v -0.05247795 -0.01100504 0.02302326
v -0.05154171 -0.01100872 0.02554651
v -0.05173828 -0.01100594 0.02345031
v -0.05131122 -0.01100708 0.02418998
v -0.05131122 -0.01100818 0.02504409
v -0.05386729 -0.01100816 0.02595738
v -0.05429549 -0.01100738 0.02550532
v -0.05407173 -0.01100485 0.02345031
v -0.05333206 -0.01100465 0.02302326
v -0.05449878 -0.01100560 0.02418999
v -0.05455039 -0.01100628 0.02474034
v -0.05369007 -0.01095596 0.02600838
v -0.05291976 -0.01095681 0.02621477
v -0.05333458 -0.01090892 0.02610671
v -0.02020951 -0.01099805 0.00582573
v -0.02003211 -0.01099890 0.00642260
v -0.02017684 -0.01099955 0.00698696
v -0.02326780 -0.01099705 0.00615875
v -0.02074454 -0.01099703 0.00522250
v -0.02284075 -0.01099630 0.00541907
v -0.02210107 -0.01099610 0.00499202
v -0.02124697 -0.01099650 0.00499202
v -0.02033368 -0.01100020 0.00754808
v -0.02078574 -0.01100054 0.00797628
v -0.02284075 -0.01099929 0.00775252
v -0.02326780 -0.01099814 0.00701285
v -0.02210107 -0.01100019 0.00817957
v -0.02155071 -0.01100051 0.00823118
v -0.02028272 -0.01094765 0.00737095
v -0.02007633 -0.01094699 0.00660064
v -0.02018443 -0.01089991 0.00701554
v -0.04046532 -0.01094763 -0.02610967
v -0.03986845 -0.01094768 -0.02628706
v -0.03930409 -0.01094813 -0.02614234
v -0.04013231 -0.01095171 -0.02305138
v -0.04106855 -0.01094804 -0.02557463
v -0.04087199 -0.01095082 -0.02347843
v -0.04129903 -0.01094967 -0.02421810
v -0.04129903 -0.01094857 -0.02507220
v -0.03874297 -0.01094859 -0.02598549
v -0.03831477 -0.01094937 -0.02553343
v -0.03853853 -0.01095191 -0.02347843
v -0.03927821 -0.01095211 -0.02305138
v -0.03811148 -0.01095116 -0.02421810
v -0.03805987 -0.01095047 -0.02476846
v -0.03892014 -0.01089610 -0.02603636
v -0.03969045 -0.01089570 -0.02624275
v -0.03927559 -0.01084847 -0.02613457
v -0.07025084 -0.01195545 -0.00917490
v -0.06906287 -0.01195688 -0.00848903
v -0.06837700 -0.01195872 -0.00730107
v -0.06837700 -0.01196048 -0.00592933
v -0.06906287 -0.01196169 -0.00474137
v -0.07025083 -0.01196201 -0.00405549
v -0.07162257 -0.01196137 -0.00405549
v -0.05243056 -0.01199864 0.01801372
v -0.05210703 -0.01199807 0.01745336
v -0.05154667 -0.01199792 0.01712983
v -0.05089962 -0.01199822 0.01712983
v -0.05033927 -0.01199890 0.01745336
v -0.05001574 -0.01199977 0.01801371
v -0.05001574 -0.01200060 0.01866076
v -0.02827653 -0.01199465 0.00610960
v -0.02883689 -0.01199397 0.00578608
v -0.02916041 -0.01199310 0.00522572
v -0.02916041 -0.01199227 0.00457867
v -0.02883689 -0.01199170 0.00401832
v -0.02827653 -0.01199155 0.00369479
v -0.02762948 -0.01199185 0.00369479
v -0.04018064 -0.01195811 -0.01804440
v -0.04050416 -0.01195868 -0.01748404
v -0.04106452 -0.01195883 -0.01716052
v -0.04171157 -0.01195853 -0.01716052
v -0.04227193 -0.01195785 -0.01748404
v -0.04259545 -0.01195698 -0.01804440
v -0.04259545 -0.01195615 -0.01869144
v -0.06433467 -0.01196210 -0.00614029
v -0.06377430 -0.01196278 -0.00581676
v -0.06345078 -0.01196365 -0.00525640
v -0.06345078 -0.01196448 -0.00460936
v -0.06377430 -0.01196504 -0.00404900
v -0.06433466 -0.01196520 -0.00372547
v -0.06498171 -0.01196490 -0.00372547
v -0.05546517 -0.01200481 0.02392989
v -0.05477930 -0.01200361 0.02274192
v -0.05359134 -0.01200328 0.02205605
v -0.05221960 -0.01200392 0.02205605
v -0.05103164 -0.01200536 0.02274192
v -0.05034577 -0.01200720 0.02392988
v -0.05034577 -0.01200896 0.02530162
v -0.02236036 -0.01200130 0.00914421
v -0.02354832 -0.01199987 0.00845835
v -0.02423419 -0.01199802 0.00727038
v -0.02423419 -0.01199626 0.00589865
v -0.02354832 -0.01199506 0.00471068
v -0.02236036 -0.01199473 0.00402481
v -0.02098862 -0.01199538 0.00402481
v -0.03714602 -0.01195194 -0.02396057
v -0.03783189 -0.01195314 -0.02277261
v -0.03901985 -0.01195346 -0.02208674
v -0.04039159 -0.01195282 -0.02208674
v -0.04157956 -0.01195139 -0.02277260
v -0.04226543 -0.01194955 -0.02396056
v -0.04226543 -0.01194779 -0.02533231
v -0.07398473 0.03273452 0.00004202
v -0.07174549 0.03273270 0.00064202
v -0.07382396 0.03273521 -0.00055798
v -0.07158472 0.03273340 0.00004202
v -0.07278473 0.03273242 0.00124202
v -0.07218473 0.03273234 0.00108125
v -0.07338472 0.03273290 0.00108125
v -0.07382396 0.03273367 0.00064202
v -0.07278473 0.03273550 -0.00115798
v -0.07338472 0.03273557 -0.00099721
v -0.07218473 0.03273501 -0.00099721
v -0.07174549 0.03273424 -0.00055798
v -0.06073472 0.03269890 0.02299166
v -0.05849548 0.03269708 0.02359166
v -0.06057395 0.03269959 0.02239166
v -0.05833472 0.03269777 0.02299166
v -0.05953472 0.03269679 0.02419166
v -0.05893471 0.03269672 0.02403089
v -0.06013472 0.03269728 0.02403089
v -0.06057395 0.03269805 0.02359166
v -0.05953472 0.03269987 0.02179166
v -0.06013472 0.03269995 0.02195243
v -0.05893471 0.03269939 0.02195243
v -0.05849549 0.03269862 0.02239166
v -0.03303472 0.03268750 0.02179164
v -0.03363472 0.03268757 0.02195240
v -0.03407395 0.03268722 0.02239164
v -0.03423472 0.03268652 0.02299163
v -0.03407395 0.03268568 0.02359163
v -0.03363472 0.03268491 0.02403086
v -0.03199549 0.03268471 0.02359163
v -0.03243472 0.03268435 0.02403086
v -0.03303472 0.03268442 0.02419163
v -0.03243472 0.03268702 0.02195240
v -0.03199549 0.03268625 0.02239163
v -0.03183472 0.03268540 0.02299163
v -0.02098473 0.03270977 0.00004197
v -0.01874550 0.03270796 0.00064196
v -0.02082396 0.03271047 -0.00055803
v -0.01858473 0.03270865 0.00004196
v -0.01978473 0.03270767 0.00124196
v -0.01918473 0.03270760 0.00108119
v -0.02038473 0.03270816 0.00108119
v -0.02082396 0.03270893 0.00064196
v -0.01978473 0.03271075 -0.00115803
v -0.02038473 0.03271083 -0.00099726
v -0.01918473 0.03271027 -0.00099727
v -0.01874550 0.03270950 -0.00055804
v -0.03423474 0.03274539 -0.02290767
v -0.03199551 0.03274358 -0.02230768
v -0.03407397 0.03274609 -0.02350767
v -0.03183474 0.03274427 -0.02290768
v -0.03303474 0.03274330 -0.02170768
v -0.03243474 0.03274322 -0.02186845
v -0.03363474 0.03274378 -0.02186844
v -0.03407397 0.03274455 -0.02230768
v -0.03303474 0.03274637 -0.02410767
v -0.03363474 0.03274645 -0.02394690
v -0.03243474 0.03274589 -0.02394691
v -0.03199551 0.03274512 -0.02350768
v -0.05953474 0.03275875 -0.02410765
v -0.06013474 0.03275882 -0.02394688
v -0.06057397 0.03275846 -0.02350765
v -0.06073474 0.03275777 -0.02290765
v -0.06057397 0.03275692 -0.02230765
v -0.06013474 0.03275615 -0.02186842
v -0.05849551 0.03275595 -0.02230765
v -0.05893474 0.03275559 -0.02186842
v -0.05953474 0.03275567 -0.02170765
v -0.05893474 0.03275826 -0.02394688
v -0.05849551 0.03275749 -0.02350765
v -0.05833474 0.03275665 -0.02290765
v -0.02003674 -0.00148234 -0.00647545
v -0.02004006 -0.00858233 -0.00648456
v -0.02131394 -0.00857676 -0.01036468
v -0.02131063 -0.00147677 -0.01035558
v -0.02315745 -0.00857123 -0.01400881
v -0.02315413 -0.00147124 -0.01399970
v -0.02552855 -0.00856586 -0.01733387
v -0.02552523 -0.00146586 -0.01732476
v -0.02837319 -0.00856077 -0.02026408
v -0.02836988 -0.00146078 -0.02025497
v -0.06586560 -0.01196252 -0.00525640
v -0.06586560 -0.01196335 -0.00460935
v -0.06684123 -0.01196173 -0.00551782
v -0.06948759 -0.01198837 0.01621688
v -0.07195410 -0.01198174 0.01194477
v -0.05932466 -0.01198194 0.00750123
v -0.02576997 -0.01199502 0.00548714
v -0.01811329 -0.01198837 -0.00248188
v -0.02127403 -0.01200699 0.01318731
v -0.02147645 -0.01200182 0.00922710
v -0.02065708 -0.01200569 0.01194472
v -0.01811329 -0.01199470 0.00245113
v -0.02018169 -0.01199623 0.00439498
v -0.02024786 -0.01200187 0.00881772
v -0.01935996 -0.01200107 0.00787503
v -0.01896990 -0.01200053 0.00730920
v -0.01902479 -0.01199963 0.00662415
v -0.01932239 -0.01199787 0.00536381
v -0.02629449 -0.01196205 -0.02002647
v -0.02312361 -0.01196838 -0.01624757
v -0.02509611 -0.01197257 -0.01226066
v -0.02065710 -0.01197501 -0.01197546
v -0.04080310 -0.01195460 -0.02055096
v -0.03310293 -0.01195243 -0.02504690
v -0.03007340 -0.01195622 -0.02319734
v -0.03706313 -0.01195084 -0.02484448
v -0.03434552 -0.01195106 -0.02566384
v -0.04383910 -0.01194336 -0.02820763
v -0.04189526 -0.01194692 -0.02613923
v -0.04877212 -0.01194106 -0.02820762
v -0.03747252 -0.01194907 -0.02607307
v -0.03841520 -0.01194749 -0.02696097
v -0.03898103 -0.01194673 -0.02735103
v -0.03966608 -0.01194648 -0.02729614
v -0.04092643 -0.01194627 -0.02699853
v -0.05363019 -0.01193989 -0.02735101
v -0.05382217 -0.01195817 -0.01303439
v -0.05826570 -0.01193989 -0.02566382
v -0.06253782 -0.01194106 -0.02319731
v -0.07449790 -0.01196838 0.00245119
v -0.07364129 -0.01197501 0.00730926
v -0.06948760 -0.01194673 -0.01624752
v -0.06631672 -0.01194336 -0.02002642
v -0.07449791 -0.01196205 -0.00248182
v -0.07242950 -0.01196052 -0.00442566
v -0.07195411 -0.01195106 -0.01197540
v -0.07113474 -0.01195493 -0.00925778
v -0.07236334 -0.01195488 -0.00884840
v -0.07325124 -0.01195567 -0.00790571
v -0.07364130 -0.01195622 -0.00733988
v -0.07358641 -0.01195712 -0.00665483
v -0.07328881 -0.01195888 -0.00539449
v -0.05180809 -0.01200214 0.02052028
v -0.04383907 -0.01201569 0.02817694
v -0.06253780 -0.01200053 0.02316666
v -0.06631671 -0.01199470 0.01999579
v -0.05826568 -0.01200569 0.02563316
v -0.05554806 -0.01200591 0.02481379
v -0.04877209 -0.01201338 0.02817695
v -0.05071593 -0.01200982 0.02610855
v -0.05513868 -0.01200767 0.02604239
v -0.05419599 -0.01200925 0.02693029
v -0.05363016 -0.01201002 0.02732034
v -0.05294511 -0.01201027 0.02726546
v -0.05168477 -0.01201047 0.02696785
v -0.02629447 -0.01201338 0.01999574
v -0.03007337 -0.01201569 0.02316662
v -0.03406028 -0.01201130 0.02119412
v -0.03434549 -0.01201686 0.02563313
v -0.02312359 -0.01201002 0.01621683
v -0.06554207 -0.01196422 -0.00404900
v -0.04630560 -0.01197837 -0.00001534
v -0.06498171 -0.01196180 -0.00614029
v -0.06554207 -0.01196195 -0.00581676
v -0.04050416 -0.01195641 -0.01925181
v -0.04106452 -0.01195573 -0.01957533
v -0.03328653 -0.01197481 -0.00753191
v -0.04018064 -0.01195728 -0.01869145
v -0.04171157 -0.01195543 -0.01957533
v -0.04227193 -0.01195558 -0.01925180
v -0.05033927 -0.01200116 0.01922112
v -0.03878903 -0.01199858 0.01300371
v -0.05154667 -0.01200102 0.01954465
v -0.05089962 -0.01200132 0.01954464
v -0.05243056 -0.01199947 0.01866076
v -0.05210703 -0.01200034 0.01922112
v -0.03898101 -0.01201686 0.02732033
v -0.02706912 -0.01199253 0.00401831
v -0.02706912 -0.01199480 0.00578608
v -0.02674560 -0.01199423 0.00522572
v -0.02674560 -0.01199340 0.00457867
v -0.02762948 -0.01199495 0.00610960
v -0.01896990 -0.01198174 -0.00733994
v -0.07249989 -0.00147479 0.00672898
v -0.07250321 -0.00857478 0.00671988
v -0.07134806 -0.00857980 0.01021144
v -0.07134475 -0.00147980 0.01022054
v -0.06972999 -0.00858479 0.01351403
v -0.06972668 -0.00148480 0.01352314
v -0.07338318 0.03603557 -0.00099297
v -0.07382242 0.03603521 -0.00055374
v -0.07398318 0.03603451 0.00004626
v -0.07382242 0.03603367 0.00064626
v -0.07338318 0.03603290 0.00108549
v -0.07278319 0.03603241 0.00124625
v -0.07218318 0.03603234 0.00108548
v -0.06013318 0.03599994 0.02195667
v -0.06057241 0.03599958 0.02239590
v -0.06073318 0.03599889 0.02299590
v -0.06057240 0.03599805 0.02359590
v -0.06013317 0.03599728 0.02403513
v -0.05953318 0.03599679 0.02419589
v -0.05893318 0.03599672 0.02403512
v -0.03363318 0.03598757 0.02195664
v -0.03407241 0.03598721 0.02239587
v -0.03423318 0.03598652 0.02299587
v -0.03407241 0.03598567 0.02359587
v -0.03363318 0.03598491 0.02403510
v -0.03303318 0.03598442 0.02419586
v -0.03243318 0.03598434 0.02403509
v -0.02038319 0.03601082 -0.00099303
v -0.02082242 0.03601047 -0.00055380
v -0.02098319 0.03600977 0.00004620
v -0.02082242 0.03600892 0.00064620
v -0.02038319 0.03600816 0.00108543
v -0.01978319 0.03600767 0.00124620
v -0.01918319 0.03600760 0.00108543
v -0.03363320 0.03604645 -0.02394267
v -0.03407243 0.03604609 -0.02350344
v -0.03423320 0.03604539 -0.02290344
v -0.03407243 0.03604455 -0.02230344
v -0.03363320 0.03604378 -0.02186421
v -0.03303320 0.03604329 -0.02170344
v -0.03243320 0.03604322 -0.02186421
v -0.06013320 0.03605882 -0.02394264
v -0.06057243 0.03605846 -0.02350341
v -0.06073320 0.03605776 -0.02290341
v -0.06057243 0.03605692 -0.02230341
v -0.06013320 0.03605615 -0.02186418
v -0.05953320 0.03605567 -0.02170341
v -0.05893320 0.03605559 -0.02186419
v -0.07043269 0.03312327 0.00651300
v -0.07043226 0.03402648 0.00501416
v -0.07118227 0.03402657 0.00521512
v -0.06968226 0.03402587 0.00521512
v -0.06913322 0.03402491 0.00576416
v -0.07193226 0.03402526 0.00651416
v -0.07173130 0.03402420 0.00726416
v -0.07173130 0.03402613 0.00576416
v -0.02463407 0.03274437 0.01254202
v -0.02571625 0.03349515 0.01316799
v -0.02525872 0.03349435 0.01362552
v -0.02588372 0.03349603 0.01254299
v -0.02571625 0.03349675 0.01191799
v -0.02400872 0.03349376 0.01362552
v -0.02355118 0.03349414 0.01316798
v -0.02463372 0.03349384 0.01379299
v -0.04628469 0.03273844 0.02504203
v -0.04736688 0.03349083 0.02441800
v -0.04753434 0.03349010 0.02504300
v -0.04690934 0.03349120 0.02396047
v -0.04628434 0.03349112 0.02379300
v -0.04690934 0.03348842 0.02612553
v -0.04628434 0.03348791 0.02629300
v -0.04736688 0.03348922 0.02566800
v -0.06793533 0.03276458 0.01254207
v -0.06793498 0.03351726 0.01129303
v -0.06855998 0.03351734 0.01146050
v -0.06730998 0.03351675 0.01146050
v -0.06685245 0.03351596 0.01191803
v -0.06918498 0.03351624 0.01254303
v -0.06901751 0.03351536 0.01316803
v -0.06901751 0.03351697 0.01191803
v -0.06793535 0.03279665 -0.01245791
v -0.06685247 0.03354802 -0.01308195
v -0.06731000 0.03354882 -0.01353948
v -0.06668499 0.03354714 -0.01245695
v -0.06685247 0.03354642 -0.01183195
v -0.06856000 0.03354941 -0.01353948
v -0.06901753 0.03354903 -0.01308195
v -0.06793500 0.03354933 -0.01370695
v -0.04628472 0.03280257 -0.02495792
v -0.04520183 0.03355234 -0.02433196
v -0.04503437 0.03355307 -0.02495696
v -0.04565937 0.03355197 -0.02387443
v -0.04628437 0.03355205 -0.02370696
v -0.04565937 0.03355475 -0.02603949
v -0.04628437 0.03355525 -0.02620696
v -0.04520184 0.03355395 -0.02558196
v -0.02463408 0.03277643 -0.01245796
v -0.02463373 0.03352591 -0.01120699
v -0.02400873 0.03352583 -0.01137446
v -0.02525873 0.03352641 -0.01137446
v -0.02571626 0.03352721 -0.01183199
v -0.02338373 0.03352693 -0.01245700
v -0.02355120 0.03352781 -0.01308199
v -0.02355120 0.03352620 -0.01183200
v -0.02213640 0.03311732 -0.00642799
v -0.02213598 0.03402053 -0.00792683
v -0.02288598 0.03402063 -0.00772587
v -0.02138598 0.03401992 -0.00772587
v -0.02083695 0.03401896 -0.00717684
v -0.02363598 0.03401931 -0.00642683
v -0.02343502 0.03401825 -0.00567684
v -0.02343502 0.03402018 -0.00717683
v -0.07278188 0.03883119 0.00219984
v -0.07278319 0.03603119 0.00219625
v -0.07451420 0.03883200 0.00219985
v -0.07451551 0.03603200 0.00219626
v -0.07170819 0.03603106 0.00190821
v -0.07170688 0.03883106 0.00191180
v -0.07092123 0.03603170 0.00112125
v -0.07091992 0.03883170 0.00112484
v -0.07063319 0.03603295 0.00004625
v -0.07063188 0.03883295 0.00004984
v -0.07092123 0.03603446 -0.00102875
v -0.07091992 0.03883446 -0.00102515
v -0.07170819 0.03603584 -0.00181570
v -0.07170688 0.03883584 -0.00181211
v -0.07278319 0.03603671 -0.00210374
v -0.07278188 0.03883671 -0.00210015
v -0.07450198 0.03603751 -0.00210374
v -0.07450067 0.03883751 -0.00210015
v -0.06139385 0.03885669 -0.02182482
v -0.06139515 0.03605669 -0.02182841
v -0.06226001 0.03885902 -0.02332505
v -0.06226131 0.03605902 -0.02332865
v -0.06060820 0.03605532 -0.02104146
v -0.06060689 0.03885531 -0.02103787
v -0.05953320 0.03605445 -0.02075342
v -0.05953189 0.03885444 -0.02074982
v -0.05845820 0.03605431 -0.02104146
v -0.05845689 0.03885431 -0.02103787
v -0.05767124 0.03605496 -0.02182842
v -0.05766994 0.03885495 -0.02182483
v -0.05738320 0.03605620 -0.02290342
v -0.05738189 0.03885620 -0.02289983
v -0.05767125 0.03605771 -0.02397841
v -0.05766994 0.03885771 -0.02397482
v -0.05853064 0.03606002 -0.02546693
v -0.05852933 0.03886002 -0.02546334
v -0.03489385 0.03884708 -0.02397485
v -0.03489516 0.03604708 -0.02397844
v -0.03402769 0.03884860 -0.02547508
v -0.03402900 0.03604860 -0.02547868
v -0.03517719 0.03604604 -0.02306411
v -0.03517588 0.03884604 -0.02306052
v -0.03503458 0.03604476 -0.02211796
v -0.03503327 0.03884476 -0.02211437
v -0.03449557 0.03604349 -0.02132738
v -0.03449426 0.03884349 -0.02132379
v -0.03366692 0.03604249 -0.02084896
v -0.03366562 0.03884249 -0.02084537
v -0.03271276 0.03604196 -0.02077746
v -0.03271145 0.03884196 -0.02077387
v -0.03182206 0.03604199 -0.02112703
v -0.03182076 0.03884199 -0.02112344
v -0.03117125 0.03604259 -0.02182845
v -0.03116994 0.03884258 -0.02182485
v -0.03031185 0.03604409 -0.02331696
v -0.03031055 0.03884409 -0.02331337
v -0.01978189 0.03881197 -0.00210021
v -0.01978319 0.03601197 -0.00210380
v -0.01804956 0.03881116 -0.00210021
v -0.01805087 0.03601116 -0.00210380
v -0.02085819 0.03601210 -0.00181575
v -0.02085689 0.03881210 -0.00181216
v -0.01978319 0.03600645 0.00219620
v -0.01978188 0.03880645 0.00219979
v -0.01806440 0.03600565 0.00219619
v -0.01806309 0.03880565 0.00219978
v -0.03116992 0.03878647 0.02192446
v -0.03117123 0.03598647 0.02192087
v -0.03030376 0.03878414 0.02342469
v -0.03030506 0.03598414 0.02342110
v -0.03195818 0.03598785 0.02113391
v -0.03195687 0.03878784 0.02113750
v -0.03303318 0.03598872 0.02084587
v -0.03303187 0.03878871 0.02084946
v -0.03410818 0.03598885 0.02113391
v -0.03410687 0.03878885 0.02113751
v -0.03489513 0.03598545 0.02407087
v -0.03489383 0.03878545 0.02407446
v -0.03403574 0.03598314 0.02555938
v -0.03403443 0.03878314 0.02556297
v -0.02047573 -0.01180588 0.01202950
v -0.02295966 -0.01181024 0.01633180
v -0.02615295 -0.01181363 0.02013742
v -0.02995856 -0.01181595 0.02333071
v -0.03426087 -0.01181713 0.02581465
v -0.03892915 -0.01181713 0.02751377
v -0.04382155 -0.01181595 0.02837644
v -0.04878943 -0.01181363 0.02837644
v -0.05368183 -0.01181024 0.02751379
v -0.05835011 -0.01180588 0.02581468
v -0.06265242 -0.01180069 0.02333075
v -0.06645803 -0.01179481 0.02013746
v -0.06965133 -0.01178844 0.01633186
v -0.07213527 -0.01178177 0.01202955
v -0.07383438 -0.01177498 0.00736128
v -0.07469705 -0.01176831 0.00246888
v -0.07469705 -0.01176193 -0.00249899
v -0.07380445 -0.00857513 0.00747072
v -0.07380114 -0.00147514 0.00747983
v -0.06645654 -0.00859482 0.02014157
v -0.06535684 -0.00859667 0.02118428
v -0.06403205 -0.00859630 0.02041985
v -0.06964983 -0.00858844 0.01633596
v -0.07213377 -0.00858177 0.01203366
v -0.06716871 -0.00859072 0.01720432
v -0.06535353 -0.00149668 0.02119339
v -0.06402873 -0.00149631 0.02042896
v -0.06964651 -0.00148845 0.01634507
v -0.06716540 -0.00149073 0.01721342
v -0.06645323 -0.00149483 0.02015067
v -0.07213046 -0.00148178 0.01204277
v -0.07468595 0.03902320 -0.00228528
v -0.07468734 0.03603784 -0.00228911
v -0.07468624 0.03603183 0.00239494
v -0.07278319 0.03603549 -0.00115374
v -0.07218318 0.03603501 -0.00099298
v -0.07174396 0.03603424 -0.00055375
v -0.07158318 0.03603339 0.00004625
v -0.07174396 0.03603270 0.00064625
v -0.07468478 0.03903117 0.00239944
v -0.06225452 0.03599907 0.02340941
v -0.06250774 0.03599910 0.02347726
v -0.05853738 0.03599456 0.02557113
v -0.05845068 0.03599421 0.02581833
v -0.05849395 0.03599708 0.02359589
v -0.05767122 0.03599608 0.02407089
v -0.05833318 0.03599777 0.02299589
v -0.05739136 0.03599709 0.02318328
v -0.05849395 0.03599862 0.02239589
v -0.06139513 0.03600058 0.02192090
v -0.06105345 0.03600099 0.02147562
v -0.05751284 0.03599833 0.02226055
v -0.05801290 0.03599957 0.02147561
v -0.05893318 0.03599938 0.02195666
v -0.05879783 0.03600058 0.02097556
v -0.05953318 0.03599987 0.02179589
v -0.05972056 0.03600116 0.02085408
v -0.06060818 0.03600122 0.02113394
v -0.03410219 0.03896821 0.02581643
v -0.03410359 0.03598285 0.02581260
v -0.03199395 0.03598471 0.02359586
v -0.03004763 0.03598396 0.02346962
v -0.03518318 0.03598696 0.02299587
v -0.03489513 0.03598821 0.02192087
v -0.03303318 0.03598750 0.02179587
v -0.03243318 0.03598701 0.02195664
v -0.03199395 0.03598624 0.02239587
v -0.03183318 0.03598540 0.02299586
v -0.03004569 0.03898330 0.02347309
v -0.01978319 0.03601075 -0.00115380
v -0.01918319 0.03601026 -0.00099303
v -0.01874396 0.03600949 -0.00055380
v -0.01858319 0.03600865 0.00004620
v -0.02143019 0.03600821 0.00142819
v -0.02069182 0.03600714 0.00199476
v -0.01874396 0.03600796 0.00064619
v -0.02154437 0.03601161 -0.00118699
v -0.02190053 0.03601068 -0.00032714
v -0.02185993 0.03600946 0.00060266
v -0.03303320 0.03604637 -0.02410344
v -0.03243320 0.03604589 -0.02394267
v -0.03199397 0.03604512 -0.02350344
v -0.03183320 0.03604427 -0.02290344
v -0.03199397 0.03604358 -0.02230345
v -0.05953320 0.03605874 -0.02410341
v -0.05893320 0.03605826 -0.02394264
v -0.05849397 0.03605749 -0.02350341
v -0.05833320 0.03605665 -0.02290342
v -0.05849397 0.03605595 -0.02230342
v -0.05853608 0.03879456 0.02557472
v -0.05844869 0.03899354 0.02582246
v -0.05766992 0.03879608 0.02407448
v -0.05738187 0.03879733 0.02299948
v -0.05751153 0.03879833 0.02226414
v -0.05766992 0.03879884 0.02192449
v -0.05801159 0.03879957 0.02147921
v -0.05845687 0.03880021 0.02113753
v -0.05879653 0.03880057 0.02097915
v -0.05953187 0.03880109 0.02084949
v -0.06060687 0.03880122 0.02113753
v -0.06139382 0.03880057 0.02192449
v -0.06225322 0.03879907 0.02341300
v -0.06250635 0.03898447 0.02348109
v -0.07117993 0.03902657 0.00522153
v -0.07118226 0.03402324 0.00781320
v -0.07043226 0.03402263 0.00801416
v -0.06968226 0.03402254 0.00781319
v -0.06967992 0.03902254 0.00781961
v -0.02525872 0.03349712 0.01146046
v -0.02525615 0.03899712 0.01146751
v -0.02571368 0.03899674 0.01192504
v -0.02588115 0.03899602 0.01255004
v -0.02571368 0.03899514 0.01317504
v -0.02525615 0.03899434 0.01363257
v -0.02463115 0.03899384 0.01380004
v -0.02400615 0.03899376 0.01363257
v -0.04690678 0.03899119 0.02396752
v -0.04736431 0.03899082 0.02442505
v -0.04753178 0.03899010 0.02505006
v -0.04736431 0.03898922 0.02567505
v -0.04690677 0.03898842 0.02613259
v -0.04628177 0.03898791 0.02630005
v -0.04565934 0.03348784 0.02612553
v -0.04565677 0.03898783 0.02613258
v -0.06855741 0.03901733 0.01146756
v -0.06901494 0.03901696 0.01192509
v -0.06918242 0.03901624 0.01255009
v -0.06901494 0.03901536 0.01317509
v -0.06855998 0.03351456 0.01362556
v -0.06855741 0.03901456 0.01363262
v -0.06793498 0.03351406 0.01379303
v -0.06793241 0.03901405 0.01380009
v -0.06730998 0.03351398 0.01362556
v -0.06730741 0.03901397 0.01363262
v -0.06855743 0.03904940 -0.01353242
v -0.06901496 0.03904903 -0.01307489
v -0.06918500 0.03354831 -0.01245695
v -0.06918243 0.03904830 -0.01244989
v -0.06901752 0.03354743 -0.01183195
v -0.06901496 0.03904742 -0.01182489
v -0.06856000 0.03354663 -0.01137442
v -0.06855743 0.03904662 -0.01136736
v -0.06793499 0.03354612 -0.01120695
v -0.06793243 0.03904612 -0.01119989
v -0.06731000 0.03354605 -0.01137442
v -0.06730743 0.03904604 -0.01136736
v -0.04690937 0.03355533 -0.02603949
v -0.04690680 0.03905533 -0.02603244
v -0.04736690 0.03355496 -0.02558196
v -0.04736433 0.03905495 -0.02557490
v -0.04753437 0.03355423 -0.02495696
v -0.04753180 0.03905423 -0.02494990
v -0.04736690 0.03355335 -0.02433196
v -0.04736433 0.03905335 -0.02432491
v -0.04690937 0.03355255 -0.02387443
v -0.04690680 0.03905255 -0.02386737
v -0.04628180 0.03905204 -0.02369991
v -0.04565680 0.03905196 -0.02386738
v -0.02525873 0.03352919 -0.01353952
v -0.02525616 0.03902918 -0.01353247
v -0.02571626 0.03352882 -0.01308199
v -0.02571369 0.03902881 -0.01307494
v -0.02588373 0.03352809 -0.01245699
v -0.02588116 0.03902809 -0.01244994
v -0.02571369 0.03902721 -0.01182494
v -0.02525616 0.03902641 -0.01136741
v -0.02463116 0.03902590 -0.01119994
v -0.02400616 0.03902582 -0.01136741
v -0.02288598 0.03401729 -0.00512780
v -0.02213598 0.03401668 -0.00492684
v -0.02138598 0.03401659 -0.00512780
v -0.07278179 0.03903094 0.00240010
v -0.07160679 0.03903079 0.00208526
v -0.07074662 0.03903149 0.00122510
v -0.07043178 0.03903285 0.00005010
v -0.07074662 0.03903451 -0.00112490
v -0.07160679 0.03903601 -0.00198506
v -0.07278179 0.03903696 -0.00229989
v -0.07468473 0.03903785 -0.00229989
v -0.06156696 0.03905664 -0.02172456
v -0.06070680 0.03905514 -0.02086441
v -0.05953180 0.03905419 -0.02054957
v -0.05835680 0.03905404 -0.02086441
v -0.05749664 0.03905474 -0.02172457
v -0.05718180 0.03905610 -0.02289957
v -0.05749664 0.03905776 -0.02407457
v -0.03506696 0.03904729 -0.02407459
v -0.03537523 0.03904615 -0.02307521
v -0.03521935 0.03904475 -0.02204104
v -0.03463021 0.03904337 -0.02117692
v -0.03372447 0.03904227 -0.02065400
v -0.03268155 0.03904169 -0.02057585
v -0.03170800 0.03904172 -0.02095794
v -0.03099664 0.03904237 -0.02172460
v -0.01978179 0.03901222 -0.00229995
v -0.02095679 0.03901237 -0.00198511
v -0.01978179 0.03900619 0.00240004
v -0.03099662 0.03898651 0.02182471
v -0.03420678 0.03898912 0.02096456
v -0.03303178 0.03898897 0.02064972
v -0.03185678 0.03898802 0.02096456
v -0.03157190 0.03898764 0.02115818
v -0.03506694 0.03898540 0.02417471
v -0.03411546 0.03898284 0.02582271
v -0.05749661 0.03899587 0.02417474
v -0.06070678 0.03900149 0.02096459
v -0.05953178 0.03900134 0.02064974
v -0.05835678 0.03900039 0.02096458
v -0.05749661 0.03899888 0.02182474
v -0.05718178 0.03899723 0.02299974
v -0.06156693 0.03900079 0.02182475
v -0.06251841 0.03899911 0.02347275
v -0.05391643 0.03898992 0.02750843
v -0.05428278 0.03899095 0.02684006
v -0.05485404 0.03899072 0.02723031
v -0.05365812 0.03898971 0.02757894
v -0.04876571 0.03898632 0.02844160
v -0.05042977 0.03899201 0.02461552
v -0.03423715 0.03898282 0.02587981
v -0.01908046 0.03900059 0.00651596
v -0.02225412 0.03902355 -0.01023093
v -0.07387877 0.03904359 -0.00706727
v -0.07348311 0.03904257 -0.00641582
v -0.02463116 0.03902911 -0.01369994
v -0.02400616 0.03902860 -0.01353247
v -0.02536436 0.03903191 -0.01561802
v -0.07237461 0.03901906 0.01151369
v -0.06792789 0.03902026 0.00895608
v -0.07381067 0.03902497 0.00742644
v -0.07467333 0.03903165 0.00253404
v -0.06543806 0.03902094 0.00751858
v -0.06913089 0.03902299 0.00727057
v -0.03023575 0.03903058 -0.01280551
v -0.02712551 0.03902221 -0.00741843
v -0.02354863 0.03902780 -0.01307494
v -0.02338116 0.03902692 -0.01244994
v -0.02354863 0.03902620 -0.01182494
v -0.06793241 0.03901726 0.01130009
v -0.06730741 0.03901675 0.01146756
v -0.06481764 0.03901190 0.01434316
v -0.06684988 0.03901595 0.01192509
v -0.06668241 0.03901507 0.01255009
v -0.06684988 0.03901435 0.01317509
v -0.06643432 0.03900514 0.02020262
v -0.06262870 0.03899927 0.02339591
v -0.07211155 0.03901819 0.01209471
v -0.06962761 0.03901151 0.01639701
v -0.07410672 0.03904248 -0.00611621
v -0.07465245 0.03903830 -0.00266199
v -0.07467333 0.03903802 -0.00243383
v -0.05588195 0.03904739 -0.01657786
v -0.06684989 0.03904802 -0.01307489
v -0.06668243 0.03904714 -0.01244989
v -0.06684989 0.03904641 -0.01182489
v -0.06963010 0.03904362 -0.00864036
v -0.06793243 0.03904932 -0.01369989
v -0.06730743 0.03904882 -0.01353242
v -0.03828080 0.03905221 -0.02673991
v -0.04519927 0.03905234 -0.02432491
v -0.04503180 0.03905306 -0.02494991
v -0.04565680 0.03905474 -0.02603244
v -0.04519927 0.03905394 -0.02557491
v -0.04628180 0.03905525 -0.02619990
v -0.02063365 0.03901790 -0.00642043
v -0.02083461 0.03901704 -0.00567042
v -0.02181695 0.03901166 -0.00112495
v -0.02213179 0.03901030 0.00005005
v -0.02095679 0.03900715 0.00208520
v -0.02181695 0.03900865 0.00122505
v -0.02045201 0.03899407 0.01209466
v -0.02354862 0.03899574 0.01192504
v -0.02400615 0.03899654 0.01146751
v -0.03668162 0.03899577 0.01667801
v -0.02338115 0.03899485 0.01255004
v -0.02354862 0.03899413 0.01317504
v -0.02293595 0.03898971 0.01639696
v -0.02463115 0.03899704 0.01130004
v -0.02993485 0.03898400 0.02339587
v -0.02612924 0.03898632 0.02020258
v -0.04628178 0.03899112 0.02380005
v -0.04565677 0.03899061 0.02396752
v -0.04519925 0.03898981 0.02442505
v -0.04503177 0.03898893 0.02505005
v -0.03538178 0.03898705 0.02299972
v -0.03506694 0.03898842 0.02182472
v -0.04379784 0.03898400 0.02844160
v -0.04519925 0.03898821 0.02567505
v -0.03890543 0.03898282 0.02757893
v -0.06119348 0.03900123 0.02133805
v -0.06232782 0.03901258 0.01290566
v -0.05832639 0.03899407 0.02587984
v -0.05811836 0.03899385 0.02597583
v -0.04493664 0.03899793 0.01799973
v -0.04896454 0.03900000 0.01784902
v -0.05947671 0.03901203 0.01229319
v -0.05642154 0.03900724 0.01492237
v -0.05285792 0.03900316 0.01680579
v -0.04097619 0.03899704 0.01725036
v -0.02908148 0.03902036 -0.00525553
v -0.02833212 0.03901492 -0.00129509
v -0.02848283 0.03900983 0.00273281
v -0.02952606 0.03900532 0.00662619
v -0.03140949 0.03900163 0.01018981
v -0.03403867 0.03899894 0.01324498
v -0.03728178 0.03899738 0.01563851
v -0.05836782 0.03543967 -0.00966114
v -0.05970686 0.03543779 -0.00770452
v -0.05613771 0.03543879 -0.00978246
v -0.05181026 0.03542993 -0.00445346
v -0.05178720 0.03543064 -0.00501434
v -0.05203790 0.03542938 -0.00394033
v -0.05197195 0.03543141 -0.00554443
v -0.05221033 0.03543192 -0.00585509
v -0.05972182 0.03543250 -0.00357458
v -0.05435693 0.03542815 -0.00213707
v -0.05366787 0.03542780 -0.00211643
v -0.06067146 0.03543393 -0.00434513
v -0.06027873 0.03543312 -0.00385869
v -0.06083177 0.03543478 -0.00494942
v -0.06073182 0.03543552 -0.00556657
v -0.05261248 0.03542837 -0.00294512
v -0.05304234 0.03542788 -0.00240618
v -0.05666221 0.03543947 -0.01012270
v -0.05727984 0.03543988 -0.01021958
v -0.05788333 0.03543995 -0.01005627
v -0.03642924 0.03542959 -0.00978248
v -0.03286008 0.03542526 -0.00770455
v -0.03419913 0.03542839 -0.00966117
v -0.03468362 0.03542912 -0.01005630
v -0.03528710 0.03542962 -0.01021960
v -0.03590474 0.03542978 -0.01012272
v -0.04078084 0.03542495 -0.00458208
v -0.04052904 0.03542401 -0.00394034
v -0.04071901 0.03542580 -0.00526867
v -0.04035661 0.03542638 -0.00585510
v -0.03995446 0.03542246 -0.00294513
v -0.03952460 0.03542157 -0.00240620
v -0.03889907 0.03542091 -0.00211645
v -0.03189549 0.03542050 -0.00434516
v -0.03173517 0.03542120 -0.00494945
v -0.03228821 0.03542006 -0.00385872
v -0.03183512 0.03542203 -0.00556660
v -0.03284512 0.03541995 -0.00357461
v -0.03821001 0.03542061 -0.00213708
v -0.04864747 0.03540304 0.01536411
v -0.04628346 0.03540170 0.01554544
v -0.04986758 0.03540600 0.01349343
v -0.04843006 0.03541221 0.00812854
v -0.04570888 0.03541236 0.00702183
v -0.04269934 0.03540266 0.01349343
v -0.04465340 0.03541146 0.00734172
v -0.04515067 0.03541203 0.00708125
v -0.04428672 0.03541075 0.00776676
v -0.04413686 0.03541021 0.00812854
v -0.04289185 0.03540120 0.01470110
v -0.04266693 0.03540184 0.01411777
v -0.04333502 0.03540084 0.01514208
v -0.04391946 0.03540083 0.01536411
v -0.04810340 0.03541284 0.00752148
v -0.04753971 0.03541309 0.00712463
v -0.04685805 0.03541290 0.00702183
v -0.04989999 0.03540522 0.01411778
v -0.04967508 0.03540437 0.01470111
v -0.04923191 0.03540359 0.01514209
v -0.05356735 0.03592713 -0.00162595
v -0.06105215 0.03880099 0.02147921
v -0.03489383 0.03878820 0.02192446
v -0.03518187 0.03878696 0.02299946
v -0.02085688 0.03880732 0.00191174
v -0.02142888 0.03880820 0.00143178
v -0.02164384 0.03880870 0.00112479
v -0.02185863 0.03880946 0.00060625
v -0.02164384 0.03881146 -0.00102521
v -0.02189922 0.03881067 -0.00032355
v -0.02193188 0.03881021 0.00004979
v -0.02083694 0.03401704 -0.00567684
v -0.02063598 0.03401791 -0.00642684
v -0.02400873 0.03352861 -0.01353953
v -0.02463373 0.03352911 -0.01370699
v -0.06685245 0.03351435 0.01316803
v -0.06668498 0.03351507 0.01254303
v -0.04520181 0.03348821 0.02566800
v -0.04503434 0.03348893 0.02504300
v -0.04520181 0.03348981 0.02441800
v -0.04565934 0.03349061 0.02396047
v -0.02338372 0.03349486 0.01254299
v -0.02355118 0.03349574 0.01191799
v -0.02400872 0.03349654 0.01146045
v -0.02463372 0.03349705 0.01129299
v -0.06913322 0.03402299 0.00726416
v -0.06893227 0.03402386 0.00651416
v -0.06300435 0.03892277 0.00520818
v -0.06373290 0.03892805 0.00135774
v -0.06358638 0.03893300 -0.00255827
v -0.06257213 0.03893739 -0.00634350
v -0.06074101 0.03894097 -0.00980813
v -0.05818486 0.03894359 -0.01277844
v -0.04643277 0.03577421 -0.00194850
v -0.04628330 0.03577415 -0.00195409
v -0.04555262 0.03577363 -0.00181584
v -0.04528331 0.03577334 -0.00168614
v -0.04481720 0.03577264 -0.00131444
v -0.04455125 0.03577206 -0.00095410
v -0.04437216 0.03577144 -0.00054361
v -0.04428330 0.03577065 0.00004590
v -0.04430564 0.03577027 0.00034399
v -0.04455125 0.03576949 0.00104590
v -0.04463083 0.03576937 0.00117254
v -0.04852364 0.03328680 -0.00219645
v -0.04934323 0.03328536 -0.00077688
v -0.04934323 0.03328325 0.00086231
v -0.04852364 0.03328105 0.00228189
v -0.04710406 0.03327934 0.00310148
v -0.04546487 0.03327857 0.00310148
v -0.04628447 0.03327496 -0.00429063
v -0.04411781 0.03327320 -0.00371008
v -0.04253170 0.03327043 -0.00212397
v -0.04199953 0.03328005 0.00068856
v -0.04195114 0.03326738 0.00004269
v -0.04253170 0.03326487 0.00220936
v -0.04246281 0.03327847 0.00208543
v -0.04210040 0.03327948 0.00117027
v -0.04554525 0.03584865 -0.00183445
v -0.04480243 0.03584765 -0.00132801
v -0.04456880 0.03589918 0.00121496
v -0.04423142 0.03590013 0.00035533
v -0.04461419 0.03584434 0.00118396
v -0.04428574 0.03584526 0.00034708
v -0.04430043 0.03590135 -0.00056555
v -0.04435292 0.03584645 -0.00054943
v -0.04476216 0.03590259 -0.00136529
v -0.04552516 0.03590361 -0.00188549
v -0.04643423 0.03584924 -0.00196844
v -0.04643831 0.03590421 -0.00202312
v -0.04828937 0.03437395 -0.00394472
v -0.04812609 0.03418536 -0.00403927
v -0.04806642 0.03392770 -0.00407413
v -0.04812634 0.03367000 -0.00403994
v -0.04828979 0.03348132 -0.00394586
v -0.04873610 0.03348120 -0.00368818
v -0.04889937 0.03366979 -0.00359362
v -0.04895905 0.03392745 -0.00355877
v -0.04889913 0.03418515 -0.00359296
v -0.04873568 0.03437383 -0.00368704
v -0.04802010 0.03325182 -0.00374343
v -0.04835787 0.03314723 -0.00354858
v -0.04869553 0.03325163 -0.00335346
v -0.04894263 0.03353704 -0.00321036
v -0.04903294 0.03392697 -0.00315762
v -0.04894226 0.03431696 -0.00320936
v -0.04869490 0.03460250 -0.00335173
v -0.04835714 0.03470708 -0.00354658
v -0.04801947 0.03460268 -0.00374169
v -0.04777238 0.03431728 -0.00388480
v -0.04768207 0.03392734 -0.00393754
v -0.04777274 0.03353735 -0.00388580
v -0.04209981 0.03455689 0.00117191
v -0.04246221 0.03455589 0.00208707
v -0.04253109 0.03456924 0.00221103
v -0.04199894 0.03455746 0.00069020
v -0.04195053 0.03457175 0.00004436
v -0.04253109 0.03457480 -0.00212230
v -0.04411720 0.03457757 -0.00370841
v -0.04628387 0.03457933 -0.00428896
v -0.05027320 0.03347971 -0.00196244
v -0.05036743 0.03366818 -0.00179884
v -0.05040184 0.03392579 -0.00173871
v -0.05036719 0.03418353 -0.00179818
v -0.05027279 0.03437233 -0.00196130
v -0.05001511 0.03437278 -0.00240761
v -0.04992088 0.03418431 -0.00257121
v -0.04988648 0.03392670 -0.00263134
v -0.04992112 0.03366896 -0.00257187
v -0.05001552 0.03348016 -0.00240875
v -0.04968062 0.03325083 -0.00236838
v -0.04987565 0.03314600 -0.00203079
v -0.05007058 0.03325014 -0.00169294
v -0.05021318 0.03353537 -0.00144535
v -0.05026525 0.03392524 -0.00135436
v -0.05021282 0.03431529 -0.00144435
v -0.05006995 0.03460101 -0.00169121
v -0.04987492 0.03470584 -0.00202879
v -0.04967999 0.03460170 -0.00236665
v -0.04953739 0.03431647 -0.00261424
v -0.04948533 0.03392660 -0.00270523
v -0.04953775 0.03353655 -0.00261524
v -0.05074150 0.03347702 0.00030064
v -0.05074142 0.03366541 0.00048952
v -0.05074130 0.03392300 0.00055890
v -0.05074118 0.03418077 0.00049018
v -0.05074109 0.03436965 0.00030179
v -0.05074109 0.03437031 -0.00021357
v -0.05074118 0.03418192 -0.00040245
v -0.05074130 0.03392433 -0.00047182
v -0.05074142 0.03366656 -0.00040311
v -0.05074150 0.03347768 -0.00021471
v -0.05043115 0.03324858 -0.00034729
v -0.05043120 0.03314359 0.00004254
v -0.05043115 0.03324759 0.00043263
v -0.05043102 0.03353269 0.00071847
v -0.05043083 0.03392252 0.00082346
v -0.05043065 0.03431261 0.00071947
v -0.05043052 0.03459845 0.00043437
v -0.05043047 0.03470344 0.00004454
v -0.05043052 0.03459945 -0.00034556
v -0.05043065 0.03431435 -0.00063140
v -0.05043083 0.03392452 -0.00073639
v -0.05043102 0.03353442 -0.00063240
v -0.05001552 0.03347387 0.00249468
v -0.04992112 0.03366225 0.00265829
v -0.04988648 0.03391983 0.00271841
v -0.04992088 0.03417761 0.00265895
v -0.05001511 0.03436649 0.00249583
v -0.05027279 0.03436719 0.00204952
v -0.05036719 0.03417880 0.00188591
v -0.05040183 0.03392122 0.00182579
v -0.05036743 0.03366345 0.00188525
v -0.05027320 0.03347456 0.00204837
v -0.04967999 0.03459551 0.00245545
v -0.04987492 0.03470052 0.00211787
v -0.05006995 0.03459656 0.00178002
v -0.05021282 0.03431147 0.00153243
v -0.05026525 0.03392165 0.00144143
v -0.05021318 0.03353155 0.00153142
v -0.05007058 0.03324569 0.00177828
v -0.04987565 0.03314068 0.00211587
v -0.04968062 0.03324464 0.00245372
v -0.04953775 0.03352973 0.00270131
v -0.04948532 0.03391955 0.00279230
v -0.04953739 0.03430966 0.00270231
v -0.04828978 0.03347109 0.00403178
v -0.04812633 0.03365953 0.00412634
v -0.04806642 0.03391713 0.00416120
v -0.04812609 0.03417489 0.00412701
v -0.04828937 0.03436372 0.00403293
v -0.04873568 0.03436426 0.00377525
v -0.04889913 0.03417582 0.00368069
v -0.04895904 0.03391821 0.00364584
v -0.04889937 0.03366046 0.00368003
v -0.04873610 0.03347163 0.00377411
v -0.04801947 0.03459297 0.00383050
v -0.04835714 0.03469787 0.00363565
v -0.04869490 0.03459379 0.00344053
v -0.04894226 0.03430861 0.00329743
v -0.04903293 0.03391876 0.00324469
v -0.04894263 0.03352869 0.00329643
v -0.04869553 0.03324292 0.00343880
v -0.04835786 0.03313802 0.00363365
v -0.04802010 0.03324210 0.00382876
v -0.04777274 0.03352728 0.00397187
v -0.04768207 0.03391713 0.00402461
v -0.04777237 0.03430720 0.00397287
v -0.04602670 0.03346943 0.00450008
v -0.04583797 0.03365798 0.00450033
v -0.04576881 0.03391563 0.00450066
v -0.04583773 0.03417334 0.00450099
v -0.04602628 0.03436206 0.00450123
v -0.04654164 0.03436230 0.00450123
v -0.04673036 0.03417375 0.00450099
v -0.04679953 0.03391611 0.00450066
v -0.04673060 0.03365840 0.00450033
v -0.04654205 0.03346967 0.00450009
v -0.04589389 0.03459151 0.00419106
v -0.04628380 0.03469619 0.00419119
v -0.04667381 0.03459188 0.00419106
v -0.04695942 0.03430654 0.00419070
v -0.04706409 0.03391663 0.00419019
v -0.04695978 0.03352662 0.00418969
v -0.04667445 0.03324101 0.00418933
v -0.04628453 0.03313634 0.00418919
v -0.04589452 0.03324065 0.00418933
v -0.04560892 0.03352599 0.00418969
v -0.04550424 0.03391590 0.00419019
v -0.04560855 0.03430591 0.00419069
v -0.04427855 0.03436184 0.00403293
v -0.04444200 0.03417316 0.00412700
v -0.04450192 0.03391547 0.00416119
v -0.04444224 0.03365781 0.00412634
v -0.04427897 0.03346922 0.00403178
v -0.04383266 0.03346934 0.00377410
v -0.04366921 0.03365802 0.00368003
v -0.04360929 0.03391571 0.00364583
v -0.04366896 0.03417338 0.00368069
v -0.04383224 0.03436197 0.00377525
v -0.04387280 0.03459154 0.00344053
v -0.04421047 0.03469593 0.00363565
v -0.04454824 0.03459135 0.00383049
v -0.04479560 0.03430581 0.00397286
v -0.04488627 0.03391583 0.00402461
v -0.04479596 0.03352589 0.00397186
v -0.04454887 0.03324048 0.00382876
v -0.04421120 0.03313608 0.00363364
v -0.04387343 0.03324067 0.00343880
v -0.04362607 0.03352621 0.00329643
v -0.04353540 0.03391619 0.00324468
v -0.04362571 0.03430613 0.00329743
v -0.04229555 0.03347084 0.00204836
v -0.04229252 0.03353539 0.00217672
v -0.04220115 0.03365964 0.00188524
v -0.04222352 0.03378188 0.00221385
v -0.04216650 0.03391737 0.00182578
v -0.04221410 0.03391689 0.00221903
v -0.04220090 0.03417499 0.00188590
v -0.04222339 0.03405192 0.00221420
v -0.04229514 0.03436346 0.00204951
v -0.04229217 0.03429857 0.00217769
v -0.04255281 0.03436301 0.00249582
v -0.04264722 0.03417421 0.00265894
v -0.04268186 0.03391647 0.00271840
v -0.04264746 0.03365885 0.00265828
v -0.04255323 0.03347038 0.00249468
v -0.04249775 0.03459302 0.00178001
v -0.04269269 0.03469717 0.00211786
v -0.04288772 0.03459234 0.00245544
v -0.04303059 0.03430662 0.00270230
v -0.04308301 0.03391656 0.00279229
v -0.04303095 0.03352669 0.00270130
v -0.04288835 0.03324147 0.00245371
v -0.04269341 0.03313733 0.00211586
v -0.04249838 0.03324215 0.00177828
v -0.04235552 0.03352788 0.00153142
v -0.04230309 0.03391793 0.00144143
v -0.04235515 0.03430780 0.00153242
v -0.04191362 0.03429962 0.00122179
v -0.04182814 0.03391796 0.00124438
v -0.04191398 0.03353644 0.00122081
v -0.04182725 0.03347352 -0.00021472
v -0.04182716 0.03366240 -0.00040312
v -0.04182704 0.03392017 -0.00047183
v -0.04182692 0.03417775 -0.00040245
v -0.04182683 0.03436615 -0.00021358
v -0.04182683 0.03436549 0.00030178
v -0.04182692 0.03417661 0.00049017
v -0.04182704 0.03391884 0.00055889
v -0.04182716 0.03366125 0.00048951
v -0.04182725 0.03347286 0.00030063
v -0.04213719 0.03459558 -0.00034557
v -0.04213714 0.03469957 0.00004453
v -0.04213719 0.03459458 0.00043436
v -0.04213732 0.03430874 0.00071946
v -0.04213750 0.03391865 0.00082345
v -0.04213769 0.03352882 0.00071846
v -0.04213782 0.03324372 0.00043262
v -0.04213787 0.03313972 0.00004253
v -0.04213782 0.03324471 -0.00034730
v -0.04213769 0.03353055 -0.00063241
v -0.04213750 0.03392065 -0.00073640
v -0.04213732 0.03431047 -0.00063141
v -0.04255323 0.03347667 -0.00240876
v -0.04264746 0.03366556 -0.00257188
v -0.04268186 0.03392333 -0.00263135
v -0.04264722 0.03418092 -0.00257122
v -0.04255281 0.03436930 -0.00240762
v -0.04229514 0.03436861 -0.00196131
v -0.04220091 0.03417972 -0.00179819
v -0.04216651 0.03392195 -0.00173872
v -0.04220115 0.03366436 -0.00179885
v -0.04229555 0.03347598 -0.00196245
v -0.04249839 0.03324661 -0.00169295
v -0.04269342 0.03314264 -0.00203080
v -0.04288835 0.03324766 -0.00236839
v -0.04303095 0.03353351 -0.00261524
v -0.04308302 0.03392361 -0.00270524
v -0.04303059 0.03431344 -0.00261424
v -0.04288772 0.03459853 -0.00236665
v -0.04269269 0.03470249 -0.00202880
v -0.04249776 0.03459748 -0.00169122
v -0.04235515 0.03431162 -0.00144436
v -0.04230309 0.03392152 -0.00135437
v -0.04235552 0.03353170 -0.00144536
v -0.04427897 0.03347945 -0.00394586
v -0.04444224 0.03366828 -0.00403994
v -0.04450192 0.03392603 -0.00407413
v -0.04444201 0.03418364 -0.00403928
v -0.04427855 0.03437208 -0.00394472
v -0.04383224 0.03437154 -0.00368704
v -0.04366897 0.03418270 -0.00359297
v -0.04360929 0.03392496 -0.00355877
v -0.04366921 0.03366735 -0.00359363
v -0.04383266 0.03347891 -0.00368819
v -0.04387344 0.03324938 -0.00335347
v -0.04421120 0.03314530 -0.00354858
v -0.04454887 0.03325020 -0.00374343
v -0.04479596 0.03353596 -0.00388580
v -0.04488627 0.03392604 -0.00393755
v -0.04479560 0.03431589 -0.00388480
v -0.04454824 0.03460106 -0.00374170
v -0.04421047 0.03470515 -0.00354658
v -0.04387281 0.03460025 -0.00335174
v -0.04362571 0.03431448 -0.00320937
v -0.04353540 0.03392440 -0.00315762
v -0.04362608 0.03353455 -0.00321037
v -0.04654206 0.03348111 -0.00441416
v -0.04673060 0.03366983 -0.00441392
v -0.04679953 0.03392754 -0.00441359
v -0.04673037 0.03418519 -0.00441326
v -0.04654164 0.03437373 -0.00441302
v -0.04602628 0.03437349 -0.00441302
v -0.04583774 0.03418477 -0.00441326
v -0.04576881 0.03392706 -0.00441359
v -0.04583798 0.03366941 -0.00441392
v -0.04602670 0.03348087 -0.00441416
v -0.04589452 0.03325129 -0.00410400
v -0.04628453 0.03314698 -0.00410413
v -0.04667445 0.03325165 -0.00410399
v -0.04695979 0.03353726 -0.00410363
v -0.04706410 0.03392727 -0.00410313
v -0.04695942 0.03431718 -0.00410263
v -0.04667382 0.03460252 -0.00410226
v -0.04628381 0.03470683 -0.00410213
v -0.04589389 0.03460215 -0.00410226
v -0.04560855 0.03431655 -0.00410263
v -0.04550425 0.03392654 -0.00410313
v -0.04560892 0.03353662 -0.00410363
v -0.05173266 0.03923816 -0.01089100
v -0.05153170 0.03923903 -0.01164100
v -0.05173266 0.03924008 -0.01239100
v -0.05228170 0.03924104 -0.01294003
v -0.05303170 0.03924165 -0.01314099
v -0.04498266 0.03923570 -0.01142966
v -0.04478170 0.03923656 -0.01217966
v -0.04498266 0.03923762 -0.01292966
v -0.04553170 0.03923858 -0.01347870
v -0.04628170 0.03923919 -0.01367966
v -0.03823266 0.03923186 -0.01089101
v -0.03803170 0.03923272 -0.01164101
v -0.03823266 0.03923378 -0.01239101
v -0.03878170 0.03923474 -0.01294005
v -0.03953170 0.03923535 -0.01314101
v -0.03148266 0.03921371 0.00080031
v -0.03128169 0.03921458 0.00005031
v -0.03148266 0.03921563 -0.00069968
v -0.03203170 0.03921659 -0.00124872
v -0.03278170 0.03921720 -0.00144968
v -0.03439116 0.03920722 0.00691531
v -0.03419020 0.03920809 0.00616531
v -0.03439116 0.03920915 0.00541531
v -0.03494020 0.03921011 0.00486628
v -0.03569020 0.03921071 0.00466532
v -0.03823265 0.03920186 0.01249165
v -0.03803169 0.03920273 0.01174165
v -0.03823265 0.03920379 0.01099166
v -0.03878169 0.03920475 0.01044262
v -0.03953169 0.03920535 0.01024166
v -0.05848265 0.03922631 0.00080034
v -0.05828169 0.03922718 0.00005034
v -0.05848265 0.03922824 -0.00069966
v -0.05903170 0.03922920 -0.00124869
v -0.05978169 0.03922981 -0.00144965
v -0.05173265 0.03920817 0.01249167
v -0.05153169 0.03920903 0.01174167
v -0.05173265 0.03921009 0.01099167
v -0.05228169 0.03921105 0.01044263
v -0.05303169 0.03921166 0.01024167
v -0.05557414 0.03921711 0.00691534
v -0.05537318 0.03921798 0.00616534
v -0.05557415 0.03921904 0.00541534
v -0.05612318 0.03921999 0.00486630
v -0.05687318 0.03922061 0.00466534
v -0.04837634 0.03357622 -0.00204892
v -0.04914207 0.03357487 -0.00072264
v -0.04914206 0.03357291 0.00080881
v -0.04837634 0.03357085 0.00213509
v -0.04705006 0.03356925 0.00290082
v -0.04551860 0.03356853 0.00290082
v -0.04419233 0.03356890 0.00213509
v -0.04342660 0.03357024 0.00080881
v -0.04342660 0.03357220 -0.00072264
v -0.04419233 0.03357426 -0.00204892
v -0.04551861 0.03357586 -0.00281465
v -0.04705006 0.03357658 -0.00281465
v -0.04353323 0.03591419 0.00480923
v -0.04353330 0.03576419 0.00480904
v -0.04451539 0.03576408 0.00525401
v -0.04664302 0.03576471 0.00553413
v -0.04770674 0.03591543 0.00535869
v -0.04556534 0.03591425 0.00549904
v -0.04556541 0.03576425 0.00549885
v -0.05041842 0.03576886 0.00367231
v -0.05104637 0.03592028 0.00279610
v -0.04963142 0.03591755 0.00440954
v -0.04770681 0.03576543 0.00535849
v -0.04871589 0.03576639 0.00497870
v -0.04963149 0.03576755 0.00440935
v -0.05177153 0.03577461 -0.00031381
v -0.05159583 0.03592589 -0.00137740
v -0.05173618 0.03592321 0.00076400
v -0.05104644 0.03577028 0.00279591
v -0.05149142 0.03577175 0.00181383
v -0.05173625 0.03577321 0.00076380
v -0.04903331 0.03577898 -0.00471723
v -0.04903324 0.03592898 -0.00471703
v -0.04990971 0.03577858 -0.00408921
v -0.05064668 0.03592791 -0.00330208
v -0.05159590 0.03577589 -0.00137759
v -0.05121611 0.03577701 -0.00238667
v -0.05064675 0.03577792 -0.00330227
v -0.05030558 0.03591894 0.00357360
v -0.05134931 0.03592174 0.00176580
v -0.05091647 0.03592031 0.00272110
v -0.05162178 0.03592452 -0.00030380
v -0.05158747 0.03592316 0.00074442
v -0.04663314 0.03591490 0.00538464
v -0.04954011 0.03591766 0.00429054
v -0.04864948 0.03591653 0.00484437
v -0.04766791 0.03591560 0.00521380
v -0.04558492 0.03591445 0.00535032
v -0.04456353 0.03591428 0.00511217
v -0.04097064 0.03591727 0.00146960
v -0.04191979 0.03591525 0.00339428
v -0.04148496 0.03591631 0.00241234
v -0.04121716 0.03592142 -0.00167361
v -0.04152010 0.03592288 -0.00270391
v -0.04083029 0.03591996 -0.00067180
v -0.04981074 0.03592839 -0.00397624
v -0.04360823 0.03591439 0.00467933
v -0.04275573 0.03591477 0.00406843
v -0.04203879 0.03591542 0.00330296
v -0.04111553 0.03591739 0.00143077
v -0.04094469 0.03591864 0.00039600
v -0.04097901 0.03592000 -0.00065222
v -0.05052768 0.03592774 -0.00321077
v -0.05108150 0.03592686 -0.00232014
v -0.05145094 0.03592577 -0.00133858
v -0.04165000 0.03592285 -0.00262891
v -0.04226089 0.03592423 -0.00348140
v -0.04293505 0.03592562 -0.00431735
v -0.04302637 0.03592550 -0.00419834
v -0.04391699 0.03592663 -0.00475217
v -0.04485973 0.03592773 -0.00526649
v -0.04489855 0.03592756 -0.00512160
v -0.04593333 0.03592826 -0.00529244
v -0.04700113 0.03592891 -0.00540684
v -0.04698155 0.03592871 -0.00525813
v -0.04800294 0.03592888 -0.00501997
v -0.04895824 0.03592877 -0.00458713
v -0.04902322 0.03585395 -0.00469973
v -0.04804473 0.03585406 -0.00514308
v -0.04899575 0.03590878 -0.00465211
v -0.04802706 0.03590889 -0.00509102
v -0.04699135 0.03590871 -0.00533251
v -0.04592843 0.03590826 -0.00536731
v -0.04487915 0.03590755 -0.00519407
v -0.04388383 0.03590661 -0.00481946
v -0.04298072 0.03590547 -0.00425787
v -0.04220451 0.03590417 -0.00353088
v -0.04158506 0.03590277 -0.00266643
v -0.04114615 0.03590132 -0.00169774
v -0.04090466 0.03589988 -0.00066204
v -0.04086986 0.03589850 0.00040088
v -0.04104310 0.03589724 0.00145016
v -0.04141771 0.03589614 0.00244548
v -0.04197930 0.03589524 0.00334860
v -0.04270629 0.03589458 0.00412480
v -0.04357074 0.03589419 0.00474425
v -0.04699854 0.03585389 -0.00538702
v -0.04592487 0.03585343 -0.00542217
v -0.04486497 0.03585271 -0.00524718
v -0.04385957 0.03585175 -0.00486877
v -0.04294732 0.03585060 -0.00430150
v -0.04216326 0.03584929 -0.00356715
v -0.04153753 0.03584788 -0.00269395
v -0.04109418 0.03584642 -0.00171546
v -0.04085025 0.03584496 -0.00066927
v -0.04081510 0.03584357 0.00040440
v -0.04099009 0.03584229 0.00146430
v -0.04136849 0.03584118 0.00246969
v -0.04193577 0.03584027 0.00338195
v -0.04267012 0.03583961 0.00416600
v -0.04354332 0.03583921 0.00479173
v -0.04805122 0.03577909 -0.00516220
v -0.04700120 0.03577891 -0.00540704
v -0.04592359 0.03577845 -0.00544231
v -0.04485980 0.03577773 -0.00526668
v -0.04385072 0.03577677 -0.00488689
v -0.04293512 0.03577562 -0.00431754
v -0.04214819 0.03577430 -0.00358050
v -0.04152017 0.03577289 -0.00270410
v -0.04107519 0.03577142 -0.00172202
v -0.04083036 0.03576996 -0.00067199
v -0.04079508 0.03576856 0.00040562
v -0.04097071 0.03576728 0.00146940
v -0.04135050 0.03576616 0.00247849
v -0.04191986 0.03576525 0.00339409
v -0.04265690 0.03576459 0.00418102
v -0.04452181 0.03583910 0.00523508
v -0.04453943 0.03589408 0.00518316
v -0.04557514 0.03589426 0.00542466
v -0.04663805 0.03589471 0.00545945
v -0.04768734 0.03589542 0.00528622
v -0.04868266 0.03589636 0.00491161
v -0.04958577 0.03589751 0.00435001
v -0.05036197 0.03589880 0.00362302
v -0.05098143 0.03590020 0.00275858
v -0.05142034 0.03590165 0.00178989
v -0.05166183 0.03590309 0.00075418
v -0.05169663 0.03590447 -0.00030873
v -0.05152339 0.03590573 -0.00135801
v -0.05114878 0.03590684 -0.00235334
v -0.05058719 0.03590773 -0.00325645
v -0.04986020 0.03590839 -0.00403265
v -0.04556800 0.03583928 0.00547902
v -0.04664167 0.03583974 0.00551417
v -0.04770157 0.03584046 0.00533918
v -0.04870697 0.03584141 0.00496078
v -0.04961922 0.03584256 0.00439350
v -0.05040328 0.03584387 0.00365915
v -0.05102900 0.03584528 0.00278596
v -0.05147235 0.03584674 0.00180746
v -0.05171629 0.03584820 0.00076128
v -0.05175144 0.03584959 -0.00031239
v -0.05157645 0.03585087 -0.00137229
v -0.05119805 0.03585199 -0.00237769
v -0.05063077 0.03585289 -0.00328994
v -0.04989642 0.03585355 -0.00407400
v -0.02051476 -0.00260090 0.00816745
v -0.02051471 -0.00250090 0.00816758
v -0.01994658 -0.00260032 0.00750870
v -0.01994653 -0.00250032 0.00750882
v -0.01972142 -0.00259935 0.00666840
v -0.01972138 -0.00249935 0.00666853
v -0.01988410 -0.00259818 0.00581381
v -0.01988406 -0.00249818 0.00581394
v -0.02017287 -0.00249956 0.00699786
v -0.02017291 -0.00259956 0.00699774
v -0.07208766 -0.00255586 -0.00817402
v -0.07208762 -0.00245586 -0.00817389
v -0.07265583 -0.00255644 -0.00751527
v -0.07265579 -0.00245644 -0.00751514
v -0.07288099 -0.00255742 -0.00667497
v -0.07288095 -0.00245742 -0.00667484
v -0.07271831 -0.00255859 -0.00582038
v -0.07271827 -0.00245859 -0.00582025
v -0.07242946 -0.00245720 -0.00700418
v -0.07242950 -0.00255721 -0.00700431
v -0.05447197 -0.00260764 0.02578315
v -0.05447192 -0.00250764 0.02578328
v -0.05381321 -0.00260868 0.02635133
v -0.05381316 -0.00250868 0.02635146
v -0.05297291 -0.00260936 0.02657649
v -0.05297287 -0.00250936 0.02657661
v -0.05211832 -0.00260955 0.02641381
v -0.05211828 -0.00250955 0.02641394
v -0.05330220 -0.00250863 0.02612512
v -0.05330225 -0.00260863 0.02612500
v -0.03813045 -0.00254912 -0.02578972
v -0.03813040 -0.00244912 -0.02578959
v -0.03878921 -0.00254809 -0.02635790
v -0.03878916 -0.00244808 -0.02635777
v -0.03962950 -0.00254741 -0.02658306
v -0.03962946 -0.00244740 -0.02658293
v -0.04048409 -0.00254722 -0.02642038
v -0.04048405 -0.00244721 -0.02642025
v -0.03930012 -0.00244814 -0.02613144
v -0.03930017 -0.00254814 -0.02613156
f 1 2 3
f 3 2 4
f 3 4 5
f 5 4 6
f 5 6 7
f 7 6 8
f 7 8 9
f 9 8 10
f 9 10 11
f 11 10 12
f 11 12 13
f 13 12 14
f 15 1 16
f 16 1 3
f 16 3 17
f 17 3 5
f 17 5 18
f 18 5 7
f 18 7 19
f 19 7 9
f 19 9 20
f 20 9 11
f 20 11 21
f 21 11 13
f 22 23 24
f 24 23 25
f 24 25 26
f 26 25 27
f 26 27 28
f 28 27 29
f 28 29 30
f 30 29 31
f 30 31 32
f 32 31 33
f 32 33 34
f 34 33 35
f 36 22 37
f 37 22 24
f 37 24 38
f 38 24 26
f 38 26 39
f 39 26 28
f 39 28 40
f 40 28 30
f 40 30 41
f 41 30 32
f 41 32 42
f 42 32 34
f 43 44 45
f 43 45 46
f 46 45 47
f 46 47 48
f 48 47 49
f 48 49 50
f 51 52 53
f 51 53 54
f 54 53 55
f 54 55 56
f 57 58 59
f 60 61 62
f 63 64 61
f 65 66 67
f 67 66 64
f 68 69 65
f 65 67 68
f 68 67 70
f 68 70 71
f 71 70 72
f 71 72 73
f 73 72 74
f 73 74 75
f 75 74 76
f 75 76 77
f 77 76 78
f 77 78 79
f 80 81 82
f 82 81 83
f 82 83 59
f 59 83 84
f 59 84 57
f 85 86 80
f 80 86 87
f 80 87 81
f 62 88 60
f 60 88 89
f 60 89 85
f 85 89 90
f 85 90 86
f 64 63 67
f 67 63 91
f 67 91 70
f 70 91 92
f 70 92 72
f 72 92 93
f 72 93 74
f 74 93 94
f 74 94 76
f 76 94 95
f 76 95 78
f 61 60 63
f 63 60 85
f 63 85 91
f 91 85 80
f 91 80 92
f 92 80 82
f 92 82 93
f 93 82 59
f 93 59 94
f 94 59 58
f 94 58 95
f 96 97 98
f 98 97 99
f 98 99 100
f 100 99 101
f 100 101 102
f 102 101 103
f 102 103 104
f 104 103 105
f 104 105 106
f 106 105 107
f 106 107 108
f 108 107 109
f 108 109 110
f 110 109 111
f 110 111 112
f 112 111 113
f 112 113 114
f 114 113 115
f 116 117 118
f 118 117 119
f 118 119 120
f 120 119 121
f 120 121 122
f 122 121 123
f 122 123 115
f 115 123 124
f 115 124 114
f 125 126 127
f 127 126 128
f 127 128 129
f 129 128 130
f 129 130 131
f 131 130 132
f 131 132 133
f 133 132 134
f 134 132 135
f 134 135 136
f 136 135 137
f 136 137 138
f 138 137 139
f 138 139 140
f 140 139 141
f 140 141 142
f 141 143 142
f 142 143 144
f 142 144 145
f 145 144 146
f 145 146 147
f 147 146 148
f 147 148 149
f 149 148 150
f 149 150 151
f 151 150 152
f 151 152 153
f 153 152 154
f 155 156 157
f 157 156 158
f 157 158 159
f 159 158 160
f 159 160 161
f 161 160 162
f 161 162 163
f 163 162 164
f 163 164 165
f 165 164 166
f 165 166 167
f 167 166 168
f 169 170 171
f 171 170 172
f 171 172 173
f 173 172 174
f 173 174 175
f 175 174 176
f 175 176 177
f 177 176 178
f 177 178 179
f 179 178 180
f 179 180 181
f 181 180 182
f 181 182 168
f 168 182 183
f 168 183 167
f 184 185 186
f 186 185 187
f 186 187 188
f 188 187 189
f 188 189 190
f 190 189 191
f 190 191 192
f 192 191 193
f 192 193 194
f 193 195 194
f 194 195 196
f 194 196 197
f 197 196 198
f 197 198 199
f 199 198 200
f 199 200 201
f 201 200 202
f 201 202 203
f 203 202 204
f 205 206 207
f 207 206 208
f 207 208 209
f 209 208 210
f 209 210 211
f 211 210 212
f 211 212 204
f 204 212 213
f 204 213 203
f 214 215 216
f 216 215 217
f 216 217 218
f 218 217 219
f 218 219 220
f 220 219 221
f 222 223 224
f 224 223 225
f 224 225 226
f 226 225 227
f 226 227 228
f 228 227 229
f 228 229 230
f 230 229 231
f 230 231 232
f 232 231 233
f 232 233 234
f 234 233 235
f 234 235 236
f 236 235 237
f 236 237 238
f 238 237 239
f 238 239 240
f 240 239 241
f 240 241 221
f 221 241 242
f 221 242 220
f 243 244 245
f 245 244 246
f 245 246 247
f 247 246 248
f 247 248 249
f 249 248 250
f 249 250 251
f 251 250 252
f 251 252 253
f 253 252 254
f 253 254 255
f 255 254 256
f 257 258 259
f 259 258 260
f 259 260 261
f 261 260 262
f 261 262 263
f 263 262 264
f 263 264 265
f 265 264 266
f 265 266 267
f 267 266 268
f 267 268 269
f 269 268 270
f 269 270 256
f 256 270 271
f 256 271 255
f 272 125 273
f 273 125 127
f 273 127 129
f 134 274 133
f 133 274 273
f 133 273 131
f 131 273 129
f 134 136 274
f 274 136 138
f 274 138 275
f 138 140 275
f 275 140 142
f 275 142 145
f 145 147 275
f 275 147 149
f 275 149 151
f 153 276 277
f 277 276 278
f 277 278 279
f 279 280 277
f 277 280 281
f 277 281 282
f 282 281 283
f 282 283 284
f 284 285 282
f 282 285 286
f 282 286 287
f 287 286 288
f 287 288 289
f 290 291 292
f 293 294 295
f 295 294 296
f 295 296 292
f 292 296 297
f 292 297 290
f 298 155 299
f 299 155 157
f 299 157 159
f 159 161 299
f 299 161 163
f 299 163 300
f 300 163 165
f 300 165 167
f 167 183 300
f 300 183 182
f 300 182 301
f 301 182 180
f 301 180 178
f 178 176 301
f 301 176 174
f 301 174 172
f 170 302 303
f 303 302 304
f 304 305 303
f 303 305 306
f 303 306 295
f 295 306 307
f 295 307 293
f 308 309 310
f 308 310 311
f 311 310 312
f 311 312 313
f 313 314 311
f 311 314 315
f 311 315 316
f 184 186 317
f 317 186 188
f 317 188 190
f 190 192 317
f 317 192 194
f 317 194 318
f 318 194 197
f 318 197 199
f 206 319 320
f 199 201 318
f 318 201 203
f 318 203 321
f 321 203 213
f 213 212 321
f 321 212 210
f 321 210 208
f 319 322 320
f 320 322 323
f 320 323 308
f 308 323 324
f 308 324 309
f 325 326 327
f 327 326 328
f 327 328 317
f 317 328 311
f 317 311 184
f 184 311 316
f 208 206 321
f 321 206 320
f 321 320 329
f 329 320 330
f 329 330 299
f 299 330 292
f 299 292 298
f 298 292 291
f 172 170 301
f 301 170 303
f 301 303 331
f 331 303 332
f 331 332 273
f 273 332 287
f 273 287 272
f 272 287 289
f 151 153 275
f 275 153 277
f 275 277 333
f 333 277 334
f 333 334 335
f 335 334 336
f 337 338 339
f 101 99 340
f 101 340 103
f 103 340 341
f 103 341 105
f 342 343 344
f 342 344 97
f 99 97 340
f 340 97 344
f 340 344 345
f 345 344 346
f 346 344 347
f 347 344 348
f 347 348 349
f 349 348 350
f 349 350 351
f 352 353 354
f 354 353 355
f 354 355 356
f 356 355 357
f 356 357 358
f 358 357 359
f 358 359 360
f 361 362 354
f 354 362 363
f 354 363 364
f 364 365 354
f 354 365 366
f 354 366 352
f 352 366 222
f 222 224 352
f 352 224 226
f 352 226 367
f 226 228 367
f 367 228 230
f 367 230 368
f 368 230 232
f 368 232 369
f 219 217 370
f 232 234 369
f 369 234 236
f 369 236 371
f 371 236 238
f 371 238 372
f 372 238 373
f 373 238 240
f 373 240 370
f 370 240 221
f 370 221 219
f 215 374 375
f 374 376 375
f 375 376 377
f 375 377 378
f 378 379 375
f 375 379 380
f 375 380 361
f 361 380 381
f 361 381 362
f 217 215 370
f 370 215 375
f 370 375 382
f 382 375 383
f 382 383 384
f 385 386 387
f 387 386 388
f 387 388 383
f 383 388 389
f 383 389 384
f 390 391 392
f 392 391 393
f 392 393 387
f 387 393 394
f 387 394 385
f 395 396 392
f 397 398 399
f 395 392 400
f 397 399 392
f 392 399 401
f 392 401 400
f 396 257 392
f 392 257 259
f 392 259 390
f 390 259 261
f 390 261 263
f 263 265 390
f 390 265 267
f 390 267 402
f 402 267 269
f 402 269 403
f 403 269 256
f 403 256 404
f 404 256 405
f 405 256 254
f 405 254 406
f 250 248 407
f 406 254 407
f 407 254 252
f 407 252 250
f 246 244 408
f 244 409 408
f 408 409 410
f 408 410 411
f 411 412 408
f 408 412 413
f 408 413 397
f 397 413 414
f 397 414 398
f 248 246 407
f 407 246 408
f 407 408 415
f 415 408 416
f 339 338 408
f 408 338 417
f 408 417 416
f 418 419 420
f 420 419 421
f 421 422 420
f 420 422 423
f 420 423 339
f 339 423 424
f 339 424 337
f 343 425 344
f 344 425 426
f 344 426 427
f 427 426 428
f 427 428 429
f 430 431 418
f 429 432 427
f 427 432 433
f 427 433 418
f 418 433 434
f 418 434 430
f 431 435 418
f 418 435 116
f 418 116 419
f 419 116 118
f 419 118 120
f 341 436 105
f 105 436 437
f 105 437 107
f 107 437 438
f 107 438 109
f 109 438 439
f 109 439 111
f 111 439 440
f 111 440 113
f 113 440 441
f 113 441 115
f 115 441 419
f 115 419 122
f 122 419 120
f 442 443 444
f 444 443 445
f 444 445 446
f 446 445 447
f 446 447 448
f 448 447 449
f 448 449 450
f 450 449 451
f 450 451 452
f 452 451 453
f 452 453 454
f 454 453 455
f 456 457 458
f 458 457 459
f 458 459 460
f 460 459 461
f 460 461 462
f 462 461 463
f 462 463 464
f 464 463 465
f 464 465 466
f 466 465 467
f 466 467 468
f 468 467 469
f 470 471 472
f 472 471 473
f 472 473 474
f 474 473 475
f 474 475 476
f 476 475 477
f 476 477 478
f 478 477 479
f 478 479 480
f 480 479 481
f 480 481 482
f 482 481 483
f 484 485 486
f 486 485 487
f 486 487 488
f 488 487 489
f 488 489 490
f 490 489 491
f 490 491 492
f 492 491 493
f 492 493 494
f 494 493 495
f 494 495 496
f 496 495 497
f 498 499 500
f 500 499 501
f 500 501 502
f 502 501 503
f 502 503 504
f 504 503 505
f 504 505 506
f 506 505 507
f 506 507 508
f 508 507 509
f 508 509 510
f 510 509 511
f 512 513 514
f 514 513 515
f 514 515 516
f 516 515 517
f 516 517 518
f 518 517 519
f 518 519 520
f 520 519 521
f 520 521 522
f 522 521 523
f 522 523 524
f 524 523 525
f 526 527 528
f 528 527 529
f 528 529 530
f 530 529 531
f 530 531 532
f 532 531 533
f 532 533 534
f 534 533 535
f 534 535 536
f 536 535 537
f 536 537 538
f 538 537 539
f 540 541 542
f 542 541 543
f 542 543 544
f 544 543 545
f 544 545 546
f 546 545 547
f 546 547 548
f 548 547 549
f 548 549 550
f 550 549 551
f 550 551 552
f 552 551 553
f 554 555 556
f 556 555 557
f 556 557 558
f 558 557 559
f 558 559 560
f 560 559 561
f 560 561 562
f 562 561 563
f 564 565 566
f 567 568 569
f 569 568 570
f 569 570 571
f 571 572 569
f 569 572 573
f 569 573 574
f 575 576 577
f 577 576 578
f 577 578 579
f 580 581 577
f 577 581 582
f 577 582 575
f 583 584 577
f 577 584 585
f 577 585 580
f 579 586 587
f 587 586 588
f 587 588 589
f 589 590 587
f 587 590 591
f 587 591 592
f 574 593 569
f 569 593 594
f 569 594 595
f 595 594 592
f 595 592 596
f 596 592 591
f 597 598 577
f 597 577 599
f 579 587 577
f 577 587 600
f 577 600 599
f 598 601 577
f 577 601 602
f 577 602 603
f 603 602 604
f 603 604 605
f 606 607 608
f 608 607 603
f 608 603 609
f 609 603 605
f 606 610 607
f 607 610 611
f 607 611 612
f 612 611 613
f 613 614 612
f 612 614 615
f 612 615 616
f 615 617 616
f 616 617 618
f 616 618 619
f 619 618 620
f 619 620 621
f 621 620 622
f 621 622 623
f 623 622 624
f 623 624 625
f 625 624 626
f 625 626 627
f 628 629 630
f 627 626 630
f 630 626 631
f 630 631 628
f 632 633 634
f 634 635 632
f 632 635 636
f 632 636 637
f 636 638 637
f 637 638 639
f 637 639 640
f 639 641 640
f 640 641 642
f 640 642 631
f 631 642 643
f 631 643 628
f 569 644 567
f 567 644 645
f 567 645 646
f 646 645 647
f 646 647 648
f 648 647 566
f 566 647 649
f 566 649 564
f 650 651 652
f 652 651 584
f 652 584 653
f 653 584 583
f 653 583 654
f 655 656 657
f 657 658 655
f 655 658 659
f 655 659 660
f 660 659 661
f 660 661 662
f 656 663 657
f 657 663 664
f 657 664 665
f 665 664 666
f 665 666 652
f 652 666 667
f 652 667 650
f 668 57 669
f 669 670 668
f 668 670 671
f 668 671 661
f 661 671 672
f 661 672 662
f 673 674 675
f 675 674 676
f 675 676 677
f 678 679 680
f 680 679 681
f 680 681 682
f 682 683 680
f 680 683 684
f 680 684 685
f 686 687 680
f 680 687 674
f 680 674 678
f 678 674 673
f 684 688 685
f 685 688 689
f 685 689 690
f 691 692 693
f 693 692 685
f 693 685 694
f 694 685 690
f 695 696 697
f 697 696 692
f 697 692 698
f 698 692 691
f 695 699 696
f 696 699 700
f 696 700 701
f 701 700 702
f 701 702 703
f 703 702 704
f 703 704 705
f 705 704 706
f 705 706 707
f 707 706 708
f 707 708 709
f 709 708 710
f 709 710 711
f 711 710 712
f 711 712 713
f 713 712 714
f 715 713 716
f 716 713 714
f 716 714 717
f 717 714 718
f 717 718 719
f 719 718 720
f 719 720 721
f 721 720 722
f 721 722 723
f 723 722 724
f 725 726 687
f 727 728 687
f 729 730 687
f 687 730 731
f 687 731 727
f 728 732 687
f 687 732 733
f 687 733 725
f 726 734 687
f 687 734 735
f 687 735 674
f 674 735 736
f 674 736 737
f 737 738 674
f 674 738 739
f 674 739 740
f 740 741 674
f 674 741 742
f 674 742 743
f 744 745 746
f 743 747 674
f 674 747 748
f 674 748 749
f 749 748 744
f 749 744 750
f 750 744 746
f 751 752 744
f 744 752 753
f 744 753 745
f 751 754 752
f 752 754 755
f 752 755 756
f 756 755 757
f 756 757 758
f 758 757 759
f 758 759 760
f 759 761 760
f 760 761 762
f 760 762 763
f 763 762 764
f 763 764 765
f 765 764 766
f 765 766 767
f 767 766 768
f 769 770 729
f 729 770 771
f 729 771 730
f 772 773 774
f 774 773 775
f 775 776 774
f 774 776 777
f 774 777 729
f 729 777 778
f 729 778 769
f 774 779 772
f 772 779 780
f 772 780 781
f 743 742 782
f 740 739 783
f 781 784 772
f 772 784 785
f 772 785 773
f 773 785 775
f 775 785 786
f 775 786 776
f 776 786 777
f 777 786 787
f 777 787 778
f 788 731 730
f 730 771 788
f 788 771 770
f 788 770 787
f 787 770 769
f 787 769 778
f 731 788 727
f 727 788 789
f 727 789 728
f 726 725 790
f 790 725 733
f 790 733 789
f 789 733 732
f 789 732 728
f 726 790 734
f 734 790 791
f 734 791 735
f 739 738 783
f 783 738 737
f 783 737 791
f 791 737 736
f 791 736 735
f 782 742 783
f 783 742 741
f 783 741 740
f 751 744 792
f 792 744 748
f 792 748 782
f 782 748 747
f 782 747 743
f 759 757 793
f 793 757 755
f 793 755 792
f 792 755 754
f 792 754 751
f 759 793 761
f 761 793 794
f 761 794 762
f 795 768 796
f 796 768 766
f 796 766 794
f 794 766 764
f 794 764 762
f 797 798 799
f 799 798 15
f 799 15 800
f 800 15 16
f 800 16 79
f 79 16 17
f 555 19 557
f 557 19 20
f 557 20 559
f 801 802 803
f 803 802 804
f 803 804 805
f 805 804 806
f 805 806 807
f 808 451 809
f 809 451 449
f 809 449 810
f 810 449 447
f 810 447 21
f 808 811 451
f 451 811 798
f 451 798 453
f 453 798 797
f 453 797 455
f 455 797 812
f 455 812 813
f 20 21 559
f 559 21 447
f 559 447 561
f 561 447 445
f 561 445 563
f 563 445 443
f 563 443 814
f 814 443 802
f 814 802 815
f 815 802 801
f 815 801 816
f 813 812 807
f 807 812 817
f 807 817 805
f 77 818 75
f 75 818 819
f 75 819 73
f 73 819 71
f 820 821 822
f 18 818 17
f 17 818 77
f 17 77 79
f 475 473 823
f 823 820 475
f 475 820 822
f 475 822 477
f 477 822 69
f 477 69 479
f 479 69 68
f 479 68 481
f 481 68 71
f 481 71 483
f 483 71 819
f 18 19 818
f 818 19 555
f 818 555 824
f 824 555 825
f 824 825 826
f 826 825 827
f 826 827 828
f 828 827 829
f 828 829 471
f 471 829 830
f 471 830 473
f 473 830 831
f 473 831 823
f 832 833 834
f 835 836 837
f 838 839 840
f 834 833 841
f 6 4 842
f 842 4 843
f 833 838 841
f 841 838 840
f 841 840 844
f 844 840 845
f 844 845 846
f 846 845 847
f 835 486 848
f 848 486 488
f 848 488 686
f 686 488 490
f 686 490 687
f 490 492 687
f 687 492 494
f 687 494 729
f 729 494 496
f 729 496 774
f 554 14 849
f 14 12 849
f 849 12 10
f 849 10 850
f 850 10 8
f 850 8 851
f 842 780 6
f 6 780 779
f 6 779 8
f 8 779 774
f 8 774 851
f 851 774 496
f 835 837 486
f 486 837 852
f 486 852 484
f 484 852 853
f 484 853 854
f 854 853 855
f 854 855 856
f 856 855 857
f 856 857 849
f 849 857 858
f 849 858 554
f 4 2 843
f 843 2 859
f 843 859 860
f 860 859 861
f 860 861 847
f 847 861 862
f 832 834 562
f 562 834 456
f 562 456 560
f 560 456 458
f 560 458 558
f 558 458 460
f 558 460 462
f 462 464 862
f 464 466 862
f 862 466 468
f 862 468 847
f 847 468 863
f 847 863 846
f 554 556 14
f 14 556 558
f 14 558 864
f 864 558 462
f 864 462 865
f 865 462 862
f 56 55 866
f 866 55 867
f 866 867 868
f 868 867 869
f 868 869 870
f 870 869 871
f 870 871 872
f 872 871 873
f 872 873 874
f 874 873 875
f 874 875 876
f 876 875 877
f 876 877 878
f 878 877 879
f 880 881 882
f 882 881 883
f 882 883 884
f 885 886 887
f 887 886 888
f 887 888 880
f 880 888 889
f 880 889 881
f 890 634 891
f 891 634 892
f 891 892 893
f 893 892 894
f 893 894 885
f 885 894 895
f 885 895 886
f 641 639 896
f 896 639 638
f 896 638 897
f 897 638 636
f 897 636 890
f 890 636 635
f 890 635 634
f 641 896 642
f 642 896 898
f 642 898 643
f 643 898 899
f 643 899 628
f 900 901 902
f 903 904 905
f 905 904 901
f 906 907 903
f 903 905 906
f 906 905 908
f 906 908 909
f 909 908 910
f 909 910 911
f 911 910 912
f 911 912 913
f 913 912 914
f 913 914 915
f 915 914 916
f 915 916 917
f 917 916 918
f 917 918 919
f 919 918 920
f 919 920 921
f 921 920 922
f 921 922 923
f 923 922 924
f 923 924 925
f 925 924 926
f 925 926 927
f 927 926 928
f 927 928 929
f 884 930 882
f 882 930 931
f 882 931 932
f 901 900 905
f 905 900 933
f 905 933 908
f 908 933 934
f 908 934 910
f 910 934 935
f 910 935 912
f 912 935 936
f 912 936 914
f 914 936 937
f 914 937 916
f 916 937 938
f 916 938 918
f 918 938 939
f 918 939 920
f 920 939 940
f 920 940 922
f 922 940 941
f 922 941 924
f 924 941 942
f 924 942 926
f 629 628 902
f 902 628 899
f 902 899 900
f 900 899 898
f 900 898 933
f 933 898 896
f 933 896 934
f 934 896 897
f 934 897 935
f 935 897 890
f 935 890 936
f 936 890 891
f 936 891 937
f 937 891 893
f 937 893 938
f 938 893 885
f 938 885 939
f 939 885 887
f 939 887 940
f 940 887 880
f 940 880 941
f 941 880 882
f 941 882 942
f 942 882 932
f 942 932 926
f 926 932 943
f 926 943 928
f 944 945 946
f 947 948 949
f 950 951 952
f 768 795 953
f 953 795 954
f 953 954 955
f 955 954 956
f 956 954 957
f 956 957 958
f 958 957 959
f 959 957 960
f 959 960 961
f 962 963 964
f 964 965 962
f 962 965 966
f 962 966 960
f 960 966 967
f 960 967 961
f 963 962 968
f 968 962 969
f 968 969 970
f 971 972 973
f 973 972 974
f 973 974 969
f 969 974 975
f 969 975 970
f 971 973 976
f 976 973 977
f 976 977 978
f 951 979 952
f 952 979 980
f 952 980 977
f 977 980 981
f 977 981 978
f 949 948 952
f 952 948 982
f 952 982 950
f 946 945 983
f 983 945 984
f 983 984 985
f 985 986 983
f 983 986 987
f 983 987 949
f 949 987 988
f 949 988 947
f 989 990 946
f 946 990 991
f 946 991 944
f 992 993 989
f 989 993 994
f 989 994 990
f 989 995 992
f 992 995 784
f 992 784 781
f 996 997 998
f 965 964 999
f 781 780 842
f 990 994 843
f 843 994 993
f 843 993 842
f 842 993 992
f 842 992 781
f 985 984 860
f 984 945 860
f 860 945 944
f 860 944 843
f 843 944 991
f 843 991 990
f 972 971 1000
f 968 970 1000
f 968 1000 963
f 1001 1002 964
f 1001 964 1003
f 963 1000 964
f 964 1000 1004
f 964 1004 1003
f 1002 1005 964
f 964 1005 1006
f 964 1006 999
f 970 975 1000
f 1000 975 974
f 1000 974 972
f 971 976 1000
f 1000 976 978
f 1000 978 981
f 980 979 847
f 847 979 951
f 847 951 950
f 950 982 847
f 847 982 948
f 847 948 947
f 947 988 847
f 847 988 987
f 847 987 860
f 860 987 986
f 860 986 985
f 961 967 999
f 999 967 966
f 999 966 965
f 953 955 1007
f 1007 955 956
f 1007 956 1008
f 999 1009 961
f 961 1009 1010
f 961 1010 959
f 959 1010 1008
f 959 1008 958
f 958 1008 956
f 1007 1011 953
f 953 1011 767
f 953 767 768
f 847 845 1012
f 1013 1014 1012
f 1015 1016 1012
f 1012 1016 1017
f 1012 1017 1013
f 1014 1018 1012
f 1012 1018 1000
f 1012 1000 847
f 847 1000 981
f 847 981 980
f 1018 1019 1000
f 1000 1019 1020
f 1000 1020 1021
f 1021 1020 1022
f 1023 1024 1025
f 1023 1025 1026
f 1024 1027 1025
f 1025 1027 1028
f 1025 1028 1012
f 1012 1028 1029
f 1012 1029 1015
f 1030 1031 1032
f 1032 1033 1030
f 1030 1033 1034
f 1030 1034 1025
f 1025 1034 1035
f 1025 1035 1026
f 1036 1037 1038
f 1037 1039 1038
f 1038 1039 1040
f 1038 1040 1030
f 1030 1040 1041
f 1030 1041 1031
f 1036 1038 1042
f 1042 1038 1043
f 1042 1043 1044
f 1044 1043 1045
f 1044 1045 1046
f 1046 1045 1047
f 1046 1047 1048
f 1048 1047 1049
f 1048 1049 1050
f 1050 1049 1051
f 1050 1051 1052
f 1052 1051 1053
f 1052 1053 1054
f 723 724 1055
f 1055 724 1056
f 1055 1056 1057
f 1057 1056 1058
f 1057 1058 1059
f 1059 1058 1060
f 1059 1060 998
f 998 1060 1054
f 998 1054 996
f 996 1054 1053
f 875 1061 1062
f 869 535 533
f 40 499 39
f 39 499 38
f 1063 1064 1065
f 875 1062 877
f 877 1062 1066
f 877 1066 879
f 879 1066 511
f 879 511 1067
f 1067 511 509
f 1067 509 44
f 44 509 45
f 45 509 507
f 45 507 47
f 1068 1069 52
f 501 925 503
f 503 925 927
f 503 927 505
f 505 927 929
f 505 929 507
f 507 929 49
f 507 49 47
f 501 499 925
f 925 499 40
f 925 40 923
f 923 40 41
f 923 41 921
f 921 41 42
f 921 42 919
f 919 42 1070
f 919 1070 917
f 917 1070 1071
f 909 911 1072
f 1072 911 913
f 1072 913 1071
f 1071 913 915
f 1071 915 917
f 52 1063 1068
f 1068 1063 1065
f 1068 1065 1073
f 1073 1065 907
f 1073 907 1074
f 1074 907 906
f 1074 906 1075
f 1075 906 909
f 535 869 537
f 537 869 867
f 537 867 539
f 539 867 55
f 539 55 1069
f 1069 55 53
f 1069 53 52
f 531 873 533
f 533 873 871
f 533 871 869
f 499 1076 38
f 38 1076 1077
f 38 1077 37
f 37 1077 1061
f 37 1061 36
f 36 1061 875
f 36 875 1078
f 1078 875 873
f 1078 873 1079
f 1079 873 531
f 1079 531 1072
f 1072 531 529
f 1072 529 909
f 909 529 527
f 909 527 1075
f 669 57 84
f 1080 1081 83
f 83 1081 1082
f 83 1082 84
f 84 1082 1083
f 84 1083 669
f 86 1084 1085
f 1085 1086 86
f 86 1086 1087
f 86 1087 87
f 87 1087 1080
f 87 1080 81
f 81 1080 83
f 89 1088 1089
f 1089 1090 89
f 89 1090 1091
f 89 1091 1092
f 1084 86 1092
f 1092 86 90
f 1092 90 89
f 88 62 1093
f 1094 1095 1096
f 1097 1098 1096
f 1096 1098 1099
f 1096 1099 1094
f 1100 1101 1102
f 1097 1096 1102
f 1102 1096 1103
f 1102 1103 1100
f 1104 1105 1106
f 1101 1100 1107
f 1107 1100 1108
f 1107 1108 1106
f 1106 1108 1109
f 1106 1109 1110
f 1104 1106 1111
f 1110 1112 1106
f 1106 1112 1113
f 1106 1113 1111
f 1105 1114 1106
f 1106 1114 1115
f 1106 1115 1116
f 1117 1118 1119
f 1119 1118 1120
f 1120 1121 1119
f 1119 1121 1122
f 1119 1122 1123
f 89 88 1088
f 1088 88 1093
f 1088 1093 1124
f 1124 1093 1119
f 1124 1119 1125
f 1125 1119 1123
f 1126 1127 1128
f 1128 1127 1129
f 1128 1129 1116
f 1116 1129 1130
f 1116 1130 1106
f 1126 1131 1127
f 1127 1131 1132
f 1127 1132 1133
f 1133 1132 1134
f 1133 1134 1135
f 1135 1134 1136
f 1137 1138 1119
f 1138 1139 1119
f 1119 1139 1140
f 1119 1140 1141
f 1095 1117 1096
f 1096 1117 1119
f 1096 1119 1142
f 1142 1119 1141
f 1143 1144 1145
f 1145 1144 1146
f 1146 1147 1145
f 1145 1147 1148
f 1145 1148 1119
f 1119 1148 1149
f 1119 1149 1137
f 1150 1151 1152
f 1152 1151 1153
f 1152 1153 1145
f 1145 1153 1154
f 1145 1154 1143
f 1155 1156 1157
f 1157 1156 1158
f 1157 1158 1152
f 1152 1158 1159
f 1152 1159 1150
f 1157 1160 1155
f 1155 1160 1161
f 1155 1161 1162
f 1162 1161 1163
f 1162 1163 1164
f 1164 1163 1165
f 1164 1165 1166
f 1166 1165 1167
f 1166 1167 1168
f 1168 1167 1169
f 884 883 1170
f 1170 883 1171
f 1170 1171 1169
f 1169 1171 1172
f 1169 1172 1168
f 888 1173 889
f 889 1173 1171
f 889 1171 881
f 881 1171 883
f 888 886 1173
f 1173 886 895
f 1173 895 1174
f 895 894 1174
f 1174 894 892
f 1174 892 1175
f 1175 892 634
f 1175 634 633
f 1176 1177 997
f 997 1177 1178
f 997 1178 998
f 1178 1179 998
f 998 1179 1180
f 998 1180 1059
f 1059 1180 540
f 1059 540 1057
f 46 48 50
f 1181 1182 721
f 721 1182 719
f 1176 1183 1177
f 1177 1183 1184
f 1177 1184 1185
f 520 522 43
f 43 46 520
f 520 46 50
f 520 50 518
f 518 50 715
f 518 715 516
f 516 715 716
f 1182 35 719
f 719 35 33
f 719 33 717
f 717 33 31
f 1186 874 1187
f 1187 874 876
f 1187 876 524
f 524 876 878
f 524 878 522
f 522 878 1188
f 522 1188 43
f 23 874 25
f 25 874 1186
f 25 1186 27
f 27 1186 1189
f 27 1189 29
f 29 1189 1190
f 29 1190 31
f 31 1190 1191
f 31 1191 717
f 717 1191 512
f 717 512 716
f 716 512 514
f 716 514 516
f 23 1192 546
f 546 1192 1193
f 546 1193 544
f 544 1193 1194
f 544 1194 542
f 721 723 1181
f 1181 723 1055
f 1181 1055 1194
f 1194 1055 1057
f 1194 1057 542
f 542 1057 540
f 1184 51 1185
f 1185 51 54
f 1185 54 552
f 552 54 56
f 552 56 550
f 550 56 866
f 550 866 548
f 548 866 868
f 548 868 546
f 546 868 870
f 546 870 23
f 23 870 872
f 23 872 874
f 853 830 855
f 855 830 829
f 855 829 857
f 857 829 827
f 857 827 858
f 858 827 825
f 858 825 554
f 554 825 555
f 552 553 1185
f 1185 553 1195
f 1185 1195 1177
f 1177 1195 1196
f 1177 1196 1178
f 1178 1196 1197
f 1178 1197 1179
f 1179 1197 1198
f 1179 1198 1180
f 1180 1198 1199
f 1180 1199 540
f 540 1199 541
f 1196 1200 1197
f 1197 1200 1201
f 1197 1201 1198
f 1198 1201 1202
f 1198 1202 1199
f 1199 1202 1203
f 1199 1203 541
f 541 1203 526
f 541 526 543
f 543 526 528
f 543 528 545
f 545 528 530
f 545 530 547
f 547 530 532
f 547 532 549
f 549 532 534
f 549 534 551
f 551 534 536
f 551 536 553
f 553 536 538
f 553 538 1195
f 1195 538 1204
f 1195 1204 1196
f 1196 1204 1200
f 538 539 1204
f 1204 539 1069
f 1204 1069 1200
f 1200 1069 1068
f 1200 1068 1201
f 1201 1068 1073
f 1201 1073 1202
f 1202 1073 1074
f 1202 1074 1203
f 1203 1074 1075
f 1203 1075 526
f 526 1075 527
f 524 525 1187
f 1187 525 1205
f 1187 1205 1186
f 1186 1205 1206
f 1186 1206 1189
f 1189 1206 1207
f 1189 1207 1190
f 1190 1207 1208
f 1190 1208 1191
f 1191 1208 1209
f 1191 1209 512
f 512 1209 513
f 1206 1210 1207
f 1207 1210 1211
f 1207 1211 1208
f 1208 1211 1212
f 1208 1212 1209
f 1209 1212 1213
f 1209 1213 513
f 513 1213 498
f 513 498 515
f 515 498 500
f 515 500 517
f 517 500 502
f 517 502 519
f 519 502 504
f 519 504 521
f 521 504 506
f 521 506 523
f 523 506 508
f 523 508 525
f 525 508 510
f 525 510 1205
f 1205 510 1214
f 1205 1214 1206
f 1206 1214 1210
f 510 511 1214
f 1214 511 1066
f 1214 1066 1210
f 1210 1066 1062
f 1210 1062 1211
f 1211 1062 1061
f 1211 1061 1212
f 1212 1061 1077
f 1212 1077 1213
f 1213 1077 1076
f 1213 1076 498
f 498 1076 499
f 496 497 851
f 851 497 1215
f 851 1215 850
f 850 1215 1216
f 850 1216 849
f 849 1216 1217
f 849 1217 856
f 856 1217 1218
f 856 1218 854
f 854 1218 1219
f 854 1219 484
f 484 1219 485
f 1216 1220 1217
f 1217 1220 1221
f 1217 1221 1218
f 1218 1221 1222
f 1218 1222 1219
f 1219 1222 1223
f 1219 1223 485
f 485 1223 470
f 485 470 487
f 487 470 472
f 487 472 489
f 489 472 474
f 489 474 491
f 491 474 476
f 491 476 493
f 493 476 478
f 493 478 495
f 495 478 480
f 495 480 497
f 497 480 482
f 497 482 1215
f 1215 482 1224
f 1215 1224 1216
f 1216 1224 1220
f 482 483 1224
f 1224 483 819
f 1224 819 1220
f 1220 819 818
f 1220 818 1221
f 1221 818 824
f 1221 824 1222
f 1222 824 826
f 1222 826 1223
f 1223 826 828
f 1223 828 470
f 470 828 471
f 468 469 863
f 863 469 1225
f 863 1225 846
f 846 1225 1226
f 846 1226 844
f 844 1226 1227
f 844 1227 841
f 841 1227 1228
f 841 1228 834
f 834 1228 1229
f 834 1229 456
f 456 1229 457
f 1226 1230 1227
f 1227 1230 1231
f 1227 1231 1228
f 1228 1231 1232
f 1228 1232 1229
f 1229 1232 1233
f 1229 1233 457
f 457 1233 442
f 457 442 459
f 459 442 444
f 459 444 461
f 461 444 446
f 461 446 463
f 463 446 448
f 463 448 465
f 465 448 450
f 465 450 467
f 467 450 452
f 467 452 469
f 469 452 454
f 469 454 1225
f 1225 454 1234
f 1225 1234 1226
f 1226 1234 1230
f 454 455 1234
f 1234 455 813
f 1234 813 1230
f 1230 813 807
f 1230 807 1231
f 1231 807 806
f 1231 806 1232
f 1232 806 804
f 1232 804 1233
f 1233 804 802
f 1233 802 442
f 442 802 443
f 1235 1236 1237
f 1235 1237 1238
f 1239 1240 1241
f 1241 1240 1242
f 1241 1242 1237
f 1237 1242 1243
f 1237 1243 1238
f 207 209 1244
f 207 1244 205
f 209 211 1244
f 1244 211 204
f 1244 204 1245
f 1245 204 202
f 1245 202 1246
f 1246 202 200
f 1246 200 1247
f 1247 200 198
f 1247 198 1248
f 198 196 1248
f 1248 196 195
f 1248 195 1249
f 1249 195 193
f 1249 193 1250
f 187 1251 189
f 189 1251 1250
f 189 1250 191
f 191 1250 193
f 185 1252 1253
f 1253 1252 1254
f 1253 1254 1255
f 1255 1256 1253
f 1253 1256 1257
f 1253 1257 1241
f 1241 1257 1258
f 1241 1258 1239
f 1259 1260 1261
f 1259 1261 1262
f 1263 1264 1265
f 1265 1264 1266
f 1265 1266 1261
f 1261 1266 1267
f 1261 1267 1262
f 1260 169 1261
f 1261 169 171
f 1261 171 1268
f 1268 171 173
f 1268 173 175
f 175 177 1268
f 1268 177 179
f 1268 179 1269
f 1269 179 181
f 1269 181 1270
f 1270 181 168
f 1270 168 1271
f 1271 168 1272
f 1272 168 166
f 1272 166 1273
f 162 160 1274
f 1273 166 1274
f 1274 166 164
f 1274 164 162
f 158 156 1275
f 156 1276 1275
f 1275 1276 1277
f 1275 1277 1278
f 1278 1279 1275
f 1275 1279 1280
f 1275 1280 1265
f 1265 1280 1281
f 1265 1281 1263
f 1282 1283 1284
f 1284 1283 1285
f 1285 1286 1284
f 1284 1286 1287
f 1284 1287 1288
f 154 152 1289
f 152 150 1289
f 1289 150 148
f 1289 148 1290
f 1290 148 146
f 1290 146 1291
f 1291 146 144
f 1291 144 1292
f 130 128 1293
f 144 143 1292
f 1292 143 141
f 1292 141 1294
f 1294 141 139
f 1294 139 1295
f 1295 139 137
f 1295 137 1296
f 1296 137 135
f 1296 135 1293
f 1293 135 132
f 1293 132 130
f 126 1297 1298
f 1297 1299 1298
f 1298 1299 1300
f 1298 1300 1301
f 1301 1302 1298
f 1298 1302 1303
f 1298 1303 1282
f 1282 1303 1304
f 1282 1304 1283
f 1305 1306 350
f 350 1306 1307
f 350 1307 351
f 1288 154 1284
f 1284 154 1289
f 1284 1289 1305
f 1305 1289 1308
f 1305 1308 1306
f 128 126 1293
f 1293 126 1298
f 1293 1298 1309
f 1309 1298 1310
f 1309 1310 1311
f 1311 1310 1312
f 1312 1310 1313
f 1313 1310 1314
f 1313 1314 1315
f 1268 1316 1261
f 1261 1316 1317
f 1261 1317 1314
f 1314 1317 1318
f 1314 1318 1315
f 1319 1275 1320
f 1320 1275 1321
f 1320 1321 1322
f 160 158 1274
f 1274 158 1275
f 1274 1275 1323
f 1323 1275 1319
f 1236 205 1237
f 1237 205 1244
f 1237 1244 1324
f 1324 1244 1325
f 1325 1326 1324
f 1324 1326 1327
f 1324 1327 1321
f 1321 1327 1328
f 1321 1328 1322
f 187 185 1251
f 1251 185 1253
f 1251 1253 1329
f 1329 1253 1330
f 1253 1331 1330
f 1330 1331 358
f 1330 358 360
f 1332 375 1333
f 1333 375 361
f 1333 361 1334
f 1334 361 354
f 1334 354 1335
f 1335 354 356
f 1335 356 326
f 326 356 358
f 326 358 328
f 328 358 1331
f 328 1331 311
f 311 1331 1253
f 311 1253 308
f 287 1298 282
f 282 1298 1282
f 282 1282 277
f 277 1282 1284
f 277 1284 334
f 334 1284 1305
f 334 1305 336
f 336 1305 350
f 336 350 1336
f 1336 350 348
f 1336 348 1337
f 1337 348 344
f 1337 344 1338
f 1253 1241 308
f 308 1241 1237
f 308 1237 320
f 320 1237 1324
f 320 1324 330
f 330 1324 1321
f 330 1321 292
f 292 1321 1275
f 292 1275 295
f 295 1275 1265
f 295 1265 303
f 303 1265 1261
f 303 1261 332
f 332 1261 1314
f 332 1314 287
f 287 1314 1310
f 287 1310 1298
f 344 427 1338
f 1338 427 418
f 1338 418 1339
f 1339 418 420
f 1339 420 1340
f 1340 420 339
f 1340 339 1341
f 1341 339 408
f 1341 408 1342
f 1342 408 397
f 1342 397 1343
f 1343 397 392
f 1343 392 1344
f 1344 392 387
f 1344 387 1332
f 1332 387 383
f 1332 383 375
f 954 1345 957
f 957 1345 1346
f 957 1346 960
f 960 1346 1347
f 960 1347 962
f 962 1347 1348
f 962 1348 969
f 969 1348 1349
f 969 1349 973
f 973 1349 1350
f 973 1350 977
f 977 1350 1351
f 977 1351 952
f 952 1351 1352
f 952 1352 949
f 949 1352 1353
f 949 1353 983
f 983 1353 1354
f 983 1354 946
f 946 1354 1355
f 946 1355 989
f 989 1355 1356
f 989 1356 995
f 995 1356 1357
f 995 1357 784
f 784 1357 325
f 784 325 785
f 785 325 327
f 785 327 786
f 786 327 317
f 786 317 787
f 787 317 318
f 787 318 788
f 788 318 321
f 788 321 789
f 789 321 329
f 789 329 790
f 790 329 299
f 790 299 791
f 791 299 300
f 791 300 783
f 783 300 301
f 783 301 782
f 782 301 331
f 782 331 792
f 792 331 273
f 792 273 793
f 793 273 274
f 793 274 794
f 794 274 275
f 794 275 796
f 796 275 333
f 796 333 795
f 795 333 335
f 795 335 954
f 954 335 1345
f 1358 1359 1341
f 1360 1361 1342
f 1342 1361 1362
f 1342 1362 1341
f 1341 1362 1363
f 1341 1363 1358
f 1364 243 1350
f 1350 243 245
f 1350 245 247
f 247 249 1350
f 1350 249 251
f 1350 251 1351
f 1351 251 253
f 1351 253 255
f 255 271 1351
f 1351 271 270
f 1351 270 1352
f 1352 270 268
f 1352 268 266
f 266 264 1352
f 1352 264 262
f 1352 262 260
f 258 1365 1343
f 1343 1365 1366
f 1366 1367 1343
f 1343 1367 1368
f 1343 1368 1342
f 1342 1368 1369
f 1342 1369 1360
f 1370 214 1354
f 1354 214 216
f 1354 216 218
f 241 1355 242
f 242 1355 1354
f 242 1354 220
f 220 1354 218
f 241 239 1355
f 1355 239 237
f 1355 237 1356
f 237 235 1356
f 1356 235 233
f 1356 233 231
f 231 229 1356
f 1356 229 227
f 1356 227 225
f 223 1371 1334
f 1334 1371 1372
f 1334 1372 1373
f 1373 1374 1334
f 1334 1374 1375
f 1334 1375 1333
f 1333 1375 1376
f 1333 1376 1377
f 1377 1378 1333
f 1333 1378 1379
f 1333 1379 1332
f 1332 1379 1380
f 1332 1380 1381
f 1338 1382 1383
f 1338 1383 1337
f 1337 1383 1384
f 1337 1384 1385
f 1385 1386 1337
f 1337 1386 1387
f 1337 1387 1388
f 96 98 1346
f 1346 98 100
f 1346 100 102
f 102 104 1346
f 1346 104 106
f 1346 106 1347
f 1347 106 108
f 1347 108 110
f 117 1389 1339
f 110 112 1347
f 1347 112 114
f 1347 114 1348
f 1348 114 124
f 124 123 1348
f 1348 123 121
f 1348 121 119
f 1389 1390 1339
f 1339 1390 1391
f 1339 1391 1338
f 1338 1391 1392
f 1338 1392 1382
f 335 336 1345
f 1345 336 1336
f 1345 1336 1346
f 1346 1336 1337
f 1346 1337 96
f 96 1337 1388
f 119 117 1348
f 1348 117 1339
f 1348 1339 1349
f 1349 1339 1340
f 1349 1340 1350
f 1350 1340 1341
f 1350 1341 1364
f 1364 1341 1359
f 260 258 1352
f 1352 258 1343
f 1352 1343 1353
f 1353 1343 1344
f 1353 1344 1354
f 1354 1344 1332
f 1354 1332 1370
f 1370 1332 1381
f 225 223 1356
f 1356 223 1334
f 1356 1334 1357
f 1357 1334 1335
f 1357 1335 325
f 325 1335 326
f 1110 1109 675
f 675 1109 673
f 1020 1019 593
f 593 1019 594
f 702 700 1156
f 1044 617 1042
f 1042 617 615
f 1042 615 1036
f 702 1156 704
f 1156 1155 704
f 704 1155 1162
f 704 1162 706
f 706 1162 1164
f 706 1164 708
f 708 1164 1166
f 708 1166 710
f 710 1166 1168
f 710 1168 712
f 712 1168 1172
f 712 1172 714
f 714 1172 1171
f 714 1171 718
f 718 1171 1173
f 718 1173 720
f 720 1173 1174
f 720 1174 722
f 722 1174 1175
f 722 1175 724
f 724 1175 633
f 724 633 1056
f 1056 633 632
f 1056 632 1058
f 1058 632 637
f 1058 637 1060
f 1060 637 640
f 1060 640 1054
f 1054 640 631
f 1054 631 1052
f 1052 631 626
f 1052 626 1050
f 1050 626 624
f 1050 624 1048
f 1048 624 622
f 1048 622 1046
f 1046 622 620
f 1046 620 1044
f 1044 620 618
f 1044 618 617
f 1393 1394 763
f 1393 763 1395
f 1394 1136 763
f 763 1136 1134
f 763 1134 1132
f 648 566 1007
f 1007 566 565
f 1007 565 1396
f 1396 1397 1007
f 1007 1397 1398
f 1007 1398 1011
f 1011 1398 1399
f 1011 1399 767
f 767 1399 351
f 767 351 765
f 765 351 1400
f 765 1400 763
f 763 1400 1401
f 763 1401 1395
f 257 396 258
f 258 396 1365
f 1365 396 1366
f 1366 396 395
f 1366 395 1367
f 1367 395 400
f 1367 400 1368
f 1368 400 401
f 1368 401 1369
f 1369 401 399
f 1369 399 1360
f 1360 399 398
f 1360 398 1361
f 1361 398 1362
f 1362 398 414
f 1362 414 1363
f 1363 414 413
f 1363 413 1358
f 244 243 409
f 409 243 1364
f 409 1364 410
f 410 1364 1359
f 410 1359 411
f 411 1359 1358
f 411 1358 412
f 412 1358 413
f 223 222 366
f 215 214 374
f 374 214 1370
f 374 1370 376
f 376 1370 1381
f 376 1381 377
f 377 1381 1380
f 377 1380 378
f 378 1380 1379
f 378 1379 379
f 379 1379 1378
f 379 1378 380
f 380 1378 1377
f 380 1377 381
f 381 1377 1376
f 381 1376 362
f 362 1376 1375
f 362 1375 363
f 363 1375 1374
f 363 1374 364
f 364 1374 1373
f 364 1373 365
f 365 1373 1372
f 365 1372 366
f 366 1372 1371
f 366 1371 223
f 205 1236 206
f 206 1236 319
f 319 1236 322
f 322 1236 1235
f 322 1235 323
f 323 1235 1238
f 323 1238 324
f 324 1238 1243
f 324 1243 309
f 309 1243 1242
f 309 1242 310
f 310 1242 1240
f 310 1240 312
f 1240 1239 312
f 312 1239 1258
f 312 1258 313
f 313 1258 1257
f 313 1257 314
f 185 184 1252
f 1252 184 316
f 1252 316 1254
f 1254 316 315
f 1254 315 1255
f 1255 315 314
f 1255 314 1256
f 1256 314 1257
f 169 1260 170
f 170 1260 302
f 302 1260 304
f 304 1260 1259
f 304 1259 305
f 305 1259 1262
f 305 1262 306
f 306 1262 1267
f 306 1267 307
f 307 1267 1266
f 307 1266 293
f 293 1266 1264
f 293 1264 294
f 294 1264 1263
f 294 1263 296
f 296 1263 1281
f 296 1281 297
f 297 1281 1280
f 297 1280 290
f 156 155 1276
f 1276 155 298
f 1276 298 1277
f 1277 298 291
f 1277 291 1278
f 1278 291 290
f 1278 290 1279
f 1279 290 1280
f 153 154 1288
f 126 125 1297
f 1297 125 272
f 1297 272 1299
f 1299 272 289
f 1299 289 1300
f 1300 289 288
f 1300 288 1301
f 1301 288 286
f 1301 286 1302
f 1302 286 285
f 1302 285 1303
f 1303 285 284
f 1303 284 1304
f 1304 284 283
f 1304 283 1283
f 1283 283 281
f 1283 281 1285
f 1285 281 280
f 1285 280 1286
f 1286 280 279
f 1286 279 1287
f 1287 279 278
f 1287 278 1288
f 1288 278 276
f 1288 276 153
f 116 435 117
f 117 435 1389
f 1389 435 1390
f 1390 435 431
f 1390 431 1391
f 1391 431 430
f 1391 430 1392
f 1392 430 434
f 1392 434 1382
f 1382 434 433
f 1382 433 1383
f 1383 433 432
f 1383 432 1384
f 1384 432 429
f 1384 429 1385
f 1385 429 428
f 1385 428 1386
f 97 96 342
f 342 96 1388
f 342 1388 343
f 343 1388 1387
f 343 1387 425
f 425 1387 1386
f 425 1386 426
f 426 1386 428
f 652 653 1402
f 79 78 1403
f 79 1403 800
f 800 1403 1404
f 800 1404 799
f 799 1404 1405
f 799 1405 797
f 797 1405 1406
f 797 1406 812
f 812 1406 1407
f 812 1407 817
f 817 1407 1408
f 817 1408 805
f 1402 1409 1410
f 653 654 1402
f 1402 654 1411
f 1402 1411 1409
f 652 1402 665
f 665 1402 1412
f 665 1412 657
f 657 1412 1413
f 657 1413 658
f 658 1413 1414
f 658 1414 659
f 58 57 668
f 95 58 1415
f 1415 58 668
f 1415 668 1414
f 1414 668 661
f 1414 661 659
f 78 95 1416
f 78 1416 1403
f 1403 1416 1417
f 1403 1417 1404
f 1404 1417 1418
f 1404 1418 1405
f 1405 1418 1419
f 1405 1419 1406
f 1406 1419 1420
f 1406 1420 1407
f 95 1415 1416
f 1416 1415 1414
f 1416 1414 1417
f 1417 1414 1413
f 1417 1413 1418
f 1418 1413 1412
f 1418 1412 1419
f 1419 1412 1402
f 1419 1402 1420
f 1420 1402 1410
f 1420 1410 1407
f 1407 1410 1421
f 1407 1421 1408
f 1012 583 1025
f 1025 583 577
f 1025 577 1030
f 1030 577 603
f 1030 603 1038
f 1038 603 607
f 1038 607 1043
f 1043 607 612
f 1043 612 1045
f 630 996 627
f 627 996 1053
f 627 1053 625
f 625 1053 1051
f 625 1051 623
f 623 1051 1049
f 623 1049 621
f 621 1049 1047
f 621 1047 619
f 619 1047 1045
f 619 1045 616
f 616 1045 612
f 840 803 845
f 845 803 805
f 845 805 1408
f 1408 1421 845
f 845 1421 1410
f 845 1410 1409
f 583 1012 654
f 654 1012 845
f 654 845 1411
f 1411 845 1409
f 996 630 997
f 997 630 629
f 1065 1176 907
f 907 1176 997
f 907 997 903
f 903 997 904
f 629 902 997
f 997 902 901
f 997 901 904
f 1093 680 1119
f 1119 680 685
f 1119 685 1145
f 1145 685 692
f 1145 692 1152
f 1152 692 696
f 1152 696 1157
f 1157 696 701
f 1157 701 1160
f 1160 701 703
f 713 1170 711
f 711 1170 1169
f 711 1169 709
f 709 1169 1167
f 709 1167 707
f 707 1167 1165
f 707 1165 705
f 705 1165 1163
f 705 1163 703
f 703 1163 1161
f 703 1161 1160
f 50 49 715
f 715 49 929
f 715 929 928
f 928 943 715
f 715 943 932
f 715 932 931
f 1170 713 884
f 884 713 715
f 884 715 930
f 930 715 931
f 680 1093 686
f 686 1093 62
f 822 848 69
f 69 848 686
f 69 686 65
f 65 686 66
f 62 61 686
f 686 61 64
f 686 64 66
f 673 1109 1108
f 673 1108 678
f 678 1108 1100
f 678 1100 679
f 679 1100 1103
f 679 1103 681
f 1103 1096 681
f 681 1096 1142
f 681 1142 682
f 1142 1141 682
f 682 1141 1140
f 682 1140 683
f 683 1140 1139
f 683 1139 684
f 684 1139 1138
f 684 1138 688
f 688 1138 1137
f 688 1137 689
f 689 1137 1149
f 689 1149 690
f 1149 1148 690
f 690 1148 1147
f 690 1147 694
f 694 1147 1146
f 694 1146 693
f 693 1146 1144
f 693 1144 691
f 691 1144 1143
f 691 1143 698
f 1156 700 1158
f 1158 700 699
f 1143 1154 698
f 698 1154 1153
f 698 1153 697
f 697 1153 1151
f 697 1151 695
f 695 1151 1150
f 695 1150 699
f 699 1150 1159
f 699 1159 1158
f 594 1019 1018
f 601 598 1028
f 594 1018 592
f 592 1018 1014
f 592 1014 587
f 587 1014 1013
f 587 1013 600
f 600 1013 1017
f 600 1017 599
f 599 1017 1016
f 599 1016 597
f 597 1016 1015
f 597 1015 598
f 598 1015 1029
f 598 1029 1028
f 1028 1027 601
f 601 1027 1024
f 601 1024 602
f 602 1024 1023
f 602 1023 604
f 604 1023 1026
f 604 1026 605
f 1026 1035 605
f 605 1035 1034
f 605 1034 609
f 609 1034 1033
f 609 1033 608
f 1033 1032 608
f 608 1032 1031
f 608 1031 606
f 606 1031 1041
f 606 1041 610
f 610 1041 1040
f 610 1040 611
f 1040 1039 611
f 611 1039 1037
f 611 1037 613
f 613 1037 1036
f 613 1036 614
f 614 1036 615
f 756 1132 752
f 752 1132 1131
f 756 758 1132
f 1132 758 760
f 1132 760 763
f 745 1128 746
f 746 1128 1116
f 746 1116 1115
f 1131 1126 752
f 752 1126 1128
f 752 1128 753
f 753 1128 745
f 1115 1114 746
f 746 1114 1105
f 746 1105 750
f 750 1105 749
f 1111 1113 674
f 749 1105 674
f 674 1105 1104
f 674 1104 1111
f 1110 675 1112
f 1112 675 677
f 1112 677 1113
f 1113 677 676
f 1113 676 674
f 648 1007 1008
f 1008 1010 648
f 648 1010 1009
f 648 1009 646
f 646 1009 999
f 646 999 567
f 567 999 1006
f 1006 1005 567
f 567 1005 1002
f 567 1002 568
f 568 1002 1001
f 568 1001 570
f 570 1001 1003
f 1003 1004 570
f 570 1004 1000
f 570 1000 571
f 571 1000 1021
f 571 1021 572
f 572 1021 1022
f 572 1022 573
f 573 1022 1020
f 573 1020 574
f 574 1020 593
f 1176 1065 1064
f 1176 1064 1183
f 1183 1064 1063
f 1183 1063 1184
f 1184 1063 52
f 1184 52 51
f 562 563 814
f 562 814 832
f 832 814 815
f 832 815 833
f 833 815 816
f 833 816 838
f 838 816 801
f 838 801 839
f 839 801 803
f 839 803 840
f 878 879 1067
f 878 1067 1188
f 1188 1067 44
f 1188 44 43
f 848 822 821
f 848 821 835
f 835 821 820
f 835 820 836
f 836 820 823
f 836 823 837
f 837 823 831
f 837 831 852
f 852 831 830
f 852 830 853
f 1422 1308 1423
f 1423 1308 1289
f 1423 1289 1424
f 1424 1289 1290
f 1424 1290 1425
f 1425 1290 1291
f 1425 1291 1426
f 351 1307 1422
f 1422 1307 1306
f 1422 1306 1308
f 1427 1428 1429
f 1429 1428 1430
f 1429 1430 1431
f 1430 1432 1431
f 1431 1432 1433
f 1431 1433 1434
f 1434 1433 1435
f 1434 1435 1400
f 1428 1136 1430
f 1430 1136 1394
f 1430 1394 1432
f 1432 1394 1393
f 1432 1393 1433
f 1433 1393 1395
f 1433 1395 1435
f 1435 1395 1401
f 1435 1401 1400
f 1426 1427 1425
f 1425 1427 1429
f 1425 1429 1424
f 1424 1429 1431
f 1424 1431 1423
f 1423 1431 1434
f 1423 1434 1422
f 1422 1434 1400
f 1422 1400 351
f 1427 1426 1436
f 1437 1438 1439
f 1438 565 564
f 1437 1439 1440
f 438 1441 439
f 439 1441 1442
f 439 1442 440
f 440 1442 1443
f 421 419 1443
f 1443 419 441
f 1443 441 440
f 1443 1444 421
f 421 1444 1445
f 421 1445 422
f 422 1445 1446
f 422 1446 423
f 423 1446 1447
f 423 1447 424
f 424 1447 1448
f 407 415 1449
f 1449 415 416
f 1449 416 1450
f 1450 416 417
f 1450 417 1451
f 1451 417 338
f 1451 338 1448
f 1448 338 337
f 1448 337 424
f 407 1449 406
f 406 1449 1452
f 406 1452 1453
f 1454 391 1455
f 1455 391 390
f 1455 390 1456
f 1456 390 402
f 1456 402 1457
f 1457 402 403
f 1457 403 1458
f 1458 403 404
f 1458 404 1453
f 1453 404 405
f 1453 405 406
f 389 388 1459
f 1459 388 386
f 1459 386 1460
f 1460 386 385
f 1460 385 1461
f 1461 385 394
f 1461 394 1454
f 1454 394 393
f 1454 393 391
f 1438 564 1439
f 1439 564 649
f 1439 649 1462
f 1462 649 647
f 1462 647 1463
f 1463 647 645
f 1463 645 1464
f 1464 645 644
f 1464 644 1465
f 1465 644 569
f 1465 569 1466
f 1466 569 595
f 1466 595 1467
f 1467 595 596
f 1467 596 1468
f 1468 596 591
f 1468 591 1469
f 1469 591 590
f 1469 590 1470
f 1470 590 589
f 1470 589 1471
f 1471 589 588
f 1471 588 1472
f 1472 588 586
f 1472 586 1473
f 1473 586 579
f 1473 579 1474
f 1474 579 578
f 1474 578 1475
f 1475 578 576
f 1475 576 1476
f 1476 576 575
f 1476 575 1477
f 1477 575 582
f 1477 582 1478
f 1478 582 581
f 1478 581 1479
f 1479 581 580
f 1479 580 1480
f 1480 580 585
f 1480 585 1481
f 1481 585 584
f 1481 584 1482
f 389 1459 384
f 384 1459 1483
f 384 1483 1484
f 584 651 1482
f 1482 651 650
f 1482 650 1485
f 1485 650 667
f 1485 667 1486
f 1486 667 666
f 1486 666 1487
f 1487 666 664
f 1487 664 1488
f 369 371 1489
f 1489 371 372
f 1489 372 1490
f 1490 372 373
f 1490 373 1491
f 1491 373 370
f 1491 370 1484
f 1484 370 382
f 1484 382 384
f 664 663 1488
f 1488 663 656
f 1488 656 1492
f 1492 656 655
f 369 1489 368
f 368 1489 1493
f 368 1493 1494
f 660 1495 655
f 655 1495 1496
f 655 1496 1492
f 1497 357 1498
f 1498 357 355
f 1498 355 1499
f 1499 355 353
f 1499 353 1500
f 1500 353 352
f 1500 352 1494
f 1494 352 367
f 1494 367 368
f 660 662 1495
f 1495 662 672
f 1495 672 1501
f 1501 672 671
f 1501 671 1502
f 1502 671 670
f 1502 670 1503
f 1503 670 669
f 1503 669 1504
f 669 1083 1504
f 1504 1083 1082
f 1504 1082 1505
f 1505 1082 1081
f 1505 1081 1506
f 1506 1081 1080
f 1506 1080 1507
f 1508 1250 1509
f 1509 1250 1251
f 1509 1251 1510
f 1510 1251 1329
f 1510 1329 1511
f 1511 1329 1330
f 1511 1330 1512
f 1512 1330 360
f 1512 360 1497
f 1497 360 359
f 1497 359 357
f 1080 1087 1507
f 1507 1087 1086
f 1507 1086 1513
f 1513 1086 1085
f 1513 1085 1514
f 1514 1085 1084
f 1514 1084 1515
f 1516 1246 1517
f 1517 1246 1247
f 1517 1247 1518
f 1518 1247 1248
f 1518 1248 1508
f 1508 1248 1249
f 1508 1249 1250
f 1325 1244 1516
f 1516 1244 1245
f 1516 1245 1246
f 1084 1092 1515
f 1515 1092 1091
f 1515 1091 1519
f 1519 1091 1090
f 1519 1090 1520
f 1520 1090 1089
f 1088 1521 1089
f 1089 1521 1522
f 1089 1522 1520
f 1516 1523 1325
f 1325 1523 1524
f 1325 1524 1326
f 1326 1524 1525
f 1326 1525 1327
f 1327 1525 1526
f 1327 1526 1328
f 1328 1526 1527
f 1319 1320 1527
f 1527 1320 1322
f 1527 1322 1328
f 1527 1528 1319
f 1319 1528 1529
f 1319 1529 1323
f 1323 1529 1530
f 1323 1530 1274
f 1274 1530 1531
f 1274 1531 1273
f 1273 1531 1532
f 1270 1271 1532
f 1532 1271 1272
f 1532 1272 1273
f 1532 1533 1270
f 1270 1533 1534
f 1270 1534 1269
f 1269 1534 1535
f 1269 1535 1268
f 1268 1535 1536
f 1268 1536 1316
f 1316 1536 1537
f 1315 1318 1537
f 1537 1318 1317
f 1537 1317 1316
f 1088 1124 1521
f 1521 1124 1125
f 1521 1125 1538
f 1538 1125 1123
f 1538 1123 1539
f 1539 1123 1122
f 1539 1122 1540
f 1540 1122 1121
f 1540 1121 1541
f 1541 1121 1120
f 1541 1120 1542
f 1542 1120 1118
f 1542 1118 1543
f 1543 1118 1117
f 1543 1117 1544
f 1544 1117 1095
f 1544 1095 1545
f 1545 1095 1094
f 1545 1094 1546
f 1546 1094 1099
f 1546 1099 1547
f 1547 1099 1098
f 1547 1098 1548
f 1548 1098 1097
f 1548 1097 1549
f 1549 1097 1102
f 1549 1102 1550
f 1550 1102 1101
f 1550 1101 1551
f 1551 1101 1107
f 1551 1107 1552
f 1552 1107 1106
f 1552 1106 1553
f 1537 1554 1315
f 1315 1554 1555
f 1315 1555 1313
f 1313 1555 1556
f 1313 1556 1312
f 1312 1556 1557
f 1312 1557 1311
f 1311 1557 1558
f 1311 1558 1309
f 1309 1558 1293
f 1293 1558 1559
f 1293 1559 1296
f 1296 1559 1560
f 1296 1560 1295
f 1295 1560 1436
f 1295 1436 1294
f 1106 1130 1553
f 1553 1130 1129
f 1553 1129 1561
f 1561 1129 1127
f 1561 1127 1562
f 1562 1127 1133
f 1562 1133 1563
f 1563 1133 1135
f 1563 1135 1564
f 1564 1135 1136
f 1136 1428 1564
f 1564 1428 1565
f 1564 1565 1563
f 1563 1565 1566
f 1563 1566 1562
f 1562 1566 1567
f 1562 1567 1561
f 1561 1567 1568
f 1561 1568 1553
f 1553 1568 1569
f 1553 1569 1552
f 1552 1569 1570
f 1552 1570 1551
f 1551 1570 1571
f 1551 1571 1550
f 1550 1571 1572
f 1550 1572 1549
f 1549 1572 1573
f 1549 1573 1548
f 1548 1573 1574
f 1548 1574 1547
f 1547 1574 1575
f 1547 1575 1546
f 1546 1575 1576
f 1546 1576 1545
f 1545 1576 1577
f 1545 1577 1544
f 1544 1577 1578
f 1544 1578 1543
f 1543 1578 1579
f 1543 1579 1542
f 1542 1579 1580
f 1542 1580 1541
f 1541 1580 1581
f 1541 1581 1540
f 1540 1581 1582
f 1540 1582 1539
f 1539 1582 1583
f 1539 1583 1538
f 1538 1583 1584
f 1538 1584 1521
f 1521 1584 1585
f 1521 1585 1522
f 1522 1585 1586
f 1522 1586 1520
f 1520 1586 1587
f 1520 1587 1519
f 1519 1587 1588
f 1519 1588 1515
f 1515 1588 1589
f 1515 1589 1514
f 1514 1589 1590
f 1514 1590 1513
f 1513 1590 1591
f 1513 1591 1507
f 1507 1591 1592
f 1507 1592 1506
f 1506 1592 1593
f 1506 1593 1505
f 1505 1593 1594
f 1505 1594 1504
f 1504 1594 1595
f 1504 1595 1503
f 1503 1595 1596
f 1503 1596 1502
f 1502 1596 1597
f 1502 1597 1501
f 1501 1597 1598
f 1501 1598 1495
f 1495 1598 1599
f 1495 1599 1496
f 1496 1599 1600
f 1496 1600 1492
f 1492 1600 1601
f 1492 1601 1488
f 1488 1601 1602
f 1488 1602 1487
f 1487 1602 1603
f 1487 1603 1486
f 1486 1603 1604
f 1486 1604 1485
f 1485 1604 1605
f 1485 1605 1482
f 1482 1605 1606
f 1482 1606 1481
f 1481 1606 1607
f 1481 1607 1480
f 1480 1607 1608
f 1480 1608 1479
f 1479 1608 1609
f 1479 1609 1478
f 1478 1609 1610
f 1478 1610 1477
f 1477 1610 1611
f 1477 1611 1476
f 1476 1611 1612
f 1476 1612 1475
f 1475 1612 1613
f 1475 1613 1474
f 1474 1613 1614
f 1474 1614 1473
f 1473 1614 1615
f 1473 1615 1472
f 1472 1615 1616
f 1472 1616 1471
f 1471 1616 1617
f 1471 1617 1470
f 1470 1617 1618
f 1470 1618 1469
f 1469 1618 1619
f 1469 1619 1468
f 1468 1619 1620
f 1468 1620 1467
f 1467 1620 1621
f 1467 1621 1466
f 1466 1621 1622
f 1466 1622 1465
f 1465 1622 1623
f 1465 1623 1464
f 1464 1623 1624
f 1464 1624 1463
f 1463 1624 1625
f 1463 1625 1462
f 1462 1625 1626
f 1462 1626 1439
f 1439 1626 1627
f 1439 1627 1440
f 1440 1627 1628
f 1428 1427 1565
f 1565 1427 1436
f 1565 1436 1566
f 1566 1436 1560
f 1566 1560 1567
f 1567 1560 1559
f 1567 1559 1568
f 1568 1559 1558
f 1568 1558 1569
f 1569 1558 1557
f 1569 1557 1570
f 1570 1557 1556
f 1570 1556 1571
f 1571 1556 1555
f 1571 1555 1572
f 1572 1555 1554
f 1572 1554 1573
f 1573 1554 1537
f 1573 1537 1574
f 1574 1537 1536
f 1574 1536 1575
f 1575 1536 1535
f 1575 1535 1576
f 1576 1535 1534
f 1576 1534 1577
f 1577 1534 1533
f 1577 1533 1578
f 1578 1533 1532
f 1578 1532 1579
f 1579 1532 1531
f 1579 1531 1580
f 1580 1531 1530
f 1580 1530 1581
f 1581 1530 1529
f 1581 1529 1582
f 1582 1529 1528
f 1582 1528 1583
f 1583 1528 1527
f 1583 1527 1584
f 1584 1527 1526
f 1584 1526 1585
f 1585 1526 1525
f 1585 1525 1586
f 1586 1525 1524
f 1586 1524 1587
f 1587 1524 1523
f 1587 1523 1588
f 1588 1523 1516
f 1588 1516 1589
f 1589 1516 1517
f 1589 1517 1590
f 1590 1517 1518
f 1590 1518 1591
f 1591 1518 1508
f 1591 1508 1592
f 1592 1508 1509
f 1592 1509 1593
f 1593 1509 1510
f 1593 1510 1594
f 1594 1510 1511
f 1594 1511 1595
f 1595 1511 1512
f 1595 1512 1596
f 1596 1512 1497
f 1596 1497 1597
f 1597 1497 1498
f 1597 1498 1598
f 1598 1498 1499
f 1598 1499 1599
f 1599 1499 1500
f 1599 1500 1600
f 1600 1500 1494
f 1600 1494 1601
f 1601 1494 1493
f 1601 1493 1602
f 1602 1493 1489
f 1602 1489 1603
f 1603 1489 1490
f 1603 1490 1604
f 1604 1490 1491
f 1604 1491 1605
f 1605 1491 1484
f 1605 1484 1606
f 1606 1484 1483
f 1606 1483 1607
f 1607 1483 1459
f 1607 1459 1608
f 1608 1459 1460
f 1608 1460 1609
f 1609 1460 1461
f 1609 1461 1610
f 1610 1461 1454
f 1610 1454 1611
f 1611 1454 1455
f 1611 1455 1612
f 1612 1455 1456
f 1612 1456 1613
f 1613 1456 1457
f 1613 1457 1614
f 1614 1457 1458
f 1614 1458 1615
f 1615 1458 1453
f 1615 1453 1616
f 1616 1453 1452
f 1616 1452 1617
f 1617 1452 1449
f 1617 1449 1618
f 1618 1449 1450
f 1618 1450 1619
f 1619 1450 1451
f 1619 1451 1620
f 1620 1451 1448
f 1620 1448 1621
f 1621 1448 1447
f 1621 1447 1622
f 1622 1447 1446
f 1622 1446 1623
f 1623 1446 1445
f 1623 1445 1624
f 1624 1445 1444
f 1624 1444 1625
f 1625 1444 1443
f 1625 1443 1626
f 1626 1443 1442
f 1626 1442 1627
f 1627 1442 1441
f 1627 1441 1628
f 1628 1441 438
f 1628 438 437
f 1426 1291 1436
f 1436 1291 1292
f 1436 1292 1294
f 1629 1398 1397
f 1630 1631 1632
f 436 341 1630
f 351 1633 349
f 1634 1635 1633
f 1633 1635 1636
f 349 1633 347
f 347 1633 1636
f 347 1636 346
f 1630 341 1631
f 1631 341 340
f 1631 340 345
f 1398 1629 1399
f 565 1438 1396
f 1396 1438 1637
f 437 436 1628
f 1628 436 1630
f 1628 1630 1440
f 1440 1630 1632
f 1440 1632 1437
f 1437 1632 1638
f 1437 1638 1438
f 1438 1638 1639
f 1438 1639 1637
f 1397 1640 1629
f 1629 1640 1634
f 1629 1634 1399
f 1399 1634 1633
f 1399 1633 351
f 345 346 1631
f 1631 346 1636
f 1631 1636 1632
f 1632 1636 1635
f 1632 1635 1638
f 1638 1635 1634
f 1638 1634 1639
f 1639 1634 1640
f 1639 1640 1637
f 1637 1640 1397
f 1637 1397 1396
f 42 34 1070
f 1070 34 1641
f 1070 1641 1071
f 1071 1641 1642
f 1071 1642 1072
f 1072 1642 1643
f 1072 1643 1079
f 1079 1643 1644
f 1079 1644 1078
f 1078 1644 1645
f 1078 1645 36
f 36 1645 22
f 34 35 1641
f 1641 35 1182
f 1641 1182 1642
f 1642 1182 1181
f 1642 1181 1643
f 1643 1181 1194
f 1643 1194 1644
f 1644 1194 1193
f 1644 1193 1645
f 1645 1193 1192
f 1645 1192 22
f 22 1192 23
f 21 13 810
f 810 13 1646
f 810 1646 809
f 809 1646 1647
f 809 1647 808
f 808 1647 1648
f 808 1648 811
f 811 1648 1649
f 811 1649 798
f 798 1649 1650
f 798 1650 15
f 15 1650 1
f 13 14 1646
f 1646 14 864
f 1646 864 1647
f 1647 864 865
f 1647 865 1648
f 1648 865 862
f 1648 862 1649
f 1649 862 861
f 1649 861 1650
f 1650 861 859
f 1650 859 1
f 1 859 2
f 1651 1652 1653
f 1654 1655 1656
f 1657 1658 1659
f 1660 1661 1662
f 1662 1661 1654
f 1662 1654 1663
f 1663 1654 1656
f 1664 1665 1666
f 1667 1668 1669
f 1669 1668 1670
f 1671 1672 1659
f 1659 1672 1669
f 1659 1669 1657
f 1657 1669 1670
f 1657 1670 1673
f 1669 1674 1667
f 1667 1674 1675
f 1667 1675 1676
f 1676 1675 1677
f 1676 1677 1678
f 1678 1677 1679
f 1678 1679 1680
f 1680 1679 1681
f 1681 1679 1662
f 1681 1662 1682
f 1682 1662 1663
f 1682 1663 1683
f 1663 1684 1683
f 1683 1684 1685
f 1683 1685 1686
f 1686 1685 1687
f 1686 1687 1688
f 1688 1687 1673
f 1688 1673 1689
f 1689 1673 1670
f 1690 1691 1671
f 1671 1691 1692
f 1671 1692 1672
f 1672 1692 1693
f 1672 1693 1694
f 1694 1693 1695
f 1694 1695 1696
f 1697 1661 1698
f 1698 1661 1660
f 1698 1660 1699
f 1699 1660 1700
f 1699 1700 1701
f 1701 1700 1702
f 1701 1702 1703
f 1703 1702 1704
f 1703 1704 1705
f 1705 1704 1706
f 1705 1706 1707
f 1707 1706 1708
f 1707 1708 1709
f 1653 1709 1651
f 1651 1709 1708
f 1651 1708 1666
f 1666 1708 1710
f 1666 1710 1664
f 1664 1710 1711
f 1664 1711 1712
f 1712 1711 1713
f 1712 1713 1714
f 1714 1713 1715
f 1714 1715 1716
f 1716 1715 1717
f 1716 1717 1718
f 1719 1720 1721
f 1721 1720 1722
f 1719 1721 1723
f 1723 1721 1724
f 1723 1724 1725
f 1726 1727 1724
f 1724 1727 1728
f 1724 1728 1725
f 1729 1730 1731
f 1731 1730 1732
f 1731 1732 1733
f 1733 1732 1734
f 1733 1734 1735
f 1735 1734 1736
f 1735 1736 1737
f 1737 1736 1738
f 1730 1729 1739
f 1739 1729 1740
f 1739 1740 1741
f 1741 1740 1742
f 1743 1744 1745
f 1743 1745 1746
f 1746 1745 1747
f 1746 1747 1748
f 1749 1750 1751
f 1751 1750 1748
f 1751 1748 1752
f 1752 1748 1747
f 1743 1727 1744
f 1744 1727 1726
f 1753 1754 1755
f 1755 1754 1756
f 1755 1756 1757
f 1758 1759 1760
f 1760 1759 1761
f 1760 1761 1753
f 1753 1761 1762
f 1753 1762 1754
f 1763 1764 1765
f 1765 1764 1766
f 1765 1766 1767
f 1767 1766 1768
f 1767 1768 1769
f 1769 1768 1770
f 1763 1771 1764
f 1764 1771 1772
f 1773 1774 1775
f 1775 1774 1776
f 1775 1776 1777
f 1777 1776 1778
f 1777 1778 1771
f 1771 1778 1772
f 1779 1780 1781
f 1781 1780 1782
f 1781 1782 1783
f 1783 1782 1784
f 1783 1784 1785
f 1785 1784 1786
f 1785 1786 1787
f 1787 1786 1788
f 1787 1788 1789
f 1790 1791 1792
f 1792 1791 1793
f 1792 1793 1788
f 1788 1793 1789
f 1791 1790 1794
f 1795 1796 1797
f 1797 1796 1798
f 1797 1798 1799
f 1799 1798 1800
f 1799 1800 1801
f 1801 1800 1802
f 1801 1802 1794
f 1794 1802 1803
f 1794 1803 1791
f 1804 1805 1806
f 1804 1806 1807
f 1807 1806 1808
f 1807 1808 1809
f 1809 1808 1810
f 1809 1810 1811
f 1811 1810 1812
f 1811 1812 1813
f 1805 1804 1814
f 1814 1804 1815
f 1814 1815 1816
f 1816 1815 1817
f 1818 1819 1820
f 1820 1819 1821
f 1820 1821 1822
f 1822 1821 1823
f 1822 1823 1824
f 1824 1823 1825
f 1824 1825 1817
f 1817 1825 1816
f 1826 1827 1828
f 1826 1828 1829
f 1829 1828 1830
f 1829 1830 1831
f 1826 1832 1827
f 1827 1832 1833
f 1834 1835 1836
f 1836 1835 1837
f 1835 1838 1837
f 1837 1838 1839
f 1837 1839 1840
f 1833 1832 1841
f 1841 1832 1840
f 1841 1840 1842
f 1842 1840 1839
f 1843 1844 1845
f 1843 1845 1846
f 1846 1845 1847
f 1846 1847 1848
f 1849 1850 1851
f 1849 1851 1847
f 1847 1851 1852
f 1847 1852 1848
f 1850 1849 1853
f 1853 1849 1854
f 1853 1854 1855
f 1855 1854 1856
f 1855 1856 1857
f 1857 1856 1858
f 1858 1856 1859
f 1858 1859 1860
f 1860 1859 1861
f 1860 1861 1862
f 1862 1861 1863
f 1862 1863 1864
f 1865 1866 1867
f 1867 1866 1868
f 1867 1869 1865
f 1865 1869 1870
f 1865 1870 1863
f 1863 1870 1871
f 1863 1871 1864
f 1868 1866 1872
f 1872 1866 1873
f 1872 1873 1874
f 1874 1873 1875
f 1874 1875 1876
f 1876 1875 1877
f 1876 1877 1878
f 1878 1877 1879
f 1878 1879 1880
f 1867 1881 1869
f 1882 1883 1884
f 1885 1886 1887
f 1888 1889 1890
f 1891 1892 1893
f 1894 1895 1896
f 1897 1898 1899
f 1899 1898 1900
f 1899 1901 1897
f 1897 1901 1902
f 1897 1902 1903
f 1903 1902 1904
f 1903 1904 1905
f 1906 1907 1908
f 1908 1907 1909
f 1908 1909 1910
f 1910 1909 1911
f 1911 1909 1912
f 1911 1912 1913
f 1913 1912 1914
f 1913 1914 1915
f 1915 1914 1916
f 1915 1916 1917
f 1917 1916 1918
f 1917 1918 1919
f 1920 1895 1921
f 1921 1895 1894
f 1921 1894 1922
f 1922 1894 1919
f 1922 1919 1923
f 1924 1925 1926
f 1927 1928 1926
f 1926 1928 1929
f 1926 1929 1930
f 1926 1931 1927
f 1927 1931 1890
f 1927 1890 1904
f 1904 1890 1889
f 1904 1889 1905
f 1932 1860 1933
f 1933 1860 1862
f 1933 1862 1934
f 1934 1862 1864
f 1934 1864 1935
f 1935 1864 1871
f 1935 1871 1936
f 1937 1938 1939
f 1939 1938 1940
f 1940 1941 1939
f 1939 1941 1942
f 1939 1942 1943
f 1944 1945 1946
f 1946 1945 1947
f 1944 1948 1945
f 1945 1948 1949
f 1945 1949 1950
f 1950 1949 1951
f 1952 1953 1954
f 1954 1953 1955
f 1954 1955 1956
f 1954 1858 1952
f 1952 1858 1860
f 1952 1860 1957
f 1957 1860 1932
f 1958 1959 1882
f 1882 1959 1883
f 1883 1959 1960
f 1883 1960 1961
f 1962 1963 1964
f 1964 1963 1965
f 1966 1967 1965
f 1965 1967 1968
f 1965 1968 1969
f 1970 1971 1968
f 1968 1971 1972
f 1968 1972 1969
f 1973 1974 1975
f 1975 1974 1976
f 1975 1976 1977
f 1978 1979 1980
f 1981 1982 1983
f 1981 1983 1961
f 1984 1985 1888
f 1985 1984 1986
f 1986 1984 1878
f 1986 1878 1987
f 1906 1899 1907
f 1907 1899 1900
f 1907 1900 1880
f 1880 1900 1988
f 1880 1988 1878
f 1878 1988 1989
f 1878 1989 1987
f 1876 1878 1990
f 1991 1992 1984
f 1984 1992 1993
f 1984 1993 1878
f 1878 1993 1994
f 1878 1994 1990
f 1990 1995 1876
f 1876 1995 1996
f 1876 1996 1874
f 1874 1996 1997
f 1874 1997 1998
f 1998 1997 1999
f 1998 1999 2000
f 2000 1999 2001
f 2000 2001 2002
f 2003 2004 2005
f 2005 2004 2006
f 2006 2007 2008
f 2008 2007 2009
f 2008 2009 2010
f 2010 2009 2011
f 2012 2013 2014
f 2014 2013 2015
f 2014 2015 2016
f 2016 2015 2017
f 2016 2017 2018
f 2018 2017 2019
f 2018 2019 2020
f 2021 2022 2023
f 2023 2022 2024
f 2025 2010 2014
f 2014 2010 2011
f 2014 2011 2012
f 1970 2026 1971
f 1971 2026 2027
f 1971 2027 1892
f 1892 2027 2028
f 1892 2028 1893
f 1893 2028 2029
f 1893 2029 2014
f 2014 2029 2030
f 2014 2030 2025
f 1920 2031 1895
f 1895 2031 2032
f 1895 2032 2033
f 2033 2032 2034
f 2033 2034 2035
f 2035 2034 2036
f 2035 2036 2037
f 2037 2036 2038
f 2037 2038 2039
f 2039 2038 2040
f 2039 2040 2041
f 1983 2042 1961
f 1961 2042 2043
f 1961 2043 1883
f 1883 2043 2044
f 1883 2044 1884
f 1884 2044 2045
f 2044 2046 2045
f 2045 2046 2047
f 2045 2047 2048
f 2048 2047 2049
f 2048 2049 2050
f 2051 2052 2053
f 2053 2052 2054
f 2053 2054 2055
f 2055 2054 2056
f 2055 2056 2057
f 2058 2059 2060
f 2060 2061 2058
f 2058 2061 2062
f 2058 2062 2063
f 2056 2064 2057
f 2057 2064 2065
f 2057 2065 2066
f 2066 2065 2067
f 2066 2067 2059
f 2059 2067 2068
f 2059 2068 2060
f 1930 2069 1926
f 1926 2069 2070
f 1926 2070 1924
f 1924 2070 2059
f 1924 2059 2071
f 2071 2059 2072
f 2072 2059 2073
f 2073 2059 2058
f 2073 2058 2074
f 2074 2058 2075
f 2075 2058 2076
f 2075 2076 2077
f 2078 2079 1975
f 1975 2079 2080
f 1975 2080 1973
f 1973 2080 2077
f 1973 2077 2081
f 2081 2077 2076
f 2081 2076 2082
f 2082 2076 1980
f 2082 1980 1981
f 1981 1980 1979
f 1981 1979 1982
f 1955 1947 1956
f 1956 1947 1945
f 1956 1945 2083
f 2083 1945 2084
f 2083 2084 2085
f 2086 2087 1950
f 1950 2087 2088
f 1950 2088 1945
f 1945 2088 2089
f 1945 2089 2084
f 2063 2051 2090
f 2090 2051 2053
f 2090 2053 2091
f 2091 2053 2048
f 2091 2048 2092
f 2092 2048 2050
f 2092 2050 2093
f 1914 2094 1916
f 1916 2094 2039
f 1916 2039 1918
f 1918 2039 2041
f 1918 2041 1919
f 1919 2041 2095
f 1919 2095 1923
f 1881 1867 2000
f 2000 1867 1868
f 2000 1868 1998
f 1998 1868 1872
f 1998 1872 1874
f 1941 1936 1942
f 1942 1936 1871
f 1942 1871 1943
f 1943 1871 1870
f 1943 1870 1869
f 1851 1850 2005
f 2005 1850 2018
f 2005 2018 2003
f 2003 2018 2020
f 1850 1853 2018
f 2018 1853 1855
f 2018 1855 2096
f 2096 1855 1857
f 2096 1857 2097
f 2006 2008 2005
f 2005 2008 1852
f 2005 1852 1851
f 1848 2098 1846
f 1846 2098 2023
f 1846 2023 1966
f 1966 2023 2024
f 1966 2024 1967
f 1958 1882 2099
f 2099 1882 2100
f 2099 2100 1962
f 1962 2100 2101
f 1962 2101 1963
f 1963 2101 2102
f 1963 2102 1965
f 1965 2102 2103
f 1965 2103 1966
f 1966 2103 1843
f 1966 1843 1846
f 1848 1852 2098
f 2098 1852 2008
f 2098 2008 2023
f 2023 2008 2010
f 2023 2010 2021
f 2021 2010 2025
f 2104 2096 2105
f 2105 2096 2097
f 2105 2097 2106
f 2107 2108 2109
f 2104 2110 2096
f 2096 2110 2111
f 2096 2111 2018
f 2018 2111 2112
f 2018 2112 2113
f 1977 1891 1975
f 1975 1891 1893
f 1975 1893 2078
f 2078 1893 2014
f 2078 2014 2114
f 2114 2014 2016
f 2114 2016 2107
f 2107 2016 2018
f 2107 2018 2108
f 2108 2018 2113
f 2109 2115 2107
f 2107 2115 2116
f 2107 2116 2097
f 2097 2116 2117
f 2097 2117 2106
f 1857 1858 2097
f 2097 1858 1954
f 2097 1954 2107
f 2107 1954 1956
f 2107 1956 2114
f 2114 1956 2083
f 2114 2083 2078
f 2078 2083 2085
f 2078 2085 2079
f 2079 2085 2084
f 2063 2090 2058
f 2058 2090 2091
f 2058 2091 2076
f 2076 2091 2092
f 2076 2092 1980
f 1980 2092 2093
f 1980 2093 1978
f 2070 1896 2059
f 2059 1896 1895
f 2059 1895 2066
f 2066 1895 2033
f 2066 2033 2057
f 2057 2033 2035
f 2118 1887 1991
f 1991 1887 1886
f 1991 1886 1992
f 2119 2120 2118
f 2118 2120 2121
f 2118 2121 1887
f 1887 2121 2000
f 1887 2000 1885
f 1885 2000 2002
f 2122 2123 1943
f 1943 2123 2124
f 1951 1937 1950
f 1950 1937 1939
f 1950 1939 2125
f 2125 1939 1943
f 2125 1943 2126
f 2126 1943 2124
f 1869 1881 1943
f 1943 1881 2127
f 1943 2127 2122
f 2126 2128 2125
f 2125 2128 2129
f 2125 2129 2130
f 2131 2132 2000
f 2000 2132 2133
f 2000 2133 1881
f 1881 2133 2134
f 1881 2134 2127
f 2119 2086 2120
f 2120 2086 1950
f 2120 1950 2121
f 2121 1950 2125
f 2121 2125 2000
f 2000 2125 2130
f 2000 2130 2131
f 1888 1890 1984
f 1984 1890 1931
f 1984 1931 1991
f 1991 1931 1926
f 1991 1926 2118
f 2118 1926 1925
f 2118 1925 2119
f 2135 1925 2136
f 2136 1925 1924
f 2136 1924 2137
f 2137 1924 2071
f 2137 2071 2138
f 2138 2071 2072
f 2138 2072 2139
f 2139 2072 2073
f 2139 2073 2140
f 2140 2073 2074
f 2140 2074 2141
f 2141 2074 2075
f 2141 2075 2142
f 2142 2075 2077
f 2142 2077 2143
f 2143 2077 2080
f 2144 2067 2145
f 2145 2067 2065
f 2145 2065 2146
f 2146 2065 2064
f 2146 2064 2147
f 2147 2064 2056
f 2147 2056 2148
f 2148 2056 2054
f 2148 2054 2149
f 2149 2054 2052
f 2149 2052 2150
f 2150 2052 2051
f 2151 2144 2152
f 2152 2144 2145
f 2152 2145 2153
f 2153 2145 2146
f 2153 2146 2154
f 2154 2146 2147
f 2154 2147 2155
f 2155 2147 2148
f 2155 2148 2156
f 2156 2148 2149
f 2156 2149 2157
f 2157 2149 2150
f 2158 2093 2159
f 2159 2093 2050
f 2159 2050 2160
f 2160 2050 2049
f 2160 2049 2161
f 2161 2049 2047
f 2161 2047 2162
f 2162 2047 2046
f 2162 2046 2163
f 2163 2046 2044
f 2163 2044 2164
f 2164 2044 2043
f 2165 2166 2167
f 2168 2169 2165
f 2167 2170 2171
f 2171 2170 2172
f 2167 2171 2165
f 2165 2171 2173
f 2165 2173 2168
f 2172 2174 2171
f 2171 2174 2175
f 2171 2175 2176
f 2168 2158 2169
f 2169 2158 2159
f 2169 2159 2165
f 2165 2159 2160
f 2165 2160 2166
f 2166 2160 2161
f 2166 2161 2167
f 2167 2161 2162
f 2167 2162 2170
f 2170 2162 2163
f 2170 2163 2172
f 2172 2163 2164
f 2177 2095 2178
f 2178 2095 2041
f 2178 2041 2179
f 2179 2041 2040
f 2179 2040 2180
f 2180 2040 2038
f 2180 2038 2181
f 2181 2038 2036
f 2181 2036 2182
f 2182 2036 2034
f 2182 2034 2183
f 2183 2034 2032
f 2184 2185 2186
f 2187 2188 2189
f 2190 2191 2187
f 2186 2192 2190
f 2189 2193 2194
f 2190 2187 2186
f 2186 2187 2189
f 2186 2189 2184
f 2184 2189 2194
f 2184 2194 2195
f 2194 2177 2195
f 2195 2177 2178
f 2195 2178 2184
f 2184 2178 2179
f 2184 2179 2185
f 2185 2179 2180
f 2185 2180 2186
f 2186 2180 2181
f 2186 2181 2192
f 2192 2181 2182
f 2192 2182 2190
f 2190 2182 2183
f 2196 2029 2197
f 2197 2029 2028
f 2197 2028 2198
f 2198 2028 2027
f 2198 2027 2199
f 2199 2027 2026
f 2199 2026 2200
f 2200 2026 1970
f 2200 1970 2201
f 2201 1970 1968
f 2201 1968 2202
f 2202 1968 1967
f 2203 2204 2205
f 2206 2203 2207
f 2207 2203 2205
f 2207 2205 2208
f 2208 2205 2209
f 2210 2211 2212
f 2212 2211 2213
f 2212 2213 2208
f 2208 2213 2214
f 2208 2214 2207
f 2207 2196 2206
f 2206 2196 2197
f 2206 2197 2203
f 2203 2197 2198
f 2203 2198 2204
f 2204 2198 2199
f 2204 2199 2205
f 2205 2199 2200
f 2205 2200 2209
f 2209 2200 2201
f 2209 2201 2208
f 2208 2201 2202
f 2215 2017 2216
f 2216 2017 2015
f 2216 2015 2217
f 2217 2015 2013
f 2217 2013 2218
f 2218 2013 2012
f 2218 2012 2219
f 2219 2012 2011
f 2219 2011 2220
f 2220 2011 2009
f 2220 2009 2221
f 2221 2009 2007
f 2222 2215 2223
f 2223 2215 2216
f 2223 2216 2224
f 2224 2216 2217
f 2224 2217 2225
f 2225 2217 2218
f 2225 2218 2226
f 2226 2218 2219
f 2226 2219 2227
f 2227 2219 2220
f 2227 2220 2228
f 2228 2220 2221
f 2229 2116 2230
f 2230 2116 2115
f 2230 2115 2231
f 2231 2115 2109
f 2231 2109 2232
f 2232 2109 2108
f 2232 2108 2233
f 2233 2108 2113
f 2233 2113 2234
f 2234 2113 2112
f 2234 2112 2235
f 2235 2112 2111
f 2236 2237 2238
f 2239 2240 2241
f 2241 2240 2242
f 2241 2242 2243
f 2244 2236 2245
f 2245 2236 2242
f 2245 2242 2246
f 2236 2238 2242
f 2242 2238 2247
f 2242 2247 2243
f 2242 2229 2246
f 2246 2229 2230
f 2246 2230 2245
f 2245 2230 2231
f 2245 2231 2244
f 2244 2231 2232
f 2244 2232 2236
f 2236 2232 2233
f 2236 2233 2237
f 2237 2233 2234
f 2237 2234 2238
f 2238 2234 2235
f 2248 2133 2249
f 2249 2133 2132
f 2249 2132 2250
f 2250 2132 2131
f 2250 2131 2251
f 2251 2131 2130
f 2251 2130 2252
f 2252 2130 2129
f 2252 2129 2253
f 2253 2129 2128
f 2253 2128 2254
f 2254 2128 2126
f 2255 2256 2257
f 2256 2258 2259
f 2260 2257 2261
f 2261 2257 2256
f 2261 2256 2262
f 2262 2256 2259
f 2263 2264 2265
f 2265 2264 2255
f 2265 2255 2266
f 2266 2255 2257
f 2263 2248 2264
f 2264 2248 2249
f 2264 2249 2255
f 2255 2249 2250
f 2255 2250 2256
f 2256 2250 2251
f 2256 2251 2258
f 2258 2251 2252
f 2258 2252 2259
f 2259 2252 2253
f 2259 2253 2262
f 2262 2253 2254
f 2267 1995 2268
f 2268 1995 1990
f 2268 1990 2269
f 2269 1990 1994
f 2269 1994 2270
f 2270 1994 1993
f 2270 1993 2271
f 2271 1993 1992
f 2271 1992 2272
f 2272 1992 1886
f 2272 1886 2273
f 2273 1886 1885
f 2274 2267 2275
f 2275 2267 2268
f 2275 2268 2276
f 2276 2268 2269
f 2276 2269 2277
f 2277 2269 2270
f 2277 2270 2278
f 2278 2270 2271
f 2278 2271 2279
f 2279 2271 2272
f 2279 2272 2280
f 2280 2272 2273
f 2281 1988 2282
f 2282 1988 1900
f 2282 1900 2283
f 2283 1900 1898
f 2283 1898 2284
f 2284 1898 1897
f 2284 1897 2285
f 2285 1897 1903
f 2285 1903 2286
f 2286 1903 1905
f 2286 1905 2287
f 2287 1905 1889
f 2288 2289 2290
f 2291 2292 2293
f 2293 2292 2294
f 2293 2294 2295
f 2295 2294 2296
f 2292 2297 2294
f 2294 2297 2288
f 2294 2288 2298
f 2298 2288 2290
f 2298 2290 2299
f 2296 2281 2295
f 2295 2281 2282
f 2295 2282 2293
f 2293 2282 2283
f 2293 2283 2291
f 2291 2283 2284
f 2291 2284 2292
f 2292 2284 2285
f 2292 2285 2297
f 2297 2285 2286
f 2297 2286 2288
f 2288 2286 2287
f 1737 1961 1735
f 1735 1961 1960
f 1735 1960 1733
f 1733 1960 1959
f 1733 1959 1731
f 1731 1959 1958
f 1731 1958 1729
f 1729 1958 2099
f 1720 1981 1737
f 1737 1981 1961
f 1757 1756 1749
f 1749 1756 1750
f 1727 1743 1974
f 1974 1743 1976
f 1727 1974 1728
f 1728 1974 1973
f 1728 1973 1725
f 1725 1973 2081
f 1725 2081 1723
f 1750 1892 1748
f 1748 1892 1891
f 1748 1891 1746
f 1746 1891 1977
f 1746 1977 1743
f 1743 1977 1976
f 1892 1750 1971
f 1971 1750 1756
f 1971 1756 1972
f 1972 1756 1754
f 1972 1754 1969
f 1969 1754 1762
f 1969 1762 1965
f 1742 1964 1759
f 1759 1964 1965
f 1759 1965 1761
f 1761 1965 1762
f 1729 2099 1740
f 1740 2099 1962
f 1740 1962 1742
f 1742 1962 1964
f 1722 1720 1738
f 1738 1720 1737
f 1932 1791 1957
f 1957 1791 1803
f 1957 1803 1952
f 1803 1802 1952
f 1952 1802 1800
f 1952 1800 1953
f 2300 1955 1796
f 1796 1955 1953
f 1796 1953 1798
f 1798 1953 1800
f 1773 1947 2300
f 2300 1947 1955
f 1771 1948 1777
f 1777 1948 1944
f 1777 1944 1775
f 1775 1944 1946
f 1775 1946 1773
f 1773 1946 1947
f 1771 1763 1948
f 1948 1763 1949
f 1769 1938 1767
f 1767 1938 1937
f 1767 1937 1765
f 1765 1937 1951
f 1765 1951 1763
f 1763 1951 1949
f 1938 1769 1940
f 1940 1769 1779
f 1780 1779 1770
f 1770 1779 1769
f 1774 1773 2301
f 2301 1773 2300
f 1789 1934 1787
f 1787 1934 1935
f 1787 1935 1785
f 1785 1935 1936
f 1785 1936 1783
f 1783 1936 1941
f 1783 1941 1781
f 1791 1932 1793
f 1793 1932 1933
f 1793 1933 1789
f 1789 1933 1934
f 1813 1902 1811
f 1811 1902 1901
f 1811 1901 1809
f 1809 1901 1899
f 1809 1899 1807
f 1807 1899 1906
f 1819 1818 2302
f 2302 1818 2303
f 2070 2069 1826
f 1826 1829 2070
f 2070 1829 1831
f 2070 1831 1896
f 2303 1894 2304
f 2304 1894 1896
f 2304 1896 2305
f 2305 1896 1831
f 1894 2303 1919
f 1919 2303 1818
f 1817 1911 1824
f 1824 1911 1913
f 1824 1913 1822
f 1822 1913 1915
f 1822 1915 1820
f 1820 1915 1917
f 1820 1917 1818
f 1818 1917 1919
f 1804 1908 1815
f 1815 1908 1910
f 1815 1910 1817
f 1817 1910 1911
f 1834 1836 1812
f 1812 1836 1813
f 1902 1813 1904
f 1904 1813 1836
f 1904 1836 1927
f 1832 1930 1840
f 1840 1930 1929
f 1840 1929 1837
f 1837 1929 1928
f 1837 1928 1836
f 1836 1928 1927
f 1832 1826 1930
f 1930 1826 2069
f 2306 2307 2308
f 2275 2276 2277
f 2279 2280 2309
f 2309 2280 2306
f 2309 2306 2310
f 2310 2306 2308
f 2309 2274 2279
f 2279 2274 2275
f 2279 2275 2278
f 2278 2275 2277
f 2223 2224 2225
f 2311 2312 2313
f 2314 2222 2227
f 2227 2222 2223
f 2227 2223 2226
f 2226 2223 2225
f 2227 2228 2314
f 2314 2228 2311
f 2314 2311 2315
f 2315 2311 2313
f 2316 2151 2152
f 2156 2157 2317
f 2154 2155 2156
f 2318 2319 2316
f 2154 2156 2153
f 2153 2156 2152
f 2152 2156 2317
f 2152 2317 2316
f 2316 2317 2320
f 2316 2320 2318
f 2321 2322 2323
f 2321 2323 2324
f 2323 2325 2324
f 2324 2325 2326
f 2324 2326 2327
f 2328 2326 2329
f 2329 2326 2325
f 2329 2325 2330
f 2330 2325 2323
f 2330 2323 2331
f 2332 2333 2334
f 2332 2334 2335
f 2334 2336 2335
f 2335 2336 2337
f 2335 2337 2338
f 2339 2337 2340
f 2340 2337 2336
f 2340 2336 2341
f 2341 2336 2334
f 2341 2334 2342
f 2343 2344 2345
f 2343 2345 2346
f 2345 2347 2346
f 2346 2347 2348
f 2346 2348 2349
f 2350 2348 2351
f 2351 2348 2347
f 2351 2347 2352
f 2352 2347 2345
f 2352 2345 2353
f 2354 2355 2356
f 2354 2356 2357
f 2356 2358 2357
f 2357 2358 2359
f 2357 2359 2360
f 2361 2359 2362
f 2362 2359 2358
f 2362 2358 2363
f 2363 2358 2356
f 2363 2356 2364
f 2365 2366 2367
f 2365 2367 2368
f 2367 2369 2368
f 2368 2369 2370
f 2368 2370 2371
f 2372 2370 2373
f 2373 2370 2369
f 2373 2369 2374
f 2374 2369 2367
f 2374 2367 2375
f 2376 2377 2378
f 2376 2378 2379
f 2380 2381 2382
f 2382 2381 2383
f 2384 2381 2385
f 2385 2381 2380
f 2385 2380 2386
f 2387 2386 2388
f 2388 2386 2380
f 2388 2380 2378
f 2378 2380 2382
f 2378 2382 2379
f 2379 2382 2383
f 2379 2383 2389
f 2390 2391 2392
f 2390 2392 2393
f 2392 2394 2393
f 2393 2394 2395
f 2393 2395 2396
f 2397 2395 2398
f 2398 2395 2394
f 2398 2394 2399
f 2399 2394 2392
f 2399 2392 2400
f 2401 2402 2403
f 2401 2403 2404
f 2403 2405 2404
f 2404 2405 2406
f 2404 2406 2407
f 2408 2406 2409
f 2409 2406 2405
f 2409 2405 2410
f 2410 2405 2403
f 2410 2403 2411
f 2412 2413 2414
f 2412 2414 2415
f 2414 2416 2415
f 2415 2416 2417
f 2415 2417 2418
f 2419 2417 2420
f 2420 2417 2416
f 2420 2416 2421
f 2421 2416 2414
f 2421 2414 2422
f 2423 2424 2425
f 2423 2425 2426
f 2425 2427 2426
f 2426 2427 2428
f 2426 2428 2429
f 2430 2428 2431
f 2431 2428 2427
f 2431 2427 2432
f 2432 2427 2425
f 2432 2425 2433
f 2434 2435 2436
f 2434 2436 2437
f 2436 2438 2437
f 2437 2438 2439
f 2437 2439 2440
f 2441 2439 2442
f 2442 2439 2438
f 2442 2438 2443
f 2443 2438 2436
f 2443 2436 2444
f 2445 2446 2447
f 2445 2447 2448
f 2447 2449 2448
f 2448 2449 2450
f 2448 2450 2451
f 2452 2450 2453
f 2453 2450 2449
f 2453 2449 2454
f 2454 2449 2447
f 2454 2447 2455
f 2456 2457 2458
f 2459 2460 2461
f 2462 2463 2464
f 2464 2463 2465
f 2465 2463 2466
f 2466 2463 2467
f 2466 2467 2468
f 2468 2467 2469
f 2469 2467 2458
f 2469 2458 2470
f 2470 2458 2457
f 2470 2457 2471
f 2472 2456 2473
f 2473 2456 2458
f 2473 2458 2474
f 2474 2458 2467
f 2474 2467 2475
f 2475 2467 2476
f 2476 2467 2463
f 2476 2463 2461
f 2461 2463 2462
f 2461 2462 2459
f 2339 2340 2477
f 2477 2340 2341
f 2477 2341 2478
f 2478 2341 2342
f 2478 2342 2479
f 2479 2342 2480
f 2479 2480 2481
f 2481 2480 2482
f 2481 2482 2483
f 2483 2482 2484
f 2485 2486 2487
f 2487 2486 2322
f 2487 2322 2488
f 2488 2322 2321
f 2488 2321 2489
f 2489 2321 2324
f 2489 2324 2490
f 2490 2324 2327
f 2491 2492 2493
f 2493 2492 2494
f 2493 2494 2495
f 2495 2494 2496
f 2495 2496 2497
f 2497 2496 2498
f 2497 2498 2499
f 2499 2498 2500
f 2499 2500 2501
f 2501 2500 2502
f 2501 2502 2503
f 2503 2502 2504
f 2503 2504 2505
f 2505 2504 2506
f 2505 2506 2507
f 2507 2506 2508
f 2507 2508 2509
f 2509 2508 2510
f 2509 2510 2511
f 2511 2510 2512
f 2511 2512 2513
f 2513 2512 2514
f 2513 2514 2491
f 2491 2514 2492
f 2339 2492 2515
f 2515 2492 2514
f 2515 2514 2327
f 2327 2514 2512
f 2327 2512 2490
f 2490 2512 2510
f 2490 2510 2489
f 2489 2510 2508
f 2489 2508 2488
f 2488 2508 2506
f 2488 2506 2487
f 2487 2506 2504
f 2487 2504 2485
f 2339 2477 2492
f 2492 2477 2478
f 2492 2478 2494
f 2494 2478 2479
f 2494 2479 2496
f 2496 2479 2481
f 2496 2481 2498
f 2498 2481 2483
f 2498 2483 2500
f 2500 2483 2484
f 2500 2484 2502
f 2502 2484 2516
f 2502 2516 2504
f 2504 2516 2517
f 2504 2517 2485
f 2485 2517 2518
f 2485 2518 2486
f 2519 2520 2521
f 2522 2523 2524
f 2524 2523 2525
f 2524 2525 2526
f 2522 2524 2527
f 2527 2524 2528
f 2527 2528 2529
f 2529 2528 2530
f 2530 2528 2519
f 2530 2519 2531
f 2532 2531 2533
f 2533 2531 2519
f 2533 2519 2534
f 2534 2519 2521
f 2520 2519 2535
f 2535 2519 2528
f 2535 2528 2536
f 2536 2528 2537
f 2537 2528 2524
f 2537 2524 2538
f 2538 2524 2526
f 2538 2526 2539
f 2350 2351 2540
f 2540 2351 2352
f 2540 2352 2541
f 2541 2352 2353
f 2541 2353 2542
f 2542 2353 2543
f 2542 2543 2544
f 2544 2543 2545
f 2544 2545 2546
f 2546 2545 2547
f 2548 2549 2550
f 2550 2549 2333
f 2550 2333 2551
f 2551 2333 2332
f 2551 2332 2552
f 2552 2332 2335
f 2552 2335 2553
f 2553 2335 2338
f 2554 2555 2556
f 2556 2555 2557
f 2556 2557 2558
f 2558 2557 2559
f 2558 2559 2560
f 2560 2559 2561
f 2560 2561 2562
f 2562 2561 2563
f 2562 2563 2564
f 2564 2563 2565
f 2564 2565 2566
f 2566 2565 2567
f 2566 2567 2568
f 2568 2567 2569
f 2568 2569 2570
f 2570 2569 2571
f 2570 2571 2572
f 2572 2571 2573
f 2572 2573 2574
f 2574 2573 2575
f 2574 2575 2576
f 2576 2575 2577
f 2576 2577 2554
f 2554 2577 2555
f 2350 2555 2578
f 2578 2555 2577
f 2578 2577 2338
f 2338 2577 2575
f 2338 2575 2553
f 2553 2575 2573
f 2553 2573 2552
f 2552 2573 2571
f 2552 2571 2551
f 2551 2571 2569
f 2551 2569 2550
f 2550 2569 2567
f 2550 2567 2548
f 2350 2540 2555
f 2555 2540 2541
f 2555 2541 2557
f 2557 2541 2542
f 2557 2542 2559
f 2559 2542 2544
f 2559 2544 2561
f 2561 2544 2546
f 2561 2546 2563
f 2563 2546 2547
f 2563 2547 2565
f 2565 2547 2579
f 2565 2579 2567
f 2567 2579 2580
f 2567 2580 2548
f 2548 2580 2581
f 2548 2581 2549
f 2582 2583 2584
f 2585 2586 2587
f 2587 2586 2588
f 2587 2588 2589
f 2585 2587 2590
f 2590 2587 2591
f 2590 2591 2592
f 2592 2591 2593
f 2593 2591 2582
f 2593 2582 2594
f 2595 2594 2596
f 2596 2594 2582
f 2596 2582 2597
f 2597 2582 2584
f 2583 2582 2598
f 2598 2582 2591
f 2598 2591 2599
f 2599 2591 2600
f 2600 2591 2587
f 2600 2587 2601
f 2601 2587 2589
f 2601 2589 2602
f 2361 2362 2603
f 2603 2362 2363
f 2603 2363 2604
f 2604 2363 2364
f 2604 2364 2605
f 2605 2364 2606
f 2605 2606 2607
f 2607 2606 2608
f 2607 2608 2609
f 2609 2608 2610
f 2611 2612 2613
f 2613 2612 2344
f 2613 2344 2614
f 2614 2344 2343
f 2614 2343 2615
f 2615 2343 2346
f 2615 2346 2616
f 2616 2346 2349
f 2617 2618 2619
f 2619 2618 2620
f 2619 2620 2621
f 2621 2620 2622
f 2621 2622 2623
f 2623 2622 2624
f 2623 2624 2625
f 2625 2624 2626
f 2625 2626 2627
f 2627 2626 2628
f 2627 2628 2629
f 2629 2628 2630
f 2629 2630 2631
f 2631 2630 2632
f 2631 2632 2633
f 2633 2632 2634
f 2633 2634 2635
f 2635 2634 2636
f 2635 2636 2637
f 2637 2636 2638
f 2637 2638 2639
f 2639 2638 2640
f 2639 2640 2617
f 2617 2640 2618
f 2361 2618 2641
f 2641 2618 2640
f 2641 2640 2349
f 2349 2640 2638
f 2349 2638 2616
f 2616 2638 2636
f 2616 2636 2615
f 2615 2636 2634
f 2615 2634 2614
f 2614 2634 2632
f 2614 2632 2613
f 2613 2632 2630
f 2613 2630 2611
f 2361 2603 2618
f 2618 2603 2604
f 2618 2604 2620
f 2620 2604 2605
f 2620 2605 2622
f 2622 2605 2607
f 2622 2607 2624
f 2624 2607 2609
f 2624 2609 2626
f 2626 2609 2610
f 2626 2610 2628
f 2628 2610 2642
f 2628 2642 2630
f 2630 2642 2643
f 2630 2643 2611
f 2611 2643 2644
f 2611 2644 2612
f 2645 2646 2647
f 2647 2646 2648
f 2647 2648 2649
f 2649 2648 2650
f 2650 2648 2651
f 2650 2651 2652
f 2651 2653 2654
f 2655 2652 2656
f 2656 2652 2651
f 2656 2651 2657
f 2657 2651 2654
f 2653 2651 2658
f 2658 2651 2648
f 2658 2648 2659
f 2645 2660 2646
f 2646 2660 2661
f 2646 2661 2662
f 2659 2648 2663
f 2663 2648 2646
f 2663 2646 2664
f 2664 2646 2662
f 2664 2662 2665
f 2666 2374 2667
f 2667 2374 2375
f 2667 2375 2668
f 2668 2375 2669
f 2668 2669 2670
f 2670 2669 2671
f 2670 2671 2672
f 2672 2671 2673
f 2674 2675 2676
f 2676 2675 2677
f 2676 2677 2678
f 2678 2677 2355
f 2678 2355 2679
f 2679 2355 2354
f 2679 2354 2680
f 2680 2354 2357
f 2680 2357 2681
f 2681 2357 2360
f 2682 2683 2684
f 2684 2683 2685
f 2684 2685 2686
f 2686 2685 2687
f 2686 2687 2688
f 2688 2687 2689
f 2688 2689 2690
f 2690 2689 2691
f 2690 2691 2692
f 2692 2691 2693
f 2692 2693 2694
f 2694 2693 2695
f 2694 2695 2696
f 2696 2695 2697
f 2696 2697 2698
f 2698 2697 2699
f 2698 2699 2700
f 2700 2699 2701
f 2700 2701 2702
f 2702 2701 2703
f 2702 2703 2704
f 2704 2703 2705
f 2704 2705 2682
f 2682 2705 2683
f 2674 2683 2706
f 2706 2683 2705
f 2706 2705 2673
f 2673 2705 2703
f 2673 2703 2672
f 2672 2703 2701
f 2672 2701 2670
f 2670 2701 2699
f 2670 2699 2668
f 2668 2699 2697
f 2668 2697 2667
f 2667 2697 2695
f 2667 2695 2666
f 2674 2676 2683
f 2683 2676 2678
f 2683 2678 2685
f 2685 2678 2679
f 2685 2679 2687
f 2687 2679 2680
f 2687 2680 2689
f 2689 2680 2681
f 2689 2681 2691
f 2691 2681 2360
f 2691 2360 2693
f 2693 2360 2707
f 2693 2707 2695
f 2695 2707 2372
f 2695 2372 2666
f 2666 2372 2373
f 2666 2373 2374
f 2708 2709 2710
f 2710 2709 2711
f 2708 2710 2712
f 2712 2710 2713
f 2712 2713 2714
f 2714 2713 2715
f 2715 2713 2716
f 2715 2716 2717
f 2717 2716 2718
f 2717 2718 2719
f 2720 2386 2721
f 2721 2386 2387
f 2721 2387 2722
f 2722 2387 2723
f 2722 2723 2724
f 2724 2723 2725
f 2724 2725 2726
f 2726 2725 2727
f 2728 2729 2730
f 2730 2729 2731
f 2730 2731 2732
f 2732 2731 2366
f 2732 2366 2733
f 2733 2366 2365
f 2733 2365 2734
f 2734 2365 2368
f 2734 2368 2735
f 2735 2368 2371
f 2736 2737 2738
f 2738 2737 2739
f 2738 2739 2740
f 2740 2739 2741
f 2740 2741 2742
f 2742 2741 2743
f 2742 2743 2744
f 2744 2743 2745
f 2744 2745 2746
f 2746 2745 2747
f 2746 2747 2748
f 2748 2747 2749
f 2748 2749 2750
f 2750 2749 2751
f 2750 2751 2752
f 2752 2751 2753
f 2752 2753 2754
f 2754 2753 2755
f 2754 2755 2756
f 2756 2755 2757
f 2756 2757 2758
f 2758 2757 2759
f 2758 2759 2736
f 2736 2759 2737
f 2728 2737 2760
f 2760 2737 2759
f 2760 2759 2727
f 2727 2759 2757
f 2727 2757 2726
f 2726 2757 2755
f 2726 2755 2724
f 2724 2755 2753
f 2724 2753 2722
f 2722 2753 2751
f 2722 2751 2721
f 2721 2751 2749
f 2721 2749 2720
f 2728 2730 2737
f 2737 2730 2732
f 2737 2732 2739
f 2739 2732 2733
f 2739 2733 2741
f 2741 2733 2734
f 2741 2734 2743
f 2743 2734 2735
f 2743 2735 2745
f 2745 2735 2371
f 2745 2371 2747
f 2747 2371 2761
f 2747 2761 2749
f 2749 2761 2384
f 2749 2384 2720
f 2720 2384 2385
f 2720 2385 2386
f 2762 2763 2764
f 2765 2766 2767
f 2768 2769 2770
f 2770 2769 2771
f 2771 2769 2772
f 2772 2769 2773
f 2772 2773 2774
f 2774 2773 2775
f 2775 2773 2767
f 2775 2767 2776
f 2776 2767 2766
f 2776 2766 2777
f 2778 2765 2779
f 2779 2765 2767
f 2779 2767 2780
f 2780 2767 2773
f 2780 2773 2781
f 2781 2773 2782
f 2782 2773 2769
f 2782 2769 2764
f 2764 2769 2768
f 2764 2768 2762
f 2783 2784 2785
f 2785 2784 2786
f 2785 2786 2787
f 2787 2786 2377
f 2787 2377 2788
f 2788 2377 2376
f 2788 2376 2789
f 2789 2376 2379
f 2789 2379 2790
f 2790 2379 2389
f 2791 2399 2792
f 2792 2399 2400
f 2792 2400 2793
f 2793 2400 2794
f 2793 2794 2795
f 2795 2794 2796
f 2795 2796 2797
f 2797 2796 2798
f 2799 2800 2801
f 2801 2800 2802
f 2801 2802 2803
f 2803 2802 2804
f 2803 2804 2805
f 2805 2804 2806
f 2805 2806 2807
f 2807 2806 2808
f 2807 2808 2809
f 2809 2808 2810
f 2809 2810 2811
f 2811 2810 2812
f 2811 2812 2813
f 2813 2812 2814
f 2813 2814 2815
f 2815 2814 2816
f 2815 2816 2817
f 2817 2816 2818
f 2817 2818 2819
f 2819 2818 2820
f 2819 2820 2821
f 2821 2820 2822
f 2821 2822 2799
f 2799 2822 2800
f 2783 2800 2823
f 2823 2800 2822
f 2823 2822 2798
f 2798 2822 2820
f 2798 2820 2797
f 2797 2820 2818
f 2797 2818 2795
f 2795 2818 2816
f 2795 2816 2793
f 2793 2816 2814
f 2793 2814 2792
f 2792 2814 2812
f 2792 2812 2791
f 2783 2785 2800
f 2800 2785 2787
f 2800 2787 2802
f 2802 2787 2788
f 2802 2788 2804
f 2804 2788 2789
f 2804 2789 2806
f 2806 2789 2790
f 2806 2790 2808
f 2808 2790 2389
f 2808 2389 2810
f 2810 2389 2824
f 2810 2824 2812
f 2812 2824 2397
f 2812 2397 2791
f 2791 2397 2398
f 2791 2398 2399
f 2825 2826 2827
f 2828 2825 2829
f 2829 2825 2827
f 2829 2827 2830
f 2830 2827 2831
f 2830 2831 2832
f 2832 2831 2833
f 2833 2831 2834
f 2833 2834 2835
f 2836 2837 2834
f 2834 2837 2838
f 2834 2838 2835
f 2835 2838 2839
f 2835 2839 2840
f 2836 2834 2841
f 2841 2834 2831
f 2841 2831 2842
f 2842 2831 2843
f 2843 2831 2827
f 2843 2827 2844
f 2844 2827 2826
f 2844 2826 2845
f 2846 2410 2847
f 2847 2410 2411
f 2847 2411 2848
f 2848 2411 2849
f 2848 2849 2850
f 2850 2849 2851
f 2850 2851 2852
f 2852 2851 2853
f 2854 2855 2856
f 2856 2855 2857
f 2856 2857 2858
f 2858 2857 2391
f 2858 2391 2859
f 2859 2391 2390
f 2859 2390 2860
f 2860 2390 2393
f 2860 2393 2861
f 2861 2393 2396
f 2862 2863 2864
f 2864 2863 2865
f 2864 2865 2866
f 2866 2865 2867
f 2866 2867 2868
f 2868 2867 2869
f 2868 2869 2870
f 2870 2869 2871
f 2870 2871 2872
f 2872 2871 2873
f 2872 2873 2874
f 2874 2873 2875
f 2874 2875 2876
f 2876 2875 2877
f 2876 2877 2878
f 2878 2877 2879
f 2878 2879 2880
f 2880 2879 2881
f 2880 2881 2882
f 2882 2881 2883
f 2882 2883 2884
f 2884 2883 2885
f 2884 2885 2862
f 2862 2885 2863
f 2854 2863 2886
f 2886 2863 2885
f 2886 2885 2853
f 2853 2885 2883
f 2853 2883 2852
f 2852 2883 2881
f 2852 2881 2850
f 2850 2881 2879
f 2850 2879 2848
f 2848 2879 2877
f 2848 2877 2847
f 2847 2877 2875
f 2847 2875 2846
f 2854 2856 2863
f 2863 2856 2858
f 2863 2858 2865
f 2865 2858 2859
f 2865 2859 2867
f 2867 2859 2860
f 2867 2860 2869
f 2869 2860 2861
f 2869 2861 2871
f 2871 2861 2396
f 2871 2396 2873
f 2873 2396 2887
f 2873 2887 2875
f 2875 2887 2408
f 2875 2408 2846
f 2846 2408 2409
f 2846 2409 2410
f 2888 2889 2890
f 2891 2892 2893
f 2893 2892 2894
f 2893 2894 2895
f 2891 2893 2896
f 2896 2893 2897
f 2896 2897 2898
f 2898 2897 2899
f 2899 2897 2888
f 2899 2888 2900
f 2901 2900 2902
f 2902 2900 2888
f 2902 2888 2903
f 2903 2888 2890
f 2889 2888 2904
f 2904 2888 2897
f 2904 2897 2905
f 2905 2897 2906
f 2906 2897 2893
f 2906 2893 2907
f 2907 2893 2895
f 2907 2895 2908
f 2909 2421 2910
f 2910 2421 2422
f 2910 2422 2911
f 2911 2422 2912
f 2911 2912 2913
f 2913 2912 2914
f 2913 2914 2915
f 2915 2914 2916
f 2917 2918 2919
f 2919 2918 2920
f 2919 2920 2921
f 2921 2920 2402
f 2921 2402 2922
f 2922 2402 2401
f 2922 2401 2923
f 2923 2401 2404
f 2923 2404 2924
f 2924 2404 2407
f 2925 2926 2927
f 2927 2926 2928
f 2927 2928 2929
f 2929 2928 2930
f 2929 2930 2931
f 2931 2930 2932
f 2931 2932 2933
f 2933 2932 2934
f 2933 2934 2935
f 2935 2934 2936
f 2935 2936 2937
f 2937 2936 2938
f 2937 2938 2939
f 2939 2938 2940
f 2939 2940 2941
f 2941 2940 2942
f 2941 2942 2943
f 2943 2942 2944
f 2943 2944 2945
f 2945 2944 2946
f 2945 2946 2947
f 2947 2946 2948
f 2947 2948 2925
f 2925 2948 2926
f 2917 2926 2949
f 2949 2926 2948
f 2949 2948 2916
f 2916 2948 2946
f 2916 2946 2915
f 2915 2946 2944
f 2915 2944 2913
f 2913 2944 2942
f 2913 2942 2911
f 2911 2942 2940
f 2911 2940 2910
f 2910 2940 2938
f 2910 2938 2909
f 2917 2919 2926
f 2926 2919 2921
f 2926 2921 2928
f 2928 2921 2922
f 2928 2922 2930
f 2930 2922 2923
f 2930 2923 2932
f 2932 2923 2924
f 2932 2924 2934
f 2934 2924 2407
f 2934 2407 2936
f 2936 2407 2950
f 2936 2950 2938
f 2938 2950 2419
f 2938 2419 2909
f 2909 2419 2420
f 2909 2420 2421
f 2951 2952 2953
f 2954 2955 2956
f 2956 2955 2957
f 2956 2957 2958
f 2954 2956 2959
f 2959 2956 2960
f 2959 2960 2961
f 2961 2960 2962
f 2962 2960 2951
f 2962 2951 2963
f 2964 2963 2965
f 2965 2963 2951
f 2965 2951 2966
f 2966 2951 2953
f 2952 2951 2967
f 2967 2951 2960
f 2967 2960 2968
f 2968 2960 2969
f 2969 2960 2956
f 2969 2956 2970
f 2970 2956 2958
f 2970 2958 2971
f 2972 2432 2973
f 2973 2432 2433
f 2973 2433 2974
f 2974 2433 2975
f 2974 2975 2976
f 2976 2975 2977
f 2976 2977 2978
f 2978 2977 2979
f 2980 2981 2982
f 2982 2981 2983
f 2982 2983 2984
f 2984 2983 2413
f 2984 2413 2985
f 2985 2413 2412
f 2985 2412 2986
f 2986 2412 2415
f 2986 2415 2987
f 2987 2415 2418
f 2988 2989 2990
f 2990 2989 2991
f 2990 2991 2992
f 2992 2991 2993
f 2992 2993 2994
f 2994 2993 2995
f 2994 2995 2996
f 2996 2995 2997
f 2996 2997 2998
f 2998 2997 2999
f 2998 2999 3000
f 3000 2999 3001
f 3000 3001 3002
f 3002 3001 3003
f 3002 3003 3004
f 3004 3003 3005
f 3004 3005 3006
f 3006 3005 3007
f 3006 3007 3008
f 3008 3007 3009
f 3008 3009 3010
f 3010 3009 3011
f 3010 3011 2988
f 2988 3011 2989
f 2980 2989 3012
f 3012 2989 3011
f 3012 3011 2979
f 2979 3011 3009
f 2979 3009 2978
f 2978 3009 3007
f 2978 3007 2976
f 2976 3007 3005
f 2976 3005 2974
f 2974 3005 3003
f 2974 3003 2973
f 2973 3003 3001
f 2973 3001 2972
f 2980 2982 2989
f 2989 2982 2984
f 2989 2984 2991
f 2991 2984 2985
f 2991 2985 2993
f 2993 2985 2986
f 2993 2986 2995
f 2995 2986 2987
f 2995 2987 2997
f 2997 2987 2418
f 2997 2418 2999
f 2999 2418 3013
f 2999 3013 3001
f 3001 3013 2430
f 3001 2430 2972
f 2972 2430 2431
f 2972 2431 2432
f 3014 3015 3016
f 3016 3015 3017
f 3016 3017 3018
f 3018 3017 3019
f 3019 3017 3020
f 3019 3020 3021
f 3020 3022 3023
f 3024 3021 3025
f 3025 3021 3020
f 3025 3020 3026
f 3026 3020 3023
f 3022 3020 3027
f 3027 3020 3017
f 3027 3017 3028
f 3014 3029 3015
f 3015 3029 3030
f 3015 3030 3031
f 3028 3017 3032
f 3032 3017 3015
f 3032 3015 3033
f 3033 3015 3031
f 3033 3031 3034
f 2441 2442 3035
f 3035 2442 2443
f 3035 2443 3036
f 3036 2443 2444
f 3036 2444 3037
f 3037 2444 3038
f 3037 3038 3039
f 3039 3038 3040
f 3039 3040 3041
f 3041 3040 3042
f 3043 3044 3045
f 3045 3044 2424
f 3045 2424 3046
f 3046 2424 2423
f 3046 2423 3047
f 3047 2423 2426
f 3047 2426 3048
f 3048 2426 2429
f 3049 3050 3051
f 3051 3050 3052
f 3051 3052 3053
f 3053 3052 3054
f 3053 3054 3055
f 3055 3054 3056
f 3055 3056 3057
f 3057 3056 3058
f 3057 3058 3059
f 3059 3058 3060
f 3059 3060 3061
f 3061 3060 3062
f 3061 3062 3063
f 3063 3062 3064
f 3063 3064 3065
f 3065 3064 3066
f 3065 3066 3067
f 3067 3066 3068
f 3067 3068 3069
f 3069 3068 3070
f 3069 3070 3071
f 3071 3070 3072
f 3071 3072 3049
f 3049 3072 3050
f 2441 3050 3073
f 3073 3050 3072
f 3073 3072 2429
f 2429 3072 3070
f 2429 3070 3048
f 3048 3070 3068
f 3048 3068 3047
f 3047 3068 3066
f 3047 3066 3046
f 3046 3066 3064
f 3046 3064 3045
f 3045 3064 3062
f 3045 3062 3043
f 2441 3035 3050
f 3050 3035 3036
f 3050 3036 3052
f 3052 3036 3037
f 3052 3037 3054
f 3054 3037 3039
f 3054 3039 3056
f 3056 3039 3041
f 3056 3041 3058
f 3058 3041 3042
f 3058 3042 3060
f 3060 3042 3074
f 3060 3074 3062
f 3062 3074 3075
f 3062 3075 3043
f 3043 3075 3076
f 3043 3076 3044
f 3077 3078 3079
f 3079 3078 3080
f 3079 3080 3081
f 3081 3080 3082
f 3082 3080 3083
f 3082 3083 3084
f 3083 3085 3086
f 3087 3084 3088
f 3088 3084 3083
f 3088 3083 3089
f 3089 3083 3086
f 3085 3083 3090
f 3090 3083 3080
f 3090 3080 3091
f 3077 3092 3078
f 3078 3092 3093
f 3078 3093 3094
f 3091 3080 3095
f 3095 3080 3078
f 3095 3078 3096
f 3096 3078 3094
f 3096 3094 3097
f 2452 2453 3098
f 3098 2453 2454
f 3098 2454 3099
f 3099 2454 2455
f 3099 2455 3100
f 3100 2455 3101
f 3100 3101 3102
f 3102 3101 3103
f 3102 3103 3104
f 3104 3103 3105
f 3106 3107 3108
f 3108 3107 2435
f 3108 2435 3109
f 3109 2435 2434
f 3109 2434 3110
f 3110 2434 2437
f 3110 2437 3111
f 3111 2437 2440
f 3112 3113 3114
f 3114 3113 3115
f 3114 3115 3116
f 3116 3115 3117
f 3116 3117 3118
f 3118 3117 3119
f 3118 3119 3120
f 3120 3119 3121
f 3120 3121 3122
f 3122 3121 3123
f 3122 3123 3124
f 3124 3123 3125
f 3124 3125 3126
f 3126 3125 3127
f 3126 3127 3128
f 3128 3127 3129
f 3128 3129 3130
f 3130 3129 3131
f 3130 3131 3132
f 3132 3131 3133
f 3132 3133 3134
f 3134 3133 3135
f 3134 3135 3112
f 3112 3135 3113
f 2452 3113 3136
f 3136 3113 3135
f 3136 3135 2440
f 2440 3135 3133
f 2440 3133 3111
f 3111 3133 3131
f 3111 3131 3110
f 3110 3131 3129
f 3110 3129 3109
f 3109 3129 3127
f 3109 3127 3108
f 3108 3127 3125
f 3108 3125 3106
f 2452 3098 3113
f 3113 3098 3099
f 3113 3099 3115
f 3115 3099 3100
f 3115 3100 3117
f 3117 3100 3102
f 3117 3102 3119
f 3119 3102 3104
f 3119 3104 3121
f 3121 3104 3105
f 3121 3105 3123
f 3123 3105 3137
f 3123 3137 3125
f 3125 3137 3138
f 3125 3138 3106
f 3106 3138 3139
f 3106 3139 3107
f 3034 3031 3140
f 3097 3094 3141
f 2460 2459 3142
f 3142 2459 2462
f 3142 2462 3143
f 3143 2462 2464
f 3143 2464 3144
f 3094 3093 3141
f 3141 3093 3092
f 3141 3092 3142
f 3142 3092 3145
f 3142 3145 2460
f 3031 3030 3140
f 3140 3030 3029
f 3140 3029 3141
f 3141 3029 3146
f 3141 3146 3097
f 3147 2957 2955
f 3147 2955 3140
f 3140 2955 3148
f 3140 3148 3034
f 3149 2894 2892
f 2892 3150 3149
f 3149 3150 2971
f 3149 2971 3147
f 3147 2971 2958
f 3147 2958 2957
f 2826 2825 3151
f 3151 2825 2828
f 2828 3152 3151
f 3151 3152 2908
f 3151 2908 3149
f 3149 2908 2895
f 3149 2895 2894
f 2826 3151 2845
f 2845 3151 3153
f 2845 3153 3154
f 3155 3156 3157
f 3158 3155 3159
f 3159 3155 3157
f 3159 3157 3160
f 3160 3157 3161
f 3160 3161 3162
f 3162 3161 3163
f 3163 3161 3164
f 3163 3164 3165
f 3166 3167 3164
f 3164 3167 3168
f 3164 3168 3165
f 3165 3168 3169
f 3165 3169 3170
f 3166 3164 3171
f 3171 3164 3161
f 3171 3161 3172
f 3172 3161 3173
f 3173 3161 3157
f 3173 3157 3174
f 3174 3157 3156
f 3174 3156 3175
f 3176 3177 3178
f 3178 3177 2446
f 3178 2446 3179
f 3179 2446 2445
f 3179 2445 3180
f 3180 2445 2448
f 3180 2448 3181
f 3181 2448 2451
f 2328 2329 3182
f 3182 2329 2330
f 3182 2330 3183
f 3183 2330 2331
f 3183 2331 3184
f 3184 2331 3185
f 3184 3185 3186
f 3186 3185 3187
f 3186 3187 3188
f 3188 3187 3189
f 3190 3191 3192
f 3192 3191 3193
f 3192 3193 3194
f 3194 3193 3195
f 3194 3195 3196
f 3196 3195 3197
f 3196 3197 3198
f 3198 3197 3199
f 3198 3199 3200
f 3200 3199 3201
f 3200 3201 3202
f 3202 3201 3203
f 3202 3203 3204
f 3204 3203 3205
f 3204 3205 3206
f 3206 3205 3207
f 3206 3207 3208
f 3208 3207 3209
f 3208 3209 3210
f 3210 3209 3211
f 3210 3211 3212
f 3212 3211 3213
f 3212 3213 3190
f 3190 3213 3191
f 2328 3191 3214
f 3214 3191 3213
f 3214 3213 2451
f 2451 3213 3211
f 2451 3211 3181
f 3181 3211 3209
f 3181 3209 3180
f 3180 3209 3207
f 3180 3207 3179
f 3179 3207 3205
f 3179 3205 3178
f 3178 3205 3203
f 3178 3203 3176
f 2328 3182 3191
f 3191 3182 3183
f 3191 3183 3193
f 3193 3183 3184
f 3193 3184 3195
f 3195 3184 3186
f 3195 3186 3197
f 3197 3186 3188
f 3197 3188 3199
f 3199 3188 3189
f 3199 3189 3201
f 3201 3189 3215
f 3201 3215 3203
f 3203 3215 3216
f 3203 3216 3176
f 3176 3216 3217
f 3176 3217 3177
f 3218 3219 3220
f 3221 3222 3223
f 3224 3225 3226
f 3226 3225 3227
f 3226 3227 3228
f 3228 3227 3229
f 3225 3230 3227
f 3227 3230 3231
f 3227 3231 3229
f 3229 3231 3232
f 3233 3224 3234
f 3234 3224 3226
f 3234 3226 3235
f 3235 3226 3228
f 3235 3228 3236
f 3236 3228 3237
f 3238 3239 3232
f 3232 3239 3240
f 3232 3240 3229
f 3229 3240 3241
f 3229 3241 3228
f 3228 3241 3242
f 3228 3242 3237
f 3222 3238 3223
f 3223 3238 3232
f 3223 3232 3243
f 3243 3232 3231
f 3243 3231 3244
f 3244 3231 3230
f 3219 3221 3220
f 3220 3221 3223
f 3220 3223 3245
f 3245 3223 3243
f 3245 3243 3246
f 3246 3243 3244
f 3247 3218 3248
f 3248 3218 3220
f 3248 3220 3249
f 3249 3220 3245
f 3249 3245 3250
f 3250 3245 3246
f 3250 3251 3249
f 3249 3251 3252
f 3249 3252 3248
f 3248 3252 3253
f 3248 3253 3247
f 3247 3253 3254
f 3246 3244 3255
f 3255 3244 3230
f 3255 3230 3256
f 3256 3230 3225
f 3256 3225 3257
f 3257 3225 3224
f 3257 3224 3258
f 3258 3224 3233
f 3258 3233 3259
f 3259 3233 3260
f 3259 3260 3261
f 3261 3260 3262
f 3261 3262 3263
f 3263 3262 3264
f 3263 3264 3265
f 3265 3264 3266
f 3265 3266 3267
f 3267 3266 3268
f 3267 3268 3269
f 3269 3268 3270
f 3269 3270 3271
f 3271 3270 3251
f 3271 3251 3272
f 3272 3251 3250
f 3272 3250 3273
f 3273 3250 3246
f 3273 3246 3255
f 3214 3258 2328
f 2328 3258 3259
f 2328 3259 2326
f 2326 3259 2327
f 3261 2339 3259
f 3259 2339 2515
f 3259 2515 2327
f 2578 3261 2350
f 2350 3261 3263
f 2578 2338 3261
f 3261 2338 2337
f 3261 2337 2339
f 2641 3263 2361
f 2361 3263 3265
f 2641 2349 3263
f 3263 2349 2348
f 3263 2348 2350
f 2372 2707 3267
f 3267 2707 2360
f 3267 2360 3265
f 3265 2360 2359
f 3265 2359 2361
f 2383 2381 3269
f 3269 2381 2384
f 2384 2761 3269
f 3269 2761 2371
f 3269 2371 3267
f 3267 2371 2370
f 3267 2370 2372
f 2383 3269 2389
f 2389 3269 3271
f 2389 3271 2824
f 3274 2838 3275
f 3275 2838 2837
f 3275 2837 3276
f 3277 2903 3274
f 3274 2903 2890
f 3274 2890 3278
f 3278 2840 3274
f 3274 2840 2839
f 3274 2839 2838
f 3279 2965 2966
f 3279 2966 3277
f 3277 2966 2953
f 3277 2953 3280
f 3280 2901 3277
f 3277 2901 2902
f 3277 2902 2903
f 3026 3023 3281
f 3281 3023 3282
f 3281 3282 3279
f 3279 3282 2964
f 3279 2964 2965
f 3283 3089 3086
f 3086 3284 3283
f 3283 3284 3024
f 3283 3024 3281
f 3281 3024 3025
f 3281 3025 3026
f 2457 2456 3285
f 3285 2456 2472
f 2472 3286 3285
f 3285 3286 3087
f 3285 3087 3283
f 3283 3087 3088
f 3283 3088 3089
f 2457 3285 2471
f 2471 3285 3287
f 2471 3287 3288
f 2783 2823 3289
f 2728 2760 3290
f 3290 2760 2727
f 3290 2727 3289
f 3289 2727 3291
f 3289 3291 2783
f 2674 2706 3292
f 3292 2706 2673
f 3292 2673 3290
f 3290 2673 3293
f 3290 3293 2728
f 2643 2642 3294
f 3294 2642 2610
f 3294 2610 3292
f 3292 2610 3295
f 3292 3295 2674
f 2580 2579 3296
f 3296 2579 2547
f 3296 2547 3294
f 3294 2547 3297
f 3294 3297 2643
f 2517 2516 3298
f 3298 2516 2484
f 3298 2484 3296
f 3296 2484 3299
f 3296 3299 2580
f 3300 3215 3189
f 3300 3189 3298
f 3298 3189 3301
f 3298 3301 2517
f 3254 3302 3247
f 3247 3302 3303
f 3247 3303 3218
f 3218 3303 3219
f 3219 3303 3304
f 3219 3304 3221
f 3221 3304 3222
f 3222 3304 3305
f 3222 3305 3238
f 3238 3305 3239
f 3239 3305 3306
f 3239 3306 3240
f 3240 3306 3241
f 3241 3306 3307
f 3241 3307 3242
f 3242 3307 3237
f 3237 3307 3308
f 3237 3308 3236
f 3140 2139 3147
f 3147 2139 2140
f 3147 2140 3149
f 3149 2140 2141
f 3149 2141 3151
f 3151 2141 2142
f 3151 2142 3153
f 3153 2142 2143
f 3153 2143 3309
f 3309 2143 3310
f 3309 3310 3311
f 3311 3310 3312
f 3311 3312 3313
f 3312 3314 3313
f 3313 3314 3315
f 3313 3315 3316
f 3316 3315 3317
f 3316 3317 3318
f 3318 3317 3319
f 3318 3319 3320
f 3320 3319 3321
f 3320 3321 3143
f 3143 3321 2135
f 3143 2135 3142
f 3142 2135 2136
f 3142 2136 3141
f 3141 2136 2137
f 3141 2137 3140
f 3140 2137 2138
f 3140 2138 2139
f 3322 3279 3323
f 3323 3279 3277
f 3323 3277 3324
f 3324 3277 3274
f 3324 3274 3289
f 3289 3274 3275
f 3289 3275 3290
f 3290 3275 3325
f 3290 3325 3292
f 3292 3325 3326
f 3292 3326 3294
f 3326 3327 3294
f 3294 3327 3328
f 3294 3328 3296
f 3296 3328 3329
f 3296 3329 3298
f 3298 3329 3330
f 3298 3330 3300
f 3300 3330 3287
f 3300 3287 3331
f 3331 3287 3285
f 3331 3285 3332
f 3332 3285 3283
f 3332 3283 3322
f 3322 3283 3281
f 3322 3281 3279
f 3303 3302 3333
f 3303 3334 3308
f 3335 3334 3336
f 3336 3334 3303
f 3336 3303 3337
f 3337 3303 3333
f 3305 3304 3306
f 3306 3304 3303
f 3306 3303 3307
f 3307 3303 3308
f 3338 1861 1859
f 3338 1859 3339
f 3339 1859 1856
f 3339 1856 3340
f 3340 1856 1854
f 3340 1854 3341
f 3341 1854 1849
f 3341 1849 3342
f 3342 1849 1847
f 3342 1847 3343
f 3343 1847 1845
f 3343 1845 3344
f 3344 1845 1844
f 3344 1844 3345
f 3345 1844 3346
f 3345 3346 3347
f 3347 3346 3348
f 3347 3348 3349
f 3349 3348 3350
f 3349 3350 3351
f 3351 3350 3352
f 3351 3352 3353
f 3353 3352 3354
f 3353 3354 3355
f 3355 3354 3356
f 3355 3356 3357
f 3357 3356 3358
f 3357 3358 3359
f 3360 3361 3362
f 3362 3361 3363
f 3362 3363 3364
f 3364 3363 3365
f 3364 3365 3366
f 3366 3365 3367
f 3366 3367 3368
f 3368 3367 3369
f 3368 3369 3370
f 3370 3369 3371
f 3370 3371 3372
f 3372 3371 3373
f 3372 3373 3374
f 3374 3373 3375
f 3374 3375 3376
f 3376 3375 3377
f 3376 3377 3378
f 3378 3377 3379
f 3378 3379 3380
f 3380 3379 3381
f 3380 3381 3382
f 3382 3381 3383
f 3382 3383 3384
f 3384 3383 3385
f 3384 3385 3386
f 3386 3385 3387
f 3386 3387 3388
f 3388 3387 3389
f 3359 3388 3357
f 3357 3388 3390
f 3357 3390 3355
f 3355 3390 3391
f 3355 3391 3353
f 3353 3391 3392
f 3353 3392 3351
f 3351 3392 3393
f 3351 3393 3349
f 3349 3393 3394
f 3349 3394 3347
f 3347 3394 3395
f 3347 3395 3345
f 3345 3395 3396
f 3345 3396 3344
f 3344 3396 3397
f 3344 3397 3343
f 3343 3397 3398
f 3343 3398 3342
f 3342 3398 3399
f 3342 3399 3341
f 3341 3399 3400
f 3341 3400 3340
f 3340 3400 3401
f 3340 3401 3339
f 3339 3401 3402
f 3339 3402 3338
f 3338 3402 3360
f 3338 3360 3403
f 3403 3360 3362
f 3403 3362 3404
f 3404 3362 3364
f 3404 3364 3405
f 3405 3364 3366
f 3405 3366 3406
f 3406 3366 3368
f 3406 3368 3407
f 3407 3368 3370
f 3407 3370 3408
f 3408 3370 3372
f 3408 3372 3409
f 3409 3372 3374
f 3409 3374 3410
f 3410 3374 3376
f 3410 3376 3411
f 3411 3376 3378
f 3411 3378 3412
f 3412 3378 3380
f 3412 3380 3413
f 3413 3380 3382
f 3413 3382 3414
f 3414 3382 3384
f 3414 3384 3415
f 3415 3384 3386
f 3415 3386 3359
f 3359 3386 3388
f 3416 3417 3418
f 3419 3420 3421
f 3421 3420 3422
f 3421 3422 3416
f 3423 3424 3425
f 3425 3424 3421
f 3425 3421 3426
f 3416 3418 3421
f 3421 3418 3427
f 3421 3427 3426
f 3428 3429 3430
f 3431 3432 3433
f 3433 3432 3434
f 3433 3434 3428
f 3435 3436 3437
f 3437 3436 3433
f 3437 3433 3438
f 3428 3430 3433
f 3433 3430 3439
f 3433 3439 3438
f 3440 3441 3442
f 3442 3441 3443
f 3444 3445 3446
f 3446 3445 3447
f 3446 3447 3448
f 3449 3442 3450
f 3450 3442 3443
f 3450 3443 3447
f 3447 3443 3451
f 3447 3451 3448
f 3452 3453 3454
f 3454 3453 3455
f 3456 3457 3458
f 3458 3457 3459
f 3458 3459 3460
f 3461 3454 3462
f 3462 3454 3455
f 3462 3455 3459
f 3459 3455 3463
f 3459 3463 3460
f 3420 3464 3422
f 3422 3464 3465
f 3422 3465 3416
f 3416 3465 3466
f 3416 3466 3417
f 3417 3466 3467
f 3417 3467 3418
f 3418 3467 3468
f 3418 3468 3427
f 3427 3468 3469
f 3427 3469 3426
f 3426 3469 3470
f 3432 3471 3434
f 3434 3471 3472
f 3434 3472 3428
f 3428 3472 3473
f 3428 3473 3429
f 3429 3473 3474
f 3429 3474 3430
f 3430 3474 3475
f 3430 3475 3439
f 3439 3475 3476
f 3439 3476 3438
f 3438 3476 3477
f 3441 3478 3443
f 3443 3478 3479
f 3443 3479 3451
f 3451 3479 3480
f 3451 3480 3448
f 3448 3480 3481
f 3448 3481 3446
f 3446 3481 3482
f 3446 3482 3444
f 3444 3482 3483
f 3444 3483 3445
f 3445 3483 3484
f 3453 3485 3455
f 3455 3485 3486
f 3455 3486 3463
f 3463 3486 3487
f 3463 3487 3460
f 3460 3487 3488
f 3460 3488 3458
f 3458 3488 3489
f 3458 3489 3456
f 3456 3489 3490
f 3456 3490 3457
f 3457 3490 3491
f 3492 3493 3494
f 3495 3496 3492
f 3497 3498 3495
f 3495 3498 3499
f 3495 3499 3496
f 3492 3494 3495
f 3495 3494 3500
f 3495 3500 3501
f 3502 3503 3504
f 3504 3503 3495
f 3504 3495 3505
f 3505 3495 3501
f 3506 3500 3494
f 3493 3507 3494
f 3494 3507 3508
f 3494 3508 3506
f 3509 3510 3511
f 3511 3510 3512
f 3512 3510 3470
f 3512 3470 3513
f 3513 3470 3469
f 3513 3469 3514
f 3514 3469 3468
f 3514 3468 3515
f 3515 3468 3467
f 3515 3467 3516
f 3511 3517 3509
f 3509 3517 3518
f 3509 3518 3519
f 3519 3518 3520
f 3519 3520 3521
f 3521 3520 3522
f 3521 3522 3523
f 3523 3522 3524
f 3523 3524 3464
f 3464 3524 3525
f 3464 3525 3465
f 3465 3525 3516
f 3465 3516 3466
f 3466 3516 3467
f 3526 3527 3528
f 3528 3527 3529
f 3528 3529 3530
f 3530 3529 3531
f 3530 3531 3532
f 3532 3531 3533
f 3532 3533 3471
f 3471 3533 3534
f 3471 3534 3472
f 3472 3534 3535
f 3472 3535 3473
f 3473 3535 3474
f 3474 3535 3536
f 3474 3536 3475
f 3475 3536 3537
f 3475 3537 3476
f 3476 3537 3538
f 3476 3538 3477
f 3477 3538 3539
f 3477 3539 3540
f 3540 3539 3541
f 3540 3541 3526
f 3526 3541 3542
f 3526 3542 3527
f 3543 3544 3545
f 3545 3544 3546
f 3545 3546 3547
f 3547 3546 3548
f 3547 3548 3549
f 3549 3548 3550
f 3549 3550 3478
f 3478 3550 3551
f 3478 3551 3479
f 3479 3551 3552
f 3479 3552 3480
f 3480 3552 3481
f 3481 3552 3553
f 3481 3553 3482
f 3482 3553 3554
f 3482 3554 3483
f 3483 3554 3555
f 3483 3555 3484
f 3484 3555 3556
f 3484 3556 3557
f 3557 3556 3558
f 3557 3558 3543
f 3543 3558 3559
f 3543 3559 3544
f 3560 3561 3562
f 3562 3561 3563
f 3562 3563 3564
f 3564 3563 3565
f 3564 3565 3566
f 3566 3565 3567
f 3566 3567 3485
f 3485 3567 3568
f 3485 3568 3486
f 3486 3568 3569
f 3486 3569 3487
f 3487 3569 3488
f 3488 3569 3570
f 3488 3570 3489
f 3489 3570 3571
f 3489 3571 3490
f 3490 3571 3572
f 3490 3572 3491
f 3491 3572 3573
f 3491 3573 3574
f 3574 3573 3575
f 3574 3575 3560
f 3560 3575 3576
f 3560 3576 3561
f 3577 3578 3579
f 3580 3581 3577
f 3582 3583 3580
f 3580 3583 3584
f 3580 3584 3581
f 3577 3579 3580
f 3580 3579 3585
f 3580 3585 3586
f 3587 3588 3589
f 3589 3588 3580
f 3589 3580 3590
f 3590 3580 3586
f 3591 3585 3579
f 3578 3592 3579
f 3579 3592 3593
f 3579 3593 3591
f 3594 3595 3596
f 3597 3598 3594
f 3599 3600 3597
f 3597 3600 3601
f 3597 3601 3598
f 3594 3596 3597
f 3597 3596 3602
f 3597 3602 3603
f 3604 3605 3606
f 3606 3605 3597
f 3606 3597 3607
f 3607 3597 3603
f 3608 3602 3596
f 3595 3609 3596
f 3596 3609 3610
f 3596 3610 3608
f 3611 3612 3613
f 3614 3615 3611
f 3616 3617 3614
f 3614 3617 3618
f 3614 3618 3615
f 3611 3613 3614
f 3614 3613 3619
f 3614 3619 3620
f 3621 3622 3623
f 3623 3622 3614
f 3623 3614 3624
f 3624 3614 3620
f 3625 3619 3613
f 3612 3626 3613
f 3613 3626 3627
f 3613 3627 3625
f 3504 3628 3502
f 3502 3628 3629
f 3502 3629 3503
f 3503 3629 3630
f 3503 3630 3495
f 3495 3630 3631
f 3495 3631 3497
f 3497 3631 3632
f 3497 3632 3498
f 3498 3632 3633
f 3498 3633 3499
f 3499 3633 3634
f 3522 3635 3524
f 3524 3635 3636
f 3524 3636 3525
f 3525 3636 3637
f 3525 3637 3516
f 3516 3637 3638
f 3516 3638 3515
f 3515 3638 3639
f 3515 3639 3514
f 3514 3639 3640
f 3514 3640 3513
f 3513 3640 3641
f 3531 3642 3533
f 3533 3642 3643
f 3533 3643 3534
f 3534 3643 3644
f 3534 3644 3535
f 3535 3644 3645
f 3535 3645 3536
f 3536 3645 3646
f 3536 3646 3537
f 3537 3646 3647
f 3537 3647 3538
f 3538 3647 3648
f 3548 3649 3550
f 3550 3649 3650
f 3550 3650 3551
f 3551 3650 3651
f 3551 3651 3552
f 3552 3651 3652
f 3552 3652 3553
f 3553 3652 3653
f 3553 3653 3554
f 3554 3653 3654
f 3554 3654 3555
f 3555 3654 3655
f 3565 3656 3567
f 3567 3656 3657
f 3567 3657 3568
f 3568 3657 3658
f 3568 3658 3569
f 3569 3658 3659
f 3569 3659 3570
f 3570 3659 3660
f 3570 3660 3571
f 3571 3660 3661
f 3571 3661 3572
f 3572 3661 3662
f 3589 3663 3587
f 3587 3663 3664
f 3587 3664 3588
f 3588 3664 3665
f 3588 3665 3580
f 3580 3665 3666
f 3580 3666 3582
f 3582 3666 3667
f 3582 3667 3583
f 3583 3667 3668
f 3583 3668 3584
f 3584 3668 3669
f 3606 3670 3604
f 3604 3670 3671
f 3604 3671 3605
f 3605 3671 3672
f 3605 3672 3597
f 3597 3672 3673
f 3597 3673 3599
f 3599 3673 3674
f 3599 3674 3600
f 3600 3674 3675
f 3600 3675 3601
f 3601 3675 3676
f 3623 3677 3621
f 3621 3677 3678
f 3621 3678 3622
f 3622 3678 3679
f 3622 3679 3614
f 3614 3679 3680
f 3614 3680 3616
f 3616 3680 3681
f 3616 3681 3617
f 3617 3681 3682
f 3617 3682 3618
f 3618 3682 3683
f 3684 3685 3686
f 3686 3685 3687
f 3688 3689 3690
f 3690 3689 3685
f 3690 3685 3691
f 3691 3685 3684
f 3692 3693 3694
f 3694 3693 3686
f 3694 3686 3695
f 3695 3686 3687
f 3696 3697 3698
f 3698 3697 3699
f 3700 3701 3702
f 3702 3701 3697
f 3702 3697 3703
f 3703 3697 3696
f 3704 3705 3706
f 3706 3705 3698
f 3706 3698 3707
f 3707 3698 3699
f 3708 3709 3710
f 3711 3712 3713
f 3710 3711 3714
f 3714 3711 3713
f 3714 3713 3715
f 3715 3713 3716
f 3717 3708 3718
f 3718 3708 3710
f 3718 3710 3719
f 3719 3710 3714
f 3720 3721 3722
f 3722 3721 3723
f 3724 3725 3726
f 3726 3725 3721
f 3726 3721 3727
f 3727 3721 3720
f 3728 3729 3730
f 3730 3729 3722
f 3730 3722 3731
f 3731 3722 3723
f 3732 3733 3734
f 3734 3733 3735
f 3736 3737 3738
f 3738 3737 3733
f 3738 3733 3739
f 3739 3733 3732
f 3740 3741 3742
f 3742 3741 3734
f 3742 3734 3743
f 3743 3734 3735
f 3744 3745 3746
f 3747 3748 3749
f 3746 3747 3750
f 3750 3747 3749
f 3750 3749 3751
f 3751 3749 3752
f 3753 3744 3754
f 3754 3744 3746
f 3754 3746 3755
f 3755 3746 3750
f 3756 3757 3758
f 3756 3758 3759
f 3759 3758 3760
f 3759 3760 3761
f 3761 3760 3762
f 3761 3762 3763
f 3763 3762 3764
f 3763 3764 3765
f 3766 3767 3768
f 3769 3770 3771
f 3673 3672 3772
f 3772 3672 3671
f 3673 3772 3674
f 3674 3772 3773
f 3674 3773 3675
f 3774 3670 3775
f 3774 3775 3776
f 3777 3778 3773
f 3773 3778 3676
f 3773 3676 3675
f 3775 3779 3776
f 3776 3779 3780
f 3776 3780 3781
f 3781 3780 3782
f 3781 3782 3777
f 3777 3782 3783
f 3777 3783 3778
f 3784 3785 3786
f 3786 3785 3787
f 3681 3680 3788
f 3788 3680 3679
f 3679 3678 3788
f 3788 3678 3789
f 3788 3789 3790
f 3678 3677 3789
f 3789 3677 3791
f 3789 3791 3792
f 3793 3794 3795
f 3795 3794 3683
f 3795 3683 3682
f 3791 3796 3792
f 3792 3796 3797
f 3792 3797 3798
f 3798 3797 3799
f 3798 3799 3793
f 3793 3799 3800
f 3793 3800 3794
f 3682 3681 3795
f 3795 3681 3788
f 3795 3788 3801
f 3801 3788 3802
f 3801 3802 3803
f 3803 3802 3804
f 3632 3631 3768
f 3633 3632 3805
f 3805 3632 3768
f 3805 3768 3806
f 3631 3630 3768
f 3768 3630 3807
f 3768 3807 3802
f 3802 3807 3808
f 3802 3808 3804
f 3809 3810 3805
f 3805 3810 3634
f 3805 3634 3633
f 3630 3629 3807
f 3807 3629 3628
f 3807 3628 3811
f 3811 3628 3812
f 3812 3813 3811
f 3811 3813 3814
f 3811 3814 3815
f 3815 3814 3816
f 3815 3816 3809
f 3809 3816 3817
f 3809 3817 3810
f 3666 3818 3667
f 3667 3818 3819
f 3667 3819 3668
f 3666 3665 3818
f 3818 3665 3820
f 3818 3820 3771
f 3771 3820 3821
f 3771 3821 3769
f 3665 3664 3820
f 3820 3664 3663
f 3820 3663 3822
f 3822 3663 3823
f 3824 3825 3819
f 3819 3825 3669
f 3819 3669 3668
f 3823 3826 3822
f 3822 3826 3827
f 3822 3827 3828
f 3828 3827 3829
f 3828 3829 3824
f 3824 3829 3830
f 3824 3830 3825
f 3831 3832 3833
f 3833 3832 3834
f 3835 3772 3774
f 3774 3772 3671
f 3774 3671 3670
f 3836 3662 3771
f 3770 3806 3771
f 3771 3806 3768
f 3771 3768 3836
f 3836 3768 3767
f 3662 3661 3771
f 3771 3661 3660
f 3771 3660 3837
f 3837 3660 3659
f 3837 3659 3802
f 3802 3659 3658
f 3802 3658 3657
f 3657 3656 3802
f 3802 3656 3838
f 3802 3838 3768
f 3768 3838 3839
f 3768 3839 3766
f 3840 3841 3788
f 3651 3842 3652
f 3652 3842 3837
f 3652 3837 3653
f 3653 3837 3802
f 3653 3802 3654
f 3651 3650 3842
f 3842 3650 3649
f 3842 3649 3843
f 3784 3786 3790
f 3790 3786 3842
f 3790 3842 3788
f 3788 3842 3843
f 3788 3843 3840
f 3841 3844 3788
f 3788 3844 3845
f 3788 3845 3802
f 3802 3845 3655
f 3802 3655 3654
f 3846 3641 3847
f 3818 3848 3849
f 3636 3635 3771
f 3771 3635 3850
f 3771 3850 3818
f 3818 3850 3851
f 3818 3851 3848
f 3641 3640 3847
f 3847 3640 3639
f 3847 3639 3837
f 3837 3639 3638
f 3837 3638 3771
f 3771 3638 3637
f 3771 3637 3636
f 3834 3852 3833
f 3833 3852 3819
f 3833 3819 3847
f 3847 3819 3818
f 3847 3818 3846
f 3846 3818 3849
f 3853 3648 3842
f 3854 3855 3772
f 3772 3855 3856
f 3643 3642 3847
f 3847 3642 3857
f 3648 3647 3842
f 3842 3647 3646
f 3842 3646 3837
f 3837 3646 3645
f 3837 3645 3847
f 3847 3645 3644
f 3847 3644 3643
f 3831 3833 3835
f 3835 3833 3847
f 3835 3847 3772
f 3772 3847 3857
f 3772 3857 3854
f 3787 3858 3786
f 3786 3858 3773
f 3786 3773 3842
f 3842 3773 3772
f 3842 3772 3853
f 3853 3772 3856
f 3859 3860 3861
f 3859 3861 3862
f 3862 3861 3863
f 3862 3863 3864
f 3693 3865 3686
f 3686 3865 3866
f 3686 3866 3684
f 3684 3866 3867
f 3684 3867 3691
f 3691 3867 3868
f 3691 3868 3690
f 3690 3868 3869
f 3690 3869 3688
f 3688 3869 3870
f 3688 3870 3689
f 3689 3870 3871
f 3705 3872 3698
f 3698 3872 3873
f 3698 3873 3696
f 3696 3873 3874
f 3696 3874 3703
f 3703 3874 3875
f 3703 3875 3702
f 3702 3875 3876
f 3702 3876 3700
f 3700 3876 3877
f 3700 3877 3701
f 3701 3877 3878
f 3709 3879 3710
f 3710 3879 3880
f 3710 3880 3711
f 3711 3880 3881
f 3711 3881 3712
f 3712 3881 3882
f 3712 3882 3713
f 3713 3882 3883
f 3713 3883 3716
f 3716 3883 3884
f 3716 3884 3715
f 3715 3884 3885
f 3729 3886 3722
f 3722 3886 3887
f 3722 3887 3720
f 3720 3887 3888
f 3720 3888 3727
f 3727 3888 3889
f 3727 3889 3726
f 3726 3889 3890
f 3726 3890 3724
f 3724 3890 3891
f 3724 3891 3725
f 3725 3891 3892
f 3741 3893 3734
f 3734 3893 3894
f 3734 3894 3732
f 3732 3894 3895
f 3732 3895 3739
f 3739 3895 3896
f 3739 3896 3738
f 3738 3896 3897
f 3738 3897 3736
f 3736 3897 3898
f 3736 3898 3737
f 3737 3898 3899
f 3745 3900 3746
f 3746 3900 3901
f 3746 3901 3747
f 3747 3901 3902
f 3747 3902 3748
f 3748 3902 3903
f 3748 3903 3749
f 3749 3903 3904
f 3749 3904 3752
f 3752 3904 3905
f 3752 3905 3751
f 3751 3905 3906
f 3907 3908 3909
f 3910 3908 3907
f 3911 3910 3907
f 3907 3912 3913
f 3914 3912 3907
f 3909 3914 3907
f 3915 3916 3917
f 3918 3916 3915
f 3919 3918 3915
f 3915 3920 3921
f 3922 3920 3915
f 3917 3922 3915
f 3923 3924 3925
f 3926 3924 3923
f 3927 3926 3923
f 3923 3928 3929
f 3930 3928 3923
f 3925 3930 3923
f 3931 3932 3933
f 3934 3932 3931
f 3935 3934 3931
f 3931 3936 3937
f 3938 3936 3931
f 3933 3938 3931
f 3939 3940 3941
f 3942 3940 3939
f 3943 3942 3939
f 3939 3944 3945
f 3946 3944 3939
f 3941 3946 3939
f 3947 3948 3949
f 3950 3948 3947
f 3951 3950 3947
f 3947 3952 3953
f 3954 3952 3947
f 3949 3954 3947
f 3955 3956 3957
f 3958 3956 3955
f 3959 3958 3955
f 3955 3960 3961
f 3962 3960 3955
f 3957 3962 3955
f 3963 3964 3965
f 3966 3964 3963
f 3967 3966 3963
f 3963 3968 3969
f 3970 3968 3963
f 3965 3970 3963
f 3971 3972 3973
f 3973 3972 3974
f 3972 3971 3975
f 3975 3971 3976
f 3975 3976 3977
f 3977 3976 3978
f 3977 3978 3979
f 3979 3978 3980
f 3979 3980 3981
f 3981 3980 3982
f 3981 3982 3983
f 3983 3982 3984
f 3983 3984 3985
f 3985 3984 3986
f 3985 3986 3987
f 3987 3986 3988
f 3989 3990 3991
f 3991 3990 3992
f 3990 3989 3993
f 3993 3989 3994
f 3993 3994 3995
f 3995 3994 3996
f 3995 3996 3997
f 3997 3996 3998
f 3997 3998 3999
f 3999 3998 4000
f 3999 4000 4001
f 4001 4000 4002
f 4001 4002 4003
f 4003 4002 4004
f 4003 4004 4005
f 4005 4004 4006
f 4007 4008 4009
f 4009 4008 4010
f 4008 4007 4011
f 4011 4007 4012
f 4011 4012 4013
f 4013 4012 4014
f 4013 4014 4015
f 4015 4014 4016
f 4015 4016 4017
f 4017 4016 4018
f 4017 4018 4019
f 4019 4018 4020
f 4019 4020 4021
f 4021 4020 4022
f 4021 4022 4023
f 4023 4022 4024
f 4023 4024 4025
f 4025 4024 4026
f 4027 4028 4029
f 4029 4028 4030
f 4028 4027 4031
f 4031 4027 4032
f 4033 4034 4035
f 4035 4034 4036
f 4037 4038 4039
f 4039 4038 4040
f 4038 4037 4041
f 4041 4037 4042
f 4041 4042 4043
f 4043 4042 4044
f 4043 4044 4045
f 4045 4044 4046
f 4047 4048 4049
f 4049 4048 4050
f 1680 1681 3764
f 1680 3764 1678
f 3764 3762 1678
f 1678 3762 3760
f 1678 3760 1676
f 1676 3760 3758
f 1676 3758 1667
f 1667 3758 3757
f 1667 3757 1668
f 1681 1682 3764
f 3764 1682 3765
f 1686 1688 3759
f 3759 1688 3756
f 3756 1688 1689
f 3756 1689 1670
f 3759 3761 1686
f 1686 3761 3763
f 1686 3763 1683
f 1683 3763 3765
f 1683 3765 1682
f 3757 3756 1668
f 1668 3756 1670
f 1694 4051 3781
f 3781 4051 3776
f 3776 4051 3774
f 3774 4051 4052
f 3774 4052 3835
f 3835 4052 4053
f 3835 4053 3831
f 3831 4053 4054
f 3831 4054 3832
f 3832 4054 4055
f 3832 4055 3834
f 3834 4055 4056
f 3834 4056 3852
f 3852 4056 4057
f 3852 4057 3819
f 3819 4057 4058
f 3819 4058 3824
f 3824 4058 4059
f 3824 4059 3828
f 3828 4059 4060
f 3828 4060 3822
f 3822 4060 4061
f 3822 4061 3820
f 3820 4061 4062
f 3820 4062 3821
f 3821 4062 4063
f 3821 4063 3769
f 3769 4063 4064
f 3769 4064 3770
f 3770 4064 4065
f 3770 4065 3806
f 3806 4065 4066
f 3806 4066 3805
f 3805 4066 4067
f 3805 4067 3809
f 3809 4067 1717
f 3809 1717 3815
f 3860 3859 4068
f 4068 3859 4069
f 4070 4071 4072
f 4070 4072 4073
f 3860 4068 3861
f 3861 4068 4074
f 3861 4074 3863
f 3863 4074 4073
f 3863 4073 4075
f 4075 4073 4072
f 4071 4076 4072
f 4072 4076 4077
f 4078 4079 4080
f 4080 4079 4077
f 4080 4077 4076
f 4069 3859 4081
f 4081 3859 3862
f 4081 3862 4078
f 4078 3862 3864
f 4078 3864 4079
f 4082 4083 3988
f 3988 4083 3987
f 3974 3868 3867
f 3867 3987 3974
f 3974 3987 4083
f 3974 4083 4084
f 3867 3866 3987
f 3987 3866 3865
f 3987 3865 3985
f 3985 3865 4085
f 3985 4085 3983
f 3983 4085 4086
f 3983 4086 3981
f 3981 4086 4087
f 3981 4087 3979
f 3979 4087 4088
f 3979 4088 3977
f 3977 4088 4089
f 3977 4089 3975
f 3975 4089 3871
f 3975 3871 3972
f 3972 3871 3870
f 3972 3870 3974
f 3974 3870 3869
f 3974 3869 3868
f 3973 3974 4090
f 4090 3974 4084
f 4091 4092 4093
f 4093 4092 4094
f 3878 4093 4095
f 4095 4093 4096
f 4095 4096 4097
f 4097 4096 4098
f 4097 4098 4099
f 3878 3877 4093
f 4093 3877 3876
f 4093 3876 4091
f 3876 3875 4091
f 4091 3875 3874
f 4091 3874 4100
f 4100 3874 3873
f 4100 3873 4101
f 4101 3873 3872
f 4098 4102 4099
f 4099 4102 4103
f 4099 4103 4104
f 4104 4103 4105
f 4104 4105 4106
f 4106 4105 4107
f 4106 4107 3872
f 3872 4107 4108
f 3872 4108 4101
f 4109 4110 4050
f 4050 4110 4049
f 4040 4111 3885
f 3885 4049 4040
f 4040 4049 4110
f 4040 4110 4112
f 3885 3884 4049
f 4049 3884 3883
f 4049 3883 4047
f 4047 3883 3882
f 4047 3882 4113
f 4113 3882 3881
f 4113 3881 4114
f 4114 3881 3880
f 4114 3880 4045
f 4045 3880 3879
f 4045 3879 4043
f 4043 3879 4115
f 4043 4115 4041
f 4041 4115 4116
f 4041 4116 4038
f 4038 4116 4117
f 4038 4117 4040
f 4040 4117 4118
f 4040 4118 4111
f 4039 4040 4119
f 4119 4040 4112
f 1690 1671 4036
f 4036 1671 4035
f 4035 1671 1659
f 4030 3886 4120
f 4120 4121 4030
f 4030 4121 4122
f 4030 4122 1659
f 1659 4122 4123
f 1659 4123 4035
f 3889 4124 3890
f 3890 4124 4125
f 3890 4125 3891
f 3891 4125 4033
f 3891 4033 3892
f 3892 4033 4035
f 3892 4035 4126
f 4126 4035 4123
f 4030 4028 3886
f 3886 4028 4031
f 3886 4031 3887
f 3887 4031 4127
f 3887 4127 3888
f 3888 4127 4128
f 3888 4128 3889
f 3889 4128 4129
f 3889 4129 4124
f 4029 4030 1658
f 1658 4030 1659
f 1655 1654 4026
f 4026 1654 4025
f 4010 3895 3894
f 4010 4008 3895
f 3895 4008 4011
f 3895 4011 3896
f 3896 4011 4013
f 3896 4013 3897
f 3894 3893 4010
f 4010 3893 4130
f 4010 4130 1661
f 1661 4130 4131
f 1661 4131 1654
f 1654 4131 4132
f 1654 4132 4025
f 4025 4132 4133
f 4025 4133 4023
f 4023 4133 4134
f 4023 4134 4021
f 4021 4134 3899
f 4021 3899 4019
f 4019 3899 3898
f 4019 3898 4017
f 4017 3898 3897
f 4017 3897 4015
f 4015 3897 4013
f 4009 4010 1697
f 1697 4010 1661
f 1652 1651 4006
f 4006 1651 4005
f 3901 3900 3992
f 3900 4005 3992
f 3992 4005 1651
f 3992 1651 1666
f 3900 4135 4005
f 4005 4135 4136
f 4005 4136 4003
f 4003 4136 4137
f 4003 4137 4001
f 4001 4137 4138
f 4001 4138 3999
f 3999 4138 4139
f 3999 4139 3997
f 3997 4139 3906
f 3997 3906 3995
f 3995 3906 3905
f 3995 3905 3993
f 3993 3905 3904
f 3993 3904 3990
f 3990 3904 3903
f 3990 3903 3992
f 3992 3903 3902
f 3992 3902 3901
f 3991 3992 1665
f 1665 3992 1666
f 4140 4093 4141
f 4141 4093 4094
f 4142 4096 4140
f 4140 4096 4093
f 4096 4142 4143
f 4096 4143 4098
f 4098 4143 4144
f 4098 4144 4102
f 4102 4144 4145
f 4102 4145 4103
f 4145 4146 4103
f 4103 4146 4147
f 4103 4147 4105
f 4147 4148 4105
f 4105 4148 4149
f 4105 4149 4107
f 4107 4149 4150
f 4107 4150 4108
f 4100 4151 4091
f 4091 4151 4152
f 4153 4092 4152
f 4152 4092 4091
f 3909 4154 3914
f 3914 4154 1182
f 3914 1182 3912
f 3912 1182 35
f 3912 35 3913
f 3913 35 33
f 3913 33 4155
f 4155 33 31
f 4155 31 4156
f 4156 31 29
f 4156 29 4157
f 4157 29 4158
f 4159 4160 3919
f 3919 4160 4161
f 3919 4161 3918
f 3918 4161 4162
f 3918 4162 3916
f 3916 4162 4163
f 3916 4163 3917
f 3917 4163 4164
f 3917 4164 3922
f 3922 4164 4165
f 3922 4165 3920
f 3920 4165 4166
f 3926 4167 3924
f 3924 4167 4168
f 3924 4168 3925
f 3925 4168 4169
f 3925 4169 3930
f 3930 4169 4170
f 3930 4170 3928
f 3928 4170 4171
f 3928 4171 3929
f 3929 4171 4172
f 3929 4172 4173
f 4173 4172 4174
f 3933 4175 3938
f 3938 4175 4176
f 3938 4176 3936
f 3936 4176 4177
f 3936 4177 3937
f 3937 4177 4178
f 3937 4178 4179
f 4179 4178 4180
f 4179 4180 4181
f 4181 4180 4182
f 4181 4182 4183
f 4183 4182 4184
f 3944 4185 3945
f 3945 4185 4186
f 3945 4186 4187
f 4187 4186 4188
f 4187 4188 4189
f 4189 4188 4190
f 4189 4190 4191
f 4191 4190 4192
f 4191 4192 4193
f 4193 4192 4194
f 4193 4194 4195
f 4195 4194 4196
f 4197 4198 4199
f 4199 4198 4200
f 4199 4200 4201
f 4201 4200 4202
f 4201 4202 4203
f 4203 4202 4204
f 4203 4204 4205
f 4205 4204 4206
f 4205 4206 3951
f 3951 4206 4207
f 3951 4207 3950
f 3950 4207 4208
f 4209 4210 4211
f 4211 4210 4212
f 4211 4212 4213
f 4213 4212 4214
f 4213 4214 3959
f 3959 4214 4215
f 3959 4215 3958
f 3958 4215 4216
f 3958 4216 3956
f 3956 4216 4217
f 3956 4217 3957
f 3957 4217 4218
f 3965 865 3970
f 3970 865 864
f 3970 864 3968
f 3968 864 14
f 3968 14 3969
f 3969 14 12
f 3969 12 4219
f 4219 12 10
f 4219 10 4220
f 4220 10 8
f 4220 8 4221
f 4221 8 6
f 3973 4090 3971
f 3971 4090 4222
f 3971 4222 3976
f 3976 4222 4223
f 3976 4223 3978
f 3978 4223 4224
f 3978 4224 3980
f 3980 4224 4225
f 3980 4225 3982
f 3982 4225 4226
f 3982 4226 3984
f 3984 4226 4227
f 3984 4227 3986
f 3986 4227 4228
f 3988 3986 4082
f 4082 3986 4228
f 4082 4228 4229
f 3991 1665 3989
f 3989 1665 4230
f 3989 4230 3994
f 3994 4230 4231
f 3994 4231 3996
f 3996 4231 4232
f 3996 4232 3998
f 3998 4232 4233
f 3998 4233 4000
f 4000 4233 4234
f 4000 4234 4002
f 4002 4234 4235
f 4002 4235 4004
f 4004 4235 4236
f 4006 4004 1652
f 1652 4004 4236
f 1652 4236 1653
f 4009 1697 4007
f 4007 1697 4237
f 4007 4237 4012
f 4012 4237 4238
f 4012 4238 4014
f 4014 4238 4239
f 4014 4239 4016
f 4016 4239 4240
f 4016 4240 4018
f 4018 4240 4241
f 4018 4241 4020
f 4020 4241 4242
f 4020 4242 4022
f 4022 4242 4243
f 4022 4243 4024
f 4024 4243 4244
f 4026 4024 1655
f 1655 4024 4244
f 1655 4244 1656
f 4029 1658 4027
f 4027 1658 4245
f 4027 4245 4032
f 4032 4245 4246
f 4036 4034 1690
f 1690 4034 4247
f 1690 4247 1691
f 4039 4119 4037
f 4037 4119 4248
f 4042 4037 4248
f 4249 4046 4250
f 4250 4046 4044
f 4250 4044 4251
f 4251 4044 4042
f 4251 4042 4252
f 4252 4042 4248
f 4050 4048 4109
f 4109 4048 4253
f 4109 4253 4254
f 4140 4141 4142
f 4142 4141 4255
f 4256 4150 4257
f 4257 4150 4149
f 4257 4149 4258
f 4258 4149 4148
f 4148 4147 4258
f 4258 4147 4146
f 4258 4146 4259
f 4142 4255 4143
f 4143 4255 4260
f 4143 4260 4144
f 4144 4260 4259
f 4144 4259 4145
f 4145 4259 4146
f 4152 4151 4153
f 4153 4151 4261
f 4153 4261 4262
f 4263 4264 4265
f 4266 4267 4268
f 4269 4254 4253
f 1693 4270 1695
f 1687 4271 1673
f 1718 4272 4273
f 4274 4275 4276
f 4277 4278 4158
f 4158 29 4277
f 4277 29 31
f 4277 31 4279
f 31 33 4279
f 4279 33 35
f 4279 35 4280
f 4280 35 1182
f 4280 1182 4154
f 4228 4227 4273
f 4273 4227 4226
f 4273 4226 4281
f 4281 4226 4225
f 4090 4280 4222
f 4222 4280 4154
f 4222 4154 4223
f 4223 4154 1194
f 4223 1194 4224
f 4224 1194 1193
f 4224 1193 4225
f 4225 1193 1192
f 4225 1192 4281
f 4281 1192 23
f 4281 23 4278
f 4278 23 4282
f 4278 4282 4158
f 4214 4212 4283
f 4283 4212 4276
f 4276 4212 4210
f 4276 4210 4274
f 4218 4217 4284
f 4284 4217 4216
f 4284 4216 4283
f 4283 4216 4215
f 4283 4215 4214
f 4275 4285 1685
f 1685 4285 1687
f 1687 4285 4286
f 1687 4286 4271
f 4271 4286 4287
f 4271 4287 4218
f 4288 4289 4278
f 4290 4291 4292
f 4292 4293 4290
f 4290 4293 4294
f 4290 4294 4261
f 4261 4294 4295
f 4261 4295 4262
f 4296 4177 4277
f 4277 4177 4176
f 4277 4176 4278
f 4278 4176 4175
f 4278 4175 4288
f 4293 4184 4294
f 4294 4184 4182
f 4294 4182 4297
f 4297 4182 4180
f 4297 4180 4296
f 4296 4180 4178
f 4296 4178 4177
f 4272 4298 4273
f 4273 4298 4299
f 4273 4299 4228
f 4228 4299 4300
f 4228 4300 4229
f 4301 4302 4303
f 4303 4304 4301
f 4301 4304 4196
f 4301 4196 4305
f 4196 4194 4305
f 4305 4194 4192
f 4305 4192 1716
f 1716 4192 4190
f 4301 4233 4232
f 4190 4188 1716
f 1716 4188 4186
f 1716 4186 1714
f 1714 4186 4185
f 1714 4185 1712
f 1712 4185 4306
f 1712 4306 1664
f 1664 4306 4307
f 1664 4307 1665
f 4301 4232 4302
f 4302 4232 4231
f 4302 4231 4307
f 4307 4231 4230
f 4307 4230 1665
f 4207 4206 4301
f 4208 4308 4309
f 4309 4308 4310
f 4207 4301 4208
f 1698 1699 4308
f 4308 1699 1701
f 4308 1701 4310
f 4233 4301 4234
f 4234 4301 4206
f 4234 4206 4204
f 1703 4311 1701
f 1701 4311 4312
f 1701 4312 4310
f 1709 4202 1707
f 1707 4202 4200
f 1707 4200 1705
f 1705 4200 4198
f 1705 4198 1703
f 1703 4198 4313
f 1703 4313 4311
f 1709 1653 4202
f 4202 1653 4236
f 4202 4236 4204
f 4204 4236 4235
f 4204 4235 4234
f 4241 4240 4283
f 4283 4240 4239
f 4283 4239 4308
f 4276 1663 1656
f 4239 4238 4308
f 4308 4238 4237
f 4308 4237 1698
f 1698 4237 1697
f 1656 4244 4276
f 4276 4244 4243
f 4276 4243 4283
f 4283 4243 4242
f 4283 4242 4241
f 4275 1685 4276
f 4276 1685 1684
f 4276 1684 1663
f 4218 4284 4271
f 4271 4284 864
f 4271 864 865
f 1673 4314 1657
f 1657 4314 4315
f 1657 4315 6
f 1658 1657 4245
f 4245 1657 6
f 4245 6 4246
f 4246 6 8
f 4246 8 4316
f 4316 8 4317
f 4318 4319 4270
f 865 862 4271
f 4271 862 861
f 4271 861 1673
f 1673 861 859
f 1673 859 4314
f 4318 4270 4247
f 8 10 4317
f 4317 10 12
f 4317 12 4284
f 4284 12 14
f 4284 14 864
f 4270 1693 4247
f 4247 1693 1692
f 4247 1692 1691
f 4320 1696 4321
f 1695 4270 1696
f 1696 4270 4322
f 1696 4322 4321
f 4163 4162 4323
f 4321 4324 4320
f 4320 4324 4325
f 4320 4325 4326
f 4326 4325 4166
f 4326 4166 4165
f 4162 4161 4323
f 4323 4161 4160
f 4323 4160 4270
f 4270 4160 4327
f 4270 4327 4322
f 4252 4164 4251
f 4251 4164 4163
f 4251 4163 4250
f 4250 4163 4323
f 4250 4323 4249
f 4248 4119 4328
f 4328 4329 4248
f 4248 4329 4326
f 4248 4326 4252
f 4252 4326 4165
f 4252 4165 4164
f 4168 4167 4268
f 4167 4330 4323
f 4323 4330 4331
f 4323 4331 4332
f 4333 4253 4332
f 4332 4253 4334
f 4332 4334 4323
f 4323 4334 4335
f 4323 4335 4249
f 4172 4267 4174
f 4174 4267 4336
f 4174 4336 4337
f 4337 4336 4333
f 4172 4171 4267
f 4267 4171 4170
f 4267 4170 4268
f 4268 4170 4169
f 4268 4169 4168
f 4333 4336 4253
f 4253 4336 4338
f 4253 4338 4269
f 4261 4339 4290
f 4290 4339 4256
f 4290 4256 4340
f 4340 4256 4257
f 4340 4257 4258
f 4259 4260 4264
f 4264 4260 4255
f 4264 4255 4265
f 4141 4341 4255
f 4255 4341 4342
f 4255 4342 4265
f 4258 4259 4340
f 4340 4259 4264
f 4340 4264 4268
f 4268 4264 4263
f 4268 4263 4266
f 4343 4344 4268
f 4345 4340 4346
f 4346 4340 4268
f 4346 4268 4347
f 4347 4268 4344
f 4167 4323 4268
f 4268 4323 4348
f 4268 4348 4343
f 4349 4270 4284
f 4284 4270 4319
f 4284 4319 4317
f 4349 4350 4270
f 4270 4350 4351
f 4270 4351 4352
f 4352 4353 4270
f 4270 4353 4354
f 4270 4354 4323
f 4323 4354 4355
f 4323 4355 4348
f 4208 4301 4308
f 4308 4301 3373
f 4308 3373 3371
f 4308 3365 4283
f 4283 3365 3363
f 4283 3363 4284
f 4284 3363 3361
f 4284 3361 4349
f 3371 3369 4308
f 4308 3369 3367
f 4308 3367 3365
f 3381 4305 3383
f 3383 4305 3385
f 3381 3379 4305
f 4305 3379 3377
f 4305 3377 4301
f 4301 3377 3375
f 4301 3375 3373
f 1716 1718 4305
f 4305 1718 4273
f 4305 4273 3385
f 3385 4273 4281
f 3385 4281 3387
f 3387 4281 3389
f 4345 3389 4340
f 4340 3389 4281
f 4340 4281 4290
f 4290 4281 4278
f 4290 4278 4291
f 4291 4278 4289
f 4356 4357 4358
f 4359 4360 4361
f 4361 4360 4362
f 4358 4357 4363
f 4364 4365 4357
f 4357 4365 4366
f 4367 4368 4369
f 4369 4368 4364
f 4369 4364 4370
f 4370 4364 4357
f 4362 4363 4361
f 4361 4363 4357
f 4361 4357 4371
f 4371 4357 4366
f 4371 4366 4372
f 4373 4374 4358
f 4358 4374 4375
f 4358 4375 4356
f 4376 4377 4378
f 4379 4380 4378
f 4378 4380 4381
f 4378 4381 4376
f 4382 4383 4384
f 4384 4383 4377
f 4384 4377 4385
f 4385 4377 4376
f 4383 4386 4377
f 4377 4386 4387
f 4377 4387 4388
f 4389 4390 4391
f 4391 4390 4392
f 4391 4392 4393
f 4393 4392 4377
f 4393 4377 4394
f 4394 4377 4388
f 4395 4396 4397
f 4397 4396 4398
f 4399 4396 4400
f 4401 4402 4403
f 4403 4402 4399
f 4403 4399 4404
f 4404 4399 4400
f 4405 4406 4407
f 4407 4406 4400
f 4407 4400 4408
f 4408 4400 4396
f 4409 4398 4410
f 4410 4398 4396
f 4410 4396 4411
f 4411 4396 4399
f 4412 4413 4397
f 4397 4413 4414
f 4397 4414 4395
f 1757 4400 1755
f 1755 4400 4406
f 1755 4406 1753
f 1753 4406 4405
f 1753 4405 1760
f 1760 4405 4407
f 1760 4407 1758
f 1758 4407 4408
f 1758 4408 1741
f 1749 4404 1757
f 1757 4404 4400
f 4395 1730 4396
f 4396 1730 1739
f 4396 1739 4408
f 4408 1739 1741
f 4404 1749 4403
f 4403 1749 1751
f 4397 1738 4412
f 4412 1738 1736
f 4412 1736 4413
f 4413 1736 1734
f 4413 1734 4414
f 4414 1734 1732
f 4414 1732 4395
f 4395 1732 1730
f 4411 4399 1726
f 1726 4399 1744
f 4398 1722 4397
f 4397 1722 1738
f 4411 1726 4410
f 4410 1726 1724
f 4410 1724 4409
f 4409 1724 1721
f 4409 1721 4398
f 4398 1721 1722
f 4394 1774 4393
f 4393 1774 2301
f 4386 1772 4387
f 4387 1772 1778
f 4387 1778 4388
f 4388 1778 1776
f 4388 1776 4394
f 4394 1776 1774
f 1790 4392 1794
f 1794 4392 4390
f 1794 4390 1801
f 1801 4390 4389
f 1801 4389 1799
f 1799 4389 4391
f 1799 4391 1797
f 1797 4391 1795
f 1795 4391 4393
f 1795 4393 2301
f 4386 4383 1772
f 1772 4383 1764
f 4392 1790 4377
f 4377 1790 1792
f 4385 1770 4384
f 4384 1770 1768
f 4384 1768 4382
f 4382 1768 1766
f 4382 1766 4383
f 4383 1766 1764
f 4378 1788 4379
f 4379 1788 1786
f 4379 1786 4380
f 4380 1786 1784
f 4380 1784 4381
f 4381 1784 1782
f 4381 1782 4376
f 4376 1782 1780
f 4376 1780 4385
f 4385 1780 1770
f 4366 4365 2302
f 1827 4371 1828
f 1828 4371 4372
f 1828 4372 1830
f 1830 4372 4366
f 1830 4366 4415
f 4415 4366 2302
f 4361 4371 1833
f 1833 4371 1827
f 4364 1819 4365
f 4365 1819 2302
f 4359 4361 1833
f 1835 4362 1838
f 1838 4362 4360
f 1833 1841 4359
f 4359 1841 1842
f 4359 1842 4360
f 4360 1842 1839
f 4360 1839 1838
f 4370 1816 4369
f 4369 1816 1825
f 4369 1825 4367
f 4367 1825 1823
f 4367 1823 4368
f 4368 1823 1821
f 4368 1821 4364
f 4364 1821 1819
f 1812 4358 1834
f 1834 4358 4363
f 4356 1805 4357
f 4357 1805 1814
f 4357 1814 4370
f 4370 1814 1816
f 4358 1812 4373
f 4373 1812 1810
f 4373 1810 4374
f 4374 1810 1808
f 4374 1808 4375
f 4375 1808 1806
f 4375 1806 4356
f 4356 1806 1805
f 4362 1835 4363
f 4363 1835 1834
f 4377 1792 4378
f 4378 1792 1788
f 1744 4399 1745
f 1745 4399 4402
f 1745 4402 1747
f 1747 4402 4401
f 1747 4401 1752
f 1752 4401 4403
f 1752 4403 1751
f 4150 4256 4416
f 4416 4256 4339
f 4416 4339 4151
f 4151 4339 4261
f 4046 4249 4417
f 4417 4249 4335
f 4417 4335 4418
f 4418 4335 4334
f 4418 4334 4048
f 4048 4334 4253
f 4247 4034 4318
f 4318 4034 4419
f 4318 4419 4319
f 4319 4419 4420
f 4420 4421 4319
f 4319 4421 4422
f 4319 4422 4317
f 4032 4246 4423
f 4423 4246 4316
f 4423 4316 4424
f 4424 4316 4317
f 4424 4317 4425
f 4425 4317 4422
f 4221 6 4426
f 4426 6 4315
f 4426 4315 4427
f 4427 4315 4314
f 4427 4314 3967
f 3967 4314 859
f 3967 859 3966
f 3966 859 861
f 3966 861 3964
f 3964 861 862
f 3964 862 3965
f 3965 862 865
f 3957 4218 3962
f 3962 4218 4287
f 3962 4287 3960
f 3960 4287 4286
f 3960 4286 3961
f 3961 4286 4285
f 3961 4285 4428
f 4428 4285 4275
f 4428 4275 4429
f 4429 4275 4274
f 4429 4274 4209
f 4209 4274 4210
f 3950 4208 3948
f 3948 4208 4309
f 3948 4309 3949
f 3949 4309 4310
f 3949 4310 3954
f 3954 4310 4312
f 3954 4312 3952
f 3952 4312 4311
f 3952 4311 3953
f 3953 4311 4313
f 3953 4313 4197
f 4197 4313 4198
f 4195 4196 3943
f 3943 4196 4304
f 3943 4304 3942
f 3942 4304 4303
f 3942 4303 3940
f 3940 4303 4302
f 3940 4302 3941
f 3941 4302 4307
f 3941 4307 3946
f 3946 4307 4306
f 3946 4306 3944
f 3944 4306 4185
f 4183 4184 4430
f 4430 4184 4293
f 4430 4293 4431
f 4431 4293 4292
f 4431 4292 3935
f 3935 4292 4291
f 3935 4291 3934
f 3934 4291 4289
f 3934 4289 3932
f 3932 4289 4288
f 3932 4288 3933
f 3933 4288 4175
f 4173 4174 4432
f 4432 4174 4337
f 4432 4337 4433
f 4433 4337 4333
f 4433 4333 4434
f 4434 4333 4332
f 4434 4332 4435
f 4435 4332 4331
f 4435 4331 3927
f 3927 4331 4330
f 3927 4330 3926
f 3926 4330 4167
f 3920 4166 3921
f 3921 4166 4325
f 3921 4325 4436
f 4436 4325 4324
f 4436 4324 4437
f 4437 4324 4321
f 4437 4321 4438
f 4438 4321 4322
f 4438 4322 4439
f 4439 4322 4327
f 4439 4327 4159
f 4159 4327 4160
f 4157 4158 4440
f 4440 4158 4282
f 4440 4282 4441
f 4441 4282 23
f 4441 23 3911
f 3911 23 1192
f 3911 1192 3910
f 3910 1192 1193
f 3910 1193 3908
f 3908 1193 1194
f 3908 1194 3909
f 3909 1194 4154
f 4108 4150 4101
f 4101 4150 4416
f 4101 4416 4100
f 4100 4416 4151
f 3815 1717 1715
f 3815 1715 3811
f 3811 1715 1713
f 3811 1713 3807
f 3807 1713 1711
f 3807 1711 3808
f 3808 1711 1710
f 3808 1710 3804
f 3804 1710 1708
f 3804 1708 3803
f 3803 1708 1706
f 3803 1706 3801
f 3801 1706 1704
f 3801 1704 3795
f 3795 1704 1702
f 3795 1702 3793
f 3793 1702 1700
f 3793 1700 3798
f 3798 1700 1660
f 3798 1660 3792
f 3792 1660 3789
f 3789 1660 1662
f 3789 1662 3790
f 3790 1662 1679
f 3790 1679 3784
f 3784 1679 1677
f 3784 1677 3785
f 3785 1677 1675
f 3785 1675 3787
f 3787 1675 1674
f 3787 1674 3858
f 3858 1674 1669
f 3858 1669 3773
f 3773 1669 1672
f 3773 1672 3777
f 3777 1672 1694
f 3777 1694 3781
f 4045 4046 4114
f 4114 4046 4417
f 4114 4417 4113
f 4113 4417 4418
f 4113 4418 4047
f 4047 4418 4048
f 4031 4032 4423
f 4031 4423 4127
f 4127 4423 4424
f 4127 4424 4128
f 4128 4424 4425
f 4128 4425 4129
f 4425 4422 4129
f 4129 4422 4421
f 4129 4421 4124
f 4421 4420 4124
f 4124 4420 4419
f 4124 4419 4125
f 4125 4419 4034
f 4125 4034 4033
f 3963 4220 4221
f 4219 4220 3963
f 3969 4219 3963
f 3963 4427 3967
f 4426 4427 3963
f 4221 4426 3963
f 3955 4429 4209
f 4428 4429 3955
f 3961 4428 3955
f 3955 4213 3959
f 4211 4213 3955
f 4209 4211 3955
f 3947 4199 4201
f 4197 4199 3947
f 3953 4197 3947
f 3947 4205 3951
f 4203 4205 3947
f 4201 4203 3947
f 3939 4189 4191
f 4187 4189 3939
f 3945 4187 3939
f 3939 4195 3943
f 4193 4195 3939
f 4191 4193 3939
f 3931 4181 4183
f 4179 4181 3931
f 3937 4179 3931
f 3931 4431 3935
f 4430 4431 3931
f 4183 4430 3931
f 3923 4432 4433
f 4173 4432 3923
f 3929 4173 3923
f 3923 4435 3927
f 4434 4435 3923
f 4433 4434 3923
f 3915 4437 4438
f 4436 4437 3915
f 3921 4436 3915
f 3915 4159 3919
f 4439 4159 3915
f 4438 4439 3915
f 3907 4156 4157
f 4155 4156 3907
f 3913 4155 3907
f 3907 4441 3911
f 4440 4441 3907
f 4157 4440 3907
f 3751 3906 3750
f 3750 3906 4139
f 3750 4139 3755
f 3755 4139 4138
f 3755 4138 3754
f 3754 4138 4137
f 3754 4137 3753
f 3753 4137 4136
f 3753 4136 3744
f 3744 4136 4135
f 3744 4135 3745
f 3745 4135 3900
f 3737 3899 3733
f 3733 3899 4134
f 3733 4134 3735
f 3735 4134 4133
f 3735 4133 3743
f 3743 4133 4132
f 3743 4132 3742
f 3742 4132 4131
f 3742 4131 3740
f 3740 4131 4130
f 3740 4130 3741
f 3741 4130 3893
f 3725 3892 3721
f 3721 3892 4126
f 3721 4126 3723
f 3723 4126 4123
f 3723 4123 3731
f 3731 4123 4122
f 3731 4122 3730
f 3730 4122 4121
f 3730 4121 3728
f 3728 4121 4120
f 3728 4120 3729
f 3729 4120 3886
f 3715 3885 3714
f 3714 3885 4111
f 3714 4111 3719
f 3719 4111 4118
f 3719 4118 3718
f 3718 4118 4117
f 3718 4117 3717
f 3717 4117 4116
f 3717 4116 3708
f 3708 4116 4115
f 3708 4115 3709
f 3709 4115 3879
f 3701 3878 3697
f 3697 3878 4095
f 3697 4095 3699
f 3699 4095 4097
f 3699 4097 3707
f 3707 4097 4099
f 3707 4099 3706
f 3706 4099 4104
f 3706 4104 3704
f 3704 4104 4106
f 3704 4106 3705
f 3705 4106 3872
f 3689 3871 3685
f 3685 3871 4089
f 3685 4089 3687
f 3687 4089 4088
f 3687 4088 3695
f 3695 4088 4087
f 3695 4087 3694
f 3694 4087 4086
f 3694 4086 3692
f 3692 4086 4085
f 3692 4085 3693
f 3693 4085 3865
f 3864 3863 4075
f 3864 4075 4079
f 4079 4075 4072
f 4079 4072 4077
f 3797 3625 3627
f 3797 3627 3799
f 3677 3623 3791
f 3791 3623 3624
f 3791 3624 3796
f 3796 3624 3620
f 3796 3620 3797
f 3797 3620 3619
f 3797 3619 3625
f 3618 3683 3615
f 3615 3683 3794
f 3615 3794 3611
f 3611 3794 3800
f 3611 3800 3612
f 3612 3800 3799
f 3612 3799 3626
f 3626 3799 3627
f 3780 3608 3610
f 3780 3610 3782
f 3670 3606 3775
f 3775 3606 3607
f 3775 3607 3779
f 3779 3607 3603
f 3779 3603 3780
f 3780 3603 3602
f 3780 3602 3608
f 3601 3676 3598
f 3598 3676 3778
f 3598 3778 3594
f 3594 3778 3783
f 3594 3783 3595
f 3595 3783 3782
f 3595 3782 3609
f 3609 3782 3610
f 3827 3591 3593
f 3827 3593 3829
f 3663 3589 3823
f 3823 3589 3590
f 3823 3590 3826
f 3826 3590 3586
f 3826 3586 3827
f 3827 3586 3585
f 3827 3585 3591
f 3584 3669 3581
f 3581 3669 3825
f 3581 3825 3577
f 3577 3825 3830
f 3577 3830 3578
f 3578 3830 3829
f 3578 3829 3592
f 3592 3829 3593
f 3572 3662 3573
f 3573 3662 3836
f 3573 3836 3575
f 3575 3836 3767
f 3575 3767 3576
f 3576 3767 3766
f 3576 3766 3561
f 3561 3766 3839
f 3561 3839 3563
f 3563 3839 3838
f 3563 3838 3565
f 3565 3838 3656
f 3555 3655 3556
f 3556 3655 3845
f 3556 3845 3558
f 3558 3845 3844
f 3558 3844 3559
f 3559 3844 3841
f 3559 3841 3544
f 3544 3841 3840
f 3544 3840 3546
f 3546 3840 3843
f 3546 3843 3548
f 3548 3843 3649
f 3538 3648 3539
f 3539 3648 3853
f 3539 3853 3541
f 3541 3853 3856
f 3541 3856 3542
f 3542 3856 3855
f 3542 3855 3527
f 3527 3855 3854
f 3527 3854 3529
f 3529 3854 3857
f 3529 3857 3531
f 3531 3857 3642
f 3513 3641 3512
f 3512 3641 3846
f 3512 3846 3511
f 3511 3846 3849
f 3511 3849 3517
f 3517 3849 3848
f 3517 3848 3518
f 3518 3848 3851
f 3518 3851 3520
f 3520 3851 3850
f 3520 3850 3522
f 3522 3850 3635
f 3814 3506 3508
f 3814 3508 3816
f 3628 3504 3812
f 3812 3504 3505
f 3812 3505 3813
f 3813 3505 3501
f 3813 3501 3814
f 3814 3501 3500
f 3814 3500 3506
f 3499 3634 3496
f 3496 3634 3810
f 3496 3810 3492
f 3492 3810 3817
f 3492 3817 3493
f 3493 3817 3816
f 3493 3816 3507
f 3507 3816 3508
f 3457 3491 3459
f 3459 3491 3574
f 3459 3574 3462
f 3462 3574 3560
f 3462 3560 3461
f 3461 3560 3562
f 3461 3562 3454
f 3454 3562 3564
f 3454 3564 3452
f 3452 3564 3566
f 3452 3566 3453
f 3453 3566 3485
f 3445 3484 3447
f 3447 3484 3557
f 3447 3557 3450
f 3450 3557 3543
f 3450 3543 3449
f 3449 3543 3545
f 3449 3545 3442
f 3442 3545 3547
f 3442 3547 3440
f 3440 3547 3549
f 3440 3549 3441
f 3441 3549 3478
f 3438 3477 3437
f 3437 3477 3540
f 3437 3540 3435
f 3435 3540 3526
f 3435 3526 3436
f 3436 3526 3528
f 3436 3528 3433
f 3433 3528 3530
f 3433 3530 3431
f 3431 3530 3532
f 3431 3532 3432
f 3432 3532 3471
f 3426 3470 3425
f 3425 3470 3510
f 3425 3510 3423
f 3423 3510 3509
f 3423 3509 3424
f 3424 3509 3519
f 3424 3519 3421
f 3421 3519 3521
f 3421 3521 3419
f 3419 3521 3523
f 3419 3523 3420
f 3420 3523 3464
f 3388 3389 3390
f 3390 3389 4345
f 3390 4345 3391
f 3391 4345 4346
f 3391 4346 3392
f 3392 4346 4347
f 3392 4347 3393
f 3393 4347 4344
f 3393 4344 3394
f 3394 4344 4343
f 3394 4343 3395
f 3395 4343 4348
f 3395 4348 3396
f 3396 4348 4355
f 3396 4355 3397
f 3397 4355 4354
f 3397 4354 3398
f 3398 4354 4353
f 3398 4353 3399
f 3399 4353 4352
f 3399 4352 3400
f 3400 4352 4351
f 3400 4351 3401
f 3401 4351 4350
f 3401 4350 3402
f 3402 4350 4349
f 3402 4349 3360
f 3360 4349 3361
f 3359 3358 4442
f 3359 4442 3415
f 3415 4442 4443
f 3415 4443 3414
f 3414 4443 4444
f 3414 4444 3413
f 3413 4444 4445
f 3413 4445 3412
f 3412 4445 4446
f 3412 4446 3411
f 3411 4446 4447
f 3411 4447 3410
f 3410 4447 1879
f 3410 1879 3409
f 3409 1879 1877
f 3409 1877 3408
f 3408 1877 1875
f 3408 1875 3407
f 3407 1875 1873
f 3407 1873 3406
f 3406 1873 1866
f 3406 1866 3405
f 3405 1866 1865
f 3405 1865 3404
f 3404 1865 1863
f 3404 1863 3403
f 3403 1863 1861
f 3403 1861 3338
f 3236 3308 4448
f 4448 3308 3334
f 4448 3334 4449
f 4449 3334 4450
f 4450 3334 3335
f 4450 3335 4451
f 4451 3335 4452
f 4452 3335 3336
f 4452 3336 4453
f 4453 3336 4454
f 4454 3336 3337
f 4454 3337 4455
f 4455 3337 4456
f 4456 3337 3333
f 4456 3333 4457
f 4457 3333 4458
f 4458 3333 3302
f 4458 3302 3254
f 2917 2949 3323
f 3216 3215 3300
f 3138 3137 3331
f 3331 3137 3105
f 3331 3105 3300
f 3300 3105 4459
f 3300 4459 3216
f 3075 3074 3332
f 3332 3074 3042
f 3332 3042 3331
f 3331 3042 4460
f 3331 4460 3138
f 3322 3012 2979
f 3322 2979 3332
f 3332 2979 4461
f 3332 4461 3075
f 2949 2916 3323
f 3323 2916 4462
f 3323 4462 3322
f 3322 4462 2980
f 3322 2980 3012
f 2854 2886 3324
f 3324 2886 2853
f 3324 2853 3323
f 3323 2853 4463
f 3323 4463 2917
f 3289 2823 2798
f 3289 2798 3324
f 3324 2798 4464
f 3324 4464 2854
f 3330 3329 2534
f 2534 2521 3330
f 3330 2521 4465
f 3330 4465 3170
f 2595 2596 3328
f 3328 2596 2597
f 3328 2597 3329
f 3329 2597 2584
f 3329 2584 4466
f 4466 2532 3329
f 3329 2532 2533
f 3329 2533 2534
f 3327 2657 2654
f 3327 2654 3328
f 3328 2654 4467
f 3328 4467 2595
f 4468 2711 3326
f 3326 2711 2709
f 2709 4469 3326
f 3326 4469 2655
f 3326 2655 3327
f 3327 2655 2656
f 3327 2656 2657
f 2766 2765 3325
f 3325 2765 2778
f 2778 4470 3325
f 3325 4470 4471
f 3325 4471 3326
f 3326 4471 4472
f 3326 4472 4468
f 2766 3325 2777
f 2777 3325 3275
f 2777 3275 3276
f 3170 3169 3330
f 3330 3169 3168
f 3330 3168 3287
f 3287 3168 3167
f 3287 3167 3288
f 2397 2824 3271
f 2408 2887 3272
f 3272 2887 2396
f 3272 2396 3271
f 3271 2396 2395
f 3271 2395 2397
f 2419 2950 3273
f 3273 2950 2407
f 3273 2407 3272
f 3272 2407 2406
f 3272 2406 2408
f 2430 3013 3255
f 3255 3013 2418
f 3255 2418 3273
f 3273 2418 2417
f 3273 2417 2419
f 2441 3073 3256
f 3256 3073 2429
f 3256 2429 3255
f 3255 2429 2428
f 3255 2428 2430
f 3257 3136 2440
f 3257 2440 3256
f 3256 2440 2439
f 3256 2439 2441
f 3214 2451 3258
f 3258 2451 2450
f 3258 2450 3257
f 3257 2450 2452
f 3257 2452 3136
f 4449 4450 4473
f 4451 4452 4474
f 3270 3268 4475
f 4475 3268 4476
f 4475 4476 4477
f 4477 4476 4478
f 3268 3266 4476
f 4476 3266 4479
f 4476 4479 4478
f 4478 4479 4480
f 3251 3270 3252
f 3252 3270 4475
f 3252 4475 3253
f 3253 4475 4477
f 3253 4477 3254
f 3254 4477 4458
f 4453 4454 4480
f 4480 4454 4455
f 4480 4455 4478
f 4478 4455 4456
f 4478 4456 4477
f 4477 4456 4457
f 4477 4457 4458
f 4452 4453 4474
f 4474 4453 4480
f 4474 4480 4481
f 4481 4480 4479
f 4481 4479 3264
f 3264 4479 3266
f 4450 4451 4473
f 4473 4451 4474
f 4473 4474 4482
f 4482 4474 4481
f 4482 4481 3262
f 3262 4481 3264
f 4448 4449 4483
f 4483 4449 4473
f 4483 4473 4484
f 4484 4473 4482
f 4484 4482 3260
f 3260 4482 3262
f 3260 3233 4484
f 4484 3233 3234
f 4484 3234 4483
f 4483 3234 3235
f 4483 3235 4448
f 4448 3235 3236
f 3175 4485 3174
f 3174 4485 4486
f 3174 4486 3173
f 3173 4486 4487
f 3173 4487 3172
f 3172 4487 4488
f 3172 4488 3171
f 3171 4488 4489
f 3171 4489 3166
f 2471 4490 2470
f 2470 4490 4491
f 2470 4491 2469
f 2469 4491 4492
f 2469 4492 2468
f 2468 4492 4493
f 2468 4493 2466
f 2466 4493 4494
f 2466 4494 2465
f 3167 4495 3288
f 3288 4495 4496
f 3288 4496 2471
f 2471 4496 4497
f 2471 4497 4490
f 4490 4497 4498
f 4490 4498 4491
f 4491 4498 4499
f 4491 4499 4492
f 4492 4499 4500
f 4492 4500 4493
f 4493 4500 4501
f 4493 4501 4494
f 2465 4494 2464
f 2464 4494 4501
f 2464 4501 3144
f 3144 4501 4502
f 3144 4502 3175
f 3175 4502 4503
f 3175 4503 4485
f 4485 4503 4504
f 4485 4504 4486
f 4486 4504 4505
f 4486 4505 4487
f 4487 4505 4506
f 4487 4506 4488
f 4488 4506 4495
f 4488 4495 4489
f 4489 4495 3167
f 4489 3167 3166
f 4502 3192 4503
f 4503 3192 3194
f 4503 3194 4504
f 4504 3194 3196
f 4504 3196 4505
f 4505 3196 3198
f 4505 3198 4506
f 4506 3198 3200
f 4506 3200 4495
f 4495 3200 3202
f 4495 3202 4496
f 4496 3202 3204
f 4496 3204 4497
f 4497 3204 3206
f 4497 3206 4498
f 4498 3206 3208
f 4498 3208 4499
f 4499 3208 3210
f 4499 3210 4500
f 4500 3210 3212
f 4500 3212 4501
f 4501 3212 3190
f 4501 3190 4502
f 4502 3190 3192
f 2665 2662 3313
f 2763 2762 3309
f 3309 2762 2768
f 3309 2768 3153
f 3153 2768 2770
f 3153 2770 3154
f 3311 4507 4508
f 3311 4508 3309
f 3309 4508 4509
f 3309 4509 2763
f 2719 2718 3311
f 3311 2718 4510
f 3311 4510 4507
f 2662 2661 3313
f 3313 2661 2660
f 3313 2660 3311
f 3311 2660 4511
f 3311 4511 2719
f 3316 2588 2586
f 3316 2586 3313
f 3313 2586 4512
f 3313 4512 2665
f 3318 2525 2523
f 2523 4513 3318
f 3318 4513 2602
f 3318 2602 3316
f 3316 2602 2589
f 3316 2589 2588
f 3156 3155 3320
f 3320 3155 3158
f 3158 4514 3320
f 3320 4514 2539
f 3320 2539 3318
f 3318 2539 2526
f 3318 2526 2525
f 3156 3320 3175
f 3175 3320 3143
f 3175 3143 3144
f 3087 4515 3084
f 3084 4515 4516
f 3084 4516 3082
f 3082 4516 4517
f 3082 4517 3081
f 3081 4517 4518
f 3081 4518 3079
f 3079 4518 4519
f 3079 4519 3077
f 2460 4520 2461
f 2461 4520 4521
f 2461 4521 2476
f 2476 4521 4522
f 2476 4522 2475
f 2475 4522 4523
f 2475 4523 2474
f 2474 4523 4524
f 2474 4524 2473
f 2472 4525 3286
f 3286 4525 4526
f 3286 4526 3087
f 3087 4526 4527
f 3087 4527 4515
f 4515 4527 4528
f 4515 4528 4516
f 4516 4528 4529
f 4516 4529 4517
f 4517 4529 4530
f 4517 4530 4518
f 4518 4530 4531
f 4518 4531 4519
f 3077 4519 3092
f 3092 4519 4531
f 3092 4531 3145
f 3145 4531 4532
f 3145 4532 2460
f 2460 4532 4533
f 2460 4533 4520
f 4520 4533 4534
f 4520 4534 4521
f 4521 4534 4535
f 4521 4535 4522
f 4522 4535 4536
f 4522 4536 4523
f 4523 4536 4525
f 4523 4525 4524
f 4524 4525 2472
f 4524 2472 2473
f 4532 3114 4533
f 4533 3114 3116
f 4533 3116 4534
f 4534 3116 3118
f 4534 3118 4535
f 4535 3118 3120
f 4535 3120 4536
f 4536 3120 3122
f 4536 3122 4525
f 4525 3122 3124
f 4525 3124 4526
f 4526 3124 3126
f 4526 3126 4527
f 4527 3126 3128
f 4527 3128 4528
f 4528 3128 3130
f 4528 3130 4529
f 4529 3130 3132
f 4529 3132 4530
f 4530 3132 3134
f 4530 3134 4531
f 4531 3134 3112
f 4531 3112 4532
f 4532 3112 3114
f 3024 4537 3021
f 3021 4537 4538
f 3021 4538 3019
f 3019 4538 4539
f 3019 4539 3018
f 3018 4539 4540
f 3018 4540 3016
f 3016 4540 4541
f 3016 4541 3014
f 3097 4542 3096
f 3096 4542 4543
f 3096 4543 3095
f 3095 4543 4544
f 3095 4544 3091
f 3091 4544 4545
f 3091 4545 3090
f 3090 4545 4546
f 3090 4546 3085
f 3086 4547 3284
f 3284 4547 4548
f 3284 4548 3024
f 3024 4548 4549
f 3024 4549 4537
f 4537 4549 4550
f 4537 4550 4538
f 4538 4550 4551
f 4538 4551 4539
f 4539 4551 4552
f 4539 4552 4540
f 4540 4552 4553
f 4540 4553 4541
f 3014 4541 3029
f 3029 4541 4553
f 3029 4553 3146
f 3146 4553 4554
f 3146 4554 3097
f 3097 4554 4555
f 3097 4555 4542
f 4542 4555 4556
f 4542 4556 4543
f 4543 4556 4557
f 4543 4557 4544
f 4544 4557 4558
f 4544 4558 4545
f 4545 4558 4547
f 4545 4547 4546
f 4546 4547 3086
f 4546 3086 3085
f 4554 3051 4555
f 4555 3051 3053
f 4555 3053 4556
f 4556 3053 3055
f 4556 3055 4557
f 4557 3055 3057
f 4557 3057 4558
f 4558 3057 3059
f 4558 3059 4547
f 4547 3059 3061
f 4547 3061 4548
f 4548 3061 3063
f 4548 3063 4549
f 4549 3063 3065
f 4549 3065 4550
f 4550 3065 3067
f 4550 3067 4551
f 4551 3067 3069
f 4551 3069 4552
f 4552 3069 3071
f 4552 3071 4553
f 4553 3071 3049
f 4553 3049 4554
f 4554 3049 3051
f 2964 4559 2963
f 2963 4559 4560
f 2963 4560 2962
f 2962 4560 4561
f 2962 4561 2961
f 2961 4561 4562
f 2961 4562 2959
f 2959 4562 4563
f 2959 4563 2954
f 3034 4564 3033
f 3033 4564 4565
f 3033 4565 3032
f 3032 4565 4566
f 3032 4566 3028
f 3028 4566 4567
f 3028 4567 3027
f 3027 4567 4568
f 3027 4568 3022
f 2955 4569 3148
f 3148 4569 4570
f 3148 4570 3034
f 3034 4570 4571
f 3034 4571 4564
f 4564 4571 4572
f 4564 4572 4565
f 4565 4572 4573
f 4565 4573 4566
f 4566 4573 4574
f 4566 4574 4567
f 4567 4574 4575
f 4567 4575 4568
f 3022 4568 3023
f 3023 4568 4575
f 3023 4575 3282
f 3282 4575 4576
f 3282 4576 2964
f 2964 4576 4577
f 2964 4577 4559
f 4559 4577 4578
f 4559 4578 4560
f 4560 4578 4579
f 4560 4579 4561
f 4561 4579 4580
f 4561 4580 4562
f 4562 4580 4569
f 4562 4569 4563
f 4563 4569 2955
f 4563 2955 2954
f 4576 2990 4577
f 4577 2990 2992
f 4577 2992 4578
f 4578 2992 2994
f 4578 2994 4579
f 4579 2994 2996
f 4579 2996 4580
f 4580 2996 2998
f 4580 2998 4569
f 4569 2998 3000
f 4569 3000 4570
f 4570 3000 3002
f 4570 3002 4571
f 4571 3002 3004
f 4571 3004 4572
f 4572 3004 3006
f 4572 3006 4573
f 4573 3006 3008
f 4573 3008 4574
f 4574 3008 3010
f 4574 3010 4575
f 4575 3010 2988
f 4575 2988 4576
f 4576 2988 2990
f 2901 4581 2900
f 2900 4581 4582
f 2900 4582 2899
f 2899 4582 4583
f 2899 4583 2898
f 2898 4583 4584
f 2898 4584 2896
f 2896 4584 4585
f 2896 4585 2891
f 2971 4586 2970
f 2970 4586 4587
f 2970 4587 2969
f 2969 4587 4588
f 2969 4588 2968
f 2968 4588 4589
f 2968 4589 2967
f 2967 4589 4590
f 2967 4590 2952
f 2892 4591 3150
f 3150 4591 4592
f 3150 4592 2971
f 2971 4592 4593
f 2971 4593 4586
f 4586 4593 4594
f 4586 4594 4587
f 4587 4594 4595
f 4587 4595 4588
f 4588 4595 4596
f 4588 4596 4589
f 4589 4596 4597
f 4589 4597 4590
f 2952 4590 2953
f 2953 4590 4597
f 2953 4597 3280
f 3280 4597 4598
f 3280 4598 2901
f 2901 4598 4599
f 2901 4599 4581
f 4581 4599 4600
f 4581 4600 4582
f 4582 4600 4601
f 4582 4601 4583
f 4583 4601 4602
f 4583 4602 4584
f 4584 4602 4591
f 4584 4591 4585
f 4585 4591 2892
f 4585 2892 2891
f 4598 2927 4599
f 4599 2927 2929
f 4599 2929 4600
f 4600 2929 2931
f 4600 2931 4601
f 4601 2931 2933
f 4601 2933 4602
f 4602 2933 2935
f 4602 2935 4591
f 4591 2935 2937
f 4591 2937 4592
f 4592 2937 2939
f 4592 2939 4593
f 4593 2939 2941
f 4593 2941 4594
f 4594 2941 2943
f 4594 2943 4595
f 4595 2943 2945
f 4595 2945 4596
f 4596 2945 2947
f 4596 2947 4597
f 4597 2947 2925
f 4597 2925 4598
f 4598 2925 2927
f 2840 4603 2835
f 2835 4603 4604
f 2835 4604 2833
f 2833 4604 4605
f 2833 4605 2832
f 2832 4605 4606
f 2832 4606 2830
f 2830 4606 4607
f 2830 4607 2829
f 2908 4608 2907
f 2907 4608 4609
f 2907 4609 2906
f 2906 4609 4610
f 2906 4610 2905
f 2905 4610 4611
f 2905 4611 2904
f 2904 4611 4612
f 2904 4612 2889
f 2828 4613 3152
f 3152 4613 4614
f 3152 4614 2908
f 2908 4614 4615
f 2908 4615 4608
f 4608 4615 4616
f 4608 4616 4609
f 4609 4616 4617
f 4609 4617 4610
f 4610 4617 4618
f 4610 4618 4611
f 4611 4618 4619
f 4611 4619 4612
f 2889 4612 2890
f 2890 4612 4619
f 2890 4619 3278
f 3278 4619 4620
f 3278 4620 2840
f 2840 4620 4621
f 2840 4621 4603
f 4603 4621 4622
f 4603 4622 4604
f 4604 4622 4623
f 4604 4623 4605
f 4605 4623 4624
f 4605 4624 4606
f 4606 4624 4613
f 4606 4613 4607
f 4607 4613 2828
f 4607 2828 2829
f 4620 2864 4621
f 4621 2864 2866
f 4621 2866 4622
f 4622 2866 2868
f 4622 2868 4623
f 4623 2868 2870
f 4623 2870 4624
f 4624 2870 2872
f 4624 2872 4613
f 4613 2872 2874
f 4613 2874 4614
f 4614 2874 2876
f 4614 2876 4615
f 4615 2876 2878
f 4615 2878 4616
f 4616 2878 2880
f 4616 2880 4617
f 4617 2880 2882
f 4617 2882 4618
f 4618 2882 2884
f 4618 2884 4619
f 4619 2884 2862
f 4619 2862 4620
f 4620 2862 2864
f 2845 4625 2844
f 2844 4625 4626
f 2844 4626 2843
f 2843 4626 4627
f 2843 4627 2842
f 2842 4627 4628
f 2842 4628 2841
f 2841 4628 4629
f 2841 4629 2836
f 2777 4630 2776
f 2776 4630 4631
f 2776 4631 2775
f 2775 4631 4632
f 2775 4632 2774
f 2774 4632 4633
f 2774 4633 2772
f 2772 4633 4634
f 2772 4634 2771
f 2770 4635 3154
f 3154 4635 4636
f 3154 4636 2845
f 2845 4636 4637
f 2845 4637 4625
f 4625 4637 4638
f 4625 4638 4626
f 4626 4638 4639
f 4626 4639 4627
f 4627 4639 4640
f 4627 4640 4628
f 4628 4640 4641
f 4628 4641 4629
f 2836 4629 2837
f 2837 4629 4641
f 2837 4641 3276
f 3276 4641 4642
f 3276 4642 2777
f 2777 4642 4643
f 2777 4643 4630
f 4630 4643 4644
f 4630 4644 4631
f 4631 4644 4645
f 4631 4645 4632
f 4632 4645 4646
f 4632 4646 4633
f 4633 4646 4635
f 4633 4635 4634
f 4634 4635 2770
f 4634 2770 2771
f 4642 2801 4643
f 4643 2801 2803
f 4643 2803 4644
f 4644 2803 2805
f 4644 2805 4645
f 4645 2805 2807
f 4645 2807 4646
f 4646 2807 2809
f 4646 2809 4635
f 4635 2809 2811
f 4635 2811 4636
f 4636 2811 2813
f 4636 2813 4637
f 4637 2813 2815
f 4637 2815 4638
f 4638 2815 2817
f 4638 2817 4639
f 4639 2817 2819
f 4639 2819 4640
f 4640 2819 2821
f 4640 2821 4641
f 4641 2821 2799
f 4641 2799 4642
f 4642 2799 2801
f 4471 4647 4648
f 4648 4647 4649
f 4648 4649 4650
f 4650 4649 4651
f 4650 4651 4652
f 4652 4651 4653
f 4652 4653 4654
f 4654 4653 4655
f 4654 4655 4656
f 2763 4657 2764
f 2764 4657 4658
f 2764 4658 2782
f 2782 4658 4659
f 2782 4659 2781
f 2781 4659 4660
f 2781 4660 2780
f 2780 4660 4661
f 2780 4661 2779
f 4508 4662 4509
f 4509 4662 4663
f 4509 4663 2763
f 2763 4663 4664
f 2763 4664 4657
f 4657 4664 4665
f 4657 4665 4658
f 4658 4665 4666
f 4658 4666 4659
f 4659 4666 4667
f 4659 4667 4660
f 4660 4667 4668
f 4660 4668 4661
f 2779 4661 2778
f 2778 4661 4668
f 2778 4668 4470
f 4470 4668 4669
f 4470 4669 4471
f 4471 4669 4670
f 4471 4670 4647
f 4647 4670 4671
f 4647 4671 4649
f 4649 4671 4672
f 4649 4672 4651
f 4651 4672 4673
f 4651 4673 4653
f 4653 4673 4662
f 4653 4662 4655
f 4655 4662 4508
f 4655 4508 4656
f 4669 2738 4670
f 4670 2738 2740
f 4670 2740 4671
f 4671 2740 2742
f 4671 2742 4672
f 4672 2742 2744
f 4672 2744 4673
f 4673 2744 2746
f 4673 2746 4662
f 4662 2746 2748
f 4662 2748 4663
f 4663 2748 2750
f 4663 2750 4664
f 4664 2750 2752
f 4664 2752 4665
f 4665 2752 2754
f 4665 2754 4666
f 4666 2754 2756
f 4666 2756 4667
f 4667 2756 2758
f 4667 2758 4668
f 4668 2758 2736
f 4668 2736 4669
f 4669 2736 2738
f 4656 4674 4654
f 4654 4674 4675
f 4654 4675 4652
f 4652 4675 4650
f 4650 4675 4676
f 4650 4676 4648
f 4471 4648 4472
f 4472 4648 4676
f 4472 4676 4468
f 4468 4676 2711
f 4656 4508 4674
f 4674 4508 4507
f 4674 4507 4510
f 2711 4676 2710
f 2710 4676 4675
f 2710 4675 2713
f 2713 4675 4674
f 2713 4674 2716
f 2716 4674 4510
f 2716 4510 2718
f 2655 4677 2652
f 2652 4677 4678
f 2652 4678 2650
f 2650 4678 4679
f 2650 4679 2649
f 2649 4679 4680
f 2649 4680 2647
f 2647 4680 4681
f 2647 4681 2645
f 2719 4682 2717
f 2717 4682 4683
f 2717 4683 2715
f 2715 4683 4684
f 2715 4684 2714
f 2714 4684 4685
f 2714 4685 2712
f 2712 4685 4686
f 2712 4686 2708
f 2660 4687 4511
f 4511 4687 4688
f 4511 4688 2719
f 2719 4688 4689
f 2719 4689 4682
f 4682 4689 4690
f 4682 4690 4683
f 4683 4690 4691
f 4683 4691 4684
f 4684 4691 4692
f 4684 4692 4685
f 4685 4692 4693
f 4685 4693 4686
f 2708 4686 2709
f 2709 4686 4693
f 2709 4693 4469
f 4469 4693 4694
f 4469 4694 2655
f 2655 4694 4695
f 2655 4695 4677
f 4677 4695 4696
f 4677 4696 4678
f 4678 4696 4697
f 4678 4697 4679
f 4679 4697 4698
f 4679 4698 4680
f 4680 4698 4687
f 4680 4687 4681
f 4681 4687 2660
f 4681 2660 2645
f 4694 2684 4695
f 4695 2684 2686
f 4695 2686 4696
f 4696 2686 2688
f 4696 2688 4697
f 4697 2688 2690
f 4697 2690 4698
f 4698 2690 2692
f 4698 2692 4687
f 4687 2692 2694
f 4687 2694 4688
f 4688 2694 2696
f 4688 2696 4689
f 4689 2696 2698
f 4689 2698 4690
f 4690 2698 2700
f 4690 2700 4691
f 4691 2700 2702
f 4691 2702 4692
f 4692 2702 2704
f 4692 2704 4693
f 4693 2704 2682
f 4693 2682 4694
f 4694 2682 2684
f 2595 4699 2594
f 2594 4699 4700
f 2594 4700 2593
f 2593 4700 4701
f 2593 4701 2592
f 2592 4701 4702
f 2592 4702 2590
f 2590 4702 4703
f 2590 4703 2585
f 2665 4704 2664
f 2664 4704 4705
f 2664 4705 2663
f 2663 4705 4706
f 2663 4706 2659
f 2659 4706 4707
f 2659 4707 2658
f 2658 4707 4708
f 2658 4708 2653
f 2654 4709 4467
f 4467 4709 4710
f 4467 4710 2595
f 2595 4710 4711
f 2595 4711 4699
f 4699 4711 4712
f 4699 4712 4700
f 4700 4712 4713
f 4700 4713 4701
f 4701 4713 4714
f 4701 4714 4702
f 4702 4714 4715
f 4702 4715 4703
f 2585 4703 2586
f 2586 4703 4715
f 2586 4715 4512
f 4512 4715 4716
f 4512 4716 2665
f 2665 4716 4717
f 2665 4717 4704
f 4704 4717 4718
f 4704 4718 4705
f 4705 4718 4719
f 4705 4719 4706
f 4706 4719 4720
f 4706 4720 4707
f 4707 4720 4709
f 4707 4709 4708
f 4708 4709 2654
f 4708 2654 2653
f 4716 2619 4717
f 4717 2619 2621
f 4717 2621 4718
f 4718 2621 2623
f 4718 2623 4719
f 4719 2623 2625
f 4719 2625 4720
f 4720 2625 2627
f 4720 2627 4709
f 4709 2627 2629
f 4709 2629 4710
f 4710 2629 2631
f 4710 2631 4711
f 4711 2631 2633
f 4711 2633 4712
f 4712 2633 2635
f 4712 2635 4713
f 4713 2635 2637
f 4713 2637 4714
f 4714 2637 2639
f 4714 2639 4715
f 4715 2639 2617
f 4715 2617 4716
f 4716 2617 2619
f 2532 4721 2531
f 2531 4721 4722
f 2531 4722 2530
f 2530 4722 4723
f 2530 4723 2529
f 2529 4723 4724
f 2529 4724 2527
f 2527 4724 4725
f 2527 4725 2522
f 2602 4726 2601
f 2601 4726 4727
f 2601 4727 2600
f 2600 4727 4728
f 2600 4728 2599
f 2599 4728 4729
f 2599 4729 2598
f 2598 4729 4730
f 2598 4730 2583
f 2584 4731 4466
f 4466 4731 4732
f 4466 4732 2532
f 2532 4732 4733
f 2532 4733 4721
f 4721 4733 4734
f 4721 4734 4722
f 4722 4734 4735
f 4722 4735 4723
f 4723 4735 4736
f 4723 4736 4724
f 4724 4736 4737
f 4724 4737 4725
f 2522 4725 2523
f 2523 4725 4737
f 2523 4737 4513
f 4513 4737 4738
f 4513 4738 2602
f 2602 4738 4739
f 2602 4739 4726
f 4726 4739 4740
f 4726 4740 4727
f 4727 4740 4741
f 4727 4741 4728
f 4728 4741 4742
f 4728 4742 4729
f 4729 4742 4731
f 4729 4731 4730
f 4730 4731 2584
f 4730 2584 2583
f 4738 2556 4739
f 4739 2556 2558
f 4739 2558 4740
f 4740 2558 2560
f 4740 2560 4741
f 4741 2560 2562
f 4741 2562 4742
f 4742 2562 2564
f 4742 2564 4731
f 4731 2564 2566
f 4731 2566 4732
f 4732 2566 2568
f 4732 2568 4733
f 4733 2568 2570
f 4733 2570 4734
f 4734 2570 2572
f 4734 2572 4735
f 4735 2572 2574
f 4735 2574 4736
f 4736 2574 2576
f 4736 2576 4737
f 4737 2576 2554
f 4737 2554 4738
f 4738 2554 2556
f 3170 4743 3165
f 3165 4743 4744
f 3165 4744 3163
f 3163 4744 4745
f 3163 4745 3162
f 3162 4745 4746
f 3162 4746 3160
f 3160 4746 4747
f 3160 4747 3159
f 2539 4748 2538
f 2538 4748 4749
f 2538 4749 2537
f 2537 4749 4750
f 2537 4750 2536
f 2536 4750 4751
f 2536 4751 2535
f 2535 4751 4752
f 2535 4752 2520
f 2521 4753 4465
f 4465 4753 4754
f 4465 4754 3170
f 3170 4754 4755
f 3170 4755 4743
f 4743 4755 4756
f 4743 4756 4744
f 4744 4756 4757
f 4744 4757 4745
f 4745 4757 4758
f 4745 4758 4746
f 4746 4758 4759
f 4746 4759 4747
f 3159 4747 3158
f 3158 4747 4759
f 3158 4759 4514
f 4514 4759 4760
f 4514 4760 2539
f 2539 4760 4761
f 2539 4761 4748
f 4748 4761 4762
f 4748 4762 4749
f 4749 4762 4763
f 4749 4763 4750
f 4750 4763 4764
f 4750 4764 4751
f 4751 4764 4753
f 4751 4753 4752
f 4752 4753 2521
f 4752 2521 2520
f 4760 2493 4761
f 4761 2493 2495
f 4761 2495 4762
f 4762 2495 2497
f 4762 2497 4763
f 4763 2497 2499
f 4763 2499 4764
f 4764 2499 2501
f 4764 2501 4753
f 4753 2501 2503
f 4753 2503 4754
f 4754 2503 2505
f 4754 2505 4755
f 4755 2505 2507
f 4755 2507 4756
f 4756 2507 2509
f 4756 2509 4757
f 4757 2509 2511
f 4757 2511 4758
f 4758 2511 2513
f 4758 2513 4759
f 4759 2513 2491
f 4759 2491 4760
f 4760 2491 2493
f 1807 1906 1804
f 1804 1906 1908
f 1781 1941 1779
f 1779 1941 1940
f 1723 2081 1719
f 1719 2081 2082
f 1719 2082 1720
f 1720 2082 1981
f 2288 2287 2289
f 2289 2287 4765
f 2289 4765 2290
f 2290 4765 4766
f 2290 4766 2299
f 2299 4766 4767
f 2299 4767 2298
f 2298 4767 4768
f 2298 4768 2294
f 2294 4768 4769
f 2294 4769 2296
f 2296 4769 2281
f 2287 1889 4765
f 4765 1889 1888
f 4765 1888 4766
f 4766 1888 1985
f 4766 1985 4767
f 4767 1985 1986
f 4767 1986 4768
f 4768 1986 1987
f 4768 1987 4769
f 4769 1987 1989
f 4769 1989 2281
f 2281 1989 1988
f 2280 2273 2306
f 2306 2273 4770
f 2306 4770 2307
f 2307 4770 4771
f 2307 4771 2308
f 2308 4771 4772
f 2308 4772 2310
f 2310 4772 4773
f 2310 4773 2309
f 2309 4773 4774
f 2309 4774 2274
f 2274 4774 2267
f 2273 1885 4770
f 4770 1885 2002
f 4770 2002 4771
f 4771 2002 2001
f 4771 2001 4772
f 4772 2001 1999
f 4772 1999 4773
f 4773 1999 1997
f 4773 1997 4774
f 4774 1997 1996
f 4774 1996 2267
f 2267 1996 1995
f 2262 2254 2261
f 2261 2254 4775
f 2261 4775 2260
f 2260 4775 4776
f 2260 4776 2257
f 2257 4776 4777
f 2257 4777 2266
f 2266 4777 4778
f 2266 4778 2265
f 2265 4778 4779
f 2265 4779 2263
f 2263 4779 2248
f 2254 2126 4775
f 4775 2126 2124
f 4775 2124 4776
f 4776 2124 2123
f 4776 2123 4777
f 4777 2123 2122
f 4777 2122 4778
f 4778 2122 2127
f 4778 2127 4779
f 4779 2127 2134
f 4779 2134 2248
f 2248 2134 2133
f 2238 2235 2247
f 2247 2235 4780
f 2247 4780 2243
f 2243 4780 4781
f 2243 4781 2241
f 2241 4781 4782
f 2241 4782 2239
f 2239 4782 4783
f 2239 4783 2240
f 2240 4783 4784
f 2240 4784 2242
f 2242 4784 2229
f 2235 2111 4780
f 4780 2111 2110
f 4780 2110 4781
f 4781 2110 2104
f 4781 2104 4782
f 4782 2104 2105
f 4782 2105 4783
f 4783 2105 2106
f 4783 2106 4784
f 4784 2106 2117
f 4784 2117 2229
f 2229 2117 2116
f 2228 2221 2311
f 2311 2221 4785
f 2311 4785 2312
f 2312 4785 4786
f 2312 4786 2313
f 2313 4786 4787
f 2313 4787 2315
f 2315 4787 4788
f 2315 4788 2314
f 2314 4788 4789
f 2314 4789 2222
f 2222 4789 2215
f 2221 2007 4785
f 4785 2007 2006
f 4785 2006 4786
f 4786 2006 2004
f 4786 2004 4787
f 4787 2004 2003
f 4787 2003 4788
f 4788 2003 2020
f 4788 2020 4789
f 4789 2020 2019
f 4789 2019 2215
f 2215 2019 2017
f 2208 2202 2212
f 2212 2202 4790
f 2212 4790 2210
f 2210 4790 4791
f 2210 4791 2211
f 2211 4791 4792
f 2211 4792 2213
f 2213 4792 4793
f 2213 4793 2214
f 2214 4793 4794
f 2214 4794 2207
f 2207 4794 2196
f 2202 1967 4790
f 4790 1967 2024
f 4790 2024 4791
f 4791 2024 2022
f 4791 2022 4792
f 4792 2022 2021
f 4792 2021 4793
f 4793 2021 2025
f 4793 2025 4794
f 4794 2025 2030
f 4794 2030 2196
f 2196 2030 2029
f 2190 2183 2191
f 2191 2183 4795
f 2191 4795 2187
f 2187 4795 4796
f 2187 4796 2188
f 2188 4796 4797
f 2188 4797 2189
f 2189 4797 4798
f 2189 4798 2193
f 2193 4798 4799
f 2193 4799 2194
f 2194 4799 2177
f 2183 2032 4795
f 4795 2032 2031
f 4795 2031 4796
f 4796 2031 1920
f 4796 1920 4797
f 4797 1920 1921
f 4797 1921 4798
f 4798 1921 1922
f 4798 1922 4799
f 4799 1922 1923
f 4799 1923 2177
f 2177 1923 2095
f 2172 2164 2174
f 2174 2164 4800
f 2174 4800 2175
f 2175 4800 4801
f 2175 4801 2176
f 2176 4801 4802
f 2176 4802 2171
f 2171 4802 4803
f 2171 4803 2173
f 2173 4803 4804
f 2173 4804 2168
f 2168 4804 2158
f 2164 2043 4800
f 4800 2043 2042
f 4800 2042 4801
f 4801 2042 1983
f 4801 1983 4802
f 4802 1983 1982
f 4802 1982 4803
f 4803 1982 1979
f 4803 1979 4804
f 4804 1979 1978
f 4804 1978 2158
f 2158 1978 2093
f 2157 2150 2317
f 2317 2150 4805
f 2317 4805 2320
f 2320 4805 4806
f 2320 4806 2318
f 2318 4806 4807
f 2318 4807 2319
f 2319 4807 4808
f 2319 4808 2316
f 2316 4808 4809
f 2316 4809 2151
f 2151 4809 2144
f 2150 2051 4805
f 4805 2051 2063
f 4805 2063 4806
f 4806 2063 2062
f 4806 2062 4807
f 4807 2062 2061
f 4807 2061 4808
f 4808 2061 2060
f 4808 2060 4809
f 4809 2060 2068
f 4809 2068 2144
f 2144 2068 2067
f 2143 2080 3310
f 3310 2080 2079
f 3310 2079 3312
f 3312 2079 2084
f 3312 2084 3314
f 3314 2084 2089
f 3314 2089 3315
f 3315 2089 2088
f 3315 2088 3317
f 3317 2088 2087
f 3317 2087 3319
f 3319 2087 2086
f 3319 2086 3321
f 3321 2086 2119
f 3321 2119 2135
f 2135 2119 1925
f 2045 3354 3352
f 1880 1879 4447
f 1880 4447 1907
f 1907 4447 4446
f 1907 4446 1909
f 1909 4446 4445
f 1909 4445 1912
f 1912 4445 4444
f 1912 4444 1914
f 4443 2037 2039
f 4443 2039 4444
f 4444 2039 2094
f 4444 2094 1914
f 2037 4443 2035
f 2035 4443 4442
f 2035 4442 2057
f 2057 4442 3358
f 2057 3358 2055
f 2055 3358 3356
f 2055 3356 2053
f 3354 2045 3356
f 3356 2045 2048
f 3356 2048 2053
f 3348 2100 3350
f 3350 2100 1882
f 3350 1882 3352
f 3352 1882 1884
f 3352 1884 2045
f 2103 2102 3348
f 3348 2102 2101
f 3348 2101 2100
f 3348 3346 2103
f 2103 3346 1844
f 2103 1844 1843
f 1831 1830 2305
f 2305 1830 4415
f 2305 4415 2304
f 2304 4415 2302
f 2304 2302 2303
f 1796 1795 2300
f 2300 1795 2301
f 1759 1758 1742
f 1742 1758 1741
f 4110 4109 4254
f 4083 4082 4229
f 4068 4069 4065
f 4068 4065 4074
f 4062 4073 4063
f 4063 4073 4074
f 4063 4074 4064
f 4064 4074 4065
f 4080 4076 4295
f 4061 4071 4062
f 4062 4071 4070
f 4062 4070 4073
f 4295 4294 4080
f 4080 4294 4297
f 4080 4297 4078
f 4078 4297 4296
f 4078 4296 4081
f 4081 4296 4069
f 4280 4090 4084
f 4092 4061 4094
f 4094 4061 4060
f 4153 4262 4092
f 4092 4262 4295
f 4092 4295 4061
f 4061 4295 4076
f 4061 4076 4071
f 4328 4119 4112
f 4067 4300 1717
f 1717 4300 4299
f 4299 4298 1717
f 1717 4298 4272
f 1717 4272 1718
f 4296 4277 4069
f 4069 4277 4279
f 4069 4279 4065
f 4065 4279 4280
f 4065 4280 4066
f 4066 4280 4084
f 4066 4084 4067
f 4067 4084 4083
f 4067 4083 4300
f 4300 4083 4229
f 4141 4094 4341
f 4341 4094 4060
f 4341 4060 4342
f 4342 4060 4059
f 4342 4059 4265
f 4265 4059 4263
f 4263 4059 4266
f 4266 4059 4058
f 4266 4058 4267
f 4267 4058 4057
f 4267 4057 4336
f 4336 4057 4056
f 4336 4056 4338
f 4338 4056 4055
f 4338 4055 4269
f 4254 4269 4110
f 4110 4269 4055
f 4110 4055 4112
f 4112 4055 4054
f 4112 4054 4328
f 4328 4054 4053
f 4328 4053 4329
f 4329 4053 4052
f 4329 4052 4326
f 4326 4052 4051
f 4326 4051 4320
f 4320 4051 1694
f 4320 1694 1696
f 3216 4459 3217
f 3217 4459 4810
f 3217 4810 3177
f 3177 4810 2447
f 3177 2447 2446
f 4459 3105 4810
f 4810 3105 3103
f 4810 3103 2447
f 2447 3103 3101
f 2447 3101 2455
f 3138 4460 3139
f 3139 4460 4811
f 3139 4811 3107
f 3107 4811 2436
f 3107 2436 2435
f 4460 3042 4811
f 4811 3042 3040
f 4811 3040 2436
f 2436 3040 3038
f 2436 3038 2444
f 3075 4461 3076
f 3076 4461 4812
f 3076 4812 3044
f 3044 4812 2425
f 3044 2425 2424
f 4461 2979 4812
f 4812 2979 2977
f 4812 2977 2425
f 2425 2977 2975
f 2425 2975 2433
f 2980 4462 2981
f 2981 4462 4813
f 2981 4813 2983
f 2983 4813 2414
f 2983 2414 2413
f 4462 2916 4813
f 4813 2916 2914
f 4813 2914 2414
f 2414 2914 2912
f 2414 2912 2422
f 2917 4463 2918
f 2918 4463 4814
f 2918 4814 2920
f 2920 4814 2403
f 2920 2403 2402
f 4463 2853 4814
f 4814 2853 2851
f 4814 2851 2403
f 2403 2851 2849
f 2403 2849 2411
f 2854 4464 2855
f 2855 4464 4815
f 2855 4815 2857
f 2857 4815 2392
f 2857 2392 2391
f 4464 2798 4815
f 4815 2798 2796
f 4815 2796 2392
f 2392 2796 2794
f 2392 2794 2400
f 2783 3291 2784
f 2784 3291 4816
f 2784 4816 2786
f 2786 4816 2378
f 2786 2378 2377
f 3291 2727 4816
f 4816 2727 2725
f 4816 2725 2378
f 2378 2725 2723
f 2378 2723 2388
f 2388 2723 2387
f 4817 3293 2673
f 2728 3293 2729
f 2729 3293 4817
f 2729 4817 2731
f 2731 4817 2367
f 2731 2367 2366
f 2375 2367 2669
f 2669 2367 4817
f 2669 4817 2671
f 2671 4817 2673
f 2674 3295 2675
f 2675 3295 4818
f 2675 4818 2677
f 2677 4818 2356
f 2677 2356 2355
f 3295 2610 4818
f 4818 2610 2608
f 4818 2608 2356
f 2356 2608 2606
f 2356 2606 2364
f 2643 3297 2644
f 2644 3297 4819
f 2644 4819 2612
f 2612 4819 2345
f 2612 2345 2344
f 3297 2547 4819
f 4819 2547 2545
f 4819 2545 2345
f 2345 2545 2543
f 2345 2543 2353
f 4820 2334 2333
f 2580 3299 2581
f 2581 3299 4820
f 2581 4820 2549
f 2549 4820 2333
f 3299 2484 4820
f 4820 2484 2482
f 4820 2482 2334
f 2334 2482 2480
f 2334 2480 2342
f 2517 3301 2518
f 2518 3301 4821
f 2518 4821 2486
f 2486 4821 2323
f 2486 2323 2322
f 3301 3189 4821
f 4821 3189 3187
f 4821 3187 2323
f 2323 3187 3185
f 2323 3185 2331
f 4822 4823 4824
f 4825 4826 4827
f 4822 4824 4827
f 4827 4824 4828
f 4827 4828 4825
f 4829 4830 4831
f 4825 4832 4826
f 4826 4832 4833
f 4826 4833 4831
f 4831 4833 4834
f 4831 4834 4829
f 4835 4836 4837
f 4829 4838 4830
f 4830 4838 4839
f 4830 4839 4837
f 4837 4839 4840
f 4837 4840 4835
f 4841 4842 4843
f 4843 4842 4844
f 4835 4845 4836
f 4836 4845 4846
f 4836 4846 4844
f 4844 4846 4847
f 4844 4847 4843
f 4848 4831 4830
f 4837 4849 4830
f 4830 4849 4850
f 4830 4850 4848
f 4836 4851 4837
f 4837 4851 4852
f 4837 4852 4849
f 4827 4826 4853
f 4848 4854 4831
f 4831 4854 4855
f 4831 4855 4826
f 4826 4855 4856
f 4826 4856 4853
f 4853 4857 4827
f 4827 4857 4858
f 4827 4858 4822
f 4859 4860 4861
f 4862 4863 4864
f 4865 4844 4842
f 4858 4866 4822
f 4822 4866 4867
f 4822 4867 4860
f 4860 4867 4868
f 4860 4868 4861
f 4861 4869 4859
f 4859 4869 4870
f 4859 4870 4864
f 4864 4870 4871
f 4864 4871 4862
f 4865 4872 4844
f 4844 4872 4873
f 4844 4873 4836
f 4836 4873 4874
f 4836 4874 4851
f 4862 4875 4863
f 4863 4875 4876
f 4863 4876 4877
f 4876 4878 4877
f 4877 4878 4879
f 4877 4879 4880
f 4879 4881 4880
f 4880 4881 4882
f 4880 4882 4883
f 4882 4884 4883
f 4883 4884 4885
f 4883 4885 4842
f 4842 4885 4886
f 4842 4886 4865
f 4841 4887 4888
f 4887 4889 4890
f 4889 4886 4885
f 4889 4885 4890
f 4890 4885 4884
f 4890 4884 4891
f 4891 4884 4882
f 4891 4882 4892
f 4892 4882 4881
f 4892 4881 4893
f 4893 4881 4879
f 4893 4879 4894
f 4894 4879 4878
f 4894 4878 4895
f 4895 4878 4876
f 4895 4876 4896
f 4896 4876 4875
f 4896 4875 4897
f 4897 4875 4862
f 4897 4862 4898
f 4898 4862 4871
f 4898 4871 4899
f 4899 4871 4870
f 4899 4870 4900
f 4900 4870 4869
f 4900 4869 4901
f 4901 4869 4861
f 4901 4861 4902
f 4902 4861 4868
f 4902 4868 4903
f 4903 4868 4867
f 4903 4867 4904
f 4904 4867 4866
f 4904 4866 4905
f 4887 4890 4888
f 4888 4890 4891
f 4888 4891 4906
f 4906 4891 4892
f 4906 4892 4907
f 4907 4892 4893
f 4907 4893 4908
f 4908 4893 4894
f 4908 4894 4909
f 4909 4894 4895
f 4909 4895 4910
f 4910 4895 4896
f 4910 4896 4911
f 4911 4896 4897
f 4911 4897 4912
f 4912 4897 4898
f 4912 4898 4913
f 4913 4898 4899
f 4913 4899 4914
f 4914 4899 4900
f 4914 4900 4915
f 4915 4900 4901
f 4915 4901 4916
f 4916 4901 4902
f 4916 4902 4917
f 4917 4902 4903
f 4917 4903 4918
f 4918 4903 4904
f 4918 4904 4919
f 4919 4904 4905
f 4919 4905 4920
f 4841 4888 4921
f 4921 4888 4906
f 4921 4906 4922
f 4922 4906 4907
f 4922 4907 4923
f 4923 4907 4908
f 4923 4908 4924
f 4924 4908 4909
f 4924 4909 4925
f 4925 4909 4910
f 4925 4910 4926
f 4926 4910 4911
f 4926 4911 4927
f 4927 4911 4912
f 4927 4912 4928
f 4928 4912 4913
f 4928 4913 4929
f 4929 4913 4914
f 4929 4914 4930
f 4930 4914 4915
f 4930 4915 4931
f 4931 4915 4916
f 4931 4916 4932
f 4932 4916 4917
f 4932 4917 4933
f 4933 4917 4918
f 4933 4918 4934
f 4934 4918 4919
f 4934 4919 4935
f 4935 4919 4920
f 4935 4920 4823
f 4823 4920 4936
f 4920 4905 4937
f 4905 4866 4858
f 4905 4858 4937
f 4937 4858 4857
f 4937 4857 4938
f 4938 4857 4853
f 4938 4853 4939
f 4939 4853 4856
f 4939 4856 4940
f 4940 4856 4855
f 4940 4855 4941
f 4941 4855 4854
f 4941 4854 4942
f 4942 4854 4848
f 4942 4848 4943
f 4943 4848 4850
f 4943 4850 4944
f 4944 4850 4849
f 4944 4849 4945
f 4945 4849 4852
f 4945 4852 4946
f 4946 4852 4851
f 4946 4851 4947
f 4947 4851 4874
f 4947 4874 4948
f 4948 4874 4873
f 4948 4873 4949
f 4949 4873 4872
f 4949 4872 4950
f 4950 4872 4865
f 4950 4865 4951
f 4951 4865 4886
f 4951 4886 4889
f 4920 4937 4936
f 4936 4937 4938
f 4936 4938 4952
f 4952 4938 4939
f 4952 4939 4953
f 4953 4939 4940
f 4953 4940 4954
f 4954 4940 4941
f 4954 4941 4955
f 4955 4941 4942
f 4955 4942 4956
f 4956 4942 4943
f 4956 4943 4957
f 4957 4943 4944
f 4957 4944 4958
f 4958 4944 4945
f 4958 4945 4959
f 4959 4945 4946
f 4959 4946 4960
f 4960 4946 4947
f 4960 4947 4961
f 4961 4947 4948
f 4961 4948 4962
f 4962 4948 4949
f 4962 4949 4963
f 4963 4949 4950
f 4963 4950 4964
f 4964 4950 4951
f 4964 4951 4965
f 4965 4951 4889
f 4965 4889 4887
f 4823 4936 4824
f 4824 4936 4952
f 4824 4952 4828
f 4828 4952 4953
f 4828 4953 4825
f 4825 4953 4954
f 4825 4954 4832
f 4832 4954 4955
f 4832 4955 4833
f 4833 4955 4956
f 4833 4956 4834
f 4834 4956 4957
f 4834 4957 4829
f 4829 4957 4958
f 4829 4958 4838
f 4838 4958 4959
f 4838 4959 4839
f 4839 4959 4960
f 4839 4960 4840
f 4840 4960 4961
f 4840 4961 4835
f 4835 4961 4962
f 4835 4962 4845
f 4845 4962 4963
f 4845 4963 4846
f 4846 4963 4964
f 4846 4964 4847
f 4847 4964 4965
f 4847 4965 4843
f 4843 4965 4887
f 4843 4887 4841
f 4883 4842 4921
f 4921 4842 4841
f 4925 4877 4880
f 4921 4922 4883
f 4883 4922 4923
f 4883 4923 4880
f 4880 4923 4924
f 4880 4924 4925
f 4925 4926 4877
f 4877 4926 4927
f 4877 4927 4863
f 4927 4928 4863
f 4863 4928 4929
f 4863 4929 4864
f 4929 4930 4864
f 4864 4930 4931
f 4864 4931 4859
f 4823 4822 4935
f 4935 4822 4860
f 4931 4932 4859
f 4859 4932 4933
f 4859 4933 4860
f 4860 4933 4934
f 4860 4934 4935
f 4966 4967 4968
f 4968 4967 4969
f 4968 4969 4970
f 4970 4969 4971
f 4970 4971 4972
f 4972 4971 4973
f 4967 4966 4974
f 4974 4966 4975
f 4974 4975 4973
f 4973 4975 4972
f 4966 4968 4975
f 4975 4968 4970
f 4975 4970 4972
f 4969 4967 4971
f 4971 4967 4974
f 4971 4974 4973
f 4976 4977 4978
f 4978 4977 4979
f 4978 4979 4980
f 4980 4979 4981
f 4980 4981 4982
f 4982 4981 4983
f 4977 4976 4984
f 4984 4976 4985
f 4984 4985 4983
f 4983 4985 4982
f 4980 4982 4978
f 4978 4982 4985
f 4978 4985 4976
f 4983 4981 4984
f 4984 4981 4979
f 4984 4979 4977
f 4986 4987 4988
f 4988 4987 4989
f 4988 4989 4990
f 4990 4989 4991
f 4990 4991 4992
f 4992 4991 4993
f 4987 4986 4994
f 4994 4986 4995
f 4994 4995 4993
f 4993 4995 4992
f 4989 4987 4991
f 4991 4987 4994
f 4991 4994 4993
f 4990 4992 4988
f 4988 4992 4995
f 4988 4995 4986
f 4996 4997 4998
f 4998 4997 4999
f 4998 4999 5000
f 5000 4999 5001
f 5000 5001 5002
f 5002 5001 5003
f 4997 4996 5004
f 5004 4996 5005
f 5004 5005 5003
f 5003 5005 5002
f 5003 5001 5004
f 5004 5001 4999
f 5004 4999 4997
f 4996 4998 5005
f 5005 4998 5000
f 5005 5000 5002

