# https://github.com/mikedh/trimesh
v 0.03733683 0.01014784 -0.10829941
v 0.03746497 0.00914919 -0.10929253
v 0.03686934 0.00914921 -0.10930981
v 0.03631074 0.01014765 -0.10816181
v 0.03592583 0.00914891 -0.10908613
v 0.03556980 0.00914867 -0.10890909
v 0.03549093 0.01014678 -0.10752959
v 0.03469611 0.00914761 -0.10813780
v 0.03410529 0.00914565 -0.10670166
v 0.03509705 0.01014548 -0.10657217
v -0.00182333 0.00654966 -0.03637650
v -0.00182333 0.00304966 -0.03638128
v -0.00254140 0.00655006 -0.03667191
v -0.00254140 0.00305007 -0.03667669
v -0.00301556 0.00655090 -0.03728677
v -0.00301556 0.00305090 -0.03729155
v -0.00311876 0.00655195 -0.03805634
v -0.00311876 0.00305196 -0.03806111
v -0.00282336 0.00655293 -0.03877440
v -0.00282336 0.00305294 -0.03877918
v -0.00220850 0.00655358 -0.03924857
v -0.00220850 0.00305358 -0.03925334
v -0.00143893 0.00655372 -0.03935177
v -0.00143893 0.00305372 -0.03935655
v -0.00163113 0.00745298 -0.03786291
v 0.01719931 0.00661278 -0.08261648
v 0.01719931 0.00311278 -0.08262125
v 0.01648124 0.00661318 -0.08291189
v 0.01648124 0.00311318 -0.08291666
v 0.01600708 0.00661402 -0.08352675
v 0.01600708 0.00311402 -0.08353152
v 0.01590387 0.00661507 -0.08429632
v 0.01590387 0.00311507 -0.08430109
v 0.01619928 0.00661605 -0.08501438
v 0.01619928 0.00311605 -0.08501916
v 0.01681414 0.00661670 -0.08548854
v 0.01681414 0.00311670 -0.08549331
v 0.01758371 0.00661684 -0.08559175
v 0.01758371 0.00311684 -0.08559652
v 0.01739151 0.00751610 -0.08410288
v 0.02302756 0.01505645 -0.11460400
v 0.02298912 0.01475604 -0.11430687
v 0.02427174 0.01475628 -0.11447889
v 0.02415626 0.01505665 -0.11475536
v 0.02529651 0.01475735 -0.11526915
v 0.02505806 0.01505760 -0.11545080
v 0.02578885 0.01475899 -0.11646593
v 0.02549132 0.01505904 -0.11650397
v 0.02561684 0.01476074 -0.11774854
v 0.02533995 0.01506058 -0.11763266
v 0.02482657 0.01476214 -0.11877332
v 0.02464451 0.01506181 -0.11853446
v 0.02362979 0.01476281 -0.11926565
v 0.02359135 0.01506240 -0.11896772
v 0.01089066 0.01503475 -0.09870760
v 0.01085222 0.01473434 -0.09841049
v 0.01213484 0.01473458 -0.09858249
v 0.01201936 0.01503495 -0.09885897
v 0.01315961 0.01473566 -0.09937277
v 0.01292116 0.01503590 -0.09955441
v 0.01365195 0.01473729 -0.10056954
v 0.01335442 0.01503734 -0.10060757
v 0.01347994 0.01473904 -0.10185216
v 0.01320305 0.01503888 -0.10173627
v 0.01268967 0.01474044 -0.10287692
v 0.01250761 0.01504011 -0.10263807
v 0.01149289 0.01474111 -0.10336927
v 0.01145445 0.01504070 -0.10307132
v 0.01145445 -0.00385928 -0.10309713
v 0.01149289 -0.00355887 -0.10339425
v 0.01268967 -0.00355954 -0.10290190
v 0.01250761 -0.00385987 -0.10266387
v 0.01347994 -0.00356094 -0.10187714
v 0.01320305 -0.00386110 -0.10176207
v 0.01365195 -0.00356269 -0.10059452
v 0.01335442 -0.00386264 -0.10063337
v 0.01315961 -0.00356433 -0.09939774
v 0.01292116 -0.00386408 -0.09958021
v 0.01213484 -0.00356541 -0.09860747
v 0.01201936 -0.00386503 -0.09888477
v 0.01085222 -0.00356564 -0.09843546
v 0.01089066 -0.00386524 -0.09873340
v 0.02359135 -0.00383758 -0.11899352
v 0.02362979 -0.00353717 -0.11929063
v 0.02482657 -0.00353785 -0.11879829
v 0.02464451 -0.00383817 -0.11856025
v 0.02561684 -0.00353925 -0.11777353
v 0.02533995 -0.00383940 -0.11765846
v 0.02578885 -0.00354100 -0.11649092
v 0.02549132 -0.00384094 -0.11652976
v 0.02529651 -0.00354263 -0.11529413
v 0.02505806 -0.00384238 -0.11547659
v 0.02427174 -0.00354371 -0.11450387
v 0.02415626 -0.00384333 -0.11478116
v 0.02298912 -0.00354394 -0.11433185
v 0.02302756 -0.00384354 -0.11462979
v -0.00153760 -0.00001624 0.01190107
v -0.00153760 0.00298375 0.01190517
v -0.00230717 -0.00001639 0.01200428
v -0.00230717 0.00298361 0.01200837
v -0.00292203 -0.00001703 0.01247844
v -0.00292203 0.00298296 0.01248254
v -0.00321743 -0.00001801 0.01319651
v -0.00321743 0.00298198 0.01320060
v -0.00311423 -0.00001906 0.01396607
v -0.00311423 0.00298093 0.01397017
v -0.00264007 -0.00001990 0.01458094
v -0.00264007 0.00298009 0.01458503
v -0.00192200 -0.00002031 0.01487634
v -0.00192200 0.00297969 0.01488044
v -0.01226767 -0.00000506 0.00370867
v -0.01226767 0.00299493 0.00371277
v -0.01303724 -0.00000520 0.00381188
v -0.01303724 0.00299479 0.00381597
v -0.01365210 -0.00000585 0.00428604
v -0.01365210 0.00299415 0.00429013
v -0.01394751 -0.00000683 0.00500411
v -0.01394751 0.00299317 0.00500820
v -0.01384430 -0.00000788 0.00577367
v -0.01384430 0.00299212 0.00577777
v -0.01337014 -0.00000872 0.00638854
v -0.01337014 0.00299128 0.00639263
v -0.01265207 -0.00000912 0.00668394
v -0.01265207 0.00299087 0.00668804
v 0.01092227 -0.00000915 0.00670477
v 0.01092227 0.00299085 0.00670886
v 0.01015270 -0.00000929 0.00680797
v 0.01015270 0.00299070 0.00681207
v 0.00953784 -0.00000994 0.00728213
v 0.00953784 0.00299006 0.00728623
v 0.00924244 -0.00001092 0.00800020
v 0.00924244 0.00298908 0.00800430
v 0.00934564 -0.00001197 0.00876977
v 0.00934564 0.00298803 0.00877386
v 0.00981980 -0.00001281 0.00938463
v 0.00981980 0.00298719 0.00938873
v 0.01053787 -0.00001321 0.00968003
v 0.01053787 0.00298678 0.00968413
v -0.01053787 0.00001321 -0.00968003
v -0.01053787 0.00301321 -0.00967594
v -0.01130744 0.00001307 -0.00957683
v -0.01130744 0.00301307 -0.00957273
v -0.01192230 0.00001243 -0.00910267
v -0.01192230 0.00301242 -0.00909857
v -0.01221771 0.00001145 -0.00838460
v -0.01221771 0.00301144 -0.00838051
v -0.01211450 0.00001039 -0.00761503
v -0.01211450 0.00301039 -0.00761094
v -0.01164034 0.00000956 -0.00700017
v -0.01164034 0.00300955 -0.00699608
v -0.01092227 0.00000915 -0.00670477
v -0.01092227 0.00300915 -0.00670067
v 0.01265207 0.00000912 -0.00668394
v 0.01265207 0.00300912 -0.00667985
v 0.01188250 0.00000898 -0.00658073
v 0.01188250 0.00300898 -0.00657664
v 0.01126764 0.00000834 -0.00610657
v 0.01126764 0.00300833 -0.00610248
v 0.01097223 0.00000736 -0.00538851
v 0.01097223 0.00300735 -0.00538441
v 0.01107544 0.00000630 -0.00461894
v 0.01107544 0.00300630 -0.00461484
v 0.01154960 0.00000547 -0.00400408
v 0.01154960 0.00300546 -0.00399998
v 0.01226767 0.00000506 -0.00370867
v 0.01226767 0.00300506 -0.00370458
v 0.00214623 0.00302267 -0.01660782
v 0.00214623 0.01002267 -0.01659826
v 0.00047883 0.00302237 -0.01638421
v 0.00047883 0.01002236 -0.01637465
v -0.00085337 0.00302096 -0.01535686
v -0.00085337 0.01002096 -0.01534730
v -0.00149341 0.00301884 -0.01380104
v -0.00149341 0.01001883 -0.01379149
v -0.00126980 0.00301656 -0.01213365
v -0.00126980 0.01001656 -0.01212409
v -0.00024245 0.00301475 -0.01080145
v -0.00024245 0.01001474 -0.01079189
v 0.00131336 0.00301387 -0.01016140
v 0.00131336 0.01001387 -0.01015185
v 0.00192200 0.00002031 -0.01487634
v 0.00192200 0.00302030 -0.01487225
v 0.00115243 0.00002017 -0.01477314
v 0.00115243 0.00302016 -0.01476904
v 0.00053757 0.00001952 -0.01429897
v 0.00053757 0.00301951 -0.01429488
v 0.00024216 0.00001854 -0.01358091
v 0.00024216 0.00301853 -0.01357681
v 0.00034537 0.00001749 -0.01281134
v 0.00034537 0.00301748 -0.01280724
v 0.00081953 0.00001665 -0.01219648
v 0.00081953 0.00301664 -0.01219238
v 0.00153760 0.00001624 -0.01190107
v 0.00153760 0.00301624 -0.01189698
v 0.01193699 0.00599582 0.00306289
v 0.01193699 -0.00000417 0.00305470
v 0.01121892 0.00599623 0.00276749
v 0.01121892 -0.00000377 0.00275930
v 0.01074476 0.00599707 0.00215262
v 0.01074476 -0.00000293 0.00214443
v 0.01064155 0.00599812 0.00138306
v 0.01064155 -0.00000188 0.00137487
v 0.01093696 0.00599910 0.00066499
v 0.01093696 -0.00000090 0.00065680
v 0.01155182 0.00599974 0.00019083
v 0.01155182 -0.00000025 0.00018264
v 0.01232139 0.00599989 0.00008762
v 0.01232139 -0.00000011 0.00007943
v 0.01212919 0.00689915 0.00157649
v -0.00489967 0.00601337 -0.00979188
v -0.00489967 0.00001338 -0.00980007
v -0.00561774 0.00601377 -0.01008729
v -0.00561774 0.00001378 -0.01009548
v -0.00609190 0.00601461 -0.01070215
v -0.00609190 0.00001462 -0.01071034
v -0.00619511 0.00601566 -0.01147172
v -0.00619511 0.00001567 -0.01147991
v -0.00589970 0.00601664 -0.01218979
v -0.00589970 0.00001665 -0.01219798
v -0.00528484 0.00601729 -0.01266395
v -0.00528484 0.00001730 -0.01267214
v -0.00451527 0.00601743 -0.01276715
v -0.00451527 0.00001744 -0.01277534
v -0.00470747 0.00691669 -0.01127829
v 0.01133272 0.00753943 -0.10213941
v 0.01133272 0.01503942 -0.10212917
v 0.01069142 0.00753931 -0.10205339
v 0.01069142 0.01503930 -0.10204315
v 0.01017903 0.00753877 -0.10165825
v 0.01017903 0.01503876 -0.10164802
v 0.00993286 0.00753795 -0.10105987
v 0.00993286 0.01503794 -0.10104963
v 0.01001886 0.00753708 -0.10041856
v 0.01001886 0.01503707 -0.10040832
v 0.01041400 0.00753638 -0.09990618
v 0.01041400 0.01503637 -0.09989594
v 0.01101239 0.00753604 -0.09966001
v 0.01101239 0.01503603 -0.09964977
v 0.01117255 0.00678666 -0.10090072
v 0.02346962 0.00756112 -0.11803579
v 0.02346962 0.01506112 -0.11802555
v 0.02282832 0.00756101 -0.11794978
v 0.02282832 0.01506100 -0.11793955
v 0.02231593 0.00756047 -0.11755465
v 0.02231593 0.01506046 -0.11754441
v 0.02206976 0.00755965 -0.11695626
v 0.02206976 0.01505964 -0.11694603
v 0.02215577 0.00755877 -0.11631496
v 0.02215577 0.01505877 -0.11630472
v 0.02255090 0.00755807 -0.11580257
v 0.02255090 0.01505807 -0.11579233
v 0.02314929 0.00755774 -0.11555640
v 0.02314929 0.01505773 -0.11554616
v 0.02330946 0.00680836 -0.11679712
v 0.02314929 0.00365774 -0.11556172
v 0.02314929 -0.00384225 -0.11557195
v 0.02255090 0.00365808 -0.11580789
v 0.02255090 -0.00384191 -0.11581813
v 0.02215577 0.00365878 -0.11632028
v 0.02215577 -0.00384122 -0.11633052
v 0.02206976 0.00365965 -0.11696158
v 0.02206976 -0.00384034 -0.11697182
v 0.02231593 0.00366047 -0.11755998
v 0.02231593 -0.00383952 -0.11757021
v 0.02282832 0.00366101 -0.11795511
v 0.02282832 -0.00383898 -0.11796535
v 0.02346962 0.00366113 -0.11804111
v 0.02346962 -0.00383887 -0.11805135
v 0.02330946 0.00441051 -0.11680039
v 0.01101239 0.00363604 -0.09966533
v 0.01101239 -0.00386395 -0.09967557
v 0.01041400 0.00363638 -0.09991150
v 0.01041400 -0.00386361 -0.09992174
v 0.01001886 0.00363708 -0.10042389
v 0.01001886 -0.00386291 -0.10043412
v 0.00993286 0.00363796 -0.10106519
v 0.00993286 -0.00386204 -0.10107543
v 0.01017903 0.00363877 -0.10166358
v 0.01017903 -0.00386122 -0.10167382
v 0.01069142 0.00363931 -0.10205872
v 0.01069142 -0.00386068 -0.10206895
v 0.01133272 0.00363943 -0.10214473
v 0.01133272 -0.00386056 -0.10215496
v 0.01117255 0.00438881 -0.10090400
v 0.00509329 0.00705380 -0.03941275
v 0.00509329 0.01005380 -0.03940865
v 0.00342590 0.00705350 -0.03918914
v 0.00342590 0.01005350 -0.03918504
v 0.00209370 0.00705210 -0.03816179
v 0.00209370 0.01005209 -0.03815769
v 0.00145365 0.00704997 -0.03660597
v 0.00145365 0.01004997 -0.03660188
v 0.00167726 0.00704770 -0.03493858
v 0.00167726 0.01004769 -0.03493448
v 0.00270461 0.00704588 -0.03360638
v 0.00270461 0.01004588 -0.03360228
v 0.00426043 0.00704500 -0.03296633
v 0.00426043 0.01004500 -0.03296224
v 0.00486906 0.00305144 -0.03768263
v 0.00486906 0.00705143 -0.03767717
v 0.00409949 0.00305130 -0.03757943
v 0.00409949 0.00705129 -0.03757397
v 0.00348463 0.00305065 -0.03710527
v 0.00348463 0.00705065 -0.03709981
v 0.00318922 0.00304967 -0.03638720
v 0.00318922 0.00704967 -0.03638174
v 0.00329243 0.00304862 -0.03561763
v 0.00329243 0.00704862 -0.03561217
v 0.00376659 0.00304778 -0.03500277
v 0.00376659 0.00704778 -0.03499731
v 0.00448466 0.00304738 -0.03470737
v 0.00448466 0.00704737 -0.03470191
v 0.02816713 0.00706694 -0.04903554
v 0.02816713 0.01006694 -0.04903144
v 0.02649973 0.00706663 -0.04881192
v 0.02649973 0.01006663 -0.04880783
v 0.02516753 0.00706523 -0.04778457
v 0.02516753 0.01006523 -0.04778048
v 0.02452748 0.00706311 -0.04622876
v 0.02452748 0.01006311 -0.04622466
v 0.02475110 0.00706083 -0.04456137
v 0.02475110 0.01006083 -0.04455727
v 0.02577845 0.00705901 -0.04322917
v 0.02577845 0.01005901 -0.04322507
v 0.02733426 0.00705814 -0.04258912
v 0.02733426 0.01005814 -0.04258503
v 0.02794289 0.00306457 -0.04730542
v 0.02794289 0.00706457 -0.04729997
v 0.02717333 0.00306443 -0.04720222
v 0.02717333 0.00706443 -0.04719676
v 0.02655846 0.00306379 -0.04672806
v 0.02655846 0.00706378 -0.04672260
v 0.02626306 0.00306281 -0.04600999
v 0.02626306 0.00706280 -0.04600453
v 0.02636626 0.00306175 -0.04524042
v 0.02636626 0.00706175 -0.04523496
v 0.02684042 0.00306092 -0.04462556
v 0.02684042 0.00706091 -0.04462010
v 0.02755849 0.00306051 -0.04433015
v 0.02755849 0.00706051 -0.04432470
v -0.01477721 0.00697451 -0.05458400
v -0.01477721 0.00797451 -0.05458263
v -0.01644461 0.00697421 -0.05436039
v -0.01644461 0.00797421 -0.05435902
v -0.01777681 0.00697280 -0.05333303
v -0.01777681 0.00797280 -0.05333167
v -0.01841685 0.00697068 -0.05177722
v -0.01841685 0.00797068 -0.05177585
v -0.01819324 0.00696841 -0.05010983
v -0.01819324 0.00796840 -0.05010846
v -0.01716589 0.00696659 -0.04877763
v -0.01716589 0.00796659 -0.04877626
v -0.01561008 0.00696571 -0.04813758
v -0.01561008 0.00796571 -0.04813622
v -0.01500144 0.00307215 -0.05285375
v -0.01500144 0.00697214 -0.05284842
v -0.01577101 0.00307201 -0.05275054
v -0.01577101 0.00697200 -0.05274522
v -0.01638587 0.00307136 -0.05227638
v -0.01638587 0.00697136 -0.05227106
v -0.01668128 0.00307038 -0.05155831
v -0.01668128 0.00697037 -0.05155299
v -0.01657807 0.00306933 -0.05078875
v -0.01657807 0.00696932 -0.05078342
v -0.01610391 0.00306849 -0.05017388
v -0.01610391 0.00696849 -0.05016856
v -0.01538584 0.00306809 -0.04987848
v -0.01538584 0.00696808 -0.04987315
v -0.01157388 0.00700836 -0.07937790
v -0.01157388 0.00800835 -0.07937653
v -0.01324128 0.00700805 -0.07915429
v -0.01324128 0.00800805 -0.07915293
v -0.01457348 0.00700665 -0.07812694
v -0.01397501 0.00800747 -0.07872694
v -0.01457348 0.00800665 -0.07812557
v -0.01521352 0.00700452 -0.07657112
v -0.01521352 0.00800452 -0.07656976
v -0.01498991 0.00700225 -0.07490373
v -0.01498991 0.00800225 -0.07490236
v -0.01396256 0.00700043 -0.07357153
v -0.01396256 0.00800043 -0.07357016
v -0.01240675 0.00699956 -0.07293148
v -0.01240675 0.00799956 -0.07293012
v -0.01179811 0.00310599 -0.07764765
v -0.01179811 0.00700599 -0.07764232
v -0.01256768 0.00310585 -0.07754444
v -0.01256768 0.00700585 -0.07753912
v -0.01318255 0.00310520 -0.07707028
v -0.01318255 0.00700520 -0.07706495
v -0.01347795 0.00310422 -0.07635222
v -0.01347795 0.00700422 -0.07634689
v -0.01337474 0.00310317 -0.07558265
v -0.01337474 0.00700317 -0.07557733
v -0.01290058 0.00310233 -0.07496779
v -0.01290058 0.00700233 -0.07496246
v -0.01218251 0.00310193 -0.07467238
v -0.01218251 0.00700193 -0.07466705
v 0.01149995 0.00702149 -0.08900069
v 0.01149995 0.00802149 -0.08899932
v 0.00983255 0.00702119 -0.08877707
v 0.00983255 0.00802118 -0.08877571
v 0.00850035 0.00701978 -0.08774972
v 0.00850035 0.00801978 -0.08774836
v 0.00786031 0.00701766 -0.08619391
v 0.00786031 0.00801766 -0.08619254
v 0.00808392 0.00701538 -0.08452652
v 0.00808392 0.00801538 -0.08452515
v 0.00911127 0.00701356 -0.08319432
v 0.00911127 0.00801356 -0.08319295
v 0.01066709 0.00701269 -0.08255427
v 0.01066709 0.00801269 -0.08255291
v 0.01127572 0.00311912 -0.08727044
v 0.01127572 0.00701912 -0.08726511
v 0.01050615 0.00311898 -0.08716723
v 0.01050615 0.00701898 -0.08716191
v 0.00989129 0.00311834 -0.08669307
v 0.00989129 0.00701833 -0.08668775
v 0.00959588 0.00311736 -0.08597500
v 0.00959588 0.00701735 -0.08596968
v 0.00969909 0.00311631 -0.08520544
v 0.00969909 0.00701630 -0.08520011
v 0.01017325 0.00311547 -0.08459058
v 0.01017325 0.00701546 -0.08458526
v 0.01089132 0.00311506 -0.08429517
v 0.01089132 0.00701506 -0.08428985
v 0.01044285 0.00311033 -0.08082402
v 0.01044285 0.00801032 -0.08081733
v 0.00522182 0.00311031 -0.08081143
v 0.00522182 0.00801030 -0.08080474
v 0.00018195 0.00310845 -0.07944795
v 0.00018195 0.00800844 -0.07944126
v -0.00222036 0.00800681 -0.07824426
v -0.00433330 0.00310487 -0.07682653
v -0.00433330 0.00800486 -0.07681984
v -0.00801621 0.00309982 -0.07312579
v -0.00801621 0.00799981 -0.07311910
v -0.01061582 0.00309364 -0.06859795
v -0.01061582 0.00799363 -0.06859126
v -0.01195495 0.00308675 -0.06355157
v -0.01195495 0.00798674 -0.06354488
v -0.01194235 0.00307962 -0.05833053
v -0.01194235 0.00797962 -0.05832385
v -0.01057888 0.00307274 -0.05329067
v -0.01057888 0.00797274 -0.05328398
v -0.00795745 0.00306658 -0.04877543
v -0.00795745 0.00796658 -0.04876874
v -0.00425671 0.00306155 -0.04509251
v -0.00425671 0.00796155 -0.04508583
v 0.00027114 0.00305800 -0.04249291
v 0.00027114 0.00795800 -0.04248622
v 0.00531753 0.00305618 -0.04115378
v 0.00531753 0.00795617 -0.04114709
v 0.02362979 0.00216282 -0.11928286
v 0.02482657 0.00216215 -0.11879051
v 0.02561684 0.00216075 -0.11776575
v 0.02578885 0.00215900 -0.11648314
v 0.02529651 0.00215736 -0.11528635
v 0.02427174 0.00215629 -0.11449608
v 0.02298912 0.00215605 -0.11432407
v 0.02382199 0.00216485 -0.12077049
v 0.02382199 0.00316485 -0.12076913
v 0.02573684 0.00316377 -0.11998137
v 0.02573684 0.00216378 -0.11998273
v 0.02700127 0.00316154 -0.11834174
v 0.02700127 0.00216154 -0.11834311
v 0.02727648 0.00315874 -0.11628957
v 0.02727648 0.00215874 -0.11629093
v 0.02648874 0.00315612 -0.11437472
v 0.02648874 0.00215612 -0.11437608
v 0.02484910 0.00315440 -0.11311029
v 0.02484910 0.00215440 -0.11311165
v 0.02279692 0.00315402 -0.11283508
v 0.02279692 0.00215402 -0.11283644
v 0.01149289 0.00214112 -0.10338647
v 0.01268967 0.00214045 -0.10289412
v 0.01347994 0.00213905 -0.10186936
v 0.01365195 0.00213730 -0.10058674
v 0.01315961 0.00213567 -0.09938996
v 0.01213484 0.00213459 -0.09859969
v 0.01085222 0.00213435 -0.09842768
v 0.01168509 0.00214315 -0.10487410
v 0.01168509 0.00314315 -0.10487273
v 0.01359993 0.00314208 -0.10408498
v 0.01359993 0.00214208 -0.10408635
v 0.01486437 0.00313984 -0.10244536
v 0.01486437 0.00213984 -0.10244672
v 0.01513958 0.00313704 -0.10039318
v 0.01513958 0.00213704 -0.10039454
v 0.01435184 0.00313442 -0.09847833
v 0.01435184 0.00213442 -0.09847970
v 0.01271220 0.00313270 -0.09721390
v 0.01271220 0.00213270 -0.09721527
v 0.01066002 0.00313232 -0.09693868
v 0.01066002 0.00213232 -0.09694005
v 0.02298912 0.00905605 -0.11431465
v 0.02427174 0.00905628 -0.11448666
v 0.02529651 0.00905736 -0.11527693
v 0.02578885 0.00905899 -0.11647371
v 0.02561684 0.00906074 -0.11775632
v 0.02482657 0.00906214 -0.11878110
v 0.02362979 0.00906281 -0.11927344
v 0.02279692 0.00905401 -0.11282703
v 0.02279692 0.00805402 -0.11282839
v 0.02484910 0.00805439 -0.11310360
v 0.02484910 0.00905439 -0.11310223
v 0.02648874 0.00805612 -0.11436803
v 0.02648874 0.00905612 -0.11436667
v 0.02727648 0.00805873 -0.11628288
v 0.02727648 0.00905873 -0.11628152
v 0.02700127 0.00806153 -0.11833505
v 0.02700127 0.00906153 -0.11833369
v 0.02573684 0.00806377 -0.11997469
v 0.02573684 0.00906377 -0.11997332
v 0.02382199 0.00806485 -0.12076244
v 0.02382199 0.00906484 -0.12076107
v 0.01085222 0.00903435 -0.09841827
v 0.01213484 0.00903458 -0.09859027
v 0.01315961 0.00903566 -0.09938055
v 0.01365195 0.00903729 -0.10057732
v 0.01347994 0.00903905 -0.10185994
v 0.01268967 0.00904044 -0.10288470
v 0.01149289 0.00904112 -0.10337705
v 0.01066002 0.00903232 -0.09693063
v 0.01066002 0.00803232 -0.09693199
v 0.01271220 0.00803269 -0.09720722
v 0.01271220 0.00903269 -0.09720585
v 0.01435184 0.00803442 -0.09847164
v 0.01435184 0.00903442 -0.09847028
v 0.01513958 0.00803703 -0.10038649
v 0.01513958 0.00903703 -0.10038512
v 0.01486437 0.00803983 -0.10243867
v 0.01486437 0.00903983 -0.10243730
v 0.01359993 0.00804207 -0.10407830
v 0.01359993 0.00904207 -0.10407693
v 0.01168509 0.00804315 -0.10486604
v 0.01168509 0.00904315 -0.10486468
v 0.03114622 0.00309842 -0.07209932
v 0.03114622 0.00709841 -0.07209386
v 0.03037665 0.00309828 -0.07199612
v 0.03037665 0.00709827 -0.07199066
v 0.02976179 0.00309763 -0.07152195
v 0.02976179 0.00709763 -0.07151650
v 0.02946639 0.00309665 -0.07080389
v 0.02946639 0.00709664 -0.07079843
v 0.02956959 0.00309560 -0.07003433
v 0.02956959 0.00709559 -0.07002886
v 0.03004375 0.00309476 -0.06941947
v 0.03004375 0.00709476 -0.06941400
v 0.03076182 0.00309436 -0.06912406
v 0.03076182 0.00709435 -0.06911860
v -0.01642251 0.00506324 -0.04632623
v -0.01642251 0.00796324 -0.04632227
v -0.01858852 0.00796932 -0.05077811
v -0.01858852 0.00306932 -0.05078479
v -0.01678601 0.00306409 -0.04695391
v -0.01579693 0.00506188 -0.04532877
v 0.00437771 0.00304464 -0.03270456
v 0.00437771 0.00504464 -0.03270184
v 0.00102858 0.00304551 -0.03334289
v -0.00157852 0.00504660 -0.03413528
v -0.00157852 0.00304660 -0.03413801
v -0.00709079 0.00505025 -0.03680854
v -0.00709079 0.00305025 -0.03681127
v -0.01190440 0.00505542 -0.04059806
v -0.01190440 0.00305542 -0.04060080
v -0.01579693 0.00306188 -0.04533150
v -0.02015018 0.00797740 -0.05670200
v -0.02015018 0.00307741 -0.05670869
v -0.02040975 0.00798576 -0.06282279
v -0.02040975 0.00308576 -0.06282947
v -0.02023479 0.00308822 -0.06462745
v -0.01935523 0.00799400 -0.06885763
v -0.01935523 0.00309400 -0.06886432
v -0.01703535 0.00800174 -0.07452768
v -0.01703535 0.00310174 -0.07453437
v -0.01543223 0.00800531 -0.07714305
v -0.01355731 0.00310862 -0.07957765
v -0.01355731 0.00800862 -0.07957096
v -0.01240505 0.00311034 -0.08083612
v -0.00908181 0.00801433 -0.08375441
v -0.00908181 0.00311433 -0.08376110
v -0.00381565 0.00801860 -0.08688474
v -0.00381565 0.00311861 -0.08689144
v 0.03137046 0.00710078 -0.07382943
v 0.03137046 0.00800078 -0.07382821
v 0.02970306 0.00710048 -0.07360583
v 0.02970306 0.00800048 -0.07360460
v 0.02837086 0.00709907 -0.07257847
v 0.02837086 0.00799907 -0.07257725
v 0.02773081 0.00709695 -0.07102267
v 0.02773081 0.00799695 -0.07102144
v 0.02795442 0.00709467 -0.06935526
v 0.02795442 0.00799467 -0.06935404
v 0.02898178 0.00709286 -0.06802307
v 0.02898178 0.00799286 -0.06802184
v 0.03053759 0.00709198 -0.06738302
v 0.03053759 0.00799198 -0.06738179
v -0.00214623 0.00451732 0.01661811
v -0.00214623 0.00297732 0.01661601
v -0.00362144 0.00461091 0.01603779
v -0.00370204 0.00297820 0.01597597
v -0.00370261 0.00462278 0.01597778
v -0.00465469 0.00487259 0.01481225
v -0.00472940 0.00298001 0.01464376
v -0.00472970 0.00491018 0.01464567
v -0.00497815 0.00522661 0.01329232
v -0.00495301 0.00298229 0.01297637
v -0.00495303 0.00530225 0.01297969
v -0.00470187 0.00552512 0.01208124
v -0.00431296 0.00298441 0.01142056
v -0.00431424 0.00569397 0.01142592
v -0.00379335 0.00583932 0.01088587
v -0.00298076 0.00298582 0.01039321
v -0.00298273 0.00598106 0.01039812
v -0.00245579 0.00603774 0.01022909
v -0.00131337 0.00298612 0.01016959
v -0.00131337 0.00608612 0.01017383
v -0.01287630 0.00614850 0.00842792
v -0.01287630 0.00298850 0.00842361
v -0.01435151 0.00624209 0.00784760
v -0.01443212 0.00298938 0.00778356
v -0.01443268 0.00625396 0.00778759
v -0.01538476 0.00650378 0.00662207
v -0.01545947 0.00299120 0.00645136
v -0.01545977 0.00654136 0.00645548
v -0.01570822 0.00685779 0.00510213
v -0.01568308 0.00299347 0.00478397
v -0.01568310 0.00693343 0.00478950
v -0.01543194 0.00715631 0.00389105
v -0.01504304 0.00299560 0.00322816
v -0.01504431 0.00732515 0.00323573
v -0.01452342 0.00747050 0.00269568
v -0.01371083 0.00299700 0.00220081
v -0.01371280 0.00761224 0.00220793
v -0.01318586 0.00766892 0.00203890
v -0.01204344 0.00299730 0.00197719
v -0.01204344 0.00771730 0.00198364
v 0.01031364 0.00614441 0.01142402
v 0.01031364 0.00298442 0.01141970
v 0.00883843 0.00623800 0.01084370
v 0.00875783 0.00298529 0.01077966
v 0.00875726 0.00624987 0.01078368
v 0.00780518 0.00649969 0.00961816
v 0.00773047 0.00298711 0.00944746
v 0.00773017 0.00653727 0.00945157
v 0.00748172 0.00685370 0.00809823
v 0.00750686 0.00298938 0.00778006
v 0.00750684 0.00692934 0.00778560
v 0.00775800 0.00715222 0.00688714
v 0.00814691 0.00299151 0.00622425
v 0.00814563 0.00732106 0.00623183
v 0.00866652 0.00746641 0.00569177
v 0.00947911 0.00299291 0.00519690
v 0.00947714 0.00760815 0.00520402
v 0.01000408 0.00766483 0.00503500
v 0.01114650 0.00299321 0.00497329
v 0.01114650 0.00771321 0.00497973
v -0.01114650 0.00940677 -0.00495636
v -0.01114650 0.00300678 -0.00496510
v -0.01258551 0.00949536 -0.00551115
v -0.01270232 0.00300765 -0.00560514
v -0.01372967 0.00300947 -0.00693734
v -0.01361197 0.00974290 -0.00667672
v -0.01270307 0.00951226 -0.00559684
v -0.01395328 0.00301175 -0.00860474
v -0.01396238 0.01001071 -0.00784013
v -0.01373001 0.00979965 -0.00692890
v -0.01031364 0.00301558 -0.01141151
v -0.01031364 0.01001557 -0.01140196
v -0.01198104 0.00301527 -0.01118790
v -0.01198104 0.01001527 -0.01117835
v -0.01331324 0.00301387 -0.01016055
v -0.01331324 0.01001387 -0.01015100
v -0.01395328 0.01001174 -0.00859518
v 0.01204344 0.00940268 -0.00196027
v 0.01204344 0.00300269 -0.00196900
v 0.01060443 0.00949127 -0.00251506
v 0.01048762 0.00300356 -0.00260905
v 0.00946027 0.00300538 -0.00394125
v 0.00957798 0.00973881 -0.00368063
v 0.01048687 0.00950817 -0.00260075
v 0.00923666 0.00300766 -0.00560864
v 0.00922756 0.01000662 -0.00484403
v 0.00945993 0.00979556 -0.00393280
v 0.01287630 0.00301149 -0.00841542
v 0.01287630 0.01001148 -0.00840586
v 0.01120891 0.00301118 -0.00819181
v 0.01120891 0.01001118 -0.00818225
v 0.00987670 0.00300978 -0.00716446
v 0.00987670 0.01000978 -0.00715490
v 0.00923666 0.01000765 -0.00559909
v -0.00761392 0.00564274 0.01121600
v -0.00761392 -0.00001530 0.01120828
v -0.00828145 0.00568408 0.01095759
v -0.00833198 -0.00001490 0.01091287
v -0.00880614 -0.00001406 0.01029801
v -0.00875039 0.00579726 0.01042473
v -0.00833231 0.00569142 0.01092041
v -0.00890935 0.00598699 0.00953663
v -0.00891711 0.00598689 0.00961143
v -0.00890935 -0.00001301 0.00952844
v -0.00892169 0.00596081 0.00971974
v -0.00880636 0.00582410 0.01030547
v -0.00875477 0.00598766 0.00904111
v -0.00861394 -0.00001203 0.00881037
v -0.00861394 0.00598797 0.00881856
v -0.00837286 0.00598831 0.00856896
v -0.00799908 -0.00001138 0.00833621
v -0.00799908 0.00598862 0.00834440
v -0.00783506 0.00598869 0.00828691
v -0.00722952 -0.00001124 0.00823301
v -0.00722952 0.00598876 0.00824120
v -0.00593408 0.00598646 0.00992103
v -0.00594558 0.00598636 0.00999535
v -0.00612231 0.00609672 0.00951178
v -0.00651145 0.00598835 0.00853660
v -0.00663285 0.00621819 0.00893894
v -0.00665547 0.00598849 0.00843931
v -0.00728712 0.00625829 0.00868745
v -0.00620701 0.00598793 0.00884878
v -0.00603729 0.00598751 0.00915146
v -0.00595764 0.00598717 0.00940249
v -0.00243453 0.00397428 0.01884882
v -0.00243453 -0.00002572 0.01884336
v 0.00124438 0.00405968 0.01896477
v 0.00252545 -0.00002570 0.01883139
v 0.00252706 0.00412977 0.01883685
v 0.00537246 0.00436248 0.01823059
v 0.00731333 -0.00002394 0.01753610
v 0.00731617 0.00458735 0.01754121
v 0.00937166 0.00489163 0.01653461
v 0.01160281 -0.00002054 0.01504574
v 0.01160551 0.00531563 0.01505094
v 0.01293206 0.00562546 0.01392753
v 0.01510158 -0.00001574 0.01153005
v 0.01510327 0.00626484 0.01153640
v 0.01587419 0.00654877 0.01044973
v 0.01757121 -0.00000987 0.00722860
v 0.01757151 0.00737010 0.00723794
v 0.01776024 0.00749009 0.00676107
v 0.01884338 0.00499667 0.00244135
v 0.01884338 0.00855667 0.00244621
v 0.01884338 -0.00000332 0.00243453
v 0.01883141 0.00000345 -0.00252545
v 0.01883141 0.00500344 -0.00251862
v 0.01753611 0.00000998 -0.00731332
v 0.01753611 0.00500998 -0.00730649
v 0.01504576 0.00001584 -0.01160280
v 0.01504576 0.00501583 -0.01159597
v 0.01153006 0.00002061 -0.01510157
v 0.01153006 0.00502061 -0.01509474
v 0.00722860 0.00002398 -0.01757119
v 0.00722860 0.00502398 -0.01756437
v 0.00243453 0.00002572 -0.01884336
v 0.00243453 0.00502572 -0.01883654
v 0.01907829 0.00899915 0.00062859
v 0.02322278 0.00504294 -0.03145537
v 0.02322278 0.00904294 -0.03144991
v -0.00064971 0.00002592 -0.01898887
v -0.00252545 0.00502570 -0.01882457
v -0.00252545 0.00002570 -0.01883139
v -0.00731333 0.00002394 -0.01753610
v -0.00731333 0.00502393 -0.01752927
v -0.01160281 0.00002054 -0.01504574
v -0.01160281 0.00502053 -0.01503892
v -0.01473419 0.00001637 -0.01199597
v -0.01510158 0.00501573 -0.01152322
v -0.01510158 0.00001574 -0.01153005
v -0.01757121 0.00000987 -0.00722860
v -0.01757121 0.00500986 -0.00722177
v -0.01884338 0.00000332 -0.00243453
v -0.01884338 0.00500332 -0.00242770
v -0.01883141 -0.00000345 0.00252545
v -0.01753611 -0.00000998 0.00731332
v -0.01753710 0.00627055 0.00731952
v -0.01884338 0.00856332 -0.00242284
v -0.01889910 0.00751068 0.00196579
v -0.01883153 0.00737654 0.00253464
v -0.01799399 0.00654626 0.00610945
v -0.01504576 -0.00001584 0.01160280
v -0.01153006 -0.00002061 0.01510157
v -0.01153246 0.00459067 0.01510603
v -0.01381502 0.00501260 0.01305083
v -0.01504737 0.00532020 0.01160799
v -0.01612680 0.00565914 0.01005394
v -0.00722860 -0.00002398 0.01757119
v -0.00669346 0.00409740 0.01778755
v -0.00722950 0.00413145 0.01757649
v -0.01035288 0.00442780 0.01593772
v -0.01860847 0.00900580 -0.00424046
v -0.01544785 0.00903919 -0.02870378
v -0.01544785 0.00793919 -0.02870528
v -0.01441564 0.00505010 -0.03669864
v -0.01441564 0.00795009 -0.03669468
v -0.00417609 0.01005611 -0.04110353
v -0.00548952 0.01005533 -0.04052965
v -0.00651632 0.01005397 -0.03952958
v -0.01708283 0.01001126 -0.00824328
v -0.00773047 0.01001288 -0.00942971
v -0.00875783 0.01001470 -0.01076191
v 0.03100053 0.01006258 -0.04584114
v 0.03257214 0.01006628 -0.04855406
v 0.03097796 0.01006306 -0.04619199
v 0.03041076 0.01006509 -0.04767546
v -0.00274466 0.01005622 -0.04117753
v -0.01448813 0.01003867 -0.02832634
v 0.00592782 0.01004531 -0.03318585
v 0.00518939 0.01005482 -0.04015247
v 0.01067148 0.01005483 -0.04016570
v 0.02223102 0.01004311 -0.03157668
v 0.01545947 0.01000879 -0.00643362
v 0.01862043 0.01000496 -0.00363049
v 0.01568308 0.01000652 -0.00476622
v 0.01549998 0.01000552 -0.00403365
v 0.03384056 0.01009212 -0.06748278
v 0.03492092 0.01009430 -0.06907694
v 0.01596334 0.01005679 -0.04159734
v 0.02070435 0.01006055 -0.04434984
v 0.02457141 0.01006585 -0.04823561
v 0.02730100 0.01007234 -0.05298985
v 0.00664911 0.01005293 -0.03876861
v 0.00767646 0.01005111 -0.03743641
v 0.00790007 0.01004883 -0.03576901
v 0.00495301 0.01001770 -0.01295862
v 0.00472940 0.01001997 -0.01462602
v 0.00370204 0.01002179 -0.01595822
v 0.00726003 0.01004671 -0.03421320
v -0.00750686 0.01001060 -0.00776232
v -0.00768996 0.01000960 -0.00702974
v 0.00298076 0.01001417 -0.01037546
v 0.00431296 0.01001557 -0.01140281
v 0.03216756 0.01009082 -0.06652908
v 0.03081383 0.01008985 -0.06582140
v 0.02982409 0.01008827 -0.06465786
v 0.02920832 0.01006650 -0.04871303
v 0.03530282 0.01007841 -0.05743640
v 0.03518681 0.01009690 -0.07098423
v 0.03995467 0.01012756 -0.09344193
v 0.03458365 0.01009940 -0.07281308
v 0.03323528 0.01010127 -0.07418799
v 0.03444878 0.01007280 -0.05332645
v 0.02855617 0.01005824 -0.04265963
v 0.02842219 0.01005820 -0.04262836
v 0.02703904 0.01005609 -0.04108830
v 0.02472634 0.01005230 -0.03831110
v 0.02309594 0.01004790 -0.03508570
v 0.01443212 0.01001061 -0.00776582
v 0.02870709 0.01007957 -0.05828856
v 0.02934269 0.01008629 -0.06320815
v 0.03214233 0.01010268 -0.07521722
v 0.03150579 0.01010454 -0.07657688
v 0.03141532 0.01010658 -0.07807544
v 0.04015056 0.01013677 -0.10019230
v 0.03900842 0.01014586 -0.10684824
v 0.03866008 0.01014680 -0.10754274
v 0.03807337 0.01014750 -0.10805208
v -0.00837072 0.00615791 0.00896743
v -0.00776787 0.00623945 0.00870434
v -0.00626233 0.00581258 0.01068035
v -0.00622934 0.00582358 0.01063868
v -0.00622948 -0.00001451 0.01063091
v -0.00593408 -0.00001353 0.00991284
v -0.00683702 0.00569207 0.01110978
v -0.00684435 -0.00001516 0.01110507
v -0.00752054 0.00564343 0.01122511
v -0.00651145 -0.00001164 0.00852841
v -0.00603729 -0.00001248 0.00914327
v 0.01371083 0.00300300 -0.00219262
v 0.01457455 0.00966133 -0.00271521
v 0.01504303 0.00300440 -0.00321997
v 0.01371292 0.00950776 -0.00218461
v 0.01319763 0.00945208 -0.00201826
v 0.01504443 0.00979487 -0.00321253
v 0.01568308 0.00300652 -0.00477578
v 0.01545947 0.00300880 -0.00644317
v 0.01443212 0.00301062 -0.00777537
v -0.00947911 0.00300709 -0.00518871
v -0.00861539 0.00966542 -0.00571130
v -0.00814691 0.00300849 -0.00621606
v -0.00947702 0.00951185 -0.00518070
v -0.00999231 0.00945617 -0.00501435
v -0.00814551 0.00979896 -0.00620862
v -0.00750686 0.00301061 -0.00777187
v -0.00773047 0.00301289 -0.00943927
v -0.00875783 0.00301471 -0.01077147
v 0.01262171 0.00761962 0.00556005
v 0.01270232 0.00299234 0.00561333
v 0.01270289 0.00760775 0.00562007
v 0.01365496 0.00735794 0.00678559
v 0.01372967 0.00299052 0.00694553
v 0.01372998 0.00732035 0.00695218
v 0.01397842 0.00700392 0.00830552
v 0.01395328 0.00298825 0.00861293
v 0.01395330 0.00692828 0.00861815
v 0.01331324 0.00298612 0.01016874
v 0.01331451 0.00653656 0.01017192
v 0.01370214 0.00670541 0.00951660
v 0.01198103 0.00298472 0.01119609
v 0.01145606 0.00619279 0.01136875
v 0.01198300 0.00624947 0.01119973
v 0.01279362 0.00639121 0.01071197
v -0.01056823 0.00762371 0.00256396
v -0.01048762 0.00299643 0.00261724
v -0.01048706 0.00761184 0.00262397
v -0.00953498 0.00736203 0.00378949
v -0.00946027 0.00299461 0.00394944
v -0.00945997 0.00732444 0.00395608
v -0.00921152 0.00700801 0.00530942
v -0.00923666 0.00299234 0.00561683
v -0.00923664 0.00693237 0.00562206
v -0.00987670 0.00299021 0.00717265
v -0.00987543 0.00654065 0.00717582
v -0.00948780 0.00670950 0.00652051
v -0.01120891 0.00298881 0.00820000
v -0.01173388 0.00619688 0.00837265
v -0.01120694 0.00625356 0.00820363
v -0.01039632 0.00639530 0.00771588
v 0.00016184 0.00599253 0.01075414
v 0.00024245 0.00298525 0.01080964
v 0.00024302 0.00598066 0.01081416
v 0.00119509 0.00573085 0.01197968
v 0.00126980 0.00298343 0.01214184
v 0.00127011 0.00569326 0.01214627
v 0.00151855 0.00537683 0.01349961
v 0.00149341 0.00298115 0.01380923
v 0.00149343 0.00530119 0.01381225
v 0.00085337 0.00297903 0.01536505
v 0.00085464 0.00490947 0.01536601
v 0.00124227 0.00507832 0.01471070
v -0.00047883 0.00297763 0.01639240
v -0.00100381 0.00456570 0.01656284
v -0.00047687 0.00462238 0.01639382
v 0.00033375 0.00476412 0.01590607
v 0.01075884 0.00504450 -0.03259790
v 0.01700311 0.00504630 -0.03391650
v 0.02279740 0.00504995 -0.03659152
v 0.02403364 0.00504743 -0.03474508
v 0.02556215 0.00505156 -0.03776889
v 0.02773030 0.00505511 -0.04037251
v -0.01435846 0.00505465 -0.04003118
v -0.01503861 0.00505910 -0.04329408
v 0.02835093 0.00908646 -0.06333765
v 0.02835093 0.00798646 -0.06333915
v 0.02771533 0.00907975 -0.05841805
v 0.02771533 0.00797975 -0.05841956
v 0.03188202 0.00799213 -0.06749031
v 0.03188202 0.00909213 -0.06748881
v 0.03220499 0.00909229 -0.06760391
v 0.03269852 0.00800012 -0.07334712
v 0.03292627 0.00709991 -0.07318939
v 0.03220499 0.00709229 -0.06760664
v 0.03316138 0.00909312 -0.06821811
v 0.03353719 0.00709369 -0.06863399
v 0.03353719 0.00909369 -0.06863125
v 0.03398753 0.00909479 -0.06943717
v 0.03417723 0.00709581 -0.07018980
v 0.03417723 0.00909581 -0.07018707
v 0.03419086 0.00909678 -0.07089569
v 0.03395362 0.00709809 -0.07185720
v 0.03269852 0.00910012 -0.07334562
v 0.03292627 0.00909991 -0.07318667
v 0.03372962 0.00909869 -0.07229422
v 0.03395362 0.00909809 -0.07185446
v 0.03042357 0.00800676 -0.07820644
v 0.03042357 0.00910676 -0.07820494
v 0.03198154 0.00802322 -0.09026522
v 0.03410529 0.00804565 -0.10670316
v 0.03997234 0.00914622 -0.10711578
v 0.03997234 0.00804622 -0.10711728
v 0.03932268 0.00804785 -0.10831198
v 0.03458070 0.00804739 -0.10797729
v 0.03556980 0.00804867 -0.10891059
v 0.03686934 0.00804922 -0.10931131
v 0.03821229 0.00804892 -0.10909711
v 0.03821229 0.00914892 -0.10909560
v 0.03856978 0.00914868 -0.10892154
v 0.03944984 0.00914764 -0.10815752
v 0.04114808 0.00913687 -0.10026408
v 0.03993972 0.00804638 -0.10723462
v 0.04114373 0.00313695 -0.10033301
v 0.03993972 0.00314638 -0.10724131
v 0.03738272 0.00315530 -0.11377093
v 0.03738272 0.00805529 -0.11376424
v 0.03357537 0.00316334 -0.11965977
v 0.03357537 0.00806333 -0.11965308
v 0.02867052 0.00317018 -0.12467142
v 0.02867052 0.00807017 -0.12466473
v 0.02286504 0.00317555 -0.12860473
v 0.02286504 0.00807554 -0.12859803
v 0.04094643 0.00912738 -0.09331515
v 0.04094643 0.00312739 -0.09332334
v 0.04029936 0.00312055 -0.08831499
v 0.03629458 0.00907823 -0.05730963
v 0.03629458 0.00307824 -0.05731782
v 0.03847284 0.00310125 -0.07417767
v 0.03963553 0.00311354 -0.08317694
v 0.00606053 0.00304442 -0.03253774
v 0.02785117 0.00305527 -0.04049156
v 0.02532032 0.00305230 -0.03831400
v 0.02279740 0.00304995 -0.03659425
v 0.01700311 0.00304630 -0.03391923
v 0.01075884 0.00304450 -0.03260063
v 0.03540948 0.00907242 -0.05305023
v 0.03477331 0.00306978 -0.05111981
v 0.03477331 0.00906977 -0.05111162
v 0.03346460 0.00906567 -0.04810429
v 0.03191100 0.00306199 -0.04541572
v 0.02773030 0.00905511 -0.04036706
v 0.02785117 0.00905527 -0.04048337
v 0.03063525 0.00905953 -0.04360544
v 0.03191100 0.00906199 -0.04540753
v -0.00733110 0.00905476 -0.04011071
v -0.00733110 0.00795476 -0.04011221
v 0.00531753 0.00905617 -0.04114559
v -0.00261653 0.00905757 -0.04217065
v -0.00261653 0.00795757 -0.04217216
v 0.00341549 0.00802820 -0.09391859
v 0.00874518 0.00803339 -0.09771974
v 0.01539075 0.00807666 -0.12942113
v 0.02013018 0.00806274 -0.11922279
v 0.02176981 0.00806447 -0.12048721
v 0.00799328 0.00804105 -0.10332640
v 0.00963291 0.00804277 -0.10459083
v 0.00746979 0.00806253 -0.11906568
v 0.01197284 0.00807430 -0.12769145
v 0.00945602 0.00807036 -0.12480363
v 0.01934243 0.00806013 -0.11730795
v 0.01920821 0.00807710 -0.12973887
v 0.00720553 0.00803843 -0.10141155
v 0.00482641 0.00803460 -0.09860582
v 0.00748074 0.00803563 -0.09935938
v 0.00386938 0.00802960 -0.09493744
v 0.00818824 0.00806658 -0.12202972
v 0.01961764 0.00805733 -0.11525577
v 0.02088208 0.00805509 -0.11361613
v -0.00074163 0.00802117 -0.08876538
v 0.02895268 0.00798894 -0.06515129
v 0.03018986 0.00799092 -0.06660571
v 0.02001709 0.00800494 -0.07687861
v 0.02371783 0.00799992 -0.07319569
v 0.00202320 0.00802508 -0.09162617
v -0.00059421 0.00802133 -0.08888355
v 0.02770273 0.00798688 -0.06364058
v 0.01233448 0.00801300 -0.08277652
v 0.01548924 0.00800849 -0.07947820
v 0.01366668 0.00801440 -0.08380387
v 0.02633926 0.00799375 -0.06868045
v 0.01305577 0.00802062 -0.08835927
v 0.01408312 0.00801880 -0.08702707
v 0.01430673 0.00801652 -0.08535968
v 0.03053665 0.00800420 -0.07633324
v 0.03133232 0.00800188 -0.07463367
v -0.01073935 0.00799986 -0.07315373
v -0.01001807 0.00800748 -0.07873649
v -0.00899072 0.00800566 -0.07740429
v -0.01197043 0.00796954 -0.05094299
v -0.01261048 0.00796742 -0.04938718
v -0.00604761 0.00795647 -0.04136230
v -0.01394268 0.00796602 -0.04835983
v -0.00876710 0.00800339 -0.07573690
v -0.01503861 0.00795910 -0.04329012
v -0.00940715 0.00800126 -0.07418108
v -0.01435846 0.00795464 -0.04002722
v -0.01219404 0.00797182 -0.05261039
v -0.01322140 0.00797364 -0.05394259
v -0.00440581 0.00795745 -0.04207965
v 0.00482641 0.00313461 -0.09861250
v 0.00633168 0.00315051 -0.11026337
v 0.00746979 0.00316253 -0.11907237
v 0.00818824 0.00316658 -0.12203641
v 0.00945602 0.00317037 -0.12481031
v 0.03153139 0.00709449 -0.06922180
v 0.03214625 0.00709514 -0.06969596
v 0.03244166 0.00709612 -0.07041403
v 0.03233846 0.00709717 -0.07118360
v 0.03186429 0.00709801 -0.07179846
v 0.02371783 0.00309992 -0.07320238
v 0.02600122 0.00310345 -0.07578898
v 0.02633926 0.00309376 -0.06868713
v -0.00381150 0.00310871 -0.07964073
v 0.01197284 0.00317431 -0.12769814
v 0.01306264 0.00317247 -0.12635027
v 0.00963291 0.00314278 -0.10459752
v 0.01090785 0.00314970 -0.10967214
v 0.00386938 0.00312960 -0.09494413
v 0.00867640 0.00312613 -0.09240061
v 0.00202320 0.00312508 -0.09163287
v 0.00801257 0.00311911 -0.08726256
v -0.00059421 0.00312134 -0.08889024
v -0.00985138 0.00310978 -0.08042107
v -0.01141295 0.00310207 -0.07477558
v -0.01202965 0.00308676 -0.06356122
v -0.01108005 0.00310559 -0.07735225
v -0.01079808 0.00310272 -0.07524975
v -0.01050268 0.00310370 -0.07596782
v -0.01060588 0.00310475 -0.07673738
v -0.01370601 0.00306985 -0.05117391
v -0.01380921 0.00307090 -0.05194348
v -0.01428338 0.00307174 -0.05255834
v -0.01461628 0.00306823 -0.04998168
v -0.01420791 0.00306375 -0.04670136
v -0.01400141 0.00306887 -0.05045585
v -0.00043890 0.00305045 -0.03695865
v -0.00014349 0.00305143 -0.03767671
v 0.00171507 0.00305258 -0.03851959
v -0.00024670 0.00305248 -0.03844628
v -0.00105376 0.00304980 -0.03648448
v 0.00673387 0.00305170 -0.03787117
v 0.00616450 0.00304915 -0.03600280
v 0.00606129 0.00305020 -0.03677237
v 0.00586909 0.00304817 -0.03528474
v 0.00558713 0.00305104 -0.03738723
v 0.00525423 0.00304752 -0.03481057
v 0.00804822 0.00305146 -0.03770136
v 0.02086640 0.00304920 -0.03604528
v 0.02866096 0.00306417 -0.04701002
v 0.02779003 0.00307974 -0.05841659
v 0.02832806 0.00306065 -0.04443336
v 0.02923833 0.00306228 -0.04562559
v 0.02561176 0.00305673 -0.04155674
v 0.02894293 0.00306130 -0.04490753
v 0.02913512 0.00306333 -0.04639516
v 0.03356729 0.00307872 -0.05767018
v 0.03757207 0.00312103 -0.08866735
v 0.03980352 0.00314461 -0.10593887
v 0.02176981 0.00316447 -0.12049390
v 0.01939579 0.00317135 -0.12553205
v 0.02013018 0.00316275 -0.11922947
v 0.01934243 0.00316013 -0.11731464
v 0.01961764 0.00315733 -0.11526245
v 0.01724101 0.00314859 -0.10885391
v 0.02088208 0.00315510 -0.11362282
v 0.03005919 0.00314633 -0.10719782
v 0.01920821 0.00317710 -0.12974556
v 0.01539075 0.00317667 -0.12942782
v 0.01808144 0.00317158 -0.12570184
v 0.01500956 0.00312501 -0.09158238
v 0.01592665 0.00314882 -0.10902371
v 0.00799328 0.00314105 -0.10333309
v 0.00720553 0.00313844 -0.10141824
v 0.00748074 0.00313564 -0.09936606
v 0.00874518 0.00313340 -0.09772643
v 0.01369520 0.00312524 -0.09175219
v 0.00193930 0.00305495 -0.04025516
v -0.00872209 0.00305683 -0.04163259
v -0.00816803 0.00306268 -0.04592102
v -0.00894632 0.00305446 -0.03989702
v 0.01226238 0.00310989 -0.08050289
v 0.01166089 0.00311520 -0.08439838
v 0.01227575 0.00311585 -0.08487254
v 0.01434573 0.00311800 -0.08644433
v 0.01355611 0.00310943 -0.08016658
v 0.01877594 0.00311560 -0.08468626
v 0.01830178 0.00311644 -0.08530112
v 0.02716391 0.00311574 -0.08478825
v 0.01548924 0.00310850 -0.07948489
v 0.02001709 0.00310495 -0.07688529
v 0.01796888 0.00311292 -0.08272447
v 0.01858374 0.00311357 -0.08319862
v 0.01887914 0.00311455 -0.08391669
v 0.02770273 0.00308688 -0.06364726
v 0.02996829 0.00310275 -0.07527645
v 0.01557843 0.00305805 -0.04252985
v 0.02009367 0.00306163 -0.04515128
v 0.02164469 0.00305743 -0.04206927
v 0.02377659 0.00306668 -0.04885201
v 0.02637620 0.00307286 -0.05337985
v 0.02771533 0.00307975 -0.05842624
v 0.01053856 0.00305619 -0.04116638
v 0.02109064 0.00305157 -0.03778085
v 0.00695810 0.00305406 -0.03960674
v 0.00827245 0.00305383 -0.03943693
v 0.01257115 0.00311683 -0.08559060
v 0.01246795 0.00311788 -0.08636017
v 0.01303137 0.00311823 -0.08661414
v 0.01199379 0.00311872 -0.08697503
v -0.00072086 0.00305332 -0.03906114
v 0.02782774 0.00312275 -0.08992629
v 0.03113098 0.00311504 -0.08427571
v 0.03179481 0.00312205 -0.08941376
v 0.03402626 0.00314563 -0.10668528
v 0.03690824 0.00311402 -0.08352930
v 0.03574555 0.00310173 -0.07453004
v 0.03186429 0.00309801 -0.07180392
v 0.03153139 0.00309450 -0.06922726
v 0.03214625 0.00309514 -0.06970143
v 0.03244166 0.00309612 -0.07041949
v 0.03233846 0.00309717 -0.07118905
v -0.01154960 -0.00000547 0.00400408
v -0.00926223 -0.00000301 0.00220639
v -0.00981980 0.00001281 -0.00938463
v -0.00771877 0.00001330 -0.00974005
v 0.01164034 -0.00000955 0.00700017
v 0.01291726 -0.00000692 0.00507193
v 0.01337014 0.00000872 -0.00638854
v 0.01446072 0.00000938 -0.00687451
v -0.01056544 -0.00001678 0.01229328
v -0.01707400 -0.00000892 0.00653688
v -0.01553055 0.00000738 -0.00540956
v -0.01485198 0.00001455 -0.01066165
v -0.00747852 0.00001583 -0.01159960
v 0.00406183 -0.00001936 0.01418310
v 0.01223870 -0.00001409 0.01032402
v 0.01332142 -0.00000338 0.00247733
v 0.01361682 -0.00000240 0.00175927
v 0.01351362 -0.00000135 0.00098970
v 0.01378216 0.00000221 -0.00162242
v 0.01470097 0.00001192 -0.00873405
v 0.00714874 0.00001325 -0.00970978
v -0.00168104 0.00001481 -0.01085057
v 0.00311423 0.00001906 -0.01396607
v 0.00264007 0.00001990 -0.01458094
v 0.00230717 0.00001639 -0.01200428
v 0.00292203 0.00001703 -0.01247844
v 0.00321743 0.00001801 -0.01319651
v -0.00351524 0.00001417 -0.01037744
v -0.00321984 0.00001515 -0.01109551
v -0.00332304 0.00001620 -0.01186508
v -0.00379720 0.00001704 -0.01247994
v -0.00413010 0.00001352 -0.00990328
v -0.00192129 0.00001227 -0.00899103
v 0.00536504 -0.00000559 0.00409620
v 0.01303946 -0.00000051 0.00037484
v 0.00622993 0.00000355 -0.00259815
v 0.01270656 -0.00000403 0.00295150
v -0.00115243 -0.00002016 0.01477314
v -0.00053757 -0.00001952 0.01429897
v -0.00024216 -0.00001854 0.01358091
v 0.00468647 -0.00001276 0.00934829
v -0.00476796 -0.00001780 0.01304231
v -0.00414331 -0.00001120 0.00820750
v -0.00034537 -0.00001749 0.01281134
v -0.00081953 -0.00001665 0.01219648
v 0.00690849 0.00001072 -0.00785024
v 0.01303724 0.00000520 -0.00381188
v 0.01365210 0.00000585 -0.00428604
v 0.01394751 0.00000683 -0.00500411
v 0.01384430 0.00000788 -0.00577367
v 0.01130744 -0.00001307 0.00957683
v 0.01192230 -0.00001242 0.00910267
v 0.01221771 -0.00001144 0.00838460
v 0.01211450 -0.00001039 0.00761503
v -0.00346475 -0.00000403 0.00295541
v -0.00259985 0.00000510 -0.00373894
v -0.00839733 0.00000613 -0.00448797
v -0.00994079 -0.00001018 0.00745847
v -0.00934564 0.00001197 -0.00876977
v -0.01015270 0.00000929 -0.00680797
v -0.00953784 0.00000994 -0.00728213
v -0.00924244 0.00001092 -0.00800020
v -0.01639544 -0.00000175 0.00128479
v -0.01188250 -0.00000898 0.00658073
v -0.01126764 -0.00000834 0.00610657
v -0.01097223 -0.00000735 0.00538851
v -0.01107544 -0.00000630 0.00461894
v 0.00963291 0.00904277 -0.10458946
v 0.00799328 0.00904104 -0.10332504
v 0.00720553 0.00903843 -0.10141019
v 0.00748074 0.00903563 -0.09935801
v 0.00874518 0.00903339 -0.09771838
v 0.01021028 0.00904088 -0.10320503
v 0.00918551 0.00903980 -0.10241477
v 0.00869316 0.00903817 -0.10121799
v 0.00886517 0.00903642 -0.09993538
v 0.00965544 0.00903502 -0.09891061
v 0.01021028 0.01474088 -0.10319725
v 0.00918551 0.01473980 -0.10240699
v 0.00869316 0.01473816 -0.10121021
v 0.00886517 0.01473641 -0.09992760
v 0.00965544 0.01473501 -0.09890282
v 0.00942395 0.01503955 -0.10222453
v 0.00899069 0.01503811 -0.10117136
v 0.00914206 0.01503657 -0.10004266
v 0.00983750 0.01503534 -0.09914086
v 0.01165370 0.01503615 -0.09973577
v 0.01216608 0.01503669 -0.10013091
v 0.01241225 0.01503751 -0.10072929
v 0.01232625 0.01503838 -0.10137060
v 0.01193111 0.01503908 -0.10188299
v 0.01032575 0.01504050 -0.10291996
v 0.02176981 0.00906447 -0.12048585
v 0.02013018 0.00906274 -0.11922142
v 0.01934243 0.00906013 -0.11730658
v 0.01961764 0.00905733 -0.11525439
v 0.02088208 0.00905509 -0.11361477
v 0.02234718 0.00906258 -0.11910143
v 0.02132241 0.00906150 -0.11831116
v 0.02083007 0.00905987 -0.11711438
v 0.02100207 0.00905812 -0.11583176
v 0.02179234 0.00905672 -0.11480699
v 0.02234718 0.01476257 -0.11909365
v 0.02132241 0.01476150 -0.11830338
v 0.02083007 0.01475986 -0.11710660
v 0.02100207 0.01475811 -0.11582398
v 0.02179234 0.01475671 -0.11479922
v 0.02112759 0.01505981 -0.11706775
v 0.02127896 0.01505827 -0.11593905
v 0.02197440 0.01505704 -0.11503725
v 0.02379060 0.01505785 -0.11563217
v 0.02430298 0.01505839 -0.11602730
v 0.02454915 0.01505921 -0.11662569
v 0.02446315 0.01506008 -0.11726700
v 0.02406801 0.01506078 -0.11777938
v 0.02246265 0.01506220 -0.11881635
v 0.02156085 0.01506125 -0.11812091
v 0.00874518 0.00213340 -0.09772780
v 0.00748074 0.00213564 -0.09936743
v 0.00720553 0.00213844 -0.10141961
v 0.00799328 0.00214105 -0.10333446
v 0.00963291 0.00214278 -0.10459888
v 0.00965544 0.00213503 -0.09892002
v 0.00886517 0.00213642 -0.09994479
v 0.00869316 0.00213817 -0.10122740
v 0.00918551 0.00213981 -0.10242419
v 0.01021028 0.00214089 -0.10321446
v 0.00965544 -0.00356497 -0.09892780
v 0.00886517 -0.00356357 -0.09995258
v 0.00869316 -0.00356182 -0.10123519
v 0.00918551 -0.00356019 -0.10243197
v 0.01021028 -0.00355911 -0.10322224
v 0.00914206 -0.00386341 -0.10006846
v 0.00899069 -0.00386187 -0.10119715
v 0.00942395 -0.00386043 -0.10225032
v 0.01032575 -0.00385949 -0.10294576
v 0.01193111 -0.00386090 -0.10190879
v 0.01232625 -0.00386160 -0.10139640
v 0.01241225 -0.00386248 -0.10075510
v 0.01216608 -0.00386329 -0.10015671
v 0.01165370 -0.00386383 -0.09976157
v 0.00983750 -0.00386464 -0.09916666
v 0.02088208 0.00215510 -0.11362419
v 0.01961764 0.00215733 -0.11526381
v 0.01934243 0.00216014 -0.11731600
v 0.02013018 0.00216275 -0.11923084
v 0.02176981 0.00216447 -0.12049527
v 0.02179234 0.00215672 -0.11481642
v 0.02100207 0.00215812 -0.11584118
v 0.02083007 0.00215987 -0.11712380
v 0.02132241 0.00216151 -0.11832058
v 0.02234718 0.00216259 -0.11911085
v 0.02179234 -0.00354327 -0.11482420
v 0.02100207 -0.00354187 -0.11584896
v 0.02083007 -0.00354012 -0.11713158
v 0.02132241 -0.00353849 -0.11832836
v 0.02234718 -0.00353741 -0.11911863
v 0.02112759 -0.00384017 -0.11709355
v 0.02156085 -0.00383874 -0.11814671
v 0.02246265 -0.00383779 -0.11884215
v 0.02406801 -0.00383920 -0.11780518
v 0.02446315 -0.00383990 -0.11729279
v 0.02454915 -0.00384078 -0.11665149
v 0.02430298 -0.00384159 -0.11605310
v 0.02379060 -0.00384213 -0.11565796
v 0.02197440 -0.00384295 -0.11506306
v 0.02127896 -0.00384171 -0.11596484
v 0.01053856 0.00905619 -0.04115819
v 0.02637620 0.00907286 -0.05337166
v 0.02377659 0.00906668 -0.04884382
v 0.02009367 0.00906163 -0.04514309
v 0.01557843 0.00905805 -0.04252166
v 0.01166089 0.00701520 -0.08439305
v 0.01227575 0.00701585 -0.08486721
v 0.01257115 0.00701683 -0.08558527
v 0.01246795 0.00701788 -0.08635485
v 0.01199379 0.00701872 -0.08696970
v 0.01366668 0.00701440 -0.08380524
v 0.01430673 0.00701652 -0.08536104
v 0.01408312 0.00701880 -0.08702844
v 0.01305577 0.00702062 -0.08836064
v 0.01233448 0.00701300 -0.08277789
v -0.01141295 0.00700207 -0.07477026
v -0.01079808 0.00700271 -0.07524443
v -0.01050268 0.00700369 -0.07596249
v -0.01060588 0.00700474 -0.07673205
v -0.01108005 0.00700558 -0.07734692
v -0.00940715 0.00700126 -0.07418244
v -0.00876710 0.00700339 -0.07573826
v -0.00899072 0.00700566 -0.07740565
v -0.01001807 0.00700748 -0.07873785
v -0.01073935 0.00699986 -0.07315510
v -0.01461628 0.00696822 -0.04997636
v -0.01400141 0.00696887 -0.05045052
v -0.01370601 0.00696985 -0.05116859
v -0.01380921 0.00697090 -0.05193816
v -0.01428338 0.00697174 -0.05255302
v -0.01394268 0.00696602 -0.04836120
v -0.01261048 0.00696742 -0.04938855
v -0.01197043 0.00696954 -0.05094435
v -0.01219404 0.00697182 -0.05261175
v -0.01322140 0.00697364 -0.05394395
v 0.02832806 0.00706065 -0.04442790
v 0.02894293 0.00706130 -0.04490206
v 0.02923833 0.00706228 -0.04562013
v 0.02913512 0.00706333 -0.04638970
v 0.02866096 0.00706417 -0.04700456
v 0.02984885 0.00705915 -0.04333035
v 0.03077446 0.00706091 -0.04462096
v 0.03097796 0.00706306 -0.04619608
v 0.03041076 0.00706509 -0.04767955
v 0.02920832 0.00706650 -0.04871712
v 0.02842219 0.00705820 -0.04263246
v 0.03054721 0.00946179 -0.04415315
v 0.03077596 0.00955528 -0.04462138
v 0.03086973 0.00963815 -0.04489553
v 0.03006820 0.00946143 -0.04353053
v 0.02984563 0.00950669 -0.04332429
v 0.02943468 0.00963639 -0.04302912
v 0.00525423 0.00704751 -0.03480511
v 0.00586909 0.00704816 -0.03527928
v 0.00616450 0.00704914 -0.03599734
v 0.00606129 0.00705019 -0.03676691
v 0.00558713 0.00705103 -0.03738177
v 0.00767646 0.00705111 -0.03744050
v 0.00664911 0.00705293 -0.03877271
v 0.00592782 0.00704531 -0.03318994
v 0.00726003 0.00704671 -0.03421730
v 0.00790007 0.00704884 -0.03577311
v 0.01232625 0.00363839 -0.10138617
v 0.01241225 0.00363752 -0.10074486
v 0.01193111 0.00363909 -0.10189855
v 0.01165370 0.00363616 -0.09975133
v 0.01216608 0.00363670 -0.10014647
v 0.02446315 0.00366009 -0.11728255
v 0.02454915 0.00365922 -0.11664125
v 0.02406801 0.00366079 -0.11779495
v 0.02379060 0.00365786 -0.11564773
v 0.02430298 0.00365840 -0.11604286
v 0.02430298 0.00755840 -0.11603754
v 0.02454915 0.00755921 -0.11663593
v 0.02379060 0.00755786 -0.11564241
v 0.02406801 0.00756079 -0.11778962
v 0.02446315 0.00756009 -0.11727723
v 0.01216608 0.00753670 -0.10014115
v 0.01241225 0.00753751 -0.10073954
v 0.01165370 0.00753616 -0.09974601
v 0.01193111 0.00753909 -0.10189322
v 0.01232625 0.00753839 -0.10138084
v -0.00332304 0.00601619 -0.01185689
v -0.00321984 0.00601514 -0.01108732
v -0.00379720 0.00601703 -0.01247175
v -0.00413010 0.00601351 -0.00989509
v -0.00351524 0.00601416 -0.01036925
v 0.01351362 0.00599864 0.00099789
v 0.01361682 0.00599759 0.00176746
v 0.01303946 0.00599948 0.00038303
v 0.01270656 0.00599597 0.00295969
v 0.01332142 0.00599661 0.00248552
v 0.00230717 0.00301638 -0.01200018
v 0.00292203 0.00301703 -0.01247435
v 0.00321743 0.00301801 -0.01319241
v 0.00311423 0.00301906 -0.01396198
v 0.00264007 0.00301990 -0.01457684
v 0.00472940 0.00301998 -0.01463557
v 0.00370204 0.00302180 -0.01596778
v 0.00298076 0.00301418 -0.01038502
v 0.00431296 0.00301558 -0.01141237
v 0.00495301 0.00301770 -0.01296818
v 0.01303724 0.00300520 -0.00380778
v 0.01365210 0.00300585 -0.00428194
v 0.01394751 0.00300683 -0.00500001
v 0.01384430 0.00300788 -0.00576958
v 0.01337014 0.00300872 -0.00638444
v -0.01015270 0.00300929 -0.00680388
v -0.00953784 0.00300994 -0.00727804
v -0.00924244 0.00301092 -0.00799611
v -0.00934564 0.00301197 -0.00876567
v -0.00981980 0.00301281 -0.00938054
v 0.01130744 0.00298692 0.00958092
v 0.01192230 0.00298757 0.00910676
v 0.01221771 0.00298855 0.00838870
v 0.01211450 0.00298960 0.00761913
v 0.01164034 0.00299044 0.00700427
v -0.01188250 0.00299101 0.00658483
v -0.01126764 0.00299166 0.00611067
v -0.01097223 0.00299264 0.00539260
v -0.01107544 0.00299369 0.00462303
v -0.01154960 0.00299453 0.00400817
v -0.00115243 0.00297983 0.01477723
v -0.00053757 0.00298048 0.01430307
v -0.00024216 0.00298146 0.01358500
v -0.00034537 0.00298251 0.01281543
v -0.00081953 0.00298335 0.01220057
v -0.00604761 0.00905646 -0.04136080
v -0.00440581 0.00905744 -0.04207815
v 0.02556215 0.00905155 -0.03776343
v 0.02403364 0.00904743 -0.03473962
v 0.03133232 0.00910188 -0.07463216
v 0.03053665 0.00910420 -0.07633173
v 0.02895268 0.00908894 -0.06514978
v 0.03018986 0.00909092 -0.06660420
v 0.01877594 0.00661559 -0.08468148
v 0.01887914 0.00661454 -0.08391192
v 0.01830178 0.00661643 -0.08529634
v 0.01796888 0.00661292 -0.08271968
v 0.01858374 0.00661356 -0.08319385
v -0.00024670 0.00655248 -0.03844151
v -0.00014349 0.00655143 -0.03767194
v -0.00072086 0.00655332 -0.03905636
v -0.00105376 0.00654980 -0.03647971
v -0.00043890 0.00655045 -0.03695387
v -0.02001153 0.00007526 -0.05513624
v -0.02001154 0.00306063 -0.05513217
v -0.02001455 0.00307528 -0.05514652
v -0.01113778 0.00011223 -0.08221954
v -0.01113778 0.00309759 -0.08221547
v -0.01112684 0.00311224 -0.08222524
v 0.01206371 0.00312173 -0.08918016
v 0.01219728 0.00312105 -0.08916001
v 0.01219794 0.00012171 -0.08916400
v -0.01444241 -0.04769251 -0.07877690
v -0.01435777 0.00010758 -0.07881778
v -0.01102647 -0.04768759 -0.08238399
v -0.01102647 0.00311236 -0.08231465
v -0.01862593 0.00306896 -0.05051631
v -0.01867527 0.00306847 -0.05064206
v -0.01867552 0.00006913 -0.05064677
v 0.00710479 -0.04447782 -0.08954330
v 0.00725950 -0.04447781 -0.08954709
v 0.01206371 -0.04767822 -0.08924949
v 0.00725950 -0.03737782 -0.08953740
v 0.01675395 0.00012022 -0.08807629
v 0.01689552 -0.04767980 -0.08809475
v 0.00710479 0.00312214 -0.08947833
v 0.00710479 -0.04767781 -0.08954766
v 0.00216943 -0.04767859 -0.08898021
v 0.00216943 -0.04447859 -0.08897583
v -0.00259241 -0.04768052 -0.08756434
v -0.00259241 -0.04448052 -0.08755998
v -0.00703605 -0.04768355 -0.08534311
v -0.00703605 -0.04448355 -0.08533874
v -0.00808477 -0.04448448 -0.08466254
v -0.00808477 -0.03738449 -0.08465285
v -0.00703605 -0.03738356 -0.08532905
v -0.00703605 0.00311640 -0.08527377
v -0.00259241 0.00311943 -0.08749500
v -0.00259241 -0.03738053 -0.08755028
v 0.00216943 0.00312136 -0.08891086
v 0.00216943 -0.03737860 -0.08896615
v 0.00710479 -0.03737782 -0.08953360
v 0.01675395 0.00310559 -0.08807222
v 0.01676790 0.00312021 -0.08806763
v 0.01689552 0.00312016 -0.08802541
v 0.02034534 0.00311823 -0.08661836
v 0.02145340 -0.04768249 -0.08611850
v 0.02121736 0.00311763 -0.08617558
v 0.02145340 0.00311746 -0.08604916
v -0.01435818 0.00310692 -0.07881317
v -0.01444241 0.00310744 -0.07870756
v -0.01705147 0.00310210 -0.07479694
v -0.01718010 -0.04769817 -0.07463144
v -0.01718010 0.00310178 -0.07456210
v -0.01915634 -0.04770439 -0.07007356
v -0.01915634 0.00309556 -0.07000422
v -0.02031109 -0.04771099 -0.06524176
v -0.02031109 0.00308896 -0.06517242
v -0.02060926 -0.04771776 -0.06028285
v -0.02060926 0.00308219 -0.06021350
v -0.02004180 -0.04772450 -0.05534749
v -0.02004180 0.00307546 -0.05527815
v -0.01862593 -0.04773100 -0.05058565
v -0.01640470 -0.04773706 -0.04614202
v -0.01640470 0.00306289 -0.04607268
v -0.01344558 -0.04774251 -0.04215160
v -0.01344558 0.00305744 -0.04208227
v -0.00983849 -0.04774717 -0.03873566
v -0.00983849 0.00305278 -0.03866632
v -0.00569302 -0.04775091 -0.03599798
v -0.00569302 0.00304904 -0.03592864
v 0.01440430 0.00327792 -0.05708069
v 0.01500479 0.00327724 -0.05658231
v 0.01431879 -0.00002193 -0.05719858
v 0.01500479 -0.00002276 -0.05658682
v 0.01404024 0.00327886 -0.05777092
v 0.01397886 -0.00002076 -0.05805257
v 0.01397886 0.00327924 -0.05804807
v 0.01405680 -0.00001951 -0.05896842
v 0.01405680 0.00328049 -0.05896392
v 0.01395749 0.00327968 -0.05836868
v 0.02269267 0.00327499 -0.05493963
v 0.02269267 -0.00002500 -0.05494413
v 0.02222361 0.00327405 -0.05425053
v 0.02222361 -0.00002594 -0.05425503
v 0.02151440 0.00327346 -0.05381249
v 0.02151440 -0.00002654 -0.05381700
v 0.02068822 0.00327330 -0.05370161
v 0.02068822 -0.00002669 -0.05370611
v 0.01988860 0.00327363 -0.05393714
v 0.01988860 -0.00002637 -0.05394164
v 0.02344195 -0.00002182 -0.05727404
v 0.02344195 0.00327817 -0.05726954
v 0.02382711 -0.00001852 -0.05969098
v 0.02382711 0.00328147 -0.05968647
v 0.01430484 0.00328190 -0.06000178
v 0.01430484 -0.00001809 -0.06000628
v 0.01455490 -0.00001713 -0.06071175
v 0.01464942 0.00328307 -0.06085390
v 0.01504680 -0.00001636 -0.06127589
v 0.01533875 0.00328390 -0.06146191
v 0.01622724 -0.00001578 -0.06170189
v 0.01622724 0.00328422 -0.06169739
v 0.01571165 -0.00001589 -0.06161969
v 0.01533875 -0.00001610 -0.06146642
v 0.02328581 -0.00001642 -0.06122907
v 0.02259904 0.00328422 -0.06169703
v 0.02259904 -0.00001578 -0.06170153
v 0.02177933 0.00328442 -0.06184850
v 0.02177933 -0.00001557 -0.06185300
v 0.02375080 -0.00001752 -0.06042375
v 0.02375080 0.00328247 -0.06041925
v 0.02372033 -0.00001739 -0.06051769
v 0.02372033 0.00328260 -0.06051319
v 0.02328581 0.00328357 -0.06122457
v 0.00552250 0.00329152 -0.06704596
v 0.00552250 -0.00000848 -0.06705046
v 0.00461225 0.00329134 -0.06691831
v 0.00461225 -0.00000865 -0.06692281
v 0.00374103 0.00329174 -0.06721129
v 0.00374103 -0.00000825 -0.06721579
v 0.00309286 0.00329263 -0.06786300
v 0.00309286 -0.00000736 -0.06786750
v 0.00654534 0.00329193 -0.06735008
v 0.00654534 -0.00000806 -0.06735459
v 0.00813387 0.00329468 -0.06936187
v 0.00813387 -0.00000532 -0.06936637
v 0.00794707 0.00329345 -0.06846189
v 0.00794707 -0.00000654 -0.06846640
v 0.00737746 0.00329247 -0.06774051
v 0.00737746 -0.00000753 -0.06774501
v 0.00018595 0.00329909 -0.07259569
v 0.00018595 -0.00000090 -0.07260020
v -0.00002690 0.00329975 -0.07307244
v -0.00009273 0.00000017 -0.07338582
v -0.00009273 0.00330017 -0.07338132
v -0.00002695 0.00000130 -0.07421681
v -0.00007625 0.00330102 -0.07400749
v 0.00037186 0.00000230 -0.07494880
v 0.00030541 0.00330219 -0.07486252
v 0.00103443 0.00000299 -0.07545464
v 0.00103443 0.00330299 -0.07545014
v 0.00571255 0.00000489 -0.07684560
v 0.00571255 0.00330489 -0.07684110
v 0.00332014 0.00000419 -0.07632954
v 0.00332014 0.00330419 -0.07632504
v 0.00654385 0.00000481 -0.07678394
v 0.00790055 0.00000297 -0.07543405
v 0.00790055 0.00330296 -0.07542954
v 0.00778693 0.00000337 -0.07572871
v 0.00778693 0.00330336 -0.07572421
v 0.00743101 0.00000407 -0.07624416
v 0.00743101 0.00330407 -0.07623966
v 0.00727781 0.00000427 -0.07638876
v 0.00727781 0.00330427 -0.07638426
v 0.00654385 0.00330481 -0.07677944
v -0.00476464 0.00326987 -0.05118516
v -0.00476464 -0.00003013 -0.05118966
v -0.00512689 -0.00002910 -0.05194042
v -0.00510109 0.00327076 -0.05184059
v -0.00515164 -0.00002797 -0.05277364
v -0.00516238 0.00327194 -0.05270417
v -0.00483458 -0.00002691 -0.05354457
v -0.00485295 0.00327305 -0.05351275
v -0.00423079 -0.00002613 -0.05411930
v -0.00423079 0.00327387 -0.05411480
v -0.00312152 -0.00003260 -0.04937581
v -0.00312152 0.00326739 -0.04937131
v -0.00122097 -0.00003471 -0.04783378
v -0.00122097 0.00326529 -0.04782928
v 0.00167529 0.00326623 -0.04852169
v 0.00167529 -0.00003376 -0.04852620
v 0.00113426 0.00326537 -0.04788754
v 0.00113426 -0.00003463 -0.04789205
v 0.00038171 0.00326488 -0.04752902
v 0.00038171 -0.00003512 -0.04753352
v -0.00045162 0.00326485 -0.04750840
v -0.00045162 -0.00003515 -0.04751291
v 0.00381323 0.00327633 -0.05591815
v 0.00381323 -0.00002367 -0.05592265
v 0.00437890 -0.00002466 -0.05519817
v 0.00437890 0.00327534 -0.05519367
v 0.00447890 -0.00002502 -0.05493251
v 0.00447890 0.00327498 -0.05492801
v 0.00303843 0.00327733 -0.05665189
v 0.00303843 -0.00002267 -0.05665639
v 0.00050191 -0.00002216 -0.05702621
v 0.00097865 -0.00002187 -0.05723906
v 0.00050188 0.00327784 -0.05702169
v 0.00137466 0.00327823 -0.05730992
v 0.00136360 -0.00002177 -0.05731343
v 0.00172333 -0.00002177 -0.05731437
v 0.00228423 0.00327805 -0.05717732
v 0.00244355 -0.00002205 -0.05711063
v 0.00227907 -0.00002195 -0.05718386
v 0.02447997 0.00348999 -0.06592404
v 0.02465441 0.00299006 -0.06597659
v 0.02312401 0.00299498 -0.06958415
v 0.02296548 0.00349486 -0.06949409
v 0.02082922 0.00299932 -0.07276072
v 0.02069456 0.00349915 -0.07263762
v 0.01788511 0.00300285 -0.07534701
v 0.01809781 0.00350234 -0.07497097
v 0.01953214 0.00350074 -0.07380028
v 0.02020395 0.00349986 -0.07315546
v 0.01778107 0.00350265 -0.07519701
v 0.01443931 0.00300540 -0.07721332
v 0.01437110 0.00350517 -0.07704392
v 0.01066462 0.00300683 -0.07826608
v 0.01063566 0.00350659 -0.07808574
v 0.00749435 0.00350688 -0.07830206
v 0.00675030 0.00300709 -0.07845251
v 0.00676205 0.00350684 -0.07827022
v 0.00289263 0.00300615 -0.07776324
v 0.00294450 0.00350591 -0.07758812
v -0.00071493 0.00300406 -0.07623284
v -0.00062555 0.00350384 -0.07607363
v -0.00389150 0.00300093 -0.07393806
v -0.00647779 0.00299691 -0.07099395
v -0.00484851 0.00349928 -0.07273117
v -0.00601518 0.00349736 -0.07132433
v -0.00474539 0.00349943 -0.07284196
v -0.00376909 0.00350074 -0.07380271
v -0.00125628 0.00350333 -0.07570019
v -0.00632848 0.00349677 -0.07088923
v -0.00834411 0.00299220 -0.06754816
v -0.00817539 0.00349211 -0.06747927
v -0.00939688 0.00298705 -0.06377346
v -0.00921721 0.00348701 -0.06374382
v -0.00958330 0.00298171 -0.05985915
v -0.00940169 0.00348172 -0.05987021
v -0.00889403 0.00297644 -0.05600149
v -0.00871959 0.00347651 -0.05605267
v -0.00464776 0.00349924 -0.07269920
v 0.02310091 0.00347197 -0.05272740
v 0.01966247 0.00347069 -0.05178536
v 0.02208886 0.00346974 -0.05108749
v -0.00238533 0.00348779 -0.06431564
v -0.00236139 0.00348659 -0.06343598
v -0.00200151 0.00348709 -0.06379928
v -0.00389099 0.00347968 -0.05837516
v -0.00343042 0.00347866 -0.05762532
v -0.00207475 0.00347940 -0.05816851
v 0.01524446 0.00348414 -0.06163802
v 0.01622180 0.00348449 -0.06189704
v 0.01615306 0.00348680 -0.06358826
v 0.00449633 0.00347277 -0.05330997
v 0.00526609 0.00347169 -0.05252152
v 0.00476068 0.00347410 -0.05428588
v -0.00457541 0.00347578 -0.05551132
v -0.00545507 0.00347574 -0.05548738
v -0.00536021 0.00347198 -0.05273326
v -0.00622885 0.00347631 -0.05590647
v -0.00501984 0.00347320 -0.05362269
v -0.00433547 0.00347410 -0.05428494
v -0.00382558 0.00347640 -0.05597189
v -0.00144747 0.00347652 -0.05605881
v -0.00340648 0.00347746 -0.05674566
v -0.00529280 0.00347069 -0.05178332
v -0.00720510 0.00347164 -0.05248262
v -0.00492270 0.00346970 -0.05106234
v -0.00493418 0.00346735 -0.04933909
v -0.00325904 0.00346720 -0.04922582
v -0.00133474 0.00346506 -0.04766451
v -0.00202069 0.00346386 -0.04677970
v -0.00048845 0.00346458 -0.04731155
v 0.00138927 0.00346134 -0.04493279
v 0.00042821 0.00346461 -0.04733422
v 0.00143466 0.00346329 -0.04636561
v 0.00125601 0.00346515 -0.04772860
v 0.00304019 0.00346394 -0.04684299
v 0.00185115 0.00346610 -0.04842617
v 0.00513736 0.00346759 -0.04951157
v 0.00425770 0.00346755 -0.04948763
v 0.00350786 0.00346692 -0.04902706
v 0.00308877 0.00346587 -0.04825329
v 0.00419183 0.00347917 -0.05799529
v 0.00332719 0.00348140 -0.05963459
v 0.00312715 0.00348151 -0.05971522
v 0.00039717 0.00347807 -0.05719182
v 0.00135726 0.00347850 -0.05750889
v 0.00235779 0.00347830 -0.05736303
v 0.00318741 0.00347751 -0.05678505
v -0.00046922 0.00348005 -0.05864589
v 0.00568545 0.00350516 -0.07703898
v 0.00326314 0.00350445 -0.07651647
v 0.00094886 0.00350324 -0.07563063
v 0.00014693 0.00350236 -0.07498426
v -0.00027289 0.00350107 -0.07404372
v 0.00363543 0.00349151 -0.06704117
v 0.00292244 0.00349249 -0.06775805
v 0.00098854 0.00349313 -0.06822762
v 0.00001553 0.00349895 -0.07249074
v -0.00021861 0.00349967 -0.07301517
v -0.00069084 0.00350084 -0.07387573
v -0.00105139 0.00350070 -0.07376853
v 0.00750174 0.00349225 -0.06758354
v 0.00920210 0.00349163 -0.06713049
v 0.00812832 0.00349334 -0.06837706
v 0.00833380 0.00349469 -0.06936704
v 0.00658641 0.00349167 -0.06715407
v 0.00559505 0.00349126 -0.06685930
v 0.00195542 0.00348869 -0.06497581
v 0.00459377 0.00349107 -0.06671890
v 0.00740724 0.00350447 -0.07653645
v 0.00796727 0.00350348 -0.07581040
v 0.00801759 0.00350438 -0.07646505
v 0.00818269 0.00350227 -0.07491913
v 0.00969698 0.00349667 -0.07081693
v 0.00659988 0.00350507 -0.07697116
v 0.02236187 0.00347386 -0.05410573
v 0.02158173 0.00347320 -0.05362389
v 0.02067293 0.00347303 -0.05350192
v 0.01979335 0.00347339 -0.05376100
v 0.02363647 0.00347811 -0.05722278
v 0.02457448 0.00347953 -0.05826256
v 0.02402645 0.00348145 -0.05966992
v 0.02390898 0.00348269 -0.06057931
v 0.02243555 0.00348935 -0.06545626
v 0.02244979 0.00348916 -0.06532040
v 0.02247374 0.00348796 -0.06444074
v 0.02343101 0.00348376 -0.06136183
v 0.02205464 0.00348691 -0.06366696
v 0.02177389 0.00348470 -0.06204815
v 0.02267557 0.00348447 -0.06188153
v 0.01375751 0.00347968 -0.05837119
v 0.01386675 0.00348057 -0.05902594
v 0.01255668 0.00348534 -0.06251894
v 0.01410716 0.00348195 -0.06003187
v 0.01448620 0.00348322 -0.06096921
v 0.01602888 0.00347112 -0.05210083
v 0.01644797 0.00347218 -0.05287460
v 0.01469562 0.00347552 -0.05532524
v 0.01490954 0.00347700 -0.05640618
v 0.01719781 0.00347280 -0.05333517
v 0.01807747 0.00347284 -0.05335911
v -0.00290788 0.00348323 -0.06097048
v -0.00466477 0.00348026 -0.05879425
v -0.00554442 0.00348022 -0.05877031
v -0.00629426 0.00347959 -0.05830975
v -0.00668941 0.00347734 -0.05665631
v -0.00671336 0.00347854 -0.05753597
v -0.00518376 0.00348545 -0.06259679
v -0.00130235 0.00348388 -0.06144786
v -0.00278049 0.00348554 -0.06266221
v -0.00353033 0.00348491 -0.06220164
v -0.00440998 0.00348487 -0.06217770
v -0.00564433 0.00348647 -0.06334663
v -0.00566827 0.00348767 -0.06422628
v -0.00524917 0.00348873 -0.06500006
v -0.00457391 0.00349088 -0.06657371
v -0.00449934 0.00348936 -0.06546063
v -0.00296838 0.00349153 -0.06705109
v -0.00361968 0.00348939 -0.06548457
v -0.00284590 0.00348882 -0.06506547
v 0.01580512 0.00349760 -0.07149784
v 0.01668477 0.00349763 -0.07152178
v 0.01851842 0.00350025 -0.07343985
v 0.01745855 0.00349706 -0.07110269
v 0.01791912 0.00349603 -0.07035285
v 0.01948530 0.00349581 -0.07018804
v 0.01794306 0.00349483 -0.06947319
v 0.02018446 0.00349260 -0.06783663
v 0.01752396 0.00349378 -0.06869941
v 0.01677413 0.00349315 -0.06823885
v 0.01589447 0.00349312 -0.06821491
v 0.01531993 0.00349062 -0.06639024
v 0.01512069 0.00349369 -0.06863400
v 0.01462077 0.00349383 -0.06874165
v 0.01466012 0.00349471 -0.06938384
v 0.01365390 0.00349827 -0.07199346
v 0.01463618 0.00349591 -0.07026350
v 0.01505528 0.00349697 -0.07103728
v 0.02033579 0.00349073 -0.06646539
v 0.02121545 0.00349076 -0.06648933
v 0.02160242 0.00349317 -0.06825823
v 0.02198923 0.00349019 -0.06607024
v 0.01958596 0.00349010 -0.06600483
v 0.02130480 0.00348628 -0.06320640
v 0.02042514 0.00348625 -0.06318246
v 0.01965137 0.00348682 -0.06360155
v 0.01919080 0.00348784 -0.06435139
v 0.01916686 0.00348904 -0.06523105
v 0.00591114 0.00346701 -0.04909248
v 0.00637170 0.00346599 -0.04834264
v 0.00663657 0.00346540 -0.04791232
v 0.00639564 0.00346479 -0.04746298
v 0.00786687 0.00345961 -0.04367036
v 0.00597655 0.00346373 -0.04668920
v 0.00512472 0.00345991 -0.04389098
v 0.00522671 0.00346310 -0.04622864
v 0.00378210 0.00346028 -0.04416222
v 0.00434705 0.00346307 -0.04620470
v 0.00357327 0.00346364 -0.04662379
v 0.01885124 0.00347227 -0.05294001
v 0.01931181 0.00347124 -0.05219018
v 0.01933575 0.00347004 -0.05131052
v 0.01952947 0.00346576 -0.04817400
v 0.01891666 0.00346898 -0.05053674
v 0.01816682 0.00346836 -0.05007618
v 0.01735332 0.00346346 -0.04649101
v 0.01728716 0.00346832 -0.05005224
v 0.01651338 0.00346890 -0.05047133
v 0.01299527 0.00346791 -0.04975009
v 0.01301922 0.00346671 -0.04887043
v 0.01638593 0.00346266 -0.04590308
v 0.01260012 0.00346565 -0.04809666
v 0.01281588 0.00346059 -0.04438860
v 0.01185028 0.00346503 -0.04763609
v 0.00899833 0.00345966 -0.04370649
v 0.01287332 0.00347478 -0.05478341
v 0.00562664 0.00347184 -0.05262872
v 0.01013144 0.00346885 -0.05043452
v 0.01088127 0.00346947 -0.05089508
v 0.01176093 0.00346951 -0.05091902
v 0.01253471 0.00346893 -0.05049993
v 0.01097063 0.00346499 -0.04761215
v 0.01019685 0.00346556 -0.04803125
v 0.00699711 0.00346555 -0.04801952
v 0.00973628 0.00346659 -0.04878108
v 0.00971234 0.00346779 -0.04966074
v 0.00393836 0.00347654 -0.05607389
v 0.00456060 0.00347546 -0.05527696
v 0.00561799 0.00347755 -0.05681165
v 0.00738855 0.00347680 -0.05626387
v 0.00923395 0.00347704 -0.05643536
v 0.01087326 0.00347822 -0.05730000
v 0.01205690 0.00348016 -0.05872616
v 0.01433507 0.00347537 -0.05521804
v 0.01260468 0.00348258 -0.06049671
v 0.01172355 0.00348916 -0.06532091
v 0.01156855 0.00348734 -0.06398143
v 0.01243319 0.00348510 -0.06234212
v 0.01384854 0.00347878 -0.05771365
v 0.01424900 0.00347774 -0.05695439
v 0.01066385 0.00349223 -0.06756512
v 0.01014239 0.00348895 -0.06516507
v 0.01136301 0.00348902 -0.06521371
v 0.00370348 0.00348634 -0.06325056
v 0.00488712 0.00348829 -0.06467672
v 0.00652642 0.00348947 -0.06554135
v 0.00837183 0.00348970 -0.06571284
v 0.01424380 0.00346849 -0.05017421
v 0.01570555 0.00346908 -0.05060884
v 0.01606609 0.00346923 -0.05071604
v 0.01605282 0.00346992 -0.05122117
v 0.00188940 0.00346107 -0.04473955
v 0.00311271 0.00346467 -0.04737363
v 0.01197452 0.00350598 -0.07764158
v 0.00837814 0.00350452 -0.07657225
v 0.02090326 0.00349638 -0.07060965
v 0.02287782 0.00347489 -0.05486374
v 0.02393577 0.00347439 -0.05449745
v 0.02497759 0.00347949 -0.05823289
v 0.02500122 0.00347970 -0.05838379
v 0.02516207 0.00348478 -0.06210650
v 0.01141333 0.00350343 -0.07577202
v 0.01053367 0.00350340 -0.07574807
v 0.00978383 0.00350277 -0.07528751
v 0.01005752 0.00349681 -0.07092413
v 0.01150268 0.00349895 -0.07248908
v 0.01062302 0.00349892 -0.07246514
v 0.01218711 0.00350286 -0.07535291
v 0.01264767 0.00350183 -0.07460308
v 0.01267161 0.00350063 -0.07372343
v 0.01225252 0.00349958 -0.07294965
v 0.01102440 0.00349237 -0.06767233
v 0.00984924 0.00349949 -0.07288424
v 0.00938868 0.00350051 -0.07363407
v 0.00936474 0.00350171 -0.07451373
v 0.00229403 0.00348534 -0.06251719
v 0.00315570 0.00348392 -0.06148000
v 0.00265457 0.00348548 -0.06262439
v 0.00159487 0.00348855 -0.06486860
v -0.00240644 0.00349815 -0.07190053
v -0.00152678 0.00349818 -0.07192448
v -0.00075300 0.00349761 -0.07150538
v 0.00062800 0.00349299 -0.06812041
v -0.00029244 0.00349658 -0.07075554
v -0.00315628 0.00349752 -0.07143997
v -0.00026850 0.00349538 -0.06987589
v -0.00068759 0.00349433 -0.06910211
v -0.00143743 0.00349370 -0.06864154
v -0.00231709 0.00349366 -0.06861760
v -0.00309087 0.00349424 -0.06903670
v -0.00355143 0.00349526 -0.06978653
v -0.00357537 0.00349646 -0.07066619
v 0.00332719 -0.00001859 -0.05963937
v 0.00419183 -0.00002083 -0.05800006
v 0.00561799 -0.00002245 -0.05681642
v 0.00738855 -0.00002319 -0.05626865
v 0.00923395 -0.00002296 -0.05644014
v 0.01087326 -0.00002178 -0.05730478
v 0.01205690 -0.00001983 -0.05873093
v 0.01260468 -0.00001742 -0.06050149
v 0.01243319 -0.00001490 -0.06234690
v 0.00992799 0.00326667 -0.04883835
v 0.01033437 0.00326576 -0.04817674
v 0.01101711 0.00326526 -0.04780694
v 0.01179328 0.00326529 -0.04782807
v 0.01245490 0.00326584 -0.04823445
v 0.01282469 0.00326677 -0.04891720
v 0.01280357 0.00326783 -0.04969336
v 0.00992799 0.00016667 -0.04884259
v 0.01033437 0.00016577 -0.04818097
v 0.01101711 0.00016526 -0.04781118
v 0.01179328 0.00016529 -0.04783230
v 0.01245490 0.00016584 -0.04823868
v 0.01282469 0.00016678 -0.04892142
v 0.01280357 0.00016784 -0.04969760
v 0.01624452 0.00327000 -0.05127844
v 0.01665090 0.00326909 -0.05061682
v 0.01733365 0.00326859 -0.05024703
v 0.01810982 0.00326862 -0.05026816
v 0.01877144 0.00326917 -0.05067454
v 0.01914123 0.00327010 -0.05135728
v 0.01912010 0.00327116 -0.05213345
v 0.01733365 -0.00153141 -0.05025358
v 0.01810982 -0.00153138 -0.05027471
v 0.01877144 -0.00153082 -0.05068109
v 0.01624452 -0.00153000 -0.05128499
v 0.01665090 -0.00153090 -0.05062338
v 0.01914123 -0.00152989 -0.05136383
v 0.01659319 -0.00152801 -0.05274391
v 0.01912010 -0.00152883 -0.05214000
v 0.01622340 -0.00152894 -0.05206116
v 0.01871372 -0.00152793 -0.05280162
v 0.01803098 -0.00152742 -0.05317141
v 0.01725481 -0.00152745 -0.05315029
v 0.00330442 0.00326475 -0.04743090
v 0.00371079 0.00326384 -0.04676928
v 0.00439354 0.00326334 -0.04639949
v 0.00516971 0.00326337 -0.04642062
v 0.00583133 0.00326392 -0.04682700
v 0.00620112 0.00326485 -0.04750974
v 0.00617999 0.00326591 -0.04828591
v 0.00439354 -0.00153666 -0.04640605
v 0.00516971 -0.00153663 -0.04642717
v 0.00583133 -0.00153607 -0.04683355
v 0.00509087 -0.00153268 -0.04932387
v 0.00431470 -0.00153270 -0.04930275
v 0.00365308 -0.00153326 -0.04889637
v 0.00617999 -0.00153408 -0.04829246
v 0.00577362 -0.00153318 -0.04895408
v 0.00620112 -0.00153514 -0.04751629
v 0.00328329 -0.00153419 -0.04821362
v 0.00330442 -0.00153525 -0.04743746
v 0.00371079 -0.00153615 -0.04677584
v 0.01938251 0.00328792 -0.06440867
v 0.01978889 0.00328702 -0.06374704
v 0.02047163 0.00328651 -0.06337725
v 0.02124780 0.00328654 -0.06339838
v 0.02190942 0.00328710 -0.06380476
v 0.02227921 0.00328803 -0.06448750
v 0.02225809 0.00328909 -0.06526367
v 0.02047163 -0.00151348 -0.06338381
v 0.02124780 -0.00151346 -0.06340493
v 0.02190942 -0.00151290 -0.06381131
v 0.01978889 -0.00151298 -0.06375360
v 0.01938251 -0.00151208 -0.06441522
v 0.02225809 -0.00151091 -0.06527022
v 0.02227921 -0.00151197 -0.06449406
v 0.02116896 -0.00150950 -0.06630164
v 0.02039279 -0.00150953 -0.06628051
v 0.02185171 -0.00151001 -0.06593184
v 0.01973117 -0.00151008 -0.06587413
v 0.01936138 -0.00151102 -0.06519139
v 0.01485183 0.00329479 -0.06944112
v 0.01525821 0.00329389 -0.06877950
v 0.01594095 0.00329338 -0.06840970
v 0.01671712 0.00329341 -0.06843083
v 0.01737875 0.00329396 -0.06883721
v 0.01774853 0.00329490 -0.06951995
v 0.01772741 0.00329596 -0.07029612
v 0.01485183 0.00019479 -0.06944535
v 0.01525821 0.00019389 -0.06878373
v 0.01594095 0.00019338 -0.06841394
v 0.01671712 0.00019341 -0.06843507
v 0.01737875 0.00019397 -0.06884144
v 0.01774853 0.00019490 -0.06952418
v 0.01772741 0.00019596 -0.07030036
v 0.00958038 0.00330059 -0.07369135
v 0.00998676 0.00329969 -0.07302973
v 0.01066951 0.00329918 -0.07265994
v 0.01144568 0.00329921 -0.07268106
v 0.01210730 0.00329977 -0.07308744
v 0.01247709 0.00330070 -0.07377019
v 0.01245596 0.00330176 -0.07454635
v 0.01210730 -0.00150023 -0.07309400
v 0.01247709 -0.00149930 -0.07377674
v 0.01245596 -0.00149824 -0.07455291
v 0.00992905 -0.00149741 -0.07515682
v 0.00955926 -0.00149835 -0.07447407
v 0.01059067 -0.00149686 -0.07556319
v 0.00958038 -0.00149941 -0.07369790
v 0.01136684 -0.00149683 -0.07558431
v 0.01144568 -0.00150078 -0.07268761
v 0.01066951 -0.00150081 -0.07266649
v 0.00998676 -0.00150031 -0.07303628
v 0.01204958 -0.00149734 -0.07521453
v -0.00335972 0.00329534 -0.06984381
v -0.00295335 0.00329444 -0.06918219
v -0.00227060 0.00329393 -0.06881240
v -0.00149443 0.00329396 -0.06883352
v -0.00083281 0.00329451 -0.06923990
v -0.00046302 0.00329545 -0.06992265
v -0.00048414 0.00329651 -0.07069881
v -0.00227060 -0.00150607 -0.06881895
v -0.00149443 -0.00150604 -0.06884007
v -0.00234944 -0.00150211 -0.07171565
v -0.00083281 -0.00150548 -0.06924646
v -0.00046302 -0.00150455 -0.06992920
v -0.00157327 -0.00150208 -0.07173678
v -0.00089052 -0.00150259 -0.07136699
v -0.00048414 -0.00150349 -0.07070537
v -0.00335972 -0.00150466 -0.06985036
v -0.00295335 -0.00150556 -0.06918874
v -0.00338085 -0.00150360 -0.07062653
v -0.00301106 -0.00150267 -0.07130928
v -0.00545262 0.00328655 -0.06340390
v -0.00504624 0.00328564 -0.06274229
v -0.00436349 0.00328514 -0.06237249
v -0.00358733 0.00328517 -0.06239362
v -0.00292570 0.00328572 -0.06280000
v -0.00255592 0.00328666 -0.06348275
v -0.00257704 0.00328772 -0.06425891
v -0.00545262 0.00018655 -0.06340814
v -0.00504624 0.00018565 -0.06274652
v -0.00436349 0.00018514 -0.06237673
v -0.00358733 0.00018517 -0.06239785
v -0.00292570 0.00018573 -0.06280423
v -0.00255592 0.00018666 -0.06348698
v -0.00257704 0.00018772 -0.06426314
v -0.00649771 0.00327742 -0.05671358
v -0.00609133 0.00327651 -0.05605197
v -0.00540858 0.00327601 -0.05568217
v -0.00463241 0.00327604 -0.05570330
v -0.00397079 0.00327659 -0.05610968
v -0.00360100 0.00327752 -0.05679243
v -0.00362213 0.00327858 -0.05756859
v -0.00362213 -0.00152141 -0.05757515
v -0.00402851 -0.00152051 -0.05823677
v -0.00471125 -0.00152000 -0.05860655
v -0.00463241 -0.00152396 -0.05570985
v -0.00397079 -0.00152340 -0.05611623
v -0.00540858 -0.00152399 -0.05568873
v -0.00651883 -0.00152152 -0.05749631
v -0.00609133 -0.00152348 -0.05605852
v -0.00649771 -0.00152258 -0.05672014
v -0.00360100 -0.00152247 -0.05679898
v -0.00614904 -0.00152059 -0.05817905
v -0.00548742 -0.00152003 -0.05858543
v 0.00798276 0.00330226 -0.07491396
v 0.00798276 0.00000226 -0.07491846
v 0.00432047 -0.00002710 -0.05341000
v 0.00432047 0.00327290 -0.05340550
v 0.00455111 0.00327392 -0.05415099
v 0.00456078 0.00327411 -0.05429269
v -0.00298342 0.00018862 -0.06492476
v -0.00366617 0.00018913 -0.06529456
v -0.00444234 0.00018910 -0.06527343
v -0.00547375 0.00018761 -0.06418430
v -0.00510396 0.00018854 -0.06486705
v 0.01732103 0.00019686 -0.07096197
v 0.01663828 0.00019737 -0.07133176
v 0.01586212 0.00019734 -0.07131064
v 0.01483071 0.00019585 -0.07022151
v 0.01520050 0.00019678 -0.07090426
v 0.00990686 0.00016773 -0.04961875
v 0.01239719 0.00016874 -0.05035922
v 0.01093827 0.00016922 -0.05070788
v 0.01027665 0.00016866 -0.05030150
v 0.01171444 0.00016924 -0.05072901
v 0.00504120 -0.00189593 -0.06155451
v 0.00504958 -0.00201598 -0.06155341
v 0.00500006 -0.00201697 -0.06082828
v 0.00496759 -0.00164445 -0.06157065
v 0.00492664 -0.00166795 -0.06082353
v 0.00471887 -0.00137829 -0.06081105
v 0.00477434 -0.00137719 -0.06161265
v 0.00481254 -0.00137911 -0.06020931
v 0.00502547 -0.00169922 -0.06026863
v 0.00507750 -0.00190833 -0.06028296
v 0.00508409 -0.00201771 -0.06028518
v 0.00570095 -0.00189410 -0.06289914
v 0.00570758 -0.00201415 -0.06289402
v 0.00551317 -0.00201449 -0.06264524
v 0.00564545 -0.00164256 -0.06294987
v 0.00545212 -0.00166344 -0.06268731
v 0.00528208 -0.00137557 -0.06280541
v 0.00549928 -0.00137519 -0.06308282
v 0.00483069 -0.00137687 -0.06184839
v 0.00504453 -0.00169713 -0.06179336
v 0.00509661 -0.00190629 -0.06177980
v 0.00510335 -0.00201568 -0.06177844
v 0.00694464 -0.00189296 -0.06373374
v 0.00694773 -0.00201302 -0.06372602
v 0.00646322 -0.00201331 -0.06350891
v 0.00692211 -0.00164139 -0.06380539
v 0.00642710 -0.00166420 -0.06357250
v 0.00632488 -0.00137427 -0.06375340
v 0.00686217 -0.00137394 -0.06399356
v 0.00566594 -0.00137495 -0.06325881
v 0.00582340 -0.00169535 -0.06310429
v 0.00586158 -0.00190453 -0.06306654
v 0.00586667 -0.00201392 -0.06306200
v 0.00843900 -0.00189282 -0.06383469
v 0.00843774 -0.00201288 -0.06382647
v 0.00769392 -0.00201281 -0.06387484
v 0.00845548 -0.00164126 -0.06390795
v 0.00768911 -0.00166171 -0.06394862
v 0.00767573 -0.00137372 -0.06415505
v 0.00849785 -0.00137380 -0.06410083
v 0.00709451 -0.00137385 -0.06406264
v 0.00715339 -0.00169433 -0.06385015
v 0.00716744 -0.00190353 -0.06379841
v 0.00716950 -0.00201293 -0.06379196
v 0.00978363 -0.00189372 -0.06317493
v 0.00977835 -0.00201378 -0.06316847
v 0.00896151 -0.00201309 -0.06367055
v 0.00983471 -0.00164218 -0.06323009
v 0.00898940 -0.00166200 -0.06373906
v 0.00906708 -0.00137403 -0.06393082
v 0.00996802 -0.00137479 -0.06337591
v 0.00873359 -0.00137387 -0.06404449
v 0.00867812 -0.00169435 -0.06383109
v 0.00866427 -0.00190356 -0.06377929
v 0.00866276 -0.00201295 -0.06377269
v 0.01061824 -0.00189542 -0.06193125
v 0.01061035 -0.00201547 -0.06192832
v 0.01038399 -0.00201479 -0.06242911
v 0.01069022 -0.00164392 -0.06195344
v 0.01006999 -0.00166303 -0.06298608
v 0.01022335 -0.00137513 -0.06312510
v 0.01044858 -0.00166374 -0.06246560
v 0.01062844 -0.00137589 -0.06256817
v 0.01014401 -0.00137501 -0.06320924
v 0.00998905 -0.00169542 -0.06305221
v 0.00995102 -0.00190460 -0.06301432
v 0.00994634 -0.00201400 -0.06300938
v 0.01001493 -0.00201409 -0.06293651
v 0.01087876 -0.00137665 -0.06201301
v 0.01071918 -0.00189746 -0.06043689
v 0.01071080 -0.00201751 -0.06043832
v 0.01076412 -0.00201664 -0.06107435
v 0.01079279 -0.00164601 -0.06042006
v 0.01083764 -0.00166761 -0.06107588
v 0.01104568 -0.00137792 -0.06108115
v 0.01098604 -0.00137888 -0.06037734
v 0.01094784 -0.00137696 -0.06178067
v 0.01073491 -0.00169723 -0.06172223
v 0.01068288 -0.00190638 -0.06170847
v 0.01067629 -0.00201577 -0.06170655
v 0.01005943 -0.00189929 -0.05909226
v 0.01005280 -0.00201933 -0.05909771
v 0.01041699 -0.00201862 -0.05962187
v 0.01011493 -0.00164790 -0.05904084
v 0.01048243 -0.00166767 -0.05958595
v 0.01066467 -0.00138010 -0.05948686
v 0.01026110 -0.00138089 -0.05890717
v 0.01092969 -0.00137920 -0.06014159
v 0.01071585 -0.00169931 -0.06019749
v 0.01066377 -0.00190843 -0.06021163
v 0.01065702 -0.00201781 -0.06021329
v 0.00881574 -0.00190043 -0.05825765
v 0.00881265 -0.00202047 -0.05826571
v 0.00939013 -0.00202010 -0.05853755
v 0.00883827 -0.00164907 -0.05818533
v 0.00942862 -0.00167116 -0.05847441
v 0.00953755 -0.00138172 -0.05829667
v 0.00889821 -0.00138213 -0.05799643
v 0.01009443 -0.00138113 -0.05873117
v 0.00993698 -0.00170110 -0.05888657
v 0.00989880 -0.00191018 -0.05892489
v 0.00989371 -0.00201956 -0.05892972
v 0.00732138 -0.00190057 -0.05815671
v 0.00732264 -0.00202061 -0.05816525
v 0.00795868 -0.00202068 -0.05811194
v 0.00730490 -0.00164921 -0.05808276
v 0.00796068 -0.00167175 -0.05803794
v 0.00796635 -0.00138236 -0.05782950
v 0.00726253 -0.00138228 -0.05788915
v 0.00866587 -0.00138222 -0.05792734
v 0.00860699 -0.00170212 -0.05814071
v 0.00859294 -0.00191118 -0.05819302
v 0.00859088 -0.00202056 -0.05819977
v 0.00597675 -0.00189967 -0.05881647
v 0.00598203 -0.00201971 -0.05882325
v 0.00650620 -0.00202021 -0.05845906
v 0.00592567 -0.00164828 -0.05876062
v 0.00647076 -0.00166930 -0.05839315
v 0.00637206 -0.00138184 -0.05821052
v 0.00579236 -0.00138129 -0.05861408
v 0.00702678 -0.00138220 -0.05794549
v 0.00708225 -0.00170209 -0.05815977
v 0.00709611 -0.00191116 -0.05821213
v 0.00709762 -0.00202053 -0.05821903
v 0.00514214 -0.00189797 -0.06006015
v 0.00515003 -0.00201802 -0.06006341
v 0.00542188 -0.00201880 -0.05948592
v 0.00507016 -0.00164654 -0.06003728
v 0.00535921 -0.00166983 -0.05944696
v 0.00518187 -0.00138030 -0.05933763
v 0.00488162 -0.00137943 -0.05997698
v 0.00561637 -0.00138106 -0.05878075
v 0.00577133 -0.00170103 -0.05893864
v 0.00580936 -0.00191011 -0.05897711
v 0.00581404 -0.00201949 -0.05898234
v 0.00467376 -0.00265943 -0.05808184
v 0.00418775 -0.00265855 -0.05872877
v 0.00402334 -0.00240157 -0.05862743
v 0.00467376 -0.00138202 -0.05808010
v 0.00479921 -0.00138220 -0.05794781
v 0.00466203 -0.00163950 -0.05781247
v 0.00418775 -0.00138113 -0.05872703
v 0.00402334 -0.00163839 -0.05862639
v 0.00376921 -0.00137991 -0.05962474
v 0.00358616 -0.00163711 -0.05956408
v 0.00351205 -0.00188371 -0.05953972
v 0.00394774 -0.00202004 -0.05858048
v 0.00350199 -0.00201874 -0.05953655
v 0.00351205 -0.00215375 -0.05954009
v 0.00358616 -0.00240029 -0.05956512
v 0.00376921 -0.00265732 -0.05962649
v 0.00479921 -0.00265961 -0.05794955
v 0.00466203 -0.00240268 -0.05781352
v 0.00460649 -0.00215618 -0.05775825
v 0.00459895 -0.00202117 -0.05775061
v 0.00460649 -0.00188614 -0.05775788
v 0.00499022 -0.00158368 -0.06194225
v 0.00503264 -0.00176593 -0.06211998
v 0.00504816 -0.00201512 -0.06218529
v 0.00509531 -0.00213572 -0.06178126
v 0.00503264 -0.00226449 -0.06212066
v 0.00502221 -0.00238715 -0.06180018
v 0.00499022 -0.00244722 -0.06194342
v 0.00483069 -0.00265429 -0.06185014
v 0.00487433 -0.00244788 -0.06145852
v 0.00504288 -0.00212537 -0.06155526
v 0.00483192 -0.00226564 -0.06128078
v 0.00481639 -0.00201644 -0.06121548
v 0.00483192 -0.00176707 -0.06128010
v 0.00487433 -0.00158435 -0.06145734
v 0.00423290 -0.00114055 -0.06186633
v 0.00471770 -0.00134383 -0.06214926
v 0.00433460 -0.00125720 -0.06229201
v 0.00478366 -0.00162719 -0.06242562
v 0.00440904 -0.00157705 -0.06260394
v 0.00480780 -0.00201465 -0.06252716
v 0.00443629 -0.00201439 -0.06271856
v 0.00478366 -0.00240239 -0.06242668
v 0.00440904 -0.00245205 -0.06260514
v 0.00471770 -0.00268651 -0.06215109
v 0.00433460 -0.00277274 -0.06229408
v 0.00462761 -0.00279088 -0.06177425
v 0.00423290 -0.00289055 -0.06186872
v 0.00453751 -0.00268754 -0.06139713
v 0.00413121 -0.00277391 -0.06144304
v 0.00447156 -0.00240417 -0.06112077
v 0.00405676 -0.00245406 -0.06113110
v 0.00444742 -0.00201671 -0.06101923
v 0.00402951 -0.00201672 -0.06101649
v 0.00447156 -0.00162898 -0.06111971
v 0.00405676 -0.00157906 -0.06112991
v 0.00453751 -0.00134486 -0.06139529
v 0.00413121 -0.00125836 -0.06144097
v 0.00462761 -0.00124048 -0.06177214
v 0.00480026 -0.00136355 -0.06173104
v 0.00480026 -0.00266793 -0.06173282
v 0.00477434 -0.00265461 -0.06161439
v 0.00499016 -0.00233449 -0.06156674
v 0.00390019 -0.00239539 -0.06315204
v 0.00351466 -0.00239670 -0.06219196
v 0.00370076 -0.00265389 -0.06214134
v 0.00449366 -0.00163105 -0.06399845
v 0.00463803 -0.00137411 -0.06387008
v 0.00390019 -0.00163221 -0.06315099
v 0.00432488 -0.00137466 -0.06347240
v 0.00406985 -0.00137522 -0.06305875
v 0.00443522 -0.00187755 -0.06405061
v 0.00382218 -0.00201374 -0.06319377
v 0.00442728 -0.00201256 -0.06405783
v 0.00443522 -0.00214760 -0.06405098
v 0.00449366 -0.00239423 -0.06399949
v 0.00463803 -0.00265153 -0.06387182
v 0.00432488 -0.00265207 -0.06347414
v 0.00406985 -0.00265263 -0.06306050
v 0.00343932 -0.00215011 -0.06221225
v 0.00342910 -0.00201508 -0.06221487
v 0.00343932 -0.00188006 -0.06221189
v 0.00351466 -0.00163352 -0.06219092
v 0.00370076 -0.00137647 -0.06213960
v 0.00585089 -0.00158189 -0.06326036
v 0.00597637 -0.00176419 -0.06339311
v 0.00602230 -0.00201341 -0.06344195
v 0.00586103 -0.00213396 -0.06306850
v 0.00597637 -0.00226275 -0.06339379
v 0.00580701 -0.00238535 -0.06312148
v 0.00585089 -0.00244542 -0.06326154
v 0.00566594 -0.00265236 -0.06326056
v 0.00550807 -0.00244591 -0.06289954
v 0.00570263 -0.00212353 -0.06289899
v 0.00538260 -0.00226361 -0.06276679
v 0.00533667 -0.00201439 -0.06271795
v 0.00538260 -0.00176505 -0.06276611
v 0.00550807 -0.00158238 -0.06289836
v 0.00515738 -0.00113823 -0.06357319
v 0.00571855 -0.00134188 -0.06357586
v 0.00545821 -0.00125502 -0.06389102
v 0.00591366 -0.00162534 -0.06378226
v 0.00567843 -0.00157497 -0.06412400
v 0.00598507 -0.00201284 -0.06385820
v 0.00575903 -0.00201236 -0.06420971
v 0.00591366 -0.00240054 -0.06378332
v 0.00567843 -0.00244997 -0.06412519
v 0.00571855 -0.00268456 -0.06357769
v 0.00545821 -0.00277056 -0.06389308
v 0.00545204 -0.00278880 -0.06329640
v 0.00515738 -0.00288822 -0.06357558
v 0.00518552 -0.00268533 -0.06301483
v 0.00485655 -0.00277143 -0.06325776
v 0.00499042 -0.00240187 -0.06280842
v 0.00463633 -0.00245148 -0.06302478
v 0.00491901 -0.00201437 -0.06273248
v 0.00455572 -0.00201409 -0.06293906
v 0.00499042 -0.00162667 -0.06280736
v 0.00463633 -0.00157648 -0.06302358
v 0.00518552 -0.00134265 -0.06301299
v 0.00485655 -0.00125589 -0.06325569
v 0.00545204 -0.00123841 -0.06329428
v 0.00558093 -0.00136159 -0.06317239
v 0.00558093 -0.00266596 -0.06317417
v 0.00549928 -0.00265260 -0.06308457
v 0.00566257 -0.00233262 -0.06293533
v 0.00551124 -0.00239307 -0.06485323
v 0.00469732 -0.00239394 -0.06421454
v 0.00483300 -0.00265125 -0.06407771
v 0.00644893 -0.00162929 -0.06528937
v 0.00650994 -0.00137243 -0.06510597
v 0.00551124 -0.00162989 -0.06485219
v 0.00575187 -0.00137288 -0.06476965
v 0.00561222 -0.00137300 -0.06468742
v 0.00642422 -0.00187576 -0.06536382
v 0.00546481 -0.00201138 -0.06492831
v 0.00642087 -0.00201077 -0.06537405
v 0.00642422 -0.00214580 -0.06536418
v 0.00644893 -0.00239247 -0.06529041
v 0.00650994 -0.00264984 -0.06510772
v 0.00575187 -0.00265030 -0.06477139
v 0.00561222 -0.00265041 -0.06468917
v 0.00464239 -0.00214730 -0.06426974
v 0.00463493 -0.00201227 -0.06427711
v 0.00464239 -0.00187725 -0.06426938
v 0.00469732 -0.00163076 -0.06421350
v 0.00483300 -0.00137383 -0.06407597
v 0.00725531 -0.00158091 -0.06397154
v 0.00743022 -0.00176333 -0.06402380
v 0.00749425 -0.00201258 -0.06404318
v 0.00716778 -0.00213296 -0.06380042
v 0.00743022 -0.00226189 -0.06402449
v 0.00714732 -0.00238432 -0.06387336
v 0.00725531 -0.00244445 -0.06397273
v 0.00709451 -0.00265126 -0.06406438
v 0.00677742 -0.00244464 -0.06383063
v 0.00694586 -0.00212240 -0.06373282
v 0.00660250 -0.00226223 -0.06377837
v 0.00653848 -0.00201297 -0.06375900
v 0.00660250 -0.00176367 -0.06377769
v 0.00677742 -0.00158111 -0.06382945
v 0.00681143 -0.00113684 -0.06458914
v 0.00729861 -0.00134088 -0.06431089
v 0.00723078 -0.00125390 -0.06471399
v 0.00757059 -0.00162451 -0.06439215
v 0.00753777 -0.00157404 -0.06480570
v 0.00767014 -0.00201207 -0.06442228
v 0.00765014 -0.00201150 -0.06483971
v 0.00757059 -0.00239971 -0.06439321
v 0.00753777 -0.00244904 -0.06480690
v 0.00729861 -0.00268356 -0.06431273
v 0.00723078 -0.00276944 -0.06471606
v 0.00692709 -0.00278757 -0.06420240
v 0.00681143 -0.00288684 -0.06459153
v 0.00655556 -0.00268386 -0.06409179
v 0.00639207 -0.00276978 -0.06446668
v 0.00628359 -0.00240023 -0.06401054
v 0.00608508 -0.00244963 -0.06437496
v 0.00618404 -0.00201267 -0.06398041
v 0.00597272 -0.00201218 -0.06434096
v 0.00628359 -0.00162503 -0.06400948
v 0.00608508 -0.00157463 -0.06437377
v 0.00655556 -0.00134118 -0.06408996
v 0.00639207 -0.00125424 -0.06446461
v 0.00692709 -0.00123717 -0.06420028
v 0.00697768 -0.00136041 -0.06403030
v 0.00697768 -0.00266479 -0.06403209
v 0.00686217 -0.00265136 -0.06399530
v 0.00692919 -0.00233146 -0.06378436
v 0.00878769 -0.00162910 -0.06542971
v 0.00775704 -0.00162898 -0.06551994
v 0.00880336 -0.00187557 -0.06550658
v 0.00775463 -0.00201045 -0.06560915
v 0.00880548 -0.00201057 -0.06551715
v 0.00880336 -0.00214561 -0.06550694
v 0.00775704 -0.00239216 -0.06552099
v 0.00878769 -0.00239228 -0.06543075
v 0.00673283 -0.00239236 -0.06537483
v 0.00678174 -0.00264973 -0.06518853
v 0.00874901 -0.00264966 -0.06524207
v 0.00776229 -0.00264954 -0.06532846
v 0.00760041 -0.00264955 -0.06532102
v 0.00671302 -0.00214569 -0.06545005
v 0.00671034 -0.00201065 -0.06546012
v 0.00874901 -0.00137224 -0.06524033
v 0.00776229 -0.00137212 -0.06532671
v 0.00760041 -0.00137213 -0.06531928
v 0.00671302 -0.00187564 -0.06544968
v 0.00673283 -0.00162918 -0.06537379
v 0.00678174 -0.00137232 -0.06518678
v 0.00882716 -0.00158103 -0.06388524
v 0.00900465 -0.00176358 -0.06384307
v 0.00906962 -0.00201288 -0.06382789
v 0.00866542 -0.00213299 -0.06378090
v 0.00900465 -0.00226214 -0.06384375
v 0.00868400 -0.00238435 -0.06385434
v 0.00882716 -0.00244457 -0.06388642
v 0.00873360 -0.00265129 -0.06404623
v 0.00849785 -0.00265121 -0.06410258
v 0.00845063 -0.00233132 -0.06388633
v 0.00834226 -0.00244441 -0.06400231
v 0.00843944 -0.00212226 -0.06383333
v 0.00816477 -0.00226186 -0.06404448
v 0.00809980 -0.00201256 -0.06405966
v 0.00816477 -0.00176330 -0.06404380
v 0.00834226 -0.00158087 -0.06400113
v 0.00875185 -0.00288676 -0.06464434
v 0.00828054 -0.00268352 -0.06433945
v 0.00832633 -0.00276940 -0.06474587
v 0.00800457 -0.00239969 -0.06440502
v 0.00801484 -0.00244902 -0.06481988
v 0.00790356 -0.00201206 -0.06442863
v 0.00790082 -0.00201149 -0.06484654
v 0.00800457 -0.00162449 -0.06440396
v 0.00801484 -0.00157403 -0.06481869
v 0.00828054 -0.00134084 -0.06433762
v 0.00832633 -0.00125386 -0.06474381
v 0.00865752 -0.00123711 -0.06424738
v 0.00875185 -0.00113677 -0.06464195
v 0.00903450 -0.00134109 -0.06415743
v 0.00917737 -0.00125413 -0.06454042
v 0.00931047 -0.00162492 -0.06409186
v 0.00948887 -0.00157451 -0.06446641
v 0.00941149 -0.00201255 -0.06406825
v 0.00960289 -0.00201204 -0.06443976
v 0.00931047 -0.00240012 -0.06409292
v 0.00948887 -0.00244951 -0.06446761
v 0.00903450 -0.00268377 -0.06415926
v 0.00917737 -0.00276968 -0.06454249
v 0.00865752 -0.00278750 -0.06424950
v 0.00861626 -0.00266473 -0.06407668
v 0.00861626 -0.00136035 -0.06407490
v 0.00907577 -0.00239238 -0.06536191
v 0.00902480 -0.00264975 -0.06517616
v 0.00908831 -0.00239238 -0.06535845
v 0.00903681 -0.00264975 -0.06517285
v 0.00909640 -0.00214570 -0.06543691
v 0.00911199 -0.00201067 -0.06544343
v 0.00909920 -0.00201067 -0.06544695
v 0.00909640 -0.00187566 -0.06543654
v 0.00908831 -0.00162920 -0.06535741
v 0.00907577 -0.00162920 -0.06536087
v 0.00903681 -0.00137234 -0.06517111
v 0.00902480 -0.00137233 -0.06517442
v 0.01014528 -0.00158221 -0.06302457
v 0.01027778 -0.00176486 -0.06289934
v 0.01032627 -0.00201421 -0.06285375
v 0.00995266 -0.00213403 -0.06301519
v 0.01027778 -0.00226343 -0.06290002
v 0.01000530 -0.00238542 -0.06306954
v 0.01014528 -0.00244574 -0.06302575
v 0.01014401 -0.00265243 -0.06321098
v 0.00996802 -0.00265220 -0.06337765
v 0.00981922 -0.00233224 -0.06321391
v 0.00978328 -0.00244527 -0.06336857
v 0.00978317 -0.00212316 -0.06317357
v 0.00965078 -0.00226262 -0.06349380
v 0.00960228 -0.00201327 -0.06353939
v 0.00965078 -0.00176405 -0.06349312
v 0.00978328 -0.00158174 -0.06336739
v 0.01045872 -0.00288803 -0.06371987
v 0.00989824 -0.00268441 -0.06369144
v 0.01014105 -0.00277039 -0.06402054
v 0.00969222 -0.00240040 -0.06388616
v 0.00990851 -0.00244982 -0.06424032
v 0.00961681 -0.00201270 -0.06395704
v 0.00982339 -0.00201221 -0.06432033
v 0.00969222 -0.00162520 -0.06388510
v 0.00990851 -0.00157482 -0.06423912
v 0.00989824 -0.00134172 -0.06368961
v 0.01014105 -0.00125485 -0.06401847
v 0.01017967 -0.00123823 -0.06342296
v 0.01045872 -0.00113803 -0.06371748
v 0.01046110 -0.00134245 -0.06315658
v 0.01077638 -0.00125567 -0.06341681
v 0.01066712 -0.00162646 -0.06296186
v 0.01100892 -0.00157624 -0.06319702
v 0.01074253 -0.00201416 -0.06289098
v 0.01109404 -0.00201385 -0.06311702
v 0.01066712 -0.00240166 -0.06296292
v 0.01100892 -0.00245124 -0.06319822
v 0.01046110 -0.00268513 -0.06315842
v 0.01077638 -0.00277121 -0.06341888
v 0.01017967 -0.00278863 -0.06342507
v 0.01005761 -0.00266579 -0.06329601
v 0.01005761 -0.00136142 -0.06329423
v 0.01108661 -0.00137406 -0.06390988
v 0.01096117 -0.00137388 -0.06404217
v 0.01109835 -0.00163081 -0.06417821
v 0.01108661 -0.00265147 -0.06391162
v 0.01157263 -0.00265236 -0.06326470
v 0.01173704 -0.00239510 -0.06336533
v 0.01157263 -0.00137494 -0.06326295
v 0.01173704 -0.00163192 -0.06336429
v 0.01199117 -0.00137617 -0.06236524
v 0.01217422 -0.00163320 -0.06242660
v 0.01224833 -0.00187974 -0.06245164
v 0.01181264 -0.00201345 -0.06341124
v 0.01225839 -0.00201475 -0.06245518
v 0.01224833 -0.00214978 -0.06245201
v 0.01217422 -0.00239638 -0.06242765
v 0.01199117 -0.00265358 -0.06236698
v 0.01096117 -0.00265129 -0.06404392
v 0.01109835 -0.00239399 -0.06417925
v 0.01115389 -0.00214735 -0.06423385
v 0.01116143 -0.00201231 -0.06424112
v 0.01115389 -0.00187730 -0.06423347
v 0.01087876 -0.00265406 -0.06201475
v 0.01066825 -0.00233397 -0.06194729
v 0.01071437 -0.00244701 -0.06209922
v 0.01061700 -0.00212486 -0.06193034
v 0.01066236 -0.00226428 -0.06227389
v 0.01064332 -0.00201491 -0.06233757
v 0.01066236 -0.00176572 -0.06227321
v 0.01071437 -0.00158347 -0.06209804
v 0.01085646 -0.00158412 -0.06162016
v 0.01090847 -0.00176685 -0.06144549
v 0.01092751 -0.00201622 -0.06138180
v 0.01068459 -0.00213582 -0.06170843
v 0.01090847 -0.00226541 -0.06144617
v 0.01075718 -0.00238725 -0.06172924
v 0.01085646 -0.00244766 -0.06162133
v 0.01094784 -0.00265438 -0.06178242
v 0.01147466 -0.00289028 -0.06206582
v 0.01097521 -0.00268628 -0.06232141
v 0.01134998 -0.00277248 -0.06248501
v 0.01089434 -0.00240216 -0.06259299
v 0.01125870 -0.00245179 -0.06279156
v 0.01086474 -0.00201443 -0.06269201
v 0.01122529 -0.00201414 -0.06290334
v 0.01089434 -0.00162697 -0.06259193
v 0.01125870 -0.00157679 -0.06279037
v 0.01097521 -0.00134359 -0.06231957
v 0.01134998 -0.00125694 -0.06248295
v 0.01108567 -0.00124024 -0.06194790
v 0.01147466 -0.00114029 -0.06206343
v 0.01119614 -0.00134461 -0.06157652
v 0.01159935 -0.00125809 -0.06164423
v 0.01127701 -0.00162872 -0.06130494
v 0.01169063 -0.00157878 -0.06133768
v 0.01130661 -0.00201646 -0.06120592
v 0.01172404 -0.00201643 -0.06122591
v 0.01127701 -0.00240392 -0.06130600
v 0.01169063 -0.00245378 -0.06133888
v 0.01119614 -0.00268729 -0.06157836
v 0.01159935 -0.00277363 -0.06164631
v 0.01108567 -0.00279064 -0.06195002
v 0.01091552 -0.00266770 -0.06189926
v 0.01091552 -0.00136333 -0.06189748
v 0.01215832 -0.00137898 -0.06030551
v 0.01221192 -0.00137788 -0.06111289
v 0.01240480 -0.00163499 -0.06111849
v 0.01212553 -0.00137922 -0.06012617
v 0.01231456 -0.00163639 -0.06008784
v 0.01239109 -0.00188298 -0.06007251
v 0.01249348 -0.00201657 -0.06112142
v 0.01240148 -0.00201801 -0.06007057
v 0.01239109 -0.00215303 -0.06007288
v 0.01240480 -0.00239817 -0.06111953
v 0.01231456 -0.00239957 -0.06008888
v 0.01225863 -0.00239677 -0.06214375
v 0.01207199 -0.00265395 -0.06209519
v 0.01221192 -0.00265529 -0.06111463
v 0.01215832 -0.00265639 -0.06030726
v 0.01212553 -0.00265664 -0.06012792
v 0.01233420 -0.00215017 -0.06216321
v 0.01234446 -0.00201515 -0.06216571
v 0.01233420 -0.00188013 -0.06216284
v 0.01225863 -0.00163359 -0.06214271
v 0.01207199 -0.00137654 -0.06209344
v 0.01077016 -0.00158627 -0.06004830
v 0.01072774 -0.00176900 -0.05987106
v 0.01071221 -0.00201837 -0.05980644
v 0.01066507 -0.00213786 -0.06021079
v 0.01072774 -0.00226756 -0.05987174
v 0.01073817 -0.00238934 -0.06019256
v 0.01077016 -0.00244980 -0.06004948
v 0.01092969 -0.00265662 -0.06014333
v 0.01098604 -0.00265629 -0.06037908
v 0.01077022 -0.00233604 -0.06042586
v 0.01088605 -0.00244914 -0.06053439
v 0.01071750 -0.00212689 -0.06043676
v 0.01092846 -0.00226641 -0.06071163
v 0.01094399 -0.00201704 -0.06077625
v 0.01092846 -0.00176785 -0.06071094
v 0.01088605 -0.00158561 -0.06053321
v 0.01152748 -0.00289293 -0.06012540
v 0.01122286 -0.00268863 -0.06059643
v 0.01162917 -0.00277512 -0.06055075
v 0.01128882 -0.00240451 -0.06087201
v 0.01170362 -0.00245443 -0.06086181
v 0.01131296 -0.00201678 -0.06097250
v 0.01173086 -0.00201677 -0.06097523
v 0.01128882 -0.00162931 -0.06087096
v 0.01170362 -0.00157943 -0.06086062
v 0.01122286 -0.00134595 -0.06059460
v 0.01162917 -0.00125958 -0.06054869
v 0.01113277 -0.00124261 -0.06021747
v 0.01152748 -0.00114293 -0.06012301
v 0.01104268 -0.00134698 -0.05984063
v 0.01142578 -0.00126074 -0.05969765
v 0.01097672 -0.00163110 -0.05956505
v 0.01135134 -0.00158144 -0.05938659
v 0.01095258 -0.00201883 -0.05946457
v 0.01132409 -0.00201910 -0.05927317
v 0.01097672 -0.00240630 -0.05956611
v 0.01135134 -0.00245644 -0.05938778
v 0.01104268 -0.00268966 -0.05984247
v 0.01142578 -0.00277629 -0.05969972
v 0.01113277 -0.00279300 -0.06021959
v 0.01096012 -0.00266993 -0.06026068
v 0.01096012 -0.00136556 -0.06025890
v 0.01186019 -0.00240128 -0.05884073
v 0.01224572 -0.00239997 -0.05980081
v 0.01205962 -0.00265701 -0.05985213
v 0.01126672 -0.00163925 -0.05799223
v 0.01112235 -0.00138196 -0.05811990
v 0.01186019 -0.00163810 -0.05883969
v 0.01143550 -0.00138142 -0.05851759
v 0.01169053 -0.00138085 -0.05893123
v 0.01132516 -0.00188589 -0.05794074
v 0.01193820 -0.00201974 -0.05879796
v 0.01133309 -0.00202092 -0.05793389
v 0.01132516 -0.00215594 -0.05794111
v 0.01126672 -0.00240243 -0.05799328
v 0.01112235 -0.00265938 -0.05812165
v 0.01143550 -0.00265883 -0.05851933
v 0.01169053 -0.00265827 -0.05893297
v 0.01232106 -0.00215343 -0.05977984
v 0.01233128 -0.00201841 -0.05977685
v 0.01232106 -0.00188338 -0.05977947
v 0.01224572 -0.00163679 -0.05979977
v 0.01205962 -0.00137960 -0.05985038
v 0.00990949 -0.00158807 -0.05873019
v 0.00978401 -0.00177074 -0.05859794
v 0.00973808 -0.00202008 -0.05854978
v 0.00989935 -0.00213962 -0.05892355
v 0.00978401 -0.00226930 -0.05859862
v 0.00995337 -0.00239116 -0.05887126
v 0.00990949 -0.00245160 -0.05873137
v 0.01009443 -0.00265854 -0.05873292
v 0.01026110 -0.00265830 -0.05890891
v 0.01009781 -0.00233791 -0.05905727
v 0.01025230 -0.00245111 -0.05909336
v 0.01005775 -0.00212873 -0.05909303
v 0.01037778 -0.00226844 -0.05922562
v 0.01042371 -0.00201909 -0.05927378
v 0.01037778 -0.00176988 -0.05922494
v 0.01025230 -0.00158758 -0.05909219
v 0.01060300 -0.00289526 -0.05841853
v 0.01057486 -0.00269084 -0.05897873
v 0.01090383 -0.00277760 -0.05873604
v 0.01076996 -0.00240682 -0.05918436
v 0.01112405 -0.00245701 -0.05896814
v 0.01084137 -0.00201911 -0.05925924
v 0.01120466 -0.00201940 -0.05905266
v 0.01076996 -0.00163162 -0.05918331
v 0.01112405 -0.00158201 -0.05896695
v 0.01057486 -0.00134816 -0.05897690
v 0.01090383 -0.00126206 -0.05873397
v 0.01030834 -0.00124468 -0.05869533
v 0.01060300 -0.00114526 -0.05841615
v 0.01004182 -0.00134893 -0.05841404
v 0.01030217 -0.00126293 -0.05809864
v 0.00984672 -0.00163295 -0.05820841
v 0.01008195 -0.00158351 -0.05786654
v 0.00977531 -0.00202065 -0.05813353
v 0.01000135 -0.00202113 -0.05778202
v 0.00984672 -0.00240815 -0.05820947
v 0.01008195 -0.00245851 -0.05786773
v 0.01004182 -0.00269161 -0.05841587
v 0.01030217 -0.00277847 -0.05810072
v 0.01030834 -0.00279508 -0.05869744
v 0.01017945 -0.00267190 -0.05881933
v 0.01017945 -0.00136753 -0.05881755
v 0.01024914 -0.00240360 -0.05713954
v 0.01106306 -0.00240273 -0.05777822
v 0.01092738 -0.00265966 -0.05791576
v 0.00931145 -0.00164102 -0.05670131
v 0.00925044 -0.00138365 -0.05688401
v 0.01024914 -0.00164042 -0.05713850
v 0.01000851 -0.00138319 -0.05722034
v 0.01014816 -0.00138308 -0.05730256
v 0.00933615 -0.00188769 -0.05662755
v 0.01029557 -0.00202211 -0.05706342
v 0.00933951 -0.00202272 -0.05661767
v 0.00933615 -0.00215773 -0.05662791
v 0.00931145 -0.00240420 -0.05670236
v 0.00925044 -0.00266106 -0.05688576
v 0.01000851 -0.00266060 -0.05722208
v 0.01014816 -0.00266049 -0.05730430
v 0.01111799 -0.00215623 -0.05772235
v 0.01112545 -0.00202122 -0.05771463
v 0.01111799 -0.00188619 -0.05772198
v 0.01106306 -0.00163955 -0.05777718
v 0.01092738 -0.00138224 -0.05791402
v 0.00850507 -0.00158904 -0.05801900
v 0.00833015 -0.00177160 -0.05796725
v 0.00826613 -0.00202090 -0.05794855
v 0.00859260 -0.00214062 -0.05819163
v 0.00833015 -0.00227016 -0.05796792
v 0.00861306 -0.00239219 -0.05811938
v 0.00850507 -0.00245257 -0.05802018
v 0.00866587 -0.00265964 -0.05792909
v 0.00889821 -0.00265954 -0.05799817
v 0.00883119 -0.00233907 -0.05820824
v 0.00898296 -0.00245238 -0.05816228
v 0.00881452 -0.00212987 -0.05825920
v 0.00915787 -0.00226982 -0.05821403
v 0.00922190 -0.00202052 -0.05823273
v 0.00915787 -0.00177126 -0.05821335
v 0.00898296 -0.00158885 -0.05816109
v 0.00894895 -0.00289665 -0.05740259
v 0.00920482 -0.00269231 -0.05790177
v 0.00936831 -0.00277925 -0.05752711
v 0.00947679 -0.00240846 -0.05798225
v 0.00967530 -0.00245886 -0.05761795
v 0.00957634 -0.00202082 -0.05801132
v 0.00978766 -0.00202131 -0.05765077
v 0.00947679 -0.00163326 -0.05798119
v 0.00967530 -0.00158386 -0.05761676
v 0.00920482 -0.00134963 -0.05789993
v 0.00936831 -0.00126371 -0.05752505
v 0.00883329 -0.00124592 -0.05778933
v 0.00894895 -0.00114665 -0.05740020
v 0.00846177 -0.00134993 -0.05767900
v 0.00852960 -0.00126405 -0.05727567
v 0.00818979 -0.00163378 -0.05759852
v 0.00822261 -0.00158445 -0.05718483
v 0.00809024 -0.00202142 -0.05756945
v 0.00811024 -0.00202199 -0.05715201
v 0.00818979 -0.00240898 -0.05759958
v 0.00822261 -0.00245944 -0.05718602
v 0.00846177 -0.00269261 -0.05768083
v 0.00852960 -0.00277959 -0.05727774
v 0.00883329 -0.00279632 -0.05779144
v 0.00878270 -0.00267307 -0.05796142
v 0.00878270 -0.00136870 -0.05795964
v 0.00697268 -0.00164121 -0.05656097
v 0.00800334 -0.00164133 -0.05647074
v 0.00695702 -0.00188788 -0.05648478
v 0.00800575 -0.00202304 -0.05638258
v 0.00695490 -0.00202292 -0.05647458
v 0.00695702 -0.00215792 -0.05648515
v 0.00800334 -0.00240451 -0.05647178
v 0.00697268 -0.00240439 -0.05656201
v 0.00902755 -0.00240431 -0.05661794
v 0.00897864 -0.00266117 -0.05680494
v 0.00701137 -0.00266125 -0.05675140
v 0.00799809 -0.00266136 -0.05666501
v 0.00815997 -0.00266135 -0.05667245
v 0.00904735 -0.00215784 -0.05654204
v 0.00905004 -0.00202284 -0.05653160
v 0.00701137 -0.00138383 -0.05674965
v 0.00799809 -0.00138395 -0.05666327
v 0.00815997 -0.00138394 -0.05667070
v 0.00904735 -0.00188780 -0.05654167
v 0.00902755 -0.00164113 -0.05661690
v 0.00897864 -0.00138376 -0.05680320
v 0.00693322 -0.00158892 -0.05810531
v 0.00675573 -0.00177135 -0.05814797
v 0.00669076 -0.00202061 -0.05816384
v 0.00709495 -0.00214059 -0.05821115
v 0.00675573 -0.00226991 -0.05814866
v 0.00707638 -0.00239216 -0.05813839
v 0.00693322 -0.00245246 -0.05810649
v 0.00702678 -0.00265961 -0.05794723
v 0.00741812 -0.00245261 -0.05799060
v 0.00732094 -0.00213000 -0.05815870
v 0.00759561 -0.00227019 -0.05794793
v 0.00766058 -0.00202093 -0.05793207
v 0.00759561 -0.00177162 -0.05794725
v 0.00741812 -0.00158908 -0.05798942
v 0.00700853 -0.00114672 -0.05734739
v 0.00672587 -0.00134972 -0.05783246
v 0.00658301 -0.00126381 -0.05744924
v 0.00644990 -0.00163337 -0.05789880
v 0.00627151 -0.00158398 -0.05752412
v 0.00634889 -0.00202094 -0.05792348
v 0.00615749 -0.00202144 -0.05755197
v 0.00644990 -0.00240857 -0.05789986
v 0.00627151 -0.00245898 -0.05752531
v 0.00672587 -0.00269240 -0.05783430
v 0.00658301 -0.00277936 -0.05745131
v 0.00710286 -0.00279638 -0.05774434
v 0.00700853 -0.00289672 -0.05734977
v 0.00747984 -0.00269265 -0.05765411
v 0.00743404 -0.00277963 -0.05724792
v 0.00775581 -0.00240900 -0.05758777
v 0.00774554 -0.00245946 -0.05717304
v 0.00785682 -0.00202143 -0.05756310
v 0.00785956 -0.00202200 -0.05714519
v 0.00775581 -0.00163380 -0.05758671
v 0.00774554 -0.00158446 -0.05717184
v 0.00747984 -0.00134997 -0.05765228
v 0.00743404 -0.00126409 -0.05724585
v 0.00710286 -0.00124599 -0.05774223
v 0.00714412 -0.00136876 -0.05791504
v 0.00714412 -0.00267313 -0.05791682
v 0.00726253 -0.00265969 -0.05789089
v 0.00730975 -0.00233921 -0.05810627
v 0.00487708 -0.00163978 -0.05760882
v 0.00572453 -0.00164059 -0.05701535
v 0.00482525 -0.00188642 -0.05755071
v 0.00568228 -0.00202228 -0.05693786
v 0.00481822 -0.00202146 -0.05754296
v 0.00482525 -0.00215647 -0.05755108
v 0.00572453 -0.00240377 -0.05701639
v 0.00487708 -0.00240296 -0.05760986
v 0.00668461 -0.00240429 -0.05663086
v 0.00673558 -0.00266116 -0.05681731
v 0.00500510 -0.00265988 -0.05775457
v 0.00581643 -0.00266065 -0.05718640
v 0.00625603 -0.00266093 -0.05697929
v 0.00666398 -0.00215783 -0.05655519
v 0.00666118 -0.00202282 -0.05654477
v 0.00500510 -0.00138246 -0.05775283
v 0.00581643 -0.00138324 -0.05718466
v 0.00625603 -0.00138352 -0.05697755
v 0.00666398 -0.00188778 -0.05655482
v 0.00668461 -0.00164111 -0.05662982
v 0.00673558 -0.00138374 -0.05681556
v 0.00561510 -0.00158775 -0.05896598
v 0.00548260 -0.00177006 -0.05909170
v 0.00543410 -0.00201928 -0.05913797
v 0.00580772 -0.00213955 -0.05897687
v 0.00548260 -0.00226862 -0.05909238
v 0.00575508 -0.00239108 -0.05892320
v 0.00561510 -0.00245128 -0.05896715
v 0.00561637 -0.00265847 -0.05878249
v 0.00597710 -0.00245175 -0.05862434
v 0.00597721 -0.00212910 -0.05881845
v 0.00610960 -0.00226943 -0.05849861
v 0.00615810 -0.00202022 -0.05845235
v 0.00610960 -0.00177087 -0.05849793
v 0.00597710 -0.00158822 -0.05862316
v 0.00530166 -0.00114546 -0.05827186
v 0.00529928 -0.00134835 -0.05883331
v 0.00498400 -0.00126228 -0.05857285
v 0.00509326 -0.00163183 -0.05902880
v 0.00475146 -0.00158225 -0.05879350
v 0.00501785 -0.00201933 -0.05910075
v 0.00466634 -0.00201964 -0.05887471
v 0.00509326 -0.00240703 -0.05902986
v 0.00475146 -0.00245725 -0.05879470
v 0.00529928 -0.00269104 -0.05883515
v 0.00498400 -0.00277782 -0.05857491
v 0.00558071 -0.00279526 -0.05856877
v 0.00530166 -0.00289546 -0.05827425
v 0.00586214 -0.00269176 -0.05830212
v 0.00561933 -0.00277864 -0.05797326
v 0.00606816 -0.00240829 -0.05810662
v 0.00585187 -0.00245867 -0.05775260
v 0.00614357 -0.00202079 -0.05803468
v 0.00593699 -0.00202128 -0.05767140
v 0.00606816 -0.00163309 -0.05810557
v 0.00585187 -0.00158367 -0.05775141
v 0.00586214 -0.00134908 -0.05830028
v 0.00561933 -0.00126310 -0.05797119
v 0.00558071 -0.00124486 -0.05856666
v 0.00570277 -0.00136770 -0.05869571
v 0.00570277 -0.00267207 -0.05869749
v 0.00579236 -0.00265870 -0.05861583
v 0.00594115 -0.00233829 -0.05877868
v 0.00815997 -0.00002265 -0.05666884
v 0.00625603 -0.00002223 -0.05697569
v 0.00467376 -0.00002072 -0.05807824
v 0.00372657 -0.00001843 -0.05975812
v 0.00372657 -0.00136624 -0.05975996
v 0.00490056 -0.00136885 -0.05784861
v 0.00687294 -0.00137031 -0.05678033
v 0.01000851 -0.00002190 -0.05721848
v 0.00911520 -0.00137023 -0.05684136
v 0.01143550 -0.00002013 -0.05851573
v 0.01102655 -0.00136863 -0.05801535
v 0.01215832 -0.00001769 -0.06030366
v 0.01209483 -0.00136593 -0.05998772
v 0.01203380 -0.00001506 -0.06222815
v 0.01203380 -0.00136287 -0.06222999
v 0.00360206 -0.00137710 -0.06168447
v 0.00354846 -0.00137820 -0.06087710
v 0.00335558 -0.00163532 -0.06087220
v 0.00363485 -0.00137685 -0.06186381
v 0.00344582 -0.00163392 -0.06190285
v 0.00336929 -0.00188046 -0.06191884
v 0.00326690 -0.00201692 -0.06087030
v 0.00335890 -0.00201548 -0.06192116
v 0.00336929 -0.00215051 -0.06191921
v 0.00335558 -0.00239850 -0.06087324
v 0.00344582 -0.00239710 -0.06190389
v 0.00350174 -0.00239990 -0.05984902
v 0.00368839 -0.00265695 -0.05989828
v 0.00354846 -0.00265561 -0.06087884
v 0.00360206 -0.00265451 -0.06168621
v 0.00363485 -0.00265426 -0.06186555
v 0.00342618 -0.00215336 -0.05982888
v 0.00341592 -0.00201834 -0.05982601
v 0.00342618 -0.00188331 -0.05982852
v 0.00350174 -0.00163672 -0.05984798
v 0.00368839 -0.00137954 -0.05989654
v 0.00504601 -0.00245002 -0.05989369
v 0.00514338 -0.00212741 -0.06006168
v 0.00509802 -0.00226777 -0.05971852
v 0.00511705 -0.00201858 -0.05965415
v 0.00509802 -0.00176921 -0.05971784
v 0.00504601 -0.00158648 -0.05989251
v 0.00490392 -0.00158583 -0.06037039
v 0.00485191 -0.00176808 -0.06054556
v 0.00483287 -0.00201727 -0.06060992
v 0.00507579 -0.00213776 -0.06028362
v 0.00485191 -0.00226664 -0.06054624
v 0.00500320 -0.00238925 -0.06026350
v 0.00490392 -0.00244936 -0.06037157
v 0.00481254 -0.00265652 -0.06021105
v 0.00428572 -0.00114320 -0.05992591
v 0.00456424 -0.00134620 -0.06041337
v 0.00416103 -0.00125986 -0.06034542
v 0.00448337 -0.00162957 -0.06068573
v 0.00406975 -0.00157971 -0.06065285
v 0.00445377 -0.00201703 -0.06078581
v 0.00403634 -0.00201706 -0.06076581
v 0.00448337 -0.00240477 -0.06068679
v 0.00406975 -0.00245471 -0.06065404
v 0.00456424 -0.00268888 -0.06041520
v 0.00416103 -0.00277540 -0.06034749
v 0.00467471 -0.00279324 -0.06004382
v 0.00428572 -0.00289320 -0.05992830
v 0.00478517 -0.00268989 -0.05967215
v 0.00441040 -0.00277655 -0.05950878
v 0.00486604 -0.00240652 -0.05939979
v 0.00450168 -0.00245669 -0.05920136
v 0.00489564 -0.00201906 -0.05929971
v 0.00453509 -0.00201935 -0.05908839
v 0.00486604 -0.00163132 -0.05939874
v 0.00450168 -0.00158169 -0.05920016
v 0.00478517 -0.00134721 -0.05967032
v 0.00441040 -0.00126100 -0.05950671
v 0.00467471 -0.00124285 -0.06004170
v 0.00484486 -0.00136579 -0.06009246
v 0.00484486 -0.00267016 -0.06009424
v 0.00488162 -0.00265684 -0.05997872
v 0.00509213 -0.00233656 -0.06004530
v 0.00982541 -0.00016738 -0.06052845
v 0.00952110 -0.00016831 -0.05984992
v 0.00953759 -0.00009332 -0.05983833
v 0.00933236 -0.00016862 -0.05961813
v 0.00886249 -0.00016912 -0.05925119
v 0.00887236 -0.00009415 -0.05923358
v 0.00628931 -0.00001872 -0.05954690
v 0.00707435 -0.00001947 -0.05899986
v 0.00634481 -0.00003875 -0.05959738
v 0.00710246 -0.00003947 -0.05906942
v 0.00638543 -0.00009360 -0.05963438
v 0.00712304 -0.00009430 -0.05912040
v 0.00801900 -0.00001967 -0.05884762
v 0.00801416 -0.00003967 -0.05892249
v 0.00801062 -0.00009450 -0.05897736
v 0.00581936 -0.00001758 -0.06038038
v 0.00589125 -0.00003765 -0.06040178
v 0.00594387 -0.00009253 -0.06041750
v 0.00596314 -0.00016752 -0.06042333
v 0.00640030 -0.00016858 -0.05964800
v 0.00845020 -0.00016936 -0.05907629
v 0.00800932 -0.00016947 -0.05899751
v 0.00741530 -0.00016940 -0.05904812
v 0.00713058 -0.00016928 -0.05913913
v 0.00650498 -0.00016873 -0.05954117
v 0.00889933 -0.00003931 -0.05918568
v 0.00893616 -0.00001930 -0.05912032
v 0.00958264 -0.00003846 -0.05980686
v 0.00964417 -0.00001842 -0.05976396
v 0.00985471 -0.00016718 -0.06067512
v 0.00987455 -0.00009218 -0.06067182
v 0.00992876 -0.00003729 -0.06066301
v 0.01000280 -0.00001721 -0.06065105
v 0.00994102 -0.00001591 -0.06160589
v 0.00986913 -0.00003603 -0.06158454
v 0.00981651 -0.00009096 -0.06156897
v 0.00979724 -0.00016597 -0.06156334
v 0.00878270 -0.00002089 -0.05795780
v 0.00714412 -0.00002095 -0.05791321
v 0.00570277 -0.00001988 -0.05869387
v 0.00484486 -0.00001798 -0.06009062
v 0.00475386 -0.00001606 -0.06149698
v 0.00575758 -0.00001628 -0.06133522
v 0.00528208 -0.00001427 -0.06280354
v 0.00611621 -0.00001507 -0.06222231
v 0.00632488 -0.00001298 -0.06375153
v 0.00682422 -0.00001419 -0.06286594
v 0.00767573 -0.00001243 -0.06415319
v 0.00774137 -0.00001382 -0.06313865
v 0.00906708 -0.00001274 -0.06392895
v 0.00868602 -0.00001402 -0.06298640
v 0.01022335 -0.00001384 -0.06312325
v 0.00947107 -0.00001477 -0.06243937
v 0.01091552 -0.00001551 -0.06189564
v 0.01096012 -0.00001775 -0.06025706
v 0.01017945 -0.00001972 -0.05881571
v 0.01215832 -0.00321768 -0.06030802
v 0.01203380 -0.00321506 -0.06223251
v 0.01203380 -0.00266724 -0.06223177
v 0.01143550 -0.00322012 -0.05852009
v 0.01209483 -0.00267030 -0.05998950
v 0.01000851 -0.00322190 -0.05722285
v 0.01102655 -0.00267300 -0.05801713
v 0.00815997 -0.00322265 -0.05667321
v 0.00911520 -0.00267460 -0.05684314
v 0.00625603 -0.00322223 -0.05698006
v 0.00687294 -0.00267468 -0.05678212
v 0.00467376 -0.00322072 -0.05808261
v 0.00490056 -0.00267322 -0.05785039
v 0.00372657 -0.00321843 -0.05976249
v 0.00372657 -0.00267062 -0.05976174
v 0.01091552 -0.00321551 -0.06190001
v 0.01005761 -0.00321360 -0.06329677
v 0.01057851 -0.00265319 -0.06265409
v 0.00861626 -0.00321254 -0.06407743
v 0.00938832 -0.00265165 -0.06378121
v 0.00697768 -0.00321260 -0.06403283
v 0.00779403 -0.00265113 -0.06416222
v 0.00558093 -0.00321377 -0.06317492
v 0.00622283 -0.00265177 -0.06369505
v 0.00480026 -0.00321574 -0.06173357
v 0.00509571 -0.00265339 -0.06250487
v 0.00484486 -0.00321797 -0.06009499
v 0.00471469 -0.00265557 -0.06091058
v 0.00979724 -0.00321596 -0.06156751
v 0.00982541 -0.00321738 -0.06053261
v 0.00933236 -0.00321862 -0.05962229
v 0.00845020 -0.00321936 -0.05908045
v 0.00741530 -0.00321940 -0.05905228
v 0.00650498 -0.00321872 -0.05954533
v 0.00596314 -0.00321752 -0.06042749
v 0.01108661 -0.00001277 -0.06390803
v 0.01156855 -0.00001266 -0.06398620
v 0.00950435 -0.00001126 -0.06501058
v 0.01014239 -0.00001104 -0.06516984
v 0.00760041 -0.00001084 -0.06531742
v 0.00837183 -0.00001030 -0.06571762
v 0.00652642 -0.00001053 -0.06554613
v 0.00575187 -0.00001159 -0.06476779
v 0.00488712 -0.00001171 -0.06468149
v 0.00432488 -0.00001336 -0.06347054
v 0.00370348 -0.00001366 -0.06325533
v 0.00360206 -0.00001580 -0.06168261
v 0.00315570 -0.00001607 -0.06148478
v 0.00878270 -0.00322089 -0.05796217
v 0.01017945 -0.00321971 -0.05882008
v 0.01096012 -0.00321775 -0.06026143
v 0.01108661 -0.00321276 -0.06391239
v 0.00950435 -0.00321126 -0.06501494
v 0.00760041 -0.00321084 -0.06532179
v 0.00575187 -0.00321159 -0.06477216
v 0.00432488 -0.00321336 -0.06347491
v 0.00360206 -0.00321580 -0.06168698
v 0.00570277 -0.00321988 -0.05869824
v 0.00714412 -0.00322095 -0.05791757
v 0.00925540 -0.00321476 -0.06244967
v 0.00593497 -0.00321611 -0.06146239
v 0.00642802 -0.00321487 -0.06237271
v 0.00731018 -0.00321413 -0.06291455
v 0.00834508 -0.00321409 -0.06294272
v 0.00289263 0.00210615 -0.07776447
v 0.00675030 0.00210709 -0.07845373
v 0.01066462 0.00210684 -0.07826731
v 0.01443931 0.00210540 -0.07721455
v 0.01788511 0.00210285 -0.07534824
v 0.02082922 0.00209932 -0.07276195
v 0.02312401 0.00209498 -0.06958538
v 0.02465441 0.00209006 -0.06597782
v 0.02534368 0.00298479 -0.06211893
v 0.02534368 0.00208479 -0.06212016
v 0.02515725 0.00297945 -0.05820461
v 0.02515725 0.00207945 -0.05820584
v 0.02410449 0.00297430 -0.05442992
v 0.02410449 0.00207430 -0.05443115
v 0.02223817 0.00296959 -0.05098413
v 0.02223817 0.00206960 -0.05098536
v 0.01965188 0.00296558 -0.04804002
v 0.01965188 0.00206558 -0.04804125
v 0.01647531 0.00296244 -0.04574524
v 0.01647531 0.00206245 -0.04574646
v 0.01286775 0.00296036 -0.04421484
v 0.01286775 0.00206036 -0.04421607
v 0.00275013 0.00210680 -0.07824373
v 0.00275013 0.00310680 -0.07824236
v -0.00096051 0.00210465 -0.07666960
v -0.00096051 0.00310465 -0.07666824
v -0.00422784 0.00210143 -0.07430925
v -0.00422784 0.00310143 -0.07430789
v -0.00688802 0.00209730 -0.07128103
v -0.00688802 0.00309730 -0.07127967
v -0.00880766 0.00209246 -0.06773679
v -0.00880766 0.00309246 -0.06773543
v -0.00989051 0.00208716 -0.06385425
v -0.00989051 0.00308716 -0.06385288
v -0.01008225 0.00208167 -0.05982809
v -0.01008225 0.00308166 -0.05982673
v -0.00937329 0.00207625 -0.05586021
v -0.00937329 0.00307625 -0.05585885
v -0.00779916 0.00207119 -0.05214958
v -0.00779916 0.00307118 -0.05214822
v -0.00543881 0.00206673 -0.04888225
v -0.00543881 0.00306672 -0.04888089
v -0.00241058 0.00206309 -0.04622207
v -0.00241058 0.00306309 -0.04622071
v 0.00113366 0.00206047 -0.04430243
v 0.00113366 0.00306047 -0.04430107
v 0.00501621 0.00205900 -0.04321959
v 0.00501621 0.00305899 -0.04321822
v 0.00904237 0.00205873 -0.04302784
v 0.00904237 0.00305873 -0.04302648
v 0.01301025 0.00205970 -0.04373680
v 0.01301025 0.00305970 -0.04373544
v 0.01672089 0.00206185 -0.04531093
v 0.01998821 0.00206507 -0.04767128
v 0.02264840 0.00206921 -0.05069950
v 0.02456804 0.00207404 -0.05424375
v 0.02565088 0.00207934 -0.05812629
v 0.02584263 0.00208484 -0.06215244
v 0.02513367 0.00209025 -0.06612032
v 0.02355954 0.00209532 -0.06983095
v 0.02119919 0.00209978 -0.07309828
v 0.01817096 0.00210341 -0.07575846
v 0.01462672 0.00210603 -0.07767810
v 0.01074417 0.00210751 -0.07876094
v 0.00671801 0.00210777 -0.07895269
v -0.00071493 0.00210406 -0.07623406
v -0.00389150 0.00210093 -0.07393928
v -0.00647779 0.00209691 -0.07099517
v -0.00834411 0.00209221 -0.06754939
v -0.00939688 0.00208705 -0.06377469
v -0.00958330 0.00208171 -0.05986037
v -0.00889403 0.00207644 -0.05600272
v -0.00736363 0.00207152 -0.05239515
v -0.00506884 0.00206718 -0.04921859
v -0.00212473 0.00206365 -0.04663230
v 0.00132107 0.00206111 -0.04476598
v 0.00509576 0.00205967 -0.04371322
v 0.00901008 0.00205942 -0.04352680
v 0.02400618 -0.03742831 -0.05254547
v 0.02435905 -0.03742802 -0.05276221
v 0.02477300 -0.03742800 -0.05277347
v 0.02403696 -0.03742986 -0.05141452
v 0.02382023 -0.03742937 -0.05176738
v 0.02440109 -0.03743013 -0.05121730
v 0.02380896 -0.03742881 -0.05218134
v 0.02516791 -0.03742981 -0.05144530
v 0.02481505 -0.03743011 -0.05122856
v 0.02536514 -0.03742932 -0.05180943
v 0.02535387 -0.03742875 -0.05222339
v 0.02513713 -0.03742827 -0.05257625
v 0.01637891 -0.03739470 -0.07717016
v 0.01616217 -0.03739422 -0.07752302
v 0.01615091 -0.03739366 -0.07793698
v 0.01750986 -0.03739466 -0.07720094
v 0.01715700 -0.03739496 -0.07698420
v 0.01770708 -0.03739416 -0.07756507
v 0.01674304 -0.03739497 -0.07697294
v 0.01747908 -0.03739312 -0.07833190
v 0.01769582 -0.03739360 -0.07797903
v 0.01711495 -0.03739285 -0.07852911
v 0.01670099 -0.03739286 -0.07851785
v 0.01634813 -0.03739316 -0.07830111
v -0.00827658 -0.03740357 -0.07067385
v -0.00805985 -0.03740405 -0.07032099
v -0.00864071 -0.03740330 -0.07087107
v -0.00804858 -0.03740462 -0.06990702
v -0.00937675 -0.03740515 -0.06951211
v -0.00959349 -0.03740467 -0.06986498
v -0.00901262 -0.03740542 -0.06931490
v -0.00960476 -0.03740411 -0.07027894
v -0.00859867 -0.03740541 -0.06932616
v -0.00905467 -0.03740332 -0.07085980
v -0.00940754 -0.03740361 -0.07064307
v -0.00824580 -0.03740511 -0.06954290
v -0.00174948 -0.03743877 -0.04488743
v -0.00139662 -0.03743847 -0.04510416
v -0.00194671 -0.03743926 -0.04452330
v -0.00098266 -0.03743846 -0.04511543
v -0.00058775 -0.03744027 -0.04378726
v -0.00094061 -0.03744056 -0.04357052
v -0.00039053 -0.03743977 -0.04415139
v -0.00135457 -0.03744058 -0.04355925
v -0.00040180 -0.03743920 -0.04456534
v -0.00193544 -0.03743983 -0.04410934
v -0.00171870 -0.03744031 -0.04375647
v -0.00061853 -0.03743872 -0.04491821
v 0.02382023 -0.04092937 -0.05177216
v 0.02380896 -0.04092881 -0.05218612
v 0.02400618 -0.04092831 -0.05255025
v 0.02435905 -0.04092801 -0.05276698
v 0.02477300 -0.04092800 -0.05277825
v 0.02513713 -0.04092827 -0.05258103
v 0.02535387 -0.04092875 -0.05222817
v 0.01715700 -0.04089495 -0.07698898
v 0.01674304 -0.04089497 -0.07697771
v 0.01637891 -0.04089470 -0.07717494
v 0.01616217 -0.04089421 -0.07752780
v 0.01615091 -0.04089365 -0.07794176
v 0.01634813 -0.04089315 -0.07830589
v 0.01670099 -0.04089286 -0.07852262
v -0.00805985 -0.04090405 -0.07032576
v -0.00804858 -0.04090461 -0.06991181
v -0.00824580 -0.04090511 -0.06954768
v -0.00859867 -0.04090540 -0.06933094
v -0.00901262 -0.04090542 -0.06931967
v -0.00937675 -0.04090515 -0.06951689
v -0.00959349 -0.04090467 -0.06986976
v -0.00139662 -0.04093847 -0.04510894
v -0.00098266 -0.04093845 -0.04512021
v -0.00061853 -0.04093872 -0.04492299
v -0.00040180 -0.04093920 -0.04457012
v -0.00039053 -0.04093977 -0.04415616
v -0.00058775 -0.04094026 -0.04379203
v -0.00094061 -0.04094056 -0.04357530
v -0.00386544 -0.04694949 -0.03703374
v -0.00448719 -0.04694954 -0.03699994
v -0.00500245 -0.04694917 -0.03727188
v -0.00347844 -0.04694533 -0.04008567
v -0.00315436 -0.04694898 -0.03741390
v -0.00285829 -0.04694613 -0.03949838
v -0.00261487 -0.04694725 -0.03867970
v -0.00281340 -0.04694838 -0.03784899
v -0.00551174 -0.04694878 -0.03755486
v -0.00582314 -0.04694805 -0.03809407
v -0.00512783 -0.04694539 -0.04004078
v -0.00430915 -0.04694506 -0.04028420
v -0.00571512 -0.04694624 -0.03942063
v -0.00589324 -0.04694695 -0.03889734
v -0.00535124 -0.04689656 -0.03746406
v -0.00465001 -0.04689731 -0.03708427
v -0.00502835 -0.04684947 -0.03728579
v 0.02516791 -0.04092981 -0.05145008
v 0.02536514 -0.04092931 -0.05181421
v 0.02583659 -0.04092901 -0.05203417
v 0.02565217 -0.04092817 -0.05265439
v 0.02518236 -0.04092756 -0.05309930
v 0.02455304 -0.04092735 -0.05324970
v 0.02393283 -0.04092761 -0.05306529
v 0.02348791 -0.04092825 -0.05259548
v 0.02568618 -0.04092987 -0.05140485
v 0.02524127 -0.04093051 -0.05093504
v 0.02481505 -0.04093011 -0.05123334
v 0.02462106 -0.04093077 -0.05075063
v 0.02440109 -0.04093012 -0.05122207
v 0.02399173 -0.04093056 -0.05090103
v 0.02403696 -0.04092985 -0.05141930
v 0.02352192 -0.04092995 -0.05134594
v 0.02333751 -0.04092911 -0.05196615
v 0.01747908 -0.04089311 -0.07833667
v 0.01799412 -0.04089301 -0.07841002
v 0.01769582 -0.04089359 -0.07798380
v 0.01817853 -0.04089386 -0.07778981
v 0.01770708 -0.04089416 -0.07756985
v 0.01802813 -0.04089472 -0.07716049
v 0.01750986 -0.04089465 -0.07720572
v 0.01758322 -0.04089536 -0.07669068
v 0.01696301 -0.04089561 -0.07650626
v 0.01633368 -0.04089540 -0.07665667
v 0.01586387 -0.04089480 -0.07710158
v 0.01567946 -0.04089395 -0.07772180
v 0.01582986 -0.04089309 -0.07835112
v 0.01627477 -0.04089245 -0.07882093
v 0.01711495 -0.04089284 -0.07853389
v 0.01689499 -0.04089220 -0.07900534
v 0.01752431 -0.04089240 -0.07885494
v -0.00940754 -0.04090361 -0.07064784
v -0.00948089 -0.04090290 -0.07116289
v -0.00905467 -0.04090331 -0.07086458
v -0.00886068 -0.04090265 -0.07134730
v -0.00864071 -0.04090330 -0.07087585
v -0.00823135 -0.04090286 -0.07119689
v -0.00827658 -0.04090356 -0.07067862
v -0.00776154 -0.04090346 -0.07075198
v -0.00757713 -0.04090431 -0.07013176
v -0.00772753 -0.04090517 -0.06950244
v -0.00817245 -0.04090581 -0.06903263
v -0.00879266 -0.04090606 -0.06884822
v -0.00942198 -0.04090586 -0.06899863
v -0.00989179 -0.04090525 -0.06944354
v -0.00960476 -0.04090410 -0.07028371
v -0.01007621 -0.04090440 -0.07006375
v -0.00992580 -0.04090355 -0.07069308
v -0.00171870 -0.04094031 -0.04376125
v -0.00223374 -0.04094041 -0.04368790
v -0.00193544 -0.04093982 -0.04411412
v -0.00241815 -0.04093956 -0.04430811
v -0.00194671 -0.04093926 -0.04452807
v -0.00226775 -0.04093870 -0.04493744
v -0.00174948 -0.04093876 -0.04489220
v -0.00182284 -0.04093806 -0.04540724
v -0.00120263 -0.04093781 -0.04559166
v -0.00057330 -0.04093801 -0.04544125
v -0.00010349 -0.04093862 -0.04499634
v 0.00008092 -0.04093947 -0.04437613
v -0.00006948 -0.04094033 -0.04374680
v -0.00051440 -0.04094097 -0.04327699
v -0.00135457 -0.04094058 -0.04356403
v -0.00113461 -0.04094122 -0.04309258
v -0.00176393 -0.04094101 -0.04324298
v 0.03190362 -0.04693273 -0.04931154
v 0.03193742 -0.04693358 -0.04868979
v 0.03166548 -0.04693429 -0.04817452
v 0.02885169 -0.04693221 -0.04969853
v 0.03152346 -0.04693177 -0.05002261
v 0.02943898 -0.04693136 -0.05031868
v 0.03025766 -0.04693103 -0.05056210
v 0.03108837 -0.04693130 -0.05036357
v 0.03138250 -0.04693498 -0.04766523
v 0.03084329 -0.04693541 -0.04735383
v 0.02889659 -0.04693446 -0.04804914
v 0.02865316 -0.04693334 -0.04886782
v 0.02951673 -0.04693526 -0.04746186
v 0.03004002 -0.04693550 -0.04728373
v 0.03147323 -0.04688242 -0.04782566
v 0.03185302 -0.04688169 -0.04852689
v 0.03165144 -0.04683464 -0.04814849
v 0.01962581 -0.04688391 -0.08508056
v 0.02024757 -0.04688387 -0.08511436
v 0.02076283 -0.04688424 -0.08484242
v 0.01923882 -0.04688808 -0.08202863
v 0.01891474 -0.04688443 -0.08470040
v 0.01861867 -0.04688727 -0.08261592
v 0.01837525 -0.04688616 -0.08343460
v 0.01857378 -0.04688502 -0.08426531
v 0.02127212 -0.04688462 -0.08455944
v 0.02158352 -0.04688536 -0.08402023
v 0.02088821 -0.04688802 -0.08207352
v 0.02006953 -0.04688835 -0.08183011
v 0.02147550 -0.04688717 -0.08269367
v 0.02165362 -0.04688646 -0.08321696
v 0.02111162 -0.04683216 -0.08465010
v 0.02041038 -0.04683186 -0.08502989
v 0.02078873 -0.04678458 -0.08482824
v -0.01614325 -0.04690067 -0.07280277
v -0.01617704 -0.04689982 -0.07342452
v -0.01590510 -0.04689912 -0.07393978
v -0.01309131 -0.04690120 -0.07241578
v -0.01576308 -0.04690164 -0.07209169
v -0.01367860 -0.04690205 -0.07179562
v -0.01449728 -0.04690238 -0.07155220
v -0.01532799 -0.04690211 -0.07175073
v -0.01562212 -0.04689842 -0.07444907
v -0.01508291 -0.04689800 -0.07476047
v -0.01313621 -0.04689895 -0.07406516
v -0.01289278 -0.04690007 -0.07324648
v -0.01375636 -0.04689815 -0.07465245
v -0.01427964 -0.04689790 -0.07483057
v -0.01571285 -0.04684630 -0.07428850
v -0.01609264 -0.04684748 -0.07358726
v -0.01589106 -0.04679940 -0.07396554
v -0.00659443 -0.04794559 -0.03989824
v -0.00565121 -0.04794423 -0.04089424
v -0.00433636 -0.04794369 -0.04128519
v -0.00300219 -0.04794412 -0.04096634
v -0.00200619 -0.04794541 -0.04002312
v -0.00161524 -0.04794721 -0.03870827
v -0.00193409 -0.04794903 -0.03737411
v 0.02399173 -0.04793055 -0.05091058
v 0.02352192 -0.04792995 -0.05135550
v 0.02333751 -0.04792910 -0.05197571
v 0.02348791 -0.04792824 -0.05260503
v 0.02393283 -0.04792760 -0.05307484
v 0.02455304 -0.04792735 -0.05325925
v 0.02518236 -0.04792755 -0.05310885
v 0.01802813 -0.04789471 -0.07717004
v 0.01758322 -0.04789535 -0.07670023
v 0.01696301 -0.04789560 -0.07651582
v 0.01633368 -0.04789540 -0.07666622
v 0.01586387 -0.04789479 -0.07711114
v 0.01567946 -0.04789394 -0.07773135
v 0.01582986 -0.04789308 -0.07836068
v -0.00823135 -0.04790285 -0.07120645
v -0.00776154 -0.04790346 -0.07076153
v -0.00757713 -0.04790431 -0.07014132
v -0.00772753 -0.04790516 -0.06951199
v -0.00817245 -0.04790580 -0.06904219
v -0.00879266 -0.04790606 -0.06885778
v -0.00942198 -0.04790585 -0.06900818
v -0.00226775 -0.04793869 -0.04494699
v -0.00182284 -0.04793805 -0.04541680
v -0.00120263 -0.04793780 -0.04560121
v -0.00057330 -0.04793800 -0.04545081
v -0.00010349 -0.04793861 -0.04500590
v 0.00008092 -0.04793946 -0.04438568
v -0.00006948 -0.04794032 -0.04375636
v 0.02904048 -0.04793646 -0.04658391
v 0.02804448 -0.04793517 -0.04752713
v 0.02765353 -0.04793338 -0.04884198
v 0.02797239 -0.04793156 -0.05017614
v 0.02891560 -0.04793020 -0.05117214
v 0.03023045 -0.04792966 -0.05156309
v 0.03156462 -0.04793010 -0.05124424
v 0.02235481 -0.04788782 -0.08221879
v 0.02141159 -0.04788918 -0.08122279
v 0.02009674 -0.04788971 -0.08083184
v 0.01876257 -0.04788928 -0.08115070
v 0.01776657 -0.04788799 -0.08209391
v 0.01737562 -0.04788619 -0.08340876
v 0.01769447 -0.04788437 -0.08474293
v -0.01328010 -0.04789694 -0.07553312
v -0.01228410 -0.04789823 -0.07458990
v -0.01189315 -0.04790002 -0.07327505
v -0.01221201 -0.04790185 -0.07194088
v -0.01315522 -0.04790321 -0.07094489
v -0.01447007 -0.04790374 -0.07055394
v -0.01580424 -0.04790331 -0.07087279
v 0.00144151 -0.00325352 -0.03405623
v 0.00254557 -0.00325073 -0.03609466
v 0.00089531 -0.00325311 -0.03435206
v 0.00199937 -0.00325033 -0.03639049
v 0.00288757 -0.00325230 -0.03494443
v 0.00287067 -0.00325146 -0.03556537
v 0.00259174 -0.00325305 -0.03439824
v 0.00206245 -0.00325349 -0.03407313
v 0.00055331 -0.00325154 -0.03550230
v 0.00057021 -0.00325239 -0.03488136
v 0.00084914 -0.00325080 -0.03604849
v 0.00137844 -0.00325035 -0.03637359
v 0.02684246 -0.00324321 -0.04160881
v 0.02794652 -0.00324043 -0.04364724
v 0.02629627 -0.00324280 -0.04190464
v 0.02740033 -0.00324002 -0.04394307
v 0.02828853 -0.00324200 -0.04249701
v 0.02827163 -0.00324115 -0.04311794
v 0.02799270 -0.00324274 -0.04195081
v 0.02746340 -0.00324318 -0.04162571
v 0.02595427 -0.00324123 -0.04305487
v 0.02597116 -0.00324208 -0.04243394
v 0.02625010 -0.00324049 -0.04360107
v 0.02677939 -0.00324004 -0.04392617
v 0.03211401 -0.00320605 -0.06882901
v 0.03213091 -0.00320690 -0.06820808
v 0.03245602 -0.00320762 -0.06767878
v 0.03300221 -0.00320803 -0.06738295
v 0.03362315 -0.00320800 -0.06739984
v 0.03415244 -0.00320756 -0.06772495
v 0.03410627 -0.00320524 -0.06942138
v 0.03443138 -0.00320597 -0.06889208
v 0.03444828 -0.00320681 -0.06827115
v 0.03240984 -0.00320531 -0.06937521
v 0.03293914 -0.00320486 -0.06970031
v 0.03356007 -0.00320484 -0.06971721
v 0.01376101 -0.00318315 -0.08560451
v 0.01486506 -0.00318037 -0.08764294
v 0.01321481 -0.00318275 -0.08590034
v 0.01431887 -0.00317997 -0.08793877
v 0.01520707 -0.00318194 -0.08649271
v 0.01519017 -0.00318109 -0.08711364
v 0.01491124 -0.00318269 -0.08594652
v 0.01438194 -0.00318313 -0.08562141
v 0.01287280 -0.00318118 -0.08705057
v 0.01288970 -0.00318203 -0.08642964
v 0.01316864 -0.00318044 -0.08759677
v 0.01369793 -0.00317999 -0.08792187
v -0.01163995 -0.00319346 -0.07805193
v -0.01053589 -0.00319068 -0.08009037
v -0.01218614 -0.00319306 -0.07834776
v -0.01108209 -0.00319028 -0.08038620
v -0.01019389 -0.00319225 -0.07894013
v -0.01021079 -0.00319140 -0.07956107
v -0.01048972 -0.00319300 -0.07839394
v -0.01101901 -0.00319344 -0.07806883
v -0.01252815 -0.00319149 -0.07949799
v -0.01251125 -0.00319234 -0.07887706
v -0.01223232 -0.00319074 -0.08004420
v -0.01170302 -0.00319030 -0.08036929
v -0.01868790 -0.00322667 -0.05372386
v -0.01867100 -0.00322752 -0.05310292
v -0.01834589 -0.00322824 -0.05257362
v -0.01779970 -0.00322865 -0.05227779
v -0.01717876 -0.00322862 -0.05229469
v -0.01664947 -0.00322818 -0.05261980
v -0.01669564 -0.00322586 -0.05431622
v -0.01637053 -0.00322658 -0.05378693
v -0.01635363 -0.00322743 -0.05316599
v -0.01839207 -0.00322593 -0.05427005
v -0.01786277 -0.00322548 -0.05459515
v -0.01724183 -0.00322546 -0.05461206
v 0.00768883 -0.03737979 -0.08809348
v 0.00768883 -0.04447978 -0.08810318
v 0.00361887 -0.04448024 -0.08776609
v 0.00361887 -0.03738025 -0.08775640
v -0.00035396 -0.04448153 -0.08682013
v -0.00035396 -0.03738154 -0.08681044
v -0.00413910 -0.04448362 -0.08528687
v -0.00413910 -0.03738363 -0.08527718
v -0.00765027 -0.04448647 -0.08320125
v -0.00765027 -0.03738648 -0.08319156
v -0.00176393 -0.04794101 -0.04325254
v -0.00113461 -0.04794121 -0.04310214
v -0.00224497 -0.04794222 -0.04236439
v 0.01827930 -0.04795263 -0.03473843
v 0.01355087 -0.04795455 -0.03333250
v 0.01216468 -0.04793637 -0.04664888
v 0.01800535 -0.04789118 -0.07975264
v 0.01203435 -0.04787849 -0.08905193
v 0.02653967 -0.04788766 -0.08233557
v 0.02264088 -0.04788667 -0.08305921
v 0.02547452 -0.04788645 -0.08322445
v 0.01683225 -0.04788006 -0.08790529
v 0.01824207 -0.04788342 -0.08544171
v 0.02252829 -0.04788491 -0.08434931
v 0.02181781 -0.04788343 -0.08543202
v 0.02135815 -0.04788274 -0.08594292
v 0.02067910 -0.04788259 -0.08604877
v 0.01938410 -0.04788259 -0.08605228
v -0.00693138 -0.04788379 -0.08517296
v -0.00251892 -0.04788078 -0.08737861
v 0.00090029 -0.04788466 -0.08453339
v 0.00220950 -0.04787885 -0.08878453
v -0.01081395 -0.04790288 -0.07118367
v -0.01339688 -0.04789123 -0.07971798
v -0.01089379 -0.04788779 -0.08223461
v -0.01412053 -0.04789655 -0.07581919
v -0.01428576 -0.04789269 -0.07865284
v -0.01896661 -0.04790448 -0.07001057
v -0.01650302 -0.04790256 -0.07142039
v -0.02011325 -0.04791103 -0.06521267
v -0.01541063 -0.04789671 -0.07570661
v -0.01649334 -0.04789768 -0.07499612
v -0.01700423 -0.04789830 -0.07453647
v -0.01711009 -0.04789923 -0.07385742
v -0.01711359 -0.04790100 -0.07256242
v -0.02040933 -0.04791775 -0.06028856
v -0.00652946 -0.04792255 -0.05677403
v -0.01984585 -0.04792444 -0.05538784
v -0.01843993 -0.04793090 -0.05065941
v 0.00372603 -0.04795491 -0.03306510
v 0.00865015 -0.04795532 -0.03276902
v -0.01329592 -0.04794233 -0.04228456
v -0.01623428 -0.04793692 -0.04624696
v -0.00107187 -0.04795334 -0.03421174
v -0.00248169 -0.04794998 -0.03667532
v -0.00971414 -0.04794696 -0.03889259
v -0.00688050 -0.04794673 -0.03905782
v -0.00676791 -0.04794849 -0.03776772
v -0.00605743 -0.04794997 -0.03668501
v -0.00559777 -0.04795067 -0.03617411
v -0.00491872 -0.04795081 -0.03606826
v -0.00362372 -0.04795082 -0.03606476
v 0.02657433 -0.04793052 -0.05093336
v 0.03587363 -0.04792237 -0.05690436
v 0.02665417 -0.04794561 -0.03988242
v 0.02269175 -0.04794962 -0.03694407
v 0.03004614 -0.04794072 -0.04346420
v 0.02988091 -0.04793685 -0.04629784
v 0.03472699 -0.04792892 -0.05210646
v 0.03226341 -0.04793084 -0.05069664
v 0.03117101 -0.04793670 -0.04641043
v 0.03225372 -0.04793572 -0.04712091
v 0.03276461 -0.04793510 -0.04758057
v 0.03287046 -0.04793417 -0.04825962
v 0.03287397 -0.04793241 -0.04955461
v 0.03199466 -0.04789648 -0.07587007
v 0.03420030 -0.04790251 -0.07145762
v 0.03135509 -0.04790717 -0.06803841
v 0.03560623 -0.04790896 -0.06672920
v 0.02905630 -0.04789108 -0.07983248
v -0.00051440 -0.04794096 -0.04328655
v 0.00788019 -0.04791670 -0.06105852
v -0.00241815 -0.04793955 -0.04431767
v -0.00223374 -0.04794040 -0.04369745
v -0.00948089 -0.04790290 -0.07117244
v -0.00992580 -0.04790354 -0.07070263
v 0.00359570 -0.04789703 -0.07546815
v -0.00886068 -0.04790264 -0.07135685
v -0.01007621 -0.04790439 -0.07007331
v -0.00989179 -0.04790524 -0.06945309
v 0.02565217 -0.04792816 -0.05266394
v 0.02228984 -0.04791085 -0.06534300
v 0.02568618 -0.04792986 -0.05141440
v 0.02583659 -0.04792901 -0.05204373
v 0.02462106 -0.04793076 -0.05076018
v 0.02524127 -0.04793051 -0.05094459
v 0.03616972 -0.04791565 -0.06182847
v 0.01627477 -0.04789244 -0.07883048
v 0.01799412 -0.04789300 -0.07841958
v 0.01752431 -0.04789240 -0.07886449
v 0.01689499 -0.04789219 -0.07901490
v 0.01817853 -0.04789385 -0.07779936
v 0.00711023 -0.04787809 -0.08934801
v 0.00833684 -0.03745363 -0.03399806
v 0.00833684 -0.04455362 -0.03400775
v 0.01200127 -0.04455319 -0.03431967
v 0.01200127 -0.03745320 -0.03430998
v 0.01558952 -0.04455210 -0.03512575
v 0.01558952 -0.03745210 -0.03511607
v 0.00057021 0.00004761 -0.03487685
v 0.00089531 0.00004688 -0.03434756
v 0.00144151 0.00004648 -0.03405173
v 0.00206245 0.00004650 -0.03406863
v 0.00259174 0.00004695 -0.03439373
v 0.00288757 0.00004769 -0.03493993
v 0.00287067 0.00004854 -0.03556086
v 0.02597116 0.00005792 -0.04242943
v 0.02629627 0.00005719 -0.04190014
v 0.02684246 0.00005679 -0.04160430
v 0.02746340 0.00005681 -0.04162120
v 0.02799270 0.00005726 -0.04194631
v 0.02828853 0.00005800 -0.04249250
v 0.02827163 0.00005885 -0.04311344
v 0.03213091 0.00009310 -0.06820357
v 0.03245602 0.00009237 -0.06767427
v 0.03300221 0.00009197 -0.06737845
v 0.03362315 0.00009199 -0.06739534
v 0.03415244 0.00009244 -0.06772045
v 0.03444828 0.00009318 -0.06826665
v 0.03443138 0.00009403 -0.06888758
v 0.01288970 0.00011797 -0.08642513
v 0.01321481 0.00011725 -0.08589584
v 0.01376101 0.00011684 -0.08560000
v 0.01438194 0.00011687 -0.08561691
v 0.01491124 0.00011731 -0.08594201
v 0.01520707 0.00011805 -0.08648820
v 0.01519017 0.00011890 -0.08710914
v -0.01251125 0.00010766 -0.07887255
v -0.01218614 0.00010694 -0.07834326
v -0.01163995 0.00010653 -0.07804742
v -0.01101901 0.00010656 -0.07806433
v -0.01048972 0.00010700 -0.07838943
v -0.01019389 0.00010775 -0.07893563
v -0.01021079 0.00010859 -0.07955656
v -0.01867100 0.00007248 -0.05309842
v -0.01834589 0.00007176 -0.05256912
v -0.01779970 0.00007135 -0.05227329
v -0.01717876 0.00007138 -0.05229019
v -0.01664947 0.00007182 -0.05261529
v -0.01635363 0.00007256 -0.05316149
v -0.01637053 0.00007341 -0.05378242
v 0.00856036 -0.00285215 -0.03600623
v 0.00710145 -0.00195038 -0.03635367
v 0.00712257 -0.00195144 -0.03557750
v 0.00747124 -0.00194945 -0.03703642
v 0.00813286 -0.00194889 -0.03744279
v 0.00821170 -0.00195285 -0.03454609
v 0.00898787 -0.00195282 -0.03456722
v 0.00752895 -0.00195234 -0.03491588
v 0.02507036 -0.00314304 -0.07914950
v 0.02542661 -0.00239360 -0.07795032
v 0.02597796 -0.00239314 -0.07828896
v 0.02477981 -0.00239363 -0.07793272
v 0.02421085 -0.00239321 -0.07824087
v 0.02626852 -0.00239148 -0.07950473
v 0.02592987 -0.00239073 -0.08005608
v 0.02628612 -0.00239236 -0.07885792
v 0.03219544 -0.00317575 -0.05518636
v 0.03133593 -0.00242591 -0.05427773
v 0.03190488 -0.00242634 -0.05396957
v 0.03099728 -0.00242516 -0.05482908
v 0.03097967 -0.00242428 -0.05547589
v 0.03310304 -0.00242585 -0.05432583
v 0.03341120 -0.00242507 -0.05489478
v 0.03255169 -0.00242631 -0.05398718
v 0.01500527 -0.00320053 -0.03703429
v 0.01378951 -0.00244906 -0.03732382
v 0.01380711 -0.00244994 -0.03667701
v 0.01409766 -0.00244828 -0.03789277
v 0.01464901 -0.00244782 -0.03823142
v 0.01471472 -0.00245111 -0.03581750
v 0.01536152 -0.00245109 -0.03583511
v 0.01414576 -0.00245069 -0.03612566
v -0.00930998 -0.00319260 -0.04284537
v -0.00966623 -0.00243989 -0.04404250
v -0.01021758 -0.00244035 -0.04370385
v -0.00901943 -0.00243986 -0.04406011
v -0.00845047 -0.00244028 -0.04375195
v -0.01050814 -0.00244201 -0.04248809
v -0.01016949 -0.00244276 -0.04193674
v -0.01052574 -0.00244112 -0.04313490
v -0.01643506 -0.00315989 -0.06680851
v -0.01557555 -0.00240757 -0.06771509
v -0.01614450 -0.00240715 -0.06802325
v -0.01523690 -0.00240833 -0.06716374
v -0.01521930 -0.00240921 -0.06651694
v -0.01734266 -0.00240764 -0.06766699
v -0.01765082 -0.00240842 -0.06709804
v -0.01679131 -0.00240718 -0.06800564
v 0.00075511 -0.00313511 -0.08496058
v 0.00197087 -0.00238443 -0.08466899
v 0.00195327 -0.00238355 -0.08531581
v 0.00166271 -0.00238521 -0.08410005
v 0.00111136 -0.00238567 -0.08376139
v 0.00104566 -0.00238237 -0.08617532
v 0.00039886 -0.00238240 -0.08615771
v 0.00161462 -0.00238280 -0.08586715
v 0.00720001 -0.00278392 -0.08598768
v 0.00574110 -0.00188216 -0.08633512
v 0.00576222 -0.00188322 -0.08555894
v 0.00611089 -0.00188122 -0.08701786
v 0.00677251 -0.00188067 -0.08742423
v 0.00685135 -0.00188462 -0.08452754
v 0.00762752 -0.00188459 -0.08454866
v 0.00616860 -0.00188412 -0.08489732
v 0.00381155 0.00284739 -0.03471528
v 0.00381155 0.00004739 -0.03471911
v 0.00340889 0.00284509 -0.03303041
v 0.00340889 0.00004509 -0.03303423
v 0.00378127 0.00004891 -0.03583162
v 0.00378127 0.00284891 -0.03582779
v 0.00319880 0.00005020 -0.03677993
v 0.00319880 0.00285020 -0.03677611
v 0.00222020 0.00005093 -0.03730997
v 0.00222020 0.00285092 -0.03730614
v 0.00110769 0.00005089 -0.03727969
v 0.00110769 0.00285088 -0.03727587
v 0.00015936 0.00005009 -0.03669721
v 0.00015936 0.00285009 -0.03669339
v -0.00037067 0.00004876 -0.03571861
v -0.00037067 0.00284875 -0.03571479
v -0.00077019 0.00004647 -0.03404690
v -0.00077019 0.00284647 -0.03404308
v -0.01690801 0.00287013 -0.05137577
v -0.01690801 0.00007013 -0.05137959
v -0.01856849 0.00286946 -0.05088205
v -0.01856849 0.00006946 -0.05088587
v -0.01595969 0.00007093 -0.05196207
v -0.01595969 0.00287092 -0.05195824
v -0.01542965 0.00007226 -0.05294067
v -0.01542965 0.00287226 -0.05293684
v -0.01545993 0.00007378 -0.05405318
v -0.01545993 0.00287378 -0.05404935
v -0.01604241 0.00007508 -0.05500150
v -0.01604241 0.00287507 -0.05499768
v -0.01702101 0.00007580 -0.05553153
v -0.01702101 0.00287580 -0.05552771
v -0.01813352 0.00007576 -0.05550125
v -0.01813352 0.00287576 -0.05549743
v -0.01978103 0.00007509 -0.05501139
v -0.01978103 0.00287509 -0.05500757
v -0.01283937 0.00290599 -0.07764966
v -0.01283937 0.00010600 -0.07765348
v -0.01409718 0.00290762 -0.07884081
v -0.01409718 0.00010762 -0.07884464
v -0.01201564 0.00010533 -0.07716665
v -0.01201564 0.00290533 -0.07716282
v -0.01106226 0.00010522 -0.07708542
v -0.01106226 0.00290522 -0.07708160
v -0.01016804 0.00010568 -0.07742590
v -0.01016804 0.00290568 -0.07742207
v -0.00951011 0.00010663 -0.07812064
v -0.00951011 0.00290663 -0.07811682
v -0.00921878 0.00010788 -0.07903206
v -0.00921878 0.00290787 -0.07902823
v -0.00935174 0.00010917 -0.07997961
v -0.00935174 0.00290917 -0.07997578
v -0.00988266 0.00011026 -0.08077563
v -0.00988266 0.00291025 -0.08077181
v -0.01113065 0.00011187 -0.08195749
v -0.01113065 0.00291187 -0.08195367
v 0.01194883 0.00291912 -0.08726307
v 0.01194883 0.00011912 -0.08726689
v 0.01235149 0.00292141 -0.08894794
v 0.01235149 0.00012142 -0.08895176
v 0.01197910 0.00011760 -0.08615438
v 0.01197910 0.00291760 -0.08615056
v 0.01613105 0.00011775 -0.08626738
v 0.01613105 0.00291775 -0.08626356
v 0.01653057 0.00012004 -0.08793909
v 0.01653057 0.00292003 -0.08793527
v 0.03266839 0.00289637 -0.07060258
v 0.03266839 0.00009638 -0.07060640
v 0.03432886 0.00289705 -0.07109630
v 0.03432886 0.00009705 -0.07110012
v 0.03172006 0.00009558 -0.07002392
v 0.03172006 0.00289558 -0.07002010
v 0.03119003 0.00009425 -0.06904533
v 0.03119003 0.00289424 -0.06904151
v 0.03122031 0.00009273 -0.06793281
v 0.03122031 0.00289272 -0.06792900
v 0.03389390 0.00009075 -0.06648474
v 0.03389390 0.00289075 -0.06648092
v 0.03554140 0.00009142 -0.06697460
v 0.03554140 0.00289142 -0.06697078
v 0.02559887 -0.04768623 -0.08338083
v 0.02920596 -0.04769089 -0.07996488
v 0.03216508 -0.04769634 -0.07597447
v 0.03438631 -0.04770241 -0.07153083
v 0.03580217 -0.04770891 -0.06676900
v 0.03636964 -0.04771564 -0.06183364
v 0.03607147 -0.04772241 -0.05687473
v 0.03491672 -0.04772901 -0.05204292
v 0.03294048 -0.04773523 -0.04748505
v 0.03020279 -0.04774089 -0.04333958
v 0.02678685 -0.04774581 -0.03973250
v 0.02279643 -0.04774985 -0.03677338
v 0.01835279 -0.04775288 -0.03455214
v 0.01359095 -0.04775481 -0.03313629
v 0.00865559 -0.04775559 -0.03256882
v 0.00369667 -0.04775518 -0.03286699
v -0.00113514 -0.04775361 -0.03402174
v 0.00876465 -0.04455559 -0.03256763
v 0.00876465 -0.03745560 -0.03255794
v 0.02279643 -0.04454985 -0.03676901
v 0.02406621 -0.04454872 -0.03759621
v 0.02363065 -0.04454672 -0.03906241
v 0.01835279 -0.04455288 -0.03454778
v 0.01359095 -0.04455481 -0.03313192
v 0.01977409 -0.04454986 -0.03675909
v 0.02406621 -0.03744873 -0.03758653
v 0.02363065 -0.03744673 -0.03905272
v 0.01835279 -0.03745289 -0.03453808
v 0.01977409 -0.03744987 -0.03674940
v 0.02279643 -0.03744986 -0.03675932
v 0.01359095 -0.03745482 -0.03312223
v -0.00099357 0.00303165 -0.03390562
v -0.00099357 0.00004629 -0.03390970
v 0.00356244 0.00004480 -0.03282199
v 0.00055331 0.00004845 -0.03549779
v 0.00084914 0.00004920 -0.03604399
v 0.00137844 0.00004964 -0.03636909
v 0.00199937 0.00004967 -0.03638599
v 0.00254557 0.00004926 -0.03609016
v 0.00356309 0.00304414 -0.03281780
v 0.02689102 0.00005464 -0.04002851
v 0.02689816 0.00005428 -0.03976646
v 0.02985756 0.00005889 -0.04314135
v 0.03011815 0.00005892 -0.04316822
v 0.02794652 0.00005957 -0.04364273
v 0.02859975 0.00006051 -0.04433251
v 0.02740033 0.00005998 -0.04393857
v 0.02780150 0.00006117 -0.04481103
v 0.02677939 0.00005995 -0.04392166
v 0.02564304 0.00005625 -0.04121036
v 0.02528938 0.00005685 -0.04164618
v 0.02687581 0.00006130 -0.04490736
v 0.02599614 0.00006088 -0.04460345
v 0.02625010 0.00005951 -0.04359656
v 0.02532732 0.00006000 -0.04395625
v 0.02595427 0.00005876 -0.04305037
v 0.02499469 0.00005881 -0.04308704
v 0.02506056 0.00005755 -0.04215868
v 0.03577191 0.00307661 -0.06684568
v 0.03577191 0.00009125 -0.06684975
v 0.03410627 0.00009475 -0.06941687
v 0.03443589 0.00009738 -0.07133923
v 0.03278139 0.00009071 -0.06645446
v 0.03180279 0.00009143 -0.06698450
v 0.03211401 0.00009394 -0.06882451
v 0.03240984 0.00009469 -0.06937070
v 0.03293914 0.00009513 -0.06969581
v 0.03356007 0.00009516 -0.06971271
v 0.03443565 0.00309672 -0.07133575
v 0.01287280 0.00011882 -0.08704607
v 0.01316864 0.00011956 -0.08759227
v 0.01369793 0.00012001 -0.08791737
v 0.01431887 0.00012003 -0.08793427
v 0.01500124 0.00011581 -0.08484402
v 0.01572392 0.00011661 -0.08543047
v 0.01486506 0.00011962 -0.08763844
v 0.01243115 0.00011649 -0.08534084
v 0.01318466 0.00011574 -0.08479457
v 0.01409843 0.00011550 -0.08461794
v -0.01252815 0.00010851 -0.07949349
v -0.01223232 0.00010925 -0.08003969
v -0.01170302 0.00010970 -0.08036479
v -0.01108209 0.00010972 -0.08038169
v -0.01053589 0.00010932 -0.08008586
v -0.01868790 0.00007333 -0.05371935
v -0.01839207 0.00007407 -0.05426555
v -0.01786277 0.00007452 -0.05459065
v -0.01724183 0.00007454 -0.05460755
v -0.01669564 0.00007413 -0.05431172
v 0.02985756 0.00285888 -0.04313754
v 0.03011856 0.00305826 -0.04316464
v 0.02859975 0.00286051 -0.04432869
v 0.02762115 0.00286123 -0.04485872
v 0.02687581 0.00286130 -0.04490354
v 0.02650864 0.00286119 -0.04482844
v 0.02599614 0.00286088 -0.04459963
v 0.02556032 0.00286040 -0.04424597
v 0.02532732 0.00286000 -0.04395243
v 0.02503029 0.00285906 -0.04326737
v 0.02506056 0.00285754 -0.04215486
v 0.02564304 0.00285625 -0.04120653
v 0.02689102 0.00285464 -0.04002469
v 0.02689816 0.00303965 -0.03976238
v 0.00712257 0.00304856 -0.03557067
v 0.00752895 0.00304765 -0.03490905
v 0.00821170 0.00304715 -0.03453927
v 0.00898787 0.00304718 -0.03456039
v 0.00964949 -0.00195226 -0.03497360
v 0.00964949 0.00304773 -0.03496677
v 0.01001928 -0.00195133 -0.03565634
v 0.01001928 0.00304866 -0.03564952
v 0.00999815 -0.00195027 -0.03643251
v 0.00999815 0.00304972 -0.03642568
v 0.02387220 -0.00239245 -0.07879222
v 0.02387220 0.00310754 -0.07878471
v 0.02421085 0.00310679 -0.07823336
v 0.02477981 0.00310637 -0.07792521
v 0.02542661 0.00310639 -0.07794281
v 0.02597796 0.00310686 -0.07828146
v 0.02628612 0.00310763 -0.07885041
v 0.02626852 0.00310851 -0.07949722
v 0.03099728 0.00307483 -0.05482157
v 0.03133593 0.00307408 -0.05427022
v 0.03190488 0.00307366 -0.05396206
v 0.03255169 0.00307368 -0.05397967
v 0.03310304 0.00307415 -0.05431832
v 0.03341120 0.00307492 -0.05488727
v 0.03339360 -0.00242419 -0.05554159
v 0.03339360 0.00307581 -0.05553408
v 0.01380711 0.00305006 -0.03666951
v 0.01414576 0.00304930 -0.03611816
v 0.01471472 0.00304888 -0.03581000
v 0.01536152 0.00304891 -0.03582760
v 0.01591287 -0.00245063 -0.03617376
v 0.01591287 0.00304937 -0.03616625
v 0.01622103 -0.00244985 -0.03674271
v 0.01622103 0.00305015 -0.03673521
v 0.01620343 -0.00244897 -0.03738952
v 0.01620343 0.00305103 -0.03738201
v -0.01050814 0.00305799 -0.04248058
v -0.01016949 0.00305724 -0.04192923
v -0.00960054 -0.00244318 -0.04162858
v -0.00960054 0.00305681 -0.04162107
v -0.00895373 -0.00244316 -0.04164619
v -0.00895373 0.00305684 -0.04163868
v -0.00840238 -0.00244269 -0.04198484
v -0.00840238 0.00305730 -0.04197733
v -0.00809422 -0.00244192 -0.04255379
v -0.00809422 0.00305808 -0.04254628
v -0.00811182 -0.00244103 -0.04320060
v -0.00811182 0.00305896 -0.04319309
v -0.01763322 -0.00240930 -0.06645123
v -0.01763322 0.00309070 -0.06644373
v -0.01729457 -0.00241005 -0.06589989
v -0.01729457 0.00308994 -0.06589238
v -0.01672561 -0.00241047 -0.06559172
v -0.01672561 0.00308952 -0.06558422
v -0.01607881 -0.00241045 -0.06560933
v -0.01607881 0.00308955 -0.06560183
v -0.01552746 -0.00240998 -0.06594798
v -0.01552746 0.00309001 -0.06594047
v -0.01521930 0.00309079 -0.06650943
v -0.01523690 0.00309167 -0.06715623
v -0.00044305 -0.00238452 -0.08460329
v -0.00044305 0.00311547 -0.08459579
v -0.00010440 -0.00238527 -0.08405194
v -0.00010440 0.00311472 -0.08404444
v 0.00046456 -0.00238569 -0.08374379
v 0.00046456 0.00311430 -0.08373629
v 0.00111136 0.00311432 -0.08375388
v 0.00166271 0.00311479 -0.08409254
v 0.00197087 0.00311556 -0.08466149
v 0.00195327 0.00311645 -0.08530830
v 0.00576222 0.00311678 -0.08555212
v 0.00616860 0.00311588 -0.08489050
v 0.00685135 0.00311537 -0.08452071
v 0.00762752 0.00311540 -0.08454183
v 0.00828914 -0.00188404 -0.08495504
v 0.00828914 0.00311596 -0.08494821
v 0.00865893 -0.00188311 -0.08563779
v 0.00865893 0.00311689 -0.08563096
v 0.00863780 -0.00188205 -0.08641396
v 0.00863780 0.00311795 -0.08640713
v 0.00400608 0.00304732 -0.03466852
v 0.00397298 0.00304898 -0.03588452
v 0.00333632 0.00305040 -0.03692105
v 0.00226668 0.00305119 -0.03750039
v 0.00105068 0.00305114 -0.03746730
v 0.00001415 0.00305028 -0.03683064
v -0.00056519 0.00304882 -0.03576100
v -0.00100752 0.00304629 -0.03391018
v -0.01685101 0.00306987 -0.05118379
v -0.01581447 0.00307074 -0.05182045
v -0.01523513 0.00307220 -0.05289008
v -0.01526823 0.00307386 -0.05410608
v -0.01590489 0.00307527 -0.05514262
v -0.01697452 0.00307606 -0.05572196
v -0.01819052 0.00307602 -0.05568886
v -0.01297689 0.00310579 -0.07750417
v -0.01207654 0.00310507 -0.07697205
v -0.01103446 0.00310495 -0.07688326
v -0.01005707 0.00310545 -0.07725542
v -0.00933794 0.00310649 -0.07801479
v -0.00901950 0.00310785 -0.07901098
v -0.00916483 0.00310926 -0.08004668
v -0.00974514 0.00311045 -0.08091675
v 0.01175430 0.00311918 -0.08730929
v 0.01178740 0.00311752 -0.08609328
v 0.01632557 0.00311769 -0.08621680
v 0.03261138 0.00309663 -0.07079402
v 0.03102861 0.00309265 -0.06787172
v 0.03099551 0.00309431 -0.06908772
v 0.03157485 0.00309577 -0.07015736
v 0.03182938 0.00309608 -0.07038942
v 0.03395090 0.00309049 -0.06628894
v 0.03577493 0.00309123 -0.06683129
v 0.02873727 0.00306071 -0.04447363
v 0.02486886 0.00305746 -0.04209758
v 0.02483576 0.00305912 -0.04331358
v 0.02541510 0.00306058 -0.04438321
v 0.02645164 0.00306145 -0.04501988
v 0.02766764 0.00306150 -0.04505297
v 0.02550552 0.00305605 -0.04106105
v 0.02688722 0.00305426 -0.03975257
v 0.03281185 0.00306440 -0.04718086
v 0.03207663 0.00306413 -0.04697990
v 0.03232341 0.00306325 -0.04633357
v 0.03294048 0.00306472 -0.04741571
v 0.03491672 0.00307095 -0.05197358
v 0.03080863 0.00306995 -0.05124445
v 0.03580217 0.00309105 -0.06669965
v 0.02049178 0.00311731 -0.08594219
v 0.00346587 0.00311841 -0.08674818
v -0.00545698 0.00304887 -0.03580222
v -0.00473140 0.00304919 -0.03603561
v -0.00046065 0.00311636 -0.08524260
v -0.00015249 0.00311713 -0.08581156
v -0.00249662 0.00311599 -0.08497532
v 0.01296469 0.00304497 -0.03294614
v 0.01151075 0.00305169 -0.03786557
v 0.00865559 0.00304436 -0.03249948
v 0.00369667 0.00304477 -0.03279765
v 0.01069137 0.00305545 -0.04062133
v 0.00710145 0.00304962 -0.03634685
v 0.00747124 0.00305055 -0.03702959
v 0.00813286 0.00305110 -0.03743597
v 0.00890903 0.00305113 -0.03745709
v 0.00959177 0.00305063 -0.03708730
v -0.00089348 0.00310863 -0.07958362
v 0.00506901 0.00311105 -0.08135647
v 0.00039886 0.00311760 -0.08615020
v 0.00104566 0.00311762 -0.08616780
v 0.00161462 0.00311720 -0.08585965
v 0.01378951 0.00305094 -0.03731631
v 0.01409766 0.00305172 -0.03788527
v 0.01747325 0.00305411 -0.03963842
v 0.01464901 0.00305218 -0.03822392
v 0.01529582 0.00305220 -0.03824152
v 0.01586478 0.00305178 -0.03793336
v 0.02279643 0.00305010 -0.03670404
v 0.02678685 0.00305414 -0.03966315
v 0.01359095 0.00304514 -0.03306694
v 0.01835279 0.00304707 -0.03448280
v -0.00458496 0.00304827 -0.03535945
v -0.00135219 0.00304645 -0.03402575
v -0.00113514 0.00304635 -0.03395240
v -0.01052382 0.00307578 -0.05551676
v -0.00966623 0.00306011 -0.04403500
v -0.00901943 0.00306013 -0.04405260
v -0.00845047 0.00305971 -0.04374444
v -0.00599940 0.00305501 -0.04030016
v -0.01052574 0.00305887 -0.04312739
v -0.01021758 0.00305965 -0.04369634
v -0.01631625 0.00310237 -0.07499790
v -0.01557555 0.00309242 -0.06770758
v -0.01614450 0.00309284 -0.06801574
v -0.01734266 0.00309236 -0.06765948
v -0.01679131 0.00309282 -0.06799813
v -0.01765082 0.00309158 -0.06709053
v 0.00754868 0.00311935 -0.08743854
v 0.00823142 0.00311885 -0.08706875
v 0.01242406 0.00311610 -0.08505674
v 0.01349370 0.00311531 -0.08447741
v 0.01574623 0.00311623 -0.08514716
v 0.01470969 0.00311536 -0.08451051
v 0.00574110 0.00311784 -0.08632829
v 0.00611089 0.00311877 -0.08701103
v 0.00677251 0.00311933 -0.08741741
v 0.02559887 0.00311372 -0.08331148
v 0.02471410 0.00310966 -0.08033913
v 0.02416275 0.00310920 -0.08000048
v 0.02628420 0.00309072 -0.06646105
v 0.02536091 0.00310969 -0.08035672
v 0.02592987 0.00310927 -0.08004857
v 0.02920596 0.00310906 -0.07989554
v 0.02385460 0.00310843 -0.07943152
v 0.03438631 0.00309755 -0.07146150
v 0.03216508 0.00310361 -0.07590513
v 0.03097967 0.00307572 -0.05546838
v 0.03128783 0.00307649 -0.05603733
v 0.03183918 0.00307695 -0.05637598
v 0.03248599 0.00307698 -0.05639359
v 0.03273490 0.00309044 -0.06625585
v 0.03166527 0.00309123 -0.06683519
v 0.03607147 0.00307754 -0.05680538
v 0.03305495 0.00307656 -0.05608543
v 0.03636964 0.00308431 -0.06176430
v 0.02511896 0.00305670 -0.04153740
v 0.01665386 0.00305787 -0.04239418
v 0.03020279 0.00305907 -0.04327024
v 0.03034451 0.00305931 -0.04345027
v 0.02565088 0.00307934 -0.05812492
v 0.02456804 0.00307404 -0.05424238
v 0.01672089 0.00306185 -0.04530956
v 0.01998821 0.00306507 -0.04766991
v 0.02264840 0.00306920 -0.05069814
v 0.02584263 0.00308484 -0.06215108
v 0.00671801 0.00310777 -0.07895133
v 0.01074417 0.00310751 -0.07875958
v 0.01462672 0.00310603 -0.07767674
v 0.01817096 0.00310341 -0.07575709
v 0.02119919 0.00309978 -0.07309692
v 0.02355954 0.00309532 -0.06982959
v 0.02513367 0.00309025 -0.06611896
v -0.00436949 -0.00052971 -0.05149671
v -0.00277772 -0.00053211 -0.04973954
v -0.00396911 -0.00052671 -0.05369393
v 0.00221983 -0.00052266 -0.05666416
v 0.00167966 -0.00052245 -0.05681696
v 0.00266599 -0.00052312 -0.05632348
v 0.00112115 -0.00052252 -0.05676048
v 0.00076359 -0.00052274 -0.05660084
v 0.00123563 -0.00053344 -0.04876500
v 0.00388081 -0.00052677 -0.05364881
v 0.00406105 -0.00052586 -0.05431420
v 0.00026545 -0.00053445 -0.04802050
v 0.00082986 -0.00053409 -0.04828939
v -0.00035955 -0.00053447 -0.04800504
v -0.00093656 -0.00053415 -0.04824569
v 0.00350038 -0.00052420 -0.05553330
v 0.00392464 -0.00052494 -0.05498994
v -0.00442194 -0.00052730 -0.05326289
v -0.00465974 -0.00052809 -0.05268469
v -0.00464118 -0.00052894 -0.05205977
v 0.00061200 -0.00050054 -0.07286257
v 0.00346264 -0.00049647 -0.07585096
v 0.00124836 -0.00049762 -0.07500340
v 0.00075144 -0.00049814 -0.07462402
v 0.00045233 -0.00049889 -0.07407503
v 0.00040299 -0.00049974 -0.07345179
v 0.00465845 -0.00050797 -0.06742136
v 0.00534114 -0.00050784 -0.06751709
v 0.00400504 -0.00050767 -0.06764109
v 0.00351891 -0.00050700 -0.06812987
v 0.00644266 -0.00050739 -0.06784461
v 0.00706675 -0.00050699 -0.06813743
v 0.00749396 -0.00050626 -0.06867847
v 0.00695423 -0.00049625 -0.07600827
v 0.00640376 -0.00049585 -0.07630465
v 0.00733607 -0.00049693 -0.07551323
v 0.00578028 -0.00049578 -0.07635090
v 0.00748295 -0.00049776 -0.07490554
v 0.00763406 -0.00050533 -0.06935345
v 0.02222978 -0.00052474 -0.05513385
v 0.02295564 -0.00052166 -0.05739095
v 0.02012673 -0.00052577 -0.05438198
v 0.01524292 -0.00052216 -0.05702716
v 0.01479904 -0.00051820 -0.05993105
v 0.02179294 -0.00051625 -0.06135387
v 0.01535551 -0.00051690 -0.06088326
v 0.01498659 -0.00051747 -0.06046015
v 0.01585415 -0.00051654 -0.06114111
v 0.01624084 -0.00051646 -0.06120276
v 0.02292279 -0.00051689 -0.06088592
v 0.02240772 -0.00051641 -0.06124027
v 0.02324868 -0.00051762 -0.06035239
v 0.02332877 -0.00051847 -0.05973235
v 0.01472841 -0.00052153 -0.05748598
v 0.01447347 -0.00052066 -0.05812647
v 0.01453193 -0.00051972 -0.05881336
v 0.02072644 -0.00052601 -0.05420533
v 0.02134608 -0.00052590 -0.05428849
v 0.02187799 -0.00052545 -0.05461702
v 0.00456078 -0.00002589 -0.05429719
v 0.02528938 0.00285684 -0.04164235
v 0.03180279 0.00289143 -0.06698067
v 0.03278139 0.00289071 -0.06645064
v 0.01560102 0.00291641 -0.08528496
v 0.01500124 0.00291581 -0.08484020
v 0.01465269 0.00291562 -0.08470248
v 0.01409843 0.00291550 -0.08461411
v 0.01256158 0.00291630 -0.08520224
v 0.01318466 0.00291574 -0.08479076
v 0.01354018 0.00291558 -0.08467221
v 0.00823142 -0.00188115 -0.08707558
v 0.00754868 -0.00188064 -0.08744536
v -0.00015249 -0.00238286 -0.08581906
v -0.00046065 -0.00238364 -0.08525010
v 0.01586478 -0.00244821 -0.03794087
v 0.01529582 -0.00244779 -0.03824903
v 0.03305495 -0.00242344 -0.05609294
v 0.03248599 -0.00242302 -0.05640109
v 0.03183918 -0.00242304 -0.05638349
v 0.03128783 -0.00242350 -0.05604484
v 0.02536091 -0.00239031 -0.08036423
v 0.02471410 -0.00239033 -0.08034663
v 0.02416275 -0.00239079 -0.08000799
v 0.02385460 -0.00239157 -0.07943903
v 0.00959177 -0.00194937 -0.03709413
v 0.00890903 -0.00194886 -0.03746392
v 0.00901008 0.00295941 -0.04352557
v 0.00509576 0.00295967 -0.04371199
v 0.00132107 0.00296111 -0.04476475
v -0.00212473 0.00296365 -0.04663107
v -0.00506884 0.00296718 -0.04921736
v -0.00736363 0.00297152 -0.05239392
v 0.00590567 -0.00016631 -0.06131156
v 0.00593497 -0.00016611 -0.06145823
v 0.00623928 -0.00016518 -0.06213676
v 0.00642802 -0.00016487 -0.06236855
v 0.00689789 -0.00016437 -0.06273549
v 0.00731018 -0.00016413 -0.06291039
v 0.00775106 -0.00016402 -0.06298916
v 0.00834508 -0.00016409 -0.06293856
v 0.00862980 -0.00016421 -0.06284754
v 0.00925540 -0.00016476 -0.06244550
v 0.00936008 -0.00016491 -0.06233867
v 0.00518187 -0.00265771 -0.05933938
v 0.00637206 -0.00265925 -0.05821226
v 0.00796635 -0.00265977 -0.05783124
v 0.00953755 -0.00265913 -0.05829842
v 0.01066467 -0.00265751 -0.05948860
v 0.01104568 -0.00265533 -0.06108289
v 0.00366555 -0.00266755 -0.06200401
v 0.00473383 -0.00266486 -0.06397638
v 0.00664518 -0.00266326 -0.06515037
v 0.00950435 -0.00264997 -0.06501418
v 0.00888744 -0.00266318 -0.06521139
v 0.01085982 -0.00266464 -0.06414311
v 0.01075528 -0.00265103 -0.06423890
v 0.00994943 -0.00265025 -0.06480410
v 0.00622279 -0.00009017 -0.06214814
v 0.00688802 -0.00008934 -0.06275289
v 0.00941557 -0.00003494 -0.06238895
v 0.00865791 -0.00003422 -0.06291690
v 0.00937495 -0.00008989 -0.06235209
v 0.00863734 -0.00008919 -0.06286607
v 0.00774622 -0.00003402 -0.06306383
v 0.00774976 -0.00008899 -0.06300911
v 0.00686105 -0.00003437 -0.06280064
v 0.00617774 -0.00003522 -0.06217946
v 0.00588583 -0.00009131 -0.06131465
v 0.00583162 -0.00003639 -0.06132331
v 0.00353447 -0.00157183 -0.05997195
v 0.00348071 -0.00176021 -0.06015302
v 0.00346103 -0.00201780 -0.06021955
v 0.00348071 -0.00227557 -0.06015372
v 0.00353447 -0.00246445 -0.05997317
v 0.00368135 -0.00246513 -0.05947918
v 0.00373511 -0.00227674 -0.05929812
v 0.00375479 -0.00201915 -0.05923158
v 0.00373511 -0.00176138 -0.05929741
v 0.00368135 -0.00157250 -0.05947797
v 0.00379436 -0.00269328 -0.06018876
v 0.00390550 -0.00279828 -0.05981512
v 0.00401664 -0.00269430 -0.05944119
v 0.00409800 -0.00240920 -0.05916716
v 0.00412778 -0.00201938 -0.05906647
v 0.00409800 -0.00162928 -0.05916610
v 0.00401664 -0.00134343 -0.05943934
v 0.00390550 -0.00123843 -0.05981299
v 0.00379436 -0.00134241 -0.06018692
v 0.00371300 -0.00162751 -0.06046094
v 0.00368322 -0.00201734 -0.06056163
v 0.00371300 -0.00240744 -0.06046201
v 0.00994943 -0.00137284 -0.06480236
v 0.01075528 -0.00137361 -0.06423716
v 0.01085982 -0.00136026 -0.06414133
v 0.00950435 -0.00137255 -0.06501243
v 0.00888744 -0.00135881 -0.06520961
v 0.00664518 -0.00135889 -0.06514858
v 0.00473383 -0.00136049 -0.06397460
v 0.00366555 -0.00136318 -0.06200223
v 0.00500253 -0.00246772 -0.05758305
v 0.00513950 -0.00227926 -0.05745308
v 0.00518963 -0.00202164 -0.05740526
v 0.00513950 -0.00176390 -0.05745238
v 0.00500253 -0.00157509 -0.05758183
v 0.00462834 -0.00157461 -0.05793619
v 0.00449138 -0.00176306 -0.05806616
v 0.00444124 -0.00202068 -0.05811398
v 0.00449138 -0.00227842 -0.05806686
v 0.00462834 -0.00246723 -0.05793741
v 0.00474577 -0.00269592 -0.05825410
v 0.00502891 -0.00280078 -0.05798611
v 0.00531206 -0.00269665 -0.05771782
v 0.00551934 -0.00241145 -0.05752114
v 0.00559520 -0.00202159 -0.05744876
v 0.00551934 -0.00163153 -0.05752008
v 0.00531206 -0.00134579 -0.05771598
v 0.00502891 -0.00124093 -0.05798398
v 0.00474577 -0.00134505 -0.05825226
v 0.00453849 -0.00163026 -0.05844894
v 0.00446262 -0.00202012 -0.05852132
v 0.00453849 -0.00241018 -0.05845001
v 0.00709478 -0.00246906 -0.05660153
v 0.00727825 -0.00228048 -0.05655743
v 0.00734540 -0.00202282 -0.05654103
v 0.00727825 -0.00176512 -0.05655673
v 0.00709478 -0.00157643 -0.05660031
v 0.00659354 -0.00157627 -0.05672011
v 0.00641007 -0.00176484 -0.05676421
v 0.00634292 -0.00202250 -0.05678061
v 0.00641007 -0.00228020 -0.05676492
v 0.00659354 -0.00246889 -0.05672133
v 0.00653704 -0.00269756 -0.05705434
v 0.00691633 -0.00280217 -0.05696384
v 0.00729561 -0.00269781 -0.05687306
v 0.00757326 -0.00241243 -0.05680631
v 0.00767489 -0.00202250 -0.05678149
v 0.00757326 -0.00163250 -0.05680525
v 0.00729561 -0.00134694 -0.05687121
v 0.00691633 -0.00124233 -0.05696172
v 0.00653704 -0.00134669 -0.05705250
v 0.00625939 -0.00163207 -0.05711925
v 0.00615776 -0.00202200 -0.05714407
v 0.00625939 -0.00241200 -0.05712031
v 0.00939748 -0.00246879 -0.05679764
v 0.00957829 -0.00228008 -0.05685114
v 0.00964447 -0.00202237 -0.05687047
v 0.00957829 -0.00176472 -0.05685044
v 0.00939748 -0.00157616 -0.05679642
v 0.00890349 -0.00157636 -0.05664954
v 0.00872268 -0.00176507 -0.05659604
v 0.00865650 -0.00202278 -0.05657671
v 0.00872268 -0.00228043 -0.05659674
v 0.00890349 -0.00246899 -0.05665076
v 0.00943579 -0.00134658 -0.05713140
v 0.00906200 -0.00124225 -0.05702011
v 0.00868821 -0.00134689 -0.05690911
v 0.00841458 -0.00163247 -0.05682814
v 0.00831442 -0.00202247 -0.05679890
v 0.00841458 -0.00241239 -0.05682921
v 0.00868821 -0.00269775 -0.05691096
v 0.00906200 -0.00280209 -0.05702224
v 0.00943579 -0.00269745 -0.05713324
v 0.00970942 -0.00241187 -0.05721421
v 0.00980958 -0.00202187 -0.05724346
v 0.00970942 -0.00163194 -0.05721315
v 0.01129362 -0.00246698 -0.05811882
v 0.01142332 -0.00227816 -0.05825553
v 0.01147080 -0.00202042 -0.05830531
v 0.01142332 -0.00176281 -0.05825482
v 0.01129362 -0.00157436 -0.05811760
v 0.01093925 -0.00157487 -0.05774341
v 0.01080955 -0.00176369 -0.05760670
v 0.01076207 -0.00202144 -0.05755692
v 0.01080955 -0.00227905 -0.05760740
v 0.01093925 -0.00246750 -0.05774463
v 0.01115915 -0.00134482 -0.05842681
v 0.01089101 -0.00124071 -0.05814353
v 0.01062287 -0.00134559 -0.05786052
v 0.01042658 -0.00163134 -0.05765364
v 0.01035473 -0.00202141 -0.05757830
v 0.01042658 -0.00241127 -0.05765470
v 0.01062287 -0.00269646 -0.05786237
v 0.01089101 -0.00280056 -0.05814566
v 0.01115915 -0.00269568 -0.05842866
v 0.01135545 -0.00240993 -0.05863554
v 0.01142729 -0.00201986 -0.05871088
v 0.01135545 -0.00163000 -0.05863448
v 0.01227513 -0.00246413 -0.06021107
v 0.01231898 -0.00227524 -0.06039428
v 0.01233503 -0.00201747 -0.06046108
v 0.01231898 -0.00175989 -0.06039357
v 0.01227513 -0.00157150 -0.06020985
v 0.01215534 -0.00157219 -0.05970860
v 0.01211149 -0.00176107 -0.05952539
v 0.01209545 -0.00201884 -0.05945859
v 0.01211149 -0.00227643 -0.05952610
v 0.01215534 -0.00246481 -0.05970982
v 0.01200392 -0.00134211 -0.06041036
v 0.01191328 -0.00123814 -0.06003093
v 0.01182263 -0.00134314 -0.05965180
v 0.01175628 -0.00162899 -0.05937453
v 0.01173199 -0.00201910 -0.05927344
v 0.01175628 -0.00240892 -0.05937560
v 0.01182263 -0.00269401 -0.05965364
v 0.01191328 -0.00279798 -0.06003306
v 0.01200392 -0.00269298 -0.06041220
v 0.01207028 -0.00240712 -0.06068946
v 0.01209457 -0.00201702 -0.06079056
v 0.01207028 -0.00162720 -0.06068840
v 0.01222591 -0.00156903 -0.06201856
v 0.01227967 -0.00175792 -0.06183800
v 0.01229934 -0.00201568 -0.06177218
v 0.01227967 -0.00227327 -0.06183871
v 0.01222591 -0.00246166 -0.06201978
v 0.01207903 -0.00246099 -0.06251376
v 0.01202527 -0.00227211 -0.06269431
v 0.01200559 -0.00201434 -0.06276014
v 0.01202527 -0.00175675 -0.06269361
v 0.01207903 -0.00156836 -0.06251254
v 0.01174374 -0.00133919 -0.06255054
v 0.01185488 -0.00123521 -0.06217661
v 0.01196602 -0.00134021 -0.06180296
v 0.01204738 -0.00162605 -0.06152972
v 0.01207716 -0.00201615 -0.06143010
v 0.01204738 -0.00240598 -0.06153079
v 0.01196602 -0.00269107 -0.06180481
v 0.01185488 -0.00279505 -0.06217874
v 0.01174374 -0.00269005 -0.06255239
v 0.01166238 -0.00240421 -0.06282563
v 0.01163260 -0.00201411 -0.06292525
v 0.01166238 -0.00162429 -0.06282456
v 0.01075784 -0.00245840 -0.06440990
v 0.01088330 -0.00239371 -0.06438291
v 0.01062088 -0.00226959 -0.06453934
v 0.01093513 -0.00214706 -0.06444102
v 0.01057075 -0.00201184 -0.06458647
v 0.01094216 -0.00201203 -0.06444877
v 0.01062088 -0.00175423 -0.06453864
v 0.01093513 -0.00187702 -0.06444065
v 0.01075784 -0.00156577 -0.06440868
v 0.01088330 -0.00163053 -0.06438187
v 0.01113204 -0.00156626 -0.06405432
v 0.01126900 -0.00175507 -0.06392486
v 0.01131913 -0.00201281 -0.06387775
v 0.01126900 -0.00227042 -0.06392557
v 0.01113204 -0.00245888 -0.06405553
v 0.01044832 -0.00133683 -0.06427390
v 0.01073146 -0.00123271 -0.06400562
v 0.01101461 -0.00133757 -0.06373762
v 0.01122189 -0.00162331 -0.06354172
v 0.01129775 -0.00201337 -0.06347040
v 0.01122189 -0.00240323 -0.06354278
v 0.01101461 -0.00268843 -0.06373946
v 0.01073146 -0.00279256 -0.06400775
v 0.01044832 -0.00268770 -0.06427575
v 0.01024104 -0.00240196 -0.06447165
v 0.01016517 -0.00201190 -0.06454296
v 0.01024104 -0.00162204 -0.06447058
v 0.01004156 -0.00162973 -0.06497224
v 0.01008393 -0.00201121 -0.06505071
v 0.01004156 -0.00239291 -0.06497327
v 0.00866560 -0.00245706 -0.06539141
v 0.00848213 -0.00226836 -0.06543500
v 0.00841498 -0.00201066 -0.06545070
v 0.00848213 -0.00175301 -0.06543430
v 0.00866560 -0.00156443 -0.06539019
v 0.00916684 -0.00156460 -0.06527040
v 0.00935031 -0.00175329 -0.06522682
v 0.00941746 -0.00201099 -0.06521112
v 0.00935031 -0.00226865 -0.06522752
v 0.00916684 -0.00245722 -0.06527162
v 0.00846477 -0.00133568 -0.06511867
v 0.00884405 -0.00123132 -0.06502789
v 0.00922334 -0.00133593 -0.06493738
v 0.00950099 -0.00162149 -0.06487142
v 0.00960262 -0.00201149 -0.06484766
v 0.00950099 -0.00240141 -0.06487248
v 0.00922334 -0.00268680 -0.06493922
v 0.00884405 -0.00279116 -0.06503001
v 0.00846477 -0.00268655 -0.06512051
v 0.00818712 -0.00240099 -0.06518648
v 0.00808549 -0.00201099 -0.06521024
v 0.00818712 -0.00162106 -0.06518541
v 0.00636290 -0.00245733 -0.06519531
v 0.00618209 -0.00226876 -0.06514129
v 0.00611591 -0.00201111 -0.06512126
v 0.00618209 -0.00175341 -0.06514058
v 0.00636290 -0.00156470 -0.06519409
v 0.00685689 -0.00156450 -0.06534097
v 0.00703770 -0.00175306 -0.06539498
v 0.00710388 -0.00201071 -0.06541502
v 0.00703770 -0.00226842 -0.06539569
v 0.00685689 -0.00245713 -0.06534219
v 0.00707217 -0.00268660 -0.06508261
v 0.00669838 -0.00279124 -0.06497161
v 0.00632459 -0.00268690 -0.06486033
v 0.00605096 -0.00240154 -0.06477858
v 0.00595080 -0.00201162 -0.06474826
v 0.00605096 -0.00162162 -0.06477752
v 0.00632459 -0.00133604 -0.06485849
v 0.00669838 -0.00123140 -0.06496949
v 0.00707217 -0.00133573 -0.06508077
v 0.00734580 -0.00162109 -0.06516252
v 0.00744595 -0.00201102 -0.06519283
v 0.00734580 -0.00240102 -0.06516358
v 0.00446676 -0.00245913 -0.06387413
v 0.00433706 -0.00227068 -0.06373690
v 0.00428958 -0.00201307 -0.06368642
v 0.00433706 -0.00175532 -0.06373620
v 0.00446676 -0.00156650 -0.06387290
v 0.00482112 -0.00156599 -0.06424710
v 0.00495083 -0.00175444 -0.06438432
v 0.00499831 -0.00201205 -0.06443480
v 0.00495083 -0.00226980 -0.06438503
v 0.00482112 -0.00245862 -0.06424832
v 0.00513751 -0.00268790 -0.06413120
v 0.00486937 -0.00279278 -0.06384820
v 0.00460122 -0.00268867 -0.06356491
v 0.00440493 -0.00240348 -0.06335725
v 0.00433308 -0.00201362 -0.06328084
v 0.00440493 -0.00162356 -0.06335618
v 0.00460122 -0.00133780 -0.06356307
v 0.00486937 -0.00123293 -0.06384607
v 0.00513751 -0.00133703 -0.06412936
v 0.00533380 -0.00162222 -0.06433702
v 0.00540565 -0.00201208 -0.06441343
v 0.00533380 -0.00240214 -0.06433809
v 0.00348525 -0.00246198 -0.06178188
v 0.00344140 -0.00227360 -0.06159816
v 0.00342535 -0.00201601 -0.06153065
v 0.00344140 -0.00175824 -0.06159745
v 0.00348525 -0.00156936 -0.06178066
v 0.00360504 -0.00156867 -0.06228190
v 0.00364888 -0.00175706 -0.06246563
v 0.00366493 -0.00201465 -0.06253313
v 0.00364888 -0.00227242 -0.06246633
v 0.00360504 -0.00246130 -0.06228312
v 0.00393775 -0.00269034 -0.06233993
v 0.00384710 -0.00279535 -0.06196079
v 0.00375646 -0.00269138 -0.06158137
v 0.00369010 -0.00240629 -0.06130332
v 0.00366581 -0.00201646 -0.06120117
v 0.00369010 -0.00162636 -0.06130226
v 0.00375646 -0.00134051 -0.06157953
v 0.00384710 -0.00123550 -0.06195866
v 0.00393775 -0.00133948 -0.06233808
v 0.00400410 -0.00162457 -0.06261612
v 0.00402839 -0.00201439 -0.06271829
v 0.00400410 -0.00240449 -0.06261719
v -0.00402851 0.00327949 -0.05823021
v -0.00471125 0.00327999 -0.05860000
v -0.00548742 0.00327996 -0.05857888
v -0.00614904 0.00327941 -0.05817250
v -0.00651883 0.00327848 -0.05748975
v -0.00298342 0.00328862 -0.06492053
v -0.00366617 0.00328912 -0.06529032
v -0.00444234 0.00328909 -0.06526919
v -0.00510396 0.00328854 -0.06486282
v -0.00547375 0.00328761 -0.06418008
v -0.00089052 0.00329741 -0.07136044
v -0.00157327 0.00329791 -0.07173023
v -0.00234944 0.00329788 -0.07170910
v -0.00301106 0.00329733 -0.07130272
v -0.00338085 0.00329640 -0.07061998
v 0.01204958 0.00330266 -0.07520798
v 0.01136684 0.00330317 -0.07557777
v 0.01059067 0.00330314 -0.07555664
v 0.00992905 0.00330258 -0.07515026
v 0.00955926 0.00330165 -0.07446752
v 0.01732103 0.00329686 -0.07095774
v 0.01663828 0.00329736 -0.07132753
v 0.01586212 0.00329733 -0.07130641
v 0.01520050 0.00329678 -0.07090003
v 0.01483071 0.00329585 -0.07021728
v 0.02185171 0.00328999 -0.06592529
v 0.02116896 0.00329049 -0.06629508
v 0.02039279 0.00329047 -0.06627396
v 0.01973117 0.00328991 -0.06586758
v 0.01936138 0.00328898 -0.06518483
v 0.00577362 0.00326682 -0.04894753
v 0.00509087 0.00326732 -0.04931732
v 0.00431470 0.00326729 -0.04929620
v 0.00365308 0.00326674 -0.04888982
v 0.00328329 0.00326580 -0.04820707
v 0.01871372 0.00327207 -0.05279507
v 0.01803098 0.00327257 -0.05316486
v 0.01725481 0.00327254 -0.05314374
v 0.01659319 0.00327199 -0.05273736
v 0.01622340 0.00327106 -0.05205461
v 0.01239719 0.00326874 -0.05035498
v 0.01171444 0.00326924 -0.05072477
v 0.01093827 0.00326921 -0.05070365
v 0.01027665 0.00326866 -0.05029727
v 0.00990686 0.00326773 -0.04961453
v 0.00535921 -0.00236789 -0.05944791
v 0.00647117 -0.00236932 -0.05839487
v 0.00796068 -0.00236981 -0.05803889
v 0.00942862 -0.00236921 -0.05847536
v 0.01048166 -0.00236770 -0.05958733
v 0.01083764 -0.00236566 -0.06107683
v 0.01040117 -0.00236366 -0.06254477
v 0.00928921 -0.00236222 -0.06359781
v 0.00779970 -0.00236174 -0.06395379
v 0.00633176 -0.00236233 -0.06351732
v 0.00527872 -0.00236385 -0.06240536
v 0.00492274 -0.00236588 -0.06091585
v 0.01315209 -0.00001461 -0.06256065
v 0.01315209 -0.00016461 -0.06256086
v 0.01335660 -0.00016605 -0.06150224
v 0.01313448 -0.00016896 -0.05936778
v 0.01271639 -0.00002032 -0.05837375
v 0.01335065 -0.00001752 -0.06042386
v 0.01335065 -0.00016752 -0.06042407
v 0.01044608 -0.00017339 -0.05612855
v 0.00944771 -0.00002394 -0.05572124
v 0.01134585 -0.00002258 -0.05672240
v 0.01271639 -0.00017032 -0.05837395
v 0.01211244 -0.00017154 -0.05748079
v 0.01134585 -0.00017258 -0.05672261
v 0.00625462 -0.00017392 -0.05573906
v 0.00526080 -0.00002335 -0.05615694
v 0.00731092 -0.00002421 -0.05552268
v 0.00944771 -0.00017394 -0.05572145
v 0.00838909 -0.00017422 -0.05551694
v 0.00731092 -0.00017421 -0.05552289
v 0.00260829 -0.00016889 -0.05942582
v 0.00260829 -0.00001889 -0.05942562
v 0.00301540 -0.00017025 -0.05842745
v 0.00360946 -0.00002148 -0.05752747
v 0.00526080 -0.00017335 -0.05615715
v 0.00436763 -0.00017252 -0.05676109
v 0.00360946 -0.00017148 -0.05752768
v 0.01037610 -0.00002320 -0.05626102
v 0.00837521 -0.00002402 -0.05566609
v 0.00940496 -0.00002375 -0.05586502
v 0.00629896 -0.00002372 -0.05588215
v 0.00732645 -0.00002401 -0.05567187
v 0.01299118 -0.00001890 -0.05941190
v 0.01125134 -0.00002242 -0.05683888
v 0.01199702 -0.00002141 -0.05757638
v 0.01258449 -0.00002022 -0.05844518
v 0.01320146 -0.00001750 -0.06043939
v 0.01320724 -0.00001607 -0.06148816
v 0.01049958 -0.00001014 -0.06582932
v 0.01215092 -0.00001202 -0.06445879
v 0.01129695 -0.00001113 -0.06510995
v 0.00738517 -0.00000947 -0.06632018
v 0.00631267 -0.00000955 -0.06626502
v 0.00844946 -0.00000928 -0.06646359
v 0.00314807 -0.00002015 -0.05849722
v 0.01300831 -0.00001466 -0.06251790
v 0.01261230 -0.00001334 -0.06348905
v 0.01203445 -0.00001214 -0.06436428
v 0.01042814 -0.00001032 -0.06569743
v 0.00946142 -0.00000977 -0.06610411
v 0.00843393 -0.00000948 -0.06631439
v 0.00372593 -0.00002135 -0.05762199
v 0.00446343 -0.00002237 -0.05687631
v 0.00533224 -0.00002317 -0.05628884
v 0.00635542 -0.00000975 -0.06612124
v 0.00538427 -0.00001029 -0.06572524
v 0.00441452 -0.00001092 -0.06526386
v 0.00450904 -0.00001108 -0.06514739
v 0.00376336 -0.00001208 -0.06440989
v 0.00304399 -0.00001317 -0.06361252
v 0.00317589 -0.00001327 -0.06354108
v 0.00276920 -0.00001459 -0.06257436
v 0.00240973 -0.00001597 -0.06156240
v 0.00255892 -0.00001599 -0.06154688
v 0.00255314 -0.00001742 -0.06049811
v 0.00275207 -0.00001883 -0.05946837
v 0.00262756 -0.00009388 -0.05943145
v 0.00242379 -0.00009244 -0.06048619
v 0.00268018 -0.00003895 -0.05944702
v 0.00247846 -0.00003753 -0.06049120
v 0.00248433 -0.00003608 -0.06155467
v 0.00269755 -0.00003465 -0.06259656
v 0.00310994 -0.00003332 -0.06357683
v 0.00370565 -0.00003211 -0.06445781
v 0.00446178 -0.00003109 -0.06520566
v 0.00534928 -0.00003029 -0.06579161
v 0.00633405 -0.00002974 -0.06619316
v 0.00737823 -0.00002947 -0.06639488
v 0.00844170 -0.00002948 -0.06638902
v 0.00948359 -0.00002977 -0.06617580
v 0.01046386 -0.00003033 -0.06576341
v 0.01134485 -0.00003114 -0.06516770
v 0.01209269 -0.00003218 -0.06441157
v 0.01267864 -0.00003339 -0.06352406
v 0.01308020 -0.00003473 -0.06253930
v 0.00242972 -0.00009097 -0.06156043
v 0.00264510 -0.00008953 -0.06261286
v 0.00306166 -0.00008818 -0.06360305
v 0.00366340 -0.00008697 -0.06449296
v 0.00442719 -0.00008594 -0.06524836
v 0.00532367 -0.00008513 -0.06584024
v 0.00631840 -0.00008458 -0.06624586
v 0.00737315 -0.00008430 -0.06644963
v 0.00844738 -0.00008431 -0.06644370
v 0.00949982 -0.00008460 -0.06622832
v 0.01049001 -0.00008517 -0.06581175
v 0.01137991 -0.00008599 -0.06521002
v 0.01213532 -0.00008703 -0.06444623
v 0.01272720 -0.00008826 -0.06354975
v 0.01313282 -0.00008961 -0.06255502
v 0.00240378 -0.00016744 -0.06048444
v 0.00240973 -0.00016597 -0.06156261
v 0.00262590 -0.00016453 -0.06261890
v 0.00304399 -0.00016317 -0.06361273
v 0.00364794 -0.00016195 -0.06450589
v 0.00441452 -0.00016092 -0.06526407
v 0.00531430 -0.00016011 -0.06585813
v 0.00631267 -0.00015955 -0.06626523
v 0.00737129 -0.00015927 -0.06646974
v 0.00844946 -0.00015928 -0.06646379
v 0.00950576 -0.00015957 -0.06624762
v 0.01049958 -0.00016014 -0.06582953
v 0.01139275 -0.00016097 -0.06522559
v 0.01215092 -0.00016202 -0.06445900
v 0.01274498 -0.00016324 -0.06355923
v 0.01333658 -0.00009105 -0.06150028
v 0.01328192 -0.00003616 -0.06149512
v 0.01327605 -0.00003761 -0.06043166
v 0.01306283 -0.00003903 -0.05938976
v 0.01265044 -0.00004037 -0.05840949
v 0.01205473 -0.00004157 -0.05752851
v 0.01129859 -0.00004259 -0.05678067
v 0.01041109 -0.00004339 -0.05619471
v 0.00942633 -0.00004394 -0.05579316
v 0.00838215 -0.00004422 -0.05559144
v 0.00731868 -0.00004421 -0.05559730
v 0.00627679 -0.00004392 -0.05581053
v 0.00529652 -0.00004335 -0.05622292
v 0.00441553 -0.00004254 -0.05681863
v 0.00366769 -0.00004151 -0.05757476
v 0.00308174 -0.00004030 -0.05846226
v 0.01333066 -0.00009252 -0.06042605
v 0.01311528 -0.00009396 -0.05937361
v 0.01269871 -0.00009531 -0.05838342
v 0.01209698 -0.00009652 -0.05749352
v 0.01133319 -0.00009755 -0.05673811
v 0.01043671 -0.00009836 -0.05614622
v 0.00944198 -0.00009892 -0.05574061
v 0.00838723 -0.00009919 -0.05553684
v 0.00731300 -0.00009919 -0.05554277
v 0.00626056 -0.00009889 -0.05575815
v 0.00527037 -0.00009832 -0.05617471
v 0.00438047 -0.00009750 -0.05677645
v 0.00362506 -0.00009646 -0.05754024
v 0.00303317 -0.00009524 -0.05843672
v 0.02182105 -0.03848507 -0.08422658
v 0.02182105 -0.03838507 -0.08422644
v 0.02131241 -0.03848411 -0.08493232
v 0.02131241 -0.03838411 -0.08493219
v 0.02054746 -0.03848354 -0.08534663
v 0.02054746 -0.03838354 -0.08534649
v 0.01967847 -0.03848349 -0.08538705
v 0.01967847 -0.03838348 -0.08538692
v 0.02076283 -0.03838424 -0.08483081
v 0.02076283 -0.03848425 -0.08483095
v -0.00606067 -0.03854835 -0.03786479
v -0.00606067 -0.03844835 -0.03786466
v -0.00555203 -0.03854932 -0.03715905
v -0.00555203 -0.03844931 -0.03715891
v -0.00478708 -0.03854988 -0.03674474
v -0.00478708 -0.03844988 -0.03674460
v -0.00391809 -0.03854994 -0.03670432
v -0.00391809 -0.03844994 -0.03670418
v -0.00500245 -0.03844918 -0.03726028
v -0.00500245 -0.03854918 -0.03726042
v 0.03106111 -0.03853574 -0.04710484
v 0.03106111 -0.03843574 -0.04710470
v 0.03176685 -0.03853505 -0.04761348
v 0.03176685 -0.03843505 -0.04761335
v 0.03218116 -0.03853400 -0.04837843
v 0.03218116 -0.03843400 -0.04837829
v 0.03222158 -0.03853282 -0.04924742
v 0.03222158 -0.03843281 -0.04924728
v 0.03166548 -0.03843429 -0.04816292
v 0.03166548 -0.03853429 -0.04816305
v -0.01530073 -0.03849768 -0.07498653
v -0.01530073 -0.03839768 -0.07498640
v -0.01600647 -0.03849838 -0.07447789
v -0.01600647 -0.03839837 -0.07447775
v -0.01642078 -0.03849942 -0.07371294
v -0.01642078 -0.03839942 -0.07371281
v -0.01646120 -0.03850061 -0.07284395
v -0.01646120 -0.03840061 -0.07284381
v -0.01590510 -0.03839913 -0.07392818
v -0.01590510 -0.03849913 -0.07392832
f 1 2 3
f 1 3 4
f 3 5 4
f 4 5 6
f 4 6 7
f 6 8 7
f 7 8 9
f 7 9 10
f 11 12 13
f 13 12 14
f 13 14 15
f 15 14 16
f 15 16 17
f 17 16 18
f 17 18 19
f 19 18 20
f 19 20 21
f 21 20 22
f 21 22 23
f 23 22 24
f 25 15 17
f 13 15 25
f 11 13 25
f 25 21 23
f 19 21 25
f 17 19 25
f 26 27 28
f 28 27 29
f 28 29 30
f 30 29 31
f 30 31 32
f 32 31 33
f 32 33 34
f 34 33 35
f 34 35 36
f 36 35 37
f 36 37 38
f 38 37 39
f 40 30 32
f 28 30 40
f 26 28 40
f 40 36 38
f 34 36 40
f 32 34 40
f 41 42 43
f 41 43 44
f 44 43 45
f 44 45 46
f 46 45 47
f 46 47 48
f 48 47 49
f 48 49 50
f 50 49 51
f 50 51 52
f 52 51 53
f 52 53 54
f 55 56 57
f 55 57 58
f 58 57 59
f 58 59 60
f 60 59 61
f 60 61 62
f 62 61 63
f 62 63 64
f 64 63 65
f 64 65 66
f 66 65 67
f 66 67 68
f 69 70 71
f 69 71 72
f 72 71 73
f 72 73 74
f 74 73 75
f 74 75 76
f 76 75 77
f 76 77 78
f 78 77 79
f 78 79 80
f 80 79 81
f 80 81 82
f 83 84 85
f 83 85 86
f 86 85 87
f 86 87 88
f 88 87 89
f 88 89 90
f 90 89 91
f 90 91 92
f 92 91 93
f 92 93 94
f 94 93 95
f 94 95 96
f 97 98 99
f 99 98 100
f 99 100 101
f 101 100 102
f 101 102 103
f 103 102 104
f 103 104 105
f 105 104 106
f 105 106 107
f 107 106 108
f 107 108 109
f 109 108 110
f 111 112 113
f 113 112 114
f 113 114 115
f 115 114 116
f 115 116 117
f 117 116 118
f 117 118 119
f 119 118 120
f 119 120 121
f 121 120 122
f 121 122 123
f 123 122 124
f 125 126 127
f 127 126 128
f 127 128 129
f 129 128 130
f 129 130 131
f 131 130 132
f 131 132 133
f 133 132 134
f 133 134 135
f 135 134 136
f 135 136 137
f 137 136 138
f 139 140 141
f 141 140 142
f 141 142 143
f 143 142 144
f 143 144 145
f 145 144 146
f 145 146 147
f 147 146 148
f 147 148 149
f 149 148 150
f 149 150 151
f 151 150 152
f 153 154 155
f 155 154 156
f 155 156 157
f 157 156 158
f 157 158 159
f 159 158 160
f 159 160 161
f 161 160 162
f 161 162 163
f 163 162 164
f 163 164 165
f 165 164 166
f 167 168 169
f 169 168 170
f 169 170 171
f 171 170 172
f 171 172 173
f 173 172 174
f 173 174 175
f 175 174 176
f 175 176 177
f 177 176 178
f 177 178 179
f 179 178 180
f 181 182 183
f 183 182 184
f 183 184 185
f 185 184 186
f 185 186 187
f 187 186 188
f 187 188 189
f 189 188 190
f 189 190 191
f 191 190 192
f 191 192 193
f 193 192 194
f 195 196 197
f 197 196 198
f 197 198 199
f 199 198 200
f 199 200 201
f 201 200 202
f 201 202 203
f 203 202 204
f 203 204 205
f 205 204 206
f 205 206 207
f 207 206 208
f 209 199 201
f 197 199 209
f 195 197 209
f 209 205 207
f 203 205 209
f 201 203 209
f 210 211 212
f 212 211 213
f 212 213 214
f 214 213 215
f 214 215 216
f 216 215 217
f 216 217 218
f 218 217 219
f 218 219 220
f 220 219 221
f 220 221 222
f 222 221 223
f 224 214 216
f 212 214 224
f 210 212 224
f 224 220 222
f 218 220 224
f 216 218 224
f 225 226 227
f 227 226 228
f 227 228 229
f 229 228 230
f 229 230 231
f 231 230 232
f 231 232 233
f 233 232 234
f 233 234 235
f 235 234 236
f 235 236 237
f 237 236 238
f 239 229 231
f 227 229 239
f 225 227 239
f 239 235 237
f 233 235 239
f 231 233 239
f 240 241 242
f 242 241 243
f 242 243 244
f 244 243 245
f 244 245 246
f 246 245 247
f 246 247 248
f 248 247 249
f 248 249 250
f 250 249 251
f 250 251 252
f 252 251 253
f 254 244 246
f 242 244 254
f 240 242 254
f 254 250 252
f 248 250 254
f 246 248 254
f 255 256 257
f 257 256 258
f 257 258 259
f 259 258 260
f 259 260 261
f 261 260 262
f 261 262 263
f 263 262 264
f 263 264 265
f 265 264 266
f 265 266 267
f 267 266 268
f 269 259 261
f 257 259 269
f 255 257 269
f 269 265 267
f 263 265 269
f 261 263 269
f 270 271 272
f 272 271 273
f 272 273 274
f 274 273 275
f 274 275 276
f 276 275 277
f 276 277 278
f 278 277 279
f 278 279 280
f 280 279 281
f 280 281 282
f 282 281 283
f 284 274 276
f 272 274 284
f 270 272 284
f 284 280 282
f 278 280 284
f 276 278 284
f 285 286 287
f 287 286 288
f 287 288 289
f 289 288 290
f 289 290 291
f 291 290 292
f 291 292 293
f 293 292 294
f 293 294 295
f 295 294 296
f 295 296 297
f 297 296 298
f 299 300 301
f 301 300 302
f 301 302 303
f 303 302 304
f 303 304 305
f 305 304 306
f 305 306 307
f 307 306 308
f 307 308 309
f 309 308 310
f 309 310 311
f 311 310 312
f 313 314 315
f 315 314 316
f 315 316 317
f 317 316 318
f 317 318 319
f 319 318 320
f 319 320 321
f 321 320 322
f 321 322 323
f 323 322 324
f 323 324 325
f 325 324 326
f 327 328 329
f 329 328 330
f 329 330 331
f 331 330 332
f 331 332 333
f 333 332 334
f 333 334 335
f 335 334 336
f 335 336 337
f 337 336 338
f 337 338 339
f 339 338 340
f 341 342 343
f 343 342 344
f 343 344 345
f 345 344 346
f 345 346 347
f 347 346 348
f 347 348 349
f 349 348 350
f 349 350 351
f 351 350 352
f 351 352 353
f 353 352 354
f 355 356 357
f 357 356 358
f 357 358 359
f 359 358 360
f 359 360 361
f 361 360 362
f 361 362 363
f 363 362 364
f 363 364 365
f 365 364 366
f 365 366 367
f 367 366 368
f 369 370 371
f 371 370 372
f 371 372 373
f 372 374 373
f 373 374 375
f 373 375 376
f 376 375 377
f 376 377 378
f 378 377 379
f 378 379 380
f 380 379 381
f 380 381 382
f 382 381 383
f 384 385 386
f 386 385 387
f 386 387 388
f 388 387 389
f 388 389 390
f 390 389 391
f 390 391 392
f 392 391 393
f 392 393 394
f 394 393 395
f 394 395 396
f 396 395 397
f 398 399 400
f 400 399 401
f 400 401 402
f 402 401 403
f 402 403 404
f 404 403 405
f 404 405 406
f 406 405 407
f 406 407 408
f 408 407 409
f 408 409 410
f 410 409 411
f 412 413 414
f 414 413 415
f 414 415 416
f 416 415 417
f 416 417 418
f 418 417 419
f 418 419 420
f 420 419 421
f 420 421 422
f 422 421 423
f 422 423 424
f 424 423 425
f 426 427 428
f 428 427 429
f 428 429 430
f 429 431 430
f 430 431 432
f 430 432 433
f 433 432 434
f 433 434 435
f 435 434 436
f 435 436 437
f 437 436 438
f 437 438 439
f 439 438 440
f 439 440 441
f 441 440 442
f 441 442 443
f 443 442 444
f 443 444 445
f 445 444 446
f 445 446 447
f 447 446 448
f 447 448 449
f 449 448 450
f 449 450 451
f 451 450 452
f 84 453 454
f 84 454 85
f 85 454 455
f 85 455 87
f 87 455 456
f 87 456 89
f 89 456 457
f 89 457 91
f 91 457 458
f 91 458 93
f 93 458 459
f 93 459 95
f 460 461 462
f 460 462 463
f 463 462 464
f 463 464 465
f 465 464 466
f 465 466 467
f 467 466 468
f 467 468 469
f 469 468 470
f 469 470 471
f 471 470 472
f 471 472 473
f 70 474 475
f 70 475 71
f 71 475 476
f 71 476 73
f 73 476 477
f 73 477 75
f 75 477 478
f 75 478 77
f 77 478 479
f 77 479 79
f 79 479 480
f 79 480 81
f 481 482 483
f 481 483 484
f 484 483 485
f 484 485 486
f 486 485 487
f 486 487 488
f 488 487 489
f 488 489 490
f 490 489 491
f 490 491 492
f 492 491 493
f 492 493 494
f 42 495 496
f 42 496 43
f 43 496 497
f 43 497 45
f 45 497 498
f 45 498 47
f 47 498 499
f 47 499 49
f 49 499 500
f 49 500 51
f 51 500 501
f 51 501 53
f 502 503 504
f 502 504 505
f 505 504 506
f 505 506 507
f 507 506 508
f 507 508 509
f 509 508 510
f 509 510 511
f 511 510 512
f 511 512 513
f 513 512 514
f 513 514 515
f 56 516 517
f 56 517 57
f 57 517 518
f 57 518 59
f 59 518 519
f 59 519 61
f 61 519 520
f 61 520 63
f 63 520 521
f 63 521 65
f 65 521 522
f 65 522 67
f 523 524 525
f 523 525 526
f 526 525 527
f 526 527 528
f 528 527 529
f 528 529 530
f 530 529 531
f 530 531 532
f 532 531 533
f 532 533 534
f 534 533 535
f 534 535 536
f 537 538 539
f 539 538 540
f 539 540 541
f 541 540 542
f 541 542 543
f 543 542 544
f 543 544 545
f 545 544 546
f 545 546 547
f 547 546 548
f 547 548 549
f 549 548 550
f 551 552 553
f 551 554 555
f 551 555 556
f 557 558 559
f 559 558 560
f 559 560 561
f 561 560 562
f 561 562 563
f 563 562 564
f 563 564 565
f 565 564 556
f 565 556 566
f 566 556 555
f 551 553 554
f 554 553 567
f 554 567 568
f 568 567 569
f 568 569 570
f 570 569 571
f 571 569 572
f 571 572 573
f 573 572 574
f 573 574 575
f 575 574 576
f 575 576 577
f 577 576 578
f 577 578 579
f 579 578 580
f 579 580 581
f 581 580 582
f 581 582 583
f 584 585 586
f 586 585 587
f 586 587 588
f 588 587 589
f 588 589 590
f 590 589 591
f 590 591 592
f 592 591 593
f 592 593 594
f 594 593 595
f 594 595 596
f 596 595 597
f 598 599 600
f 600 599 601
f 600 601 602
f 602 601 603
f 603 601 604
f 603 604 605
f 605 604 606
f 606 604 607
f 606 607 608
f 608 607 609
f 609 607 610
f 609 610 611
f 611 610 612
f 612 610 613
f 612 613 614
f 614 613 615
f 615 613 616
f 615 616 617
f 618 619 620
f 620 619 621
f 620 621 622
f 622 621 623
f 623 621 624
f 623 624 625
f 625 624 626
f 626 624 627
f 626 627 628
f 628 627 629
f 629 627 630
f 629 630 631
f 631 630 632
f 632 630 633
f 632 633 634
f 634 633 635
f 635 633 636
f 635 636 637
f 638 639 640
f 640 639 641
f 640 641 642
f 642 641 643
f 643 641 644
f 643 644 645
f 645 644 646
f 646 644 647
f 646 647 648
f 648 647 649
f 649 647 650
f 649 650 651
f 651 650 652
f 652 650 653
f 652 653 654
f 654 653 655
f 655 653 656
f 655 656 657
f 658 659 660
f 660 659 661
f 662 663 661
f 661 663 664
f 661 664 660
f 665 666 662
f 662 666 667
f 662 667 663
f 668 669 670
f 670 669 671
f 670 671 672
f 672 671 673
f 672 673 665
f 665 673 674
f 665 674 666
f 675 676 677
f 677 676 678
f 679 680 678
f 678 680 681
f 678 681 677
f 682 683 679
f 679 683 684
f 679 684 680
f 685 686 687
f 687 686 688
f 687 688 689
f 689 688 690
f 689 690 682
f 682 690 691
f 682 691 683
f 692 693 694
f 694 693 695
f 696 697 695
f 695 697 698
f 695 698 694
f 699 700 701
f 701 700 702
f 701 702 696
f 696 702 703
f 696 703 697
f 699 701 704
f 704 701 705
f 704 705 706
f 706 705 707
f 707 705 708
f 707 708 709
f 709 708 710
f 710 708 711
f 710 711 712
f 713 714 715
f 716 717 718
f 718 717 719
f 718 719 712
f 716 720 717
f 717 720 721
f 717 721 715
f 715 721 722
f 715 722 713
f 723 724 725
f 725 724 726
f 725 726 727
f 727 726 728
f 728 726 729
f 728 729 730
f 730 729 731
f 731 729 732
f 731 732 733
f 733 732 734
f 734 732 735
f 734 735 736
f 736 735 737
f 737 735 738
f 737 738 739
f 739 738 740
f 740 738 741
f 740 741 742
f 738 743 741
f 741 743 744
f 741 744 745
f 745 744 746
f 745 746 747
f 747 746 748
f 747 748 749
f 749 748 750
f 749 750 751
f 751 750 752
f 751 752 753
f 753 752 754
f 753 754 755
f 742 741 756
f 756 741 757
f 756 757 758
f 754 759 755
f 755 759 760
f 759 761 760
f 760 761 762
f 760 762 763
f 763 762 764
f 763 764 765
f 765 764 766
f 765 766 767
f 766 768 767
f 767 768 769
f 767 769 770
f 770 769 771
f 770 771 772
f 773 774 775
f 776 772 777
f 777 772 771
f 777 771 778
f 778 771 773
f 778 773 779
f 779 773 775
f 780 781 782
f 782 783 780
f 780 783 784
f 780 784 774
f 774 784 785
f 774 785 775
f 786 724 723
f 723 787 786
f 786 787 788
f 786 788 781
f 781 788 789
f 781 789 782
f 790 791 792
f 776 790 772
f 772 790 792
f 772 792 793
f 793 792 794
f 795 796 797
f 798 666 674
f 178 176 799
f 799 176 800
f 801 802 803
f 803 802 804
f 673 671 296
f 296 671 669
f 296 669 298
f 298 669 800
f 298 800 174
f 174 800 176
f 805 795 292
f 292 795 797
f 292 797 294
f 294 797 806
f 294 806 296
f 296 806 798
f 296 798 673
f 673 798 674
f 168 807 170
f 170 807 298
f 170 298 172
f 172 298 174
f 292 290 805
f 805 290 288
f 805 288 808
f 808 288 286
f 808 286 809
f 810 811 812
f 812 811 813
f 812 813 814
f 815 316 816
f 816 316 314
f 686 324 817
f 817 324 322
f 817 322 818
f 818 322 320
f 818 320 819
f 819 320 318
f 819 318 820
f 286 821 809
f 809 821 822
f 809 822 817
f 817 822 823
f 824 686 825
f 825 686 817
f 825 817 826
f 826 817 823
f 826 823 168
f 168 823 827
f 168 827 807
f 799 828 178
f 178 828 829
f 178 829 180
f 180 829 683
f 180 683 830
f 830 683 691
f 830 691 831
f 831 691 690
f 831 690 824
f 824 690 688
f 824 688 686
f 832 833 834
f 314 835 816
f 816 835 836
f 816 836 837
f 837 836 838
f 837 838 839
f 839 838 840
f 804 802 835
f 835 802 841
f 835 841 836
f 842 843 844
f 844 843 326
f 844 326 845
f 845 326 324
f 845 324 846
f 846 324 686
f 846 686 810
f 810 686 847
f 810 847 811
f 318 316 820
f 820 316 815
f 820 815 848
f 848 815 832
f 848 832 849
f 849 832 834
f 850 840 851
f 851 840 838
f 851 838 852
f 852 838 10
f 838 853 10
f 10 853 854
f 10 854 855
f 4 7 1
f 1 7 10
f 1 10 856
f 856 10 855
f 700 699 857
f 857 699 704
f 857 704 706
f 706 707 857
f 857 707 709
f 857 709 858
f 709 710 858
f 858 710 712
f 858 712 719
f 859 860 861
f 861 860 714
f 861 714 862
f 859 861 863
f 863 861 864
f 863 864 865
f 865 864 693
f 865 693 692
f 712 711 718
f 718 711 866
f 867 720 866
f 866 720 716
f 866 716 718
f 714 713 862
f 862 713 722
f 862 722 867
f 867 722 721
f 867 721 720
f 868 676 675
f 869 870 871
f 871 870 868
f 871 868 872
f 872 868 675
f 869 873 870
f 870 873 814
f 870 814 874
f 874 814 813
f 874 813 875
f 875 813 811
f 875 811 876
f 876 811 847
f 876 847 685
f 685 847 686
f 877 659 658
f 878 879 880
f 880 879 877
f 880 877 881
f 881 877 658
f 878 882 879
f 879 882 829
f 879 829 883
f 883 829 828
f 883 828 884
f 884 828 799
f 884 799 885
f 885 799 800
f 885 800 668
f 668 800 669
f 657 656 886
f 886 656 887
f 886 887 888
f 888 887 889
f 889 887 890
f 889 890 891
f 891 890 892
f 892 890 893
f 892 893 894
f 895 896 893
f 893 896 897
f 893 897 894
f 898 639 638
f 638 899 898
f 898 899 900
f 898 900 895
f 895 900 901
f 895 901 896
f 637 636 902
f 902 636 903
f 902 903 904
f 904 903 905
f 905 903 906
f 905 906 907
f 907 906 908
f 908 906 909
f 908 909 910
f 911 912 909
f 909 912 913
f 909 913 910
f 914 619 618
f 618 915 914
f 914 915 916
f 914 916 911
f 911 916 917
f 911 917 912
f 617 616 918
f 918 616 919
f 918 919 920
f 920 919 921
f 921 919 922
f 921 922 923
f 923 922 924
f 924 922 925
f 924 925 926
f 927 928 925
f 925 928 929
f 925 929 926
f 930 599 598
f 598 931 930
f 930 931 932
f 930 932 927
f 927 932 933
f 927 933 928
f 770 772 793
f 757 741 745
f 760 560 755
f 755 560 558
f 755 558 753
f 763 765 793
f 793 765 767
f 793 767 770
f 558 934 753
f 753 934 935
f 753 935 751
f 751 935 936
f 745 747 757
f 757 747 749
f 757 749 937
f 937 749 751
f 937 751 938
f 938 751 936
f 938 936 939
f 763 793 760
f 760 793 940
f 760 940 941
f 551 556 941
f 941 556 564
f 941 564 760
f 760 564 562
f 760 562 560
f 942 943 944
f 944 943 945
f 946 947 948
f 585 584 949
f 949 584 950
f 596 597 951
f 951 597 946
f 946 948 951
f 951 948 952
f 951 952 953
f 952 954 953
f 953 954 955
f 953 955 956
f 955 957 956
f 956 957 958
f 956 958 959
f 960 949 961
f 961 949 950
f 961 950 962
f 962 950 959
f 962 959 963
f 963 959 958
f 964 965 966
f 966 965 9
f 966 9 967
f 968 969 970
f 967 9 8
f 967 8 971
f 971 8 6
f 971 6 972
f 972 6 5
f 972 5 973
f 5 3 973
f 973 3 2
f 973 2 974
f 2 975 974
f 974 975 976
f 974 976 970
f 970 976 977
f 970 977 968
f 969 968 978
f 979 969 980
f 980 981 979
f 979 981 982
f 979 982 983
f 983 982 984
f 983 984 985
f 985 984 986
f 985 986 987
f 987 986 988
f 987 988 989
f 969 978 980
f 980 978 990
f 980 990 991
f 992 991 990
f 993 994 995
f 993 995 990
f 990 995 996
f 990 996 992
f 558 557 997
f 558 997 934
f 998 939 999
f 999 939 936
f 999 936 1000
f 1000 936 935
f 1000 935 1001
f 1001 935 934
f 1001 934 1002
f 1002 934 997
f 993 1003 994
f 994 1003 1004
f 1003 1005 1004
f 1004 1005 1006
f 1004 1006 1007
f 1008 939 1009
f 1009 939 998
f 1009 998 1010
f 1010 998 1007
f 1010 1007 1011
f 1011 1007 1006
f 1012 1013 791
f 791 1013 792
f 1014 452 1015
f 1015 452 1016
f 1017 524 1018
f 1019 1020 1021
f 1022 1023 1024
f 1024 1023 535
f 1019 1025 1020
f 1020 1025 1026
f 1020 1026 1027
f 508 983 510
f 510 983 985
f 510 985 512
f 512 985 987
f 512 987 514
f 514 987 989
f 514 989 1021
f 1021 989 1028
f 1021 1028 1019
f 1022 1024 1029
f 1029 1024 1030
f 1029 1030 1031
f 969 979 970
f 970 979 983
f 970 983 974
f 527 525 966
f 1031 1030 1018
f 1018 1030 1032
f 1018 1032 1017
f 529 527 503
f 503 527 966
f 503 966 504
f 504 966 967
f 504 967 506
f 506 967 971
f 506 971 508
f 508 971 972
f 508 972 983
f 983 972 973
f 983 973 974
f 1026 1033 1027
f 1027 1033 1024
f 1027 1024 1034
f 1034 1024 535
f 1034 535 1035
f 1035 535 533
f 1035 533 503
f 503 533 531
f 503 531 529
f 409 407 429
f 429 407 431
f 405 1036 407
f 407 1036 432
f 407 432 431
f 595 1037 597
f 597 1037 1038
f 597 1038 946
f 589 1039 1040
f 401 1017 403
f 403 1017 1041
f 403 1041 405
f 405 1041 1042
f 405 1042 1036
f 1043 945 943
f 401 399 1017
f 1017 399 966
f 1017 966 524
f 524 966 525
f 409 429 411
f 411 429 427
f 411 427 1044
f 1044 427 1045
f 1044 1045 1046
f 943 1037 1043
f 1043 1037 595
f 1043 595 1047
f 1047 595 593
f 1047 593 1040
f 1040 593 591
f 1040 591 589
f 399 1048 966
f 966 1048 1049
f 966 1049 964
f 964 1049 1050
f 964 1050 1051
f 1051 1050 1052
f 1045 1039 1046
f 1046 1039 589
f 1046 589 1050
f 1050 589 587
f 1050 587 1052
f 1052 587 585
f 1052 585 949
f 379 377 574
f 383 348 346
f 383 346 1053
f 574 377 576
f 576 377 375
f 576 375 578
f 375 374 578
f 578 374 372
f 578 372 580
f 580 372 370
f 580 370 582
f 582 370 1054
f 582 1054 1055
f 1056 1057 446
f 446 1057 448
f 448 1057 1058
f 1058 1057 1059
f 1058 1059 1013
f 383 381 348
f 348 381 569
f 348 569 350
f 350 569 567
f 379 574 381
f 381 574 572
f 381 572 569
f 1036 582 432
f 432 582 1055
f 432 1055 434
f 434 1055 1060
f 434 1060 436
f 436 1060 438
f 552 1061 1013
f 1053 346 1062
f 1062 346 344
f 1062 344 1060
f 1060 344 342
f 1060 342 438
f 1059 354 1013
f 1013 354 352
f 1013 352 552
f 552 352 350
f 552 350 553
f 553 350 567
f 1061 1063 1013
f 1013 1063 794
f 1013 794 792
f 1056 446 1064
f 1064 446 444
f 1064 444 1065
f 1065 444 442
f 1065 442 342
f 342 442 440
f 342 440 438
f 1058 1066 448
f 448 1066 1016
f 448 1016 450
f 450 1016 452
f 1067 1030 1068
f 1068 1030 1024
f 1068 1024 1069
f 1069 1024 1033
f 1069 1033 1070
f 1070 1033 1026
f 1070 1026 1071
f 542 588 544
f 544 588 590
f 544 590 546
f 546 590 592
f 546 592 548
f 548 592 594
f 548 594 550
f 550 594 596
f 550 596 1072
f 1072 596 951
f 1072 951 1073
f 1073 951 953
f 1073 953 1074
f 1074 953 956
f 1074 956 1075
f 1075 956 959
f 1075 959 1076
f 1076 959 950
f 1076 950 538
f 538 950 584
f 538 584 540
f 540 584 586
f 540 586 542
f 542 586 588
f 1077 1078 1079
f 433 1080 430
f 1071 1081 1082
f 1083 1068 1084
f 1084 1068 1069
f 1084 1069 1070
f 1085 1086 1087
f 1087 1086 1088
f 1087 1088 1089
f 1090 581 583
f 577 579 384
f 396 1091 1092
f 396 1092 394
f 581 1090 579
f 579 1090 1093
f 579 1093 384
f 384 386 577
f 577 386 388
f 577 388 575
f 388 390 575
f 575 390 392
f 575 392 573
f 573 392 394
f 573 394 571
f 571 394 1092
f 1091 1094 1092
f 1092 1094 1095
f 1092 1095 1090
f 1090 1095 1096
f 1090 1096 1093
f 1097 1098 1092
f 357 571 355
f 355 571 1092
f 355 1092 1099
f 1099 1092 1098
f 365 555 363
f 363 555 554
f 363 554 361
f 367 1100 1101
f 1101 1100 1102
f 1101 1102 1097
f 361 554 359
f 359 554 568
f 359 568 357
f 357 568 570
f 357 570 571
f 365 367 555
f 555 367 1101
f 555 1101 566
f 566 1101 565
f 1103 1104 1105
f 1105 1104 1106
f 18 16 563
f 563 16 14
f 563 14 561
f 561 14 12
f 561 12 559
f 559 12 1107
f 1108 1109 1110
f 303 305 1105
f 1105 305 559
f 1105 559 1103
f 1103 559 1107
f 997 1111 1109
f 1110 1112 1108
f 1108 1112 299
f 1108 299 1105
f 1105 299 301
f 1105 301 303
f 305 307 559
f 559 307 309
f 559 309 557
f 557 309 311
f 557 311 997
f 997 311 1113
f 997 1113 1111
f 1109 1108 997
f 997 1108 1114
f 997 1114 1002
f 1002 1114 1001
f 1001 1114 1115
f 1001 1115 1000
f 1116 327 1117
f 1117 327 329
f 998 339 1118
f 1004 1007 1119
f 329 331 1117
f 1117 331 333
f 1117 333 1120
f 1120 333 335
f 1120 335 337
f 998 1118 1007
f 1007 1118 1121
f 1007 1121 1119
f 1122 1116 1123
f 991 1124 980
f 980 1124 1125
f 980 1125 981
f 981 1125 982
f 461 1126 1127
f 1127 1126 1128
f 1129 1130 1131
f 1131 1130 1132
f 1131 1132 472
f 470 468 1133
f 1133 468 984
f 462 986 464
f 464 986 984
f 464 984 466
f 466 984 468
f 462 461 986
f 986 461 1127
f 986 1127 988
f 988 1127 1134
f 1081 1135 1082
f 1082 1135 1134
f 1082 1134 1136
f 1136 1134 1127
f 1137 487 1131
f 1131 487 485
f 1131 485 1138
f 1138 485 483
f 1138 483 1084
f 1084 483 482
f 1084 482 1083
f 1083 1139 1068
f 1068 1139 1140
f 1068 1140 1067
f 1067 1140 1141
f 1067 1141 1085
f 1085 1141 1142
f 1085 1142 1086
f 1086 1142 493
f 1086 493 1143
f 1143 493 491
f 1143 491 489
f 1144 1145 447
f 447 1145 1146
f 447 1146 445
f 1097 1092 1101
f 1101 1092 441
f 1101 441 443
f 18 563 1147
f 1147 563 565
f 1147 565 1145
f 1145 565 1101
f 1145 1101 1146
f 1146 1101 443
f 1146 443 445
f 433 435 1090
f 1090 435 437
f 1090 437 1092
f 1092 437 439
f 1092 439 441
f 433 1090 1080
f 1080 1090 583
f 1080 583 430
f 430 583 1089
f 430 1089 428
f 428 1089 1088
f 428 1088 418
f 418 420 428
f 428 420 422
f 428 422 426
f 426 422 424
f 426 424 1148
f 1148 424 1149
f 1148 1149 1150
f 1151 1152 1148
f 1151 39 37
f 1153 1154 1155
f 1155 1154 39
f 37 35 1151
f 1151 35 33
f 1151 33 1152
f 33 31 1152
f 1152 31 29
f 1152 29 1156
f 1156 29 27
f 1156 27 1157
f 1157 27 1158
f 1157 1158 1159
f 1077 1157 1078
f 1078 1157 1159
f 1078 1159 1155
f 1155 1159 1160
f 1155 1160 1153
f 1117 1161 1162
f 1162 1161 1079
f 1163 1164 1165
f 1165 1164 1166
f 1165 1166 1120
f 1120 1166 1167
f 1120 1167 1117
f 1117 1167 1168
f 1117 1168 1161
f 1169 1163 1170
f 1170 1163 1165
f 1170 1165 999
f 999 1165 1120
f 999 1120 998
f 998 1120 337
f 998 337 339
f 447 449 1144
f 1144 449 451
f 1144 451 1171
f 1171 451 1169
f 1171 1169 1172
f 1172 1169 1170
f 1173 1174 1175
f 1175 1174 1176
f 1175 1176 1143
f 1143 1176 412
f 1143 412 1086
f 1086 412 414
f 1086 414 1088
f 1088 414 416
f 1088 416 418
f 1177 24 1144
f 1144 24 1145
f 1145 24 22
f 1145 22 1147
f 1147 22 20
f 1147 20 18
f 1128 1129 1127
f 1127 1129 1131
f 1127 1131 1136
f 1136 1131 1138
f 1136 1138 1082
f 1082 1138 1084
f 1082 1084 1071
f 1071 1084 1070
f 1150 1173 1148
f 1148 1173 1175
f 1148 1175 1151
f 1151 1175 1143
f 1151 1143 1137
f 1137 1143 489
f 1137 489 487
f 39 1151 1155
f 1155 1151 1137
f 1155 1137 1178
f 1178 1137 1131
f 1178 1131 1133
f 1133 1131 472
f 1133 472 470
f 1079 1078 1162
f 1162 1078 1155
f 1162 1155 1179
f 1179 1155 1178
f 1179 1178 1180
f 1180 1178 1133
f 1180 1133 1181
f 1181 1133 984
f 1181 984 982
f 1162 537 539
f 982 1125 1181
f 1181 1125 1124
f 1181 1124 1180
f 1180 1124 1182
f 1180 1182 1179
f 1179 1182 1183
f 1179 1183 1162
f 1162 1183 1184
f 1162 1184 537
f 1117 547 549
f 1116 1117 1123
f 1123 1117 549
f 1123 549 1185
f 1185 1186 1123
f 1123 1186 1187
f 1123 1187 1183
f 1183 1187 1188
f 1183 1188 1184
f 539 541 1162
f 1162 541 543
f 1162 543 1117
f 1117 543 545
f 1117 545 547
f 1119 1122 1004
f 1004 1122 1123
f 1004 1123 994
f 994 1123 1183
f 994 1183 995
f 995 1183 1182
f 995 1182 996
f 996 1182 1124
f 996 1124 992
f 992 1124 991
f 999 1000 1170
f 1170 1000 1115
f 1170 1115 1172
f 1172 1115 1114
f 1172 1114 1171
f 1171 1114 1108
f 1171 1108 1144
f 1144 1108 1105
f 1144 1105 1177
f 1177 1105 1106
f 1189 111 1190
f 1191 139 1192
f 1193 125 1194
f 1195 153 1196
f 780 1197 781
f 773 1198 774
f 771 769 1199
f 766 1200 768
f 762 1201 764
f 729 726 1202
f 105 107 786
f 786 107 724
f 724 107 109
f 724 109 726
f 732 1203 735
f 735 1203 1194
f 735 1194 738
f 738 1194 1204
f 738 1204 743
f 1204 1205 743
f 743 1205 1206
f 743 1206 744
f 1206 1207 744
f 744 1207 1196
f 744 1196 746
f 1208 1209 748
f 748 1209 750
f 1210 187 189
f 750 1211 752
f 752 1211 1212
f 752 1212 754
f 754 1212 181
f 754 181 759
f 759 181 183
f 759 183 185
f 189 191 1210
f 1210 191 193
f 1210 193 1209
f 193 1213 1209
f 1209 1213 1214
f 1209 1214 750
f 750 1214 1215
f 750 1215 1211
f 1216 1217 1210
f 1210 1217 759
f 1210 759 187
f 187 759 185
f 1217 1218 759
f 759 1218 1219
f 759 1219 761
f 761 1219 223
f 761 223 762
f 223 221 762
f 762 221 219
f 762 219 1201
f 1201 219 217
f 1201 217 1192
f 1192 217 215
f 1220 1221 211
f 211 1221 1192
f 211 1192 213
f 213 1192 215
f 200 198 1222
f 1206 1223 1207
f 1207 1223 208
f 1207 208 1224
f 1224 208 206
f 1224 206 204
f 200 1222 202
f 198 196 1194
f 1194 196 1225
f 1194 1225 1204
f 109 1226 726
f 726 1226 1227
f 726 1227 1202
f 1202 1227 1228
f 1202 1228 1229
f 105 786 103
f 103 786 1230
f 103 1230 101
f 101 1230 1231
f 101 1231 99
f 1228 1232 1229
f 1229 1232 1233
f 1229 1233 1231
f 1231 1233 97
f 1231 97 99
f 1196 153 1234
f 1234 153 155
f 1234 155 157
f 1235 1236 1207
f 1207 1236 1237
f 1207 1237 1196
f 1196 1237 1238
f 1196 1238 1195
f 159 161 1224
f 1224 161 163
f 1224 163 1207
f 1207 163 165
f 1207 165 1235
f 129 131 1229
f 198 1194 1222
f 1222 1194 125
f 1222 125 127
f 1239 1240 1203
f 1203 1240 1241
f 1203 1241 1194
f 1194 1241 1242
f 1194 1242 1193
f 131 133 1229
f 1229 133 135
f 1229 135 137
f 729 1202 732
f 732 1202 1229
f 732 1229 1203
f 1203 1229 137
f 1203 137 1239
f 748 746 1208
f 1208 746 1196
f 1208 1196 1209
f 1209 1196 1234
f 1209 1234 1210
f 1210 1234 1221
f 1210 1221 1216
f 1216 1221 1220
f 127 129 1222
f 1222 129 1229
f 1222 1229 1243
f 1243 1229 1231
f 1243 1231 1190
f 157 159 1234
f 1234 159 1224
f 1234 1224 1221
f 1221 1224 1244
f 1221 1244 1192
f 1192 1244 1245
f 867 866 1231
f 866 711 1231
f 1231 711 1246
f 1231 1246 1190
f 1197 696 695
f 711 708 1246
f 1246 708 705
f 1246 705 701
f 695 693 1197
f 1197 693 1230
f 1197 1230 781
f 781 1230 786
f 774 1198 780
f 780 1198 1246
f 780 1246 1197
f 1197 1246 701
f 1197 701 696
f 693 864 1230
f 1230 864 861
f 1230 861 1231
f 1231 861 862
f 1231 862 867
f 1191 1192 1247
f 141 143 1200
f 1248 1249 1245
f 143 145 1200
f 1200 145 1199
f 1200 1199 768
f 768 1199 769
f 764 1201 766
f 766 1201 1192
f 766 1192 1200
f 1200 1192 139
f 1200 139 141
f 1245 1249 1192
f 1192 1249 1250
f 1192 1250 1247
f 145 147 1199
f 1199 147 149
f 1199 149 1245
f 1245 149 151
f 1245 151 1248
f 204 202 1224
f 1224 202 1222
f 1224 1222 1244
f 1244 1222 1243
f 1244 1243 1245
f 1245 1243 1190
f 1245 1190 1199
f 1199 1190 1251
f 1198 117 119
f 1190 111 1251
f 1251 111 113
f 1251 113 115
f 771 1199 773
f 773 1199 1251
f 773 1251 1198
f 1198 1251 115
f 1198 115 117
f 119 121 1198
f 1198 121 123
f 1198 123 1246
f 1246 123 1252
f 1252 1253 1246
f 1246 1253 1254
f 1246 1254 1190
f 1190 1254 1255
f 1190 1255 1189
f 549 550 1185
f 1185 550 1072
f 1185 1072 1186
f 1186 1072 1073
f 1186 1073 1187
f 1187 1073 1074
f 1187 1074 1188
f 1188 1074 1075
f 1188 1075 1184
f 1184 1075 1076
f 1184 1076 537
f 537 1076 538
f 536 535 1023
f 536 1023 1256
f 1256 1023 1022
f 1256 1022 1257
f 1257 1022 1029
f 1257 1029 1258
f 1258 1029 1031
f 1258 1031 1259
f 1259 1031 1018
f 1259 1018 1260
f 1260 1018 524
f 1260 524 523
f 1261 1256 1262
f 1262 1256 1257
f 1262 1257 1263
f 1263 1257 1258
f 1263 1258 1264
f 1264 1258 1259
f 1264 1259 1265
f 1265 1259 1260
f 1265 1260 516
f 516 1260 523
f 516 523 517
f 517 523 526
f 517 526 518
f 518 526 528
f 518 528 519
f 519 528 530
f 519 530 520
f 520 530 532
f 520 532 521
f 521 532 534
f 521 534 522
f 522 534 536
f 522 536 1261
f 1261 536 1256
f 67 522 1261
f 67 1261 1266
f 1266 1261 1262
f 1266 1262 1267
f 1267 1262 1263
f 1267 1263 1268
f 1268 1263 1264
f 1268 1264 1269
f 1269 1264 1265
f 1269 1265 1270
f 1270 1265 516
f 1270 516 56
f 230 1271 232
f 232 1271 1272
f 232 1272 234
f 234 1272 1273
f 234 1273 236
f 236 1273 1274
f 236 1274 238
f 238 1274 55
f 238 55 1275
f 1275 55 58
f 1275 58 1276
f 1276 58 60
f 1276 60 1277
f 1277 60 62
f 1277 62 1278
f 1278 62 64
f 1278 64 1279
f 1279 64 66
f 1279 66 226
f 226 66 68
f 226 68 228
f 228 68 1280
f 228 1280 230
f 230 1280 1271
f 515 514 1021
f 515 1021 1281
f 1281 1021 1020
f 1281 1020 1282
f 1282 1020 1027
f 1282 1027 1283
f 1283 1027 1034
f 1283 1034 1284
f 1284 1034 1035
f 1284 1035 1285
f 1285 1035 503
f 1285 503 502
f 496 505 497
f 497 505 507
f 497 507 498
f 498 507 509
f 498 509 499
f 499 509 511
f 499 511 500
f 500 511 513
f 500 513 501
f 501 513 515
f 501 515 1286
f 1286 515 1281
f 1286 1281 1287
f 1287 1281 1282
f 1287 1282 1288
f 1288 1282 1283
f 1288 1283 1289
f 1289 1283 1284
f 1289 1284 1290
f 1290 1284 1285
f 1290 1285 495
f 495 1285 502
f 495 502 496
f 496 502 505
f 53 501 1286
f 53 1286 1291
f 1291 1286 1287
f 1291 1287 1292
f 1292 1287 1288
f 1292 1288 1293
f 1293 1288 1289
f 1293 1289 1294
f 1294 1289 1290
f 1294 1290 1295
f 1295 1290 495
f 1295 495 42
f 247 1296 249
f 249 1296 1297
f 249 1297 251
f 251 1297 1298
f 251 1298 253
f 253 1298 41
f 253 41 1299
f 1299 41 44
f 1299 44 1300
f 1300 44 46
f 1300 46 1301
f 1301 46 48
f 1301 48 1302
f 1302 48 50
f 1302 50 1303
f 1303 50 52
f 1303 52 241
f 241 52 54
f 241 54 243
f 243 54 1304
f 243 1304 245
f 245 1304 1305
f 245 1305 247
f 247 1305 1296
f 494 493 1142
f 494 1142 1306
f 1306 1142 1141
f 1306 1141 1307
f 1307 1141 1140
f 1307 1140 1308
f 1308 1140 1139
f 1308 1139 1309
f 1309 1139 1083
f 1309 1083 1310
f 1310 1083 482
f 1310 482 481
f 1311 1306 1312
f 1312 1306 1307
f 1312 1307 1313
f 1313 1307 1308
f 1313 1308 1314
f 1314 1308 1309
f 1314 1309 1315
f 1315 1309 1310
f 1315 1310 474
f 474 1310 481
f 474 481 475
f 475 481 484
f 475 484 476
f 476 484 486
f 476 486 477
f 477 486 488
f 477 488 478
f 478 488 490
f 478 490 479
f 479 490 492
f 479 492 480
f 480 492 494
f 480 494 1311
f 1311 494 1306
f 81 480 1311
f 81 1311 1316
f 1316 1311 1312
f 1316 1312 1317
f 1317 1312 1313
f 1317 1313 1318
f 1318 1313 1314
f 1318 1314 1319
f 1319 1314 1315
f 1319 1315 1320
f 1320 1315 474
f 1320 474 70
f 275 1321 277
f 277 1321 1322
f 277 1322 279
f 279 1322 1323
f 279 1323 281
f 281 1323 1324
f 281 1324 283
f 283 1324 69
f 283 69 1325
f 1325 69 72
f 1325 72 1326
f 1326 72 74
f 1326 74 1327
f 1327 74 76
f 1327 76 1328
f 1328 76 78
f 1328 78 1329
f 1329 78 80
f 1329 80 271
f 271 80 82
f 271 82 273
f 273 82 1330
f 273 1330 275
f 275 1330 1321
f 473 472 1132
f 473 1132 1331
f 1331 1132 1130
f 1331 1130 1332
f 1332 1130 1129
f 1332 1129 1333
f 1333 1129 1128
f 1333 1128 1334
f 1334 1128 1126
f 1334 1126 1335
f 1335 1126 461
f 1335 461 460
f 456 467 457
f 457 467 469
f 457 469 458
f 458 469 471
f 458 471 459
f 459 471 473
f 459 473 1336
f 1336 473 1331
f 1336 1331 1337
f 1337 1331 1332
f 1337 1332 1338
f 1338 1332 1333
f 1338 1333 1339
f 1339 1333 1334
f 1339 1334 1340
f 1340 1334 1335
f 1340 1335 453
f 453 1335 460
f 453 460 454
f 454 460 463
f 454 463 455
f 455 463 465
f 455 465 456
f 456 465 467
f 95 459 1336
f 95 1336 1341
f 1341 1336 1337
f 1341 1337 1342
f 1342 1337 1338
f 1342 1338 1343
f 1343 1338 1339
f 1343 1339 1344
f 1344 1339 1340
f 1344 1340 1345
f 1345 1340 453
f 1345 453 84
f 262 1346 264
f 264 1346 1347
f 264 1347 266
f 266 1347 1348
f 266 1348 268
f 268 1348 83
f 268 83 1349
f 1349 83 86
f 1349 86 1350
f 1350 86 88
f 1350 88 1351
f 1351 88 90
f 1351 90 1352
f 1352 90 92
f 1352 92 1353
f 1353 92 94
f 1353 94 256
f 256 94 96
f 256 96 258
f 258 96 1354
f 258 1354 260
f 260 1354 1355
f 260 1355 262
f 262 1355 1346
f 452 1014 1356
f 426 1148 427
f 427 1148 1152
f 427 1152 1045
f 1045 1152 1156
f 1045 1156 1039
f 1039 1156 1157
f 1039 1157 1040
f 1040 1157 1077
f 1040 1077 1047
f 1047 1077 1079
f 1047 1079 1043
f 1043 1079 1161
f 1043 1161 945
f 945 1161 1168
f 945 1168 1167
f 944 945 1357
f 1357 945 1167
f 1357 1167 1358
f 1358 1167 1166
f 1358 1166 1359
f 1359 1166 1164
f 1359 1164 1360
f 1360 1164 1163
f 1360 1163 1356
f 1356 1163 1169
f 1356 1169 452
f 452 1169 451
f 424 425 1149
f 1149 425 1361
f 1149 1361 1150
f 1150 1361 1362
f 1150 1362 1173
f 1173 1362 1363
f 1173 1363 1174
f 1174 1363 1364
f 1174 1364 1176
f 1176 1364 1365
f 1176 1365 412
f 412 1365 413
f 1362 1366 1363
f 1363 1366 1367
f 1363 1367 1364
f 1364 1367 1368
f 1364 1368 1365
f 1365 1368 1369
f 1365 1369 413
f 413 1369 398
f 413 398 415
f 415 398 400
f 415 400 417
f 417 400 402
f 417 402 419
f 419 402 404
f 419 404 421
f 421 404 406
f 421 406 423
f 423 406 408
f 423 408 425
f 425 408 410
f 425 410 1361
f 1361 410 1370
f 1361 1370 1362
f 1362 1370 1366
f 410 411 1370
f 1370 411 1044
f 1370 1044 1366
f 1366 1044 1046
f 1366 1046 1367
f 1367 1046 1050
f 1367 1050 1368
f 1368 1050 1049
f 1368 1049 1369
f 1369 1049 1048
f 1369 1048 398
f 398 1048 399
f 396 397 1091
f 1091 397 1371
f 1091 1371 1094
f 1094 1371 1372
f 1094 1372 1095
f 1095 1372 1373
f 1095 1373 1096
f 1096 1373 1374
f 1096 1374 1093
f 1093 1374 1375
f 1093 1375 384
f 384 1375 385
f 1372 1376 1373
f 1373 1376 1377
f 1373 1377 1374
f 1374 1377 1378
f 1374 1378 1375
f 1375 1378 1379
f 1375 1379 385
f 385 1379 369
f 385 369 387
f 387 369 371
f 387 371 389
f 389 371 373
f 389 373 391
f 391 373 376
f 391 376 393
f 393 376 378
f 393 378 395
f 395 378 380
f 395 380 397
f 397 380 382
f 397 382 1371
f 1371 382 1380
f 1371 1380 1372
f 1372 1380 1376
f 382 383 1380
f 1380 383 1053
f 1380 1053 1376
f 1376 1053 1062
f 1376 1062 1377
f 1377 1062 1060
f 1377 1060 1378
f 1378 1060 1055
f 1378 1055 1379
f 1379 1055 1054
f 1379 1054 369
f 369 1054 370
f 367 368 1100
f 1100 368 1381
f 1100 1381 1102
f 1102 1381 1382
f 1102 1382 1097
f 1097 1382 1383
f 1097 1383 1098
f 1098 1383 1384
f 1098 1384 1099
f 1099 1384 1385
f 1099 1385 355
f 355 1385 356
f 1381 1386 1382
f 1382 1386 1387
f 1382 1387 1383
f 1383 1387 1388
f 1383 1388 1384
f 1384 1388 1389
f 1384 1389 1385
f 1385 1389 1390
f 1385 1390 356
f 356 1390 341
f 356 341 358
f 358 341 343
f 358 343 360
f 360 343 345
f 360 345 362
f 362 345 347
f 362 347 364
f 364 347 349
f 364 349 366
f 366 349 351
f 366 351 368
f 368 351 353
f 368 353 1381
f 1381 353 1386
f 353 354 1386
f 1386 354 1059
f 1386 1059 1387
f 1387 1059 1057
f 1387 1057 1388
f 1388 1057 1056
f 1388 1056 1389
f 1389 1056 1064
f 1389 1064 1390
f 1390 1064 1065
f 1390 1065 341
f 341 1065 342
f 339 340 1118
f 1118 340 1391
f 1118 1391 1121
f 1121 1391 1392
f 1121 1392 1119
f 1119 1392 1393
f 1119 1393 1122
f 1122 1393 1394
f 1122 1394 1116
f 1116 1394 1395
f 1116 1395 327
f 327 1395 328
f 1396 1397 1393
f 1393 1397 1398
f 1393 1398 1394
f 1394 1398 1399
f 1394 1399 1395
f 1395 1399 1400
f 1395 1400 328
f 328 1400 313
f 328 313 330
f 330 313 315
f 330 315 332
f 332 315 317
f 332 317 334
f 334 317 319
f 334 319 336
f 336 319 321
f 336 321 338
f 338 321 323
f 338 323 340
f 340 323 325
f 340 325 1391
f 1391 325 1401
f 1391 1401 1392
f 1392 1401 1396
f 1392 1396 1393
f 1402 1403 1397
f 1404 801 803
f 1397 1403 1398
f 1402 1397 1405
f 1405 1397 1396
f 1405 1396 1406
f 1406 1396 1407
f 1407 1396 1401
f 1407 1401 842
f 325 326 1401
f 1401 326 843
f 1401 843 842
f 1403 1404 1398
f 1398 1404 803
f 1398 803 1399
f 1399 803 804
f 1399 804 1400
f 1400 804 835
f 1400 835 313
f 313 835 314
f 311 312 1113
f 1113 312 1408
f 1113 1408 1111
f 1111 1408 1409
f 1111 1409 1109
f 1109 1409 1410
f 1109 1410 1110
f 1110 1410 1411
f 1110 1411 1112
f 1112 1411 1412
f 1112 1412 299
f 299 1412 300
f 1411 1413 1412
f 1412 1413 1414
f 1412 1414 300
f 300 1414 285
f 300 285 302
f 302 285 287
f 302 287 304
f 304 287 289
f 304 289 306
f 306 289 291
f 306 291 308
f 308 291 293
f 308 293 310
f 310 293 295
f 310 295 312
f 312 295 297
f 312 297 1408
f 1408 297 1415
f 1408 1415 1409
f 1409 1415 1416
f 1409 1416 1410
f 1410 1416 1417
f 1410 1417 1411
f 1411 1417 1413
f 297 298 1415
f 1415 298 807
f 1415 807 1416
f 1416 807 827
f 1416 827 1417
f 1417 827 823
f 1417 823 1413
f 1413 823 822
f 1413 822 1414
f 1414 822 821
f 1414 821 285
f 285 821 286
f 284 1418 1419
f 1420 1418 284
f 282 1420 284
f 284 1421 270
f 1422 1421 284
f 1419 1422 284
f 282 283 1420
f 1420 283 1325
f 1420 1325 1418
f 1418 1325 1326
f 1418 1326 1419
f 1419 1326 1327
f 1419 1327 1422
f 1422 1327 1328
f 1422 1328 1421
f 1421 1328 1329
f 1421 1329 270
f 270 1329 271
f 269 1423 1424
f 1425 1423 269
f 267 1425 269
f 269 1426 255
f 1427 1426 269
f 1424 1427 269
f 267 268 1425
f 1425 268 1349
f 1425 1349 1423
f 1423 1349 1350
f 1423 1350 1424
f 1424 1350 1351
f 1424 1351 1427
f 1427 1351 1352
f 1427 1352 1426
f 1426 1352 1353
f 1426 1353 255
f 255 1353 256
f 254 1428 1429
f 1430 1428 254
f 252 1430 254
f 254 1431 240
f 1432 1431 254
f 1429 1432 254
f 252 253 1430
f 1430 253 1299
f 1430 1299 1428
f 1428 1299 1300
f 1428 1300 1429
f 1429 1300 1301
f 1429 1301 1432
f 1432 1301 1302
f 1432 1302 1431
f 1431 1302 1303
f 1431 1303 240
f 240 1303 241
f 239 1433 1434
f 1435 1433 239
f 237 1435 239
f 239 1436 225
f 1437 1436 239
f 1434 1437 239
f 237 238 1435
f 1435 238 1275
f 1435 1275 1433
f 1433 1275 1276
f 1433 1276 1434
f 1434 1276 1277
f 1434 1277 1437
f 1437 1277 1278
f 1437 1278 1436
f 1436 1278 1279
f 1436 1279 225
f 225 1279 226
f 224 1438 1439
f 1440 1438 224
f 222 1440 224
f 224 1441 210
f 1442 1441 224
f 1439 1442 224
f 222 223 1440
f 1440 223 1219
f 1440 1219 1438
f 1438 1219 1218
f 1438 1218 1439
f 1439 1218 1217
f 1439 1217 1442
f 1442 1217 1216
f 1442 1216 1441
f 1441 1216 1220
f 1441 1220 210
f 210 1220 211
f 209 1443 1444
f 1445 1443 209
f 207 1445 209
f 209 1446 195
f 1447 1446 209
f 1444 1447 209
f 207 208 1445
f 1445 208 1223
f 1445 1223 1443
f 1443 1223 1206
f 1443 1206 1444
f 1444 1206 1205
f 1444 1205 1447
f 1447 1205 1204
f 1447 1204 1446
f 1446 1204 1225
f 1446 1225 195
f 195 1225 196
f 193 194 1213
f 1213 194 1448
f 1213 1448 1214
f 1214 1448 1449
f 1214 1449 1215
f 1215 1449 1450
f 1215 1450 1211
f 1211 1450 1451
f 1211 1451 1212
f 1212 1451 1452
f 1212 1452 181
f 181 1452 182
f 1451 1453 1452
f 1452 1453 1454
f 1452 1454 182
f 182 1454 167
f 182 167 184
f 184 167 169
f 184 169 186
f 186 169 171
f 186 171 188
f 188 171 173
f 188 173 190
f 190 173 175
f 190 175 192
f 192 175 177
f 192 177 194
f 194 177 179
f 194 179 1448
f 1448 179 1455
f 1448 1455 1449
f 1449 1455 1456
f 1449 1456 1450
f 1450 1456 1457
f 1450 1457 1451
f 1451 1457 1453
f 179 180 1455
f 1455 180 830
f 1455 830 1456
f 1456 830 831
f 1456 831 1457
f 1457 831 824
f 1457 824 1453
f 1453 824 825
f 1453 825 1454
f 1454 825 826
f 1454 826 167
f 167 826 168
f 165 166 1235
f 1235 166 1458
f 1235 1458 1236
f 1236 1458 1459
f 1236 1459 1237
f 1237 1459 1460
f 1237 1460 1238
f 1238 1460 1461
f 1238 1461 1195
f 1195 1461 1462
f 1195 1462 153
f 153 1462 154
f 154 685 156
f 156 685 687
f 156 687 158
f 158 687 689
f 158 689 160
f 160 689 682
f 160 682 162
f 162 682 679
f 162 679 164
f 164 679 678
f 164 678 166
f 166 678 676
f 166 676 1458
f 1458 676 868
f 1458 868 1459
f 1459 868 870
f 1459 870 1460
f 1460 870 874
f 1460 874 1461
f 1461 874 875
f 1461 875 1462
f 1462 875 876
f 1462 876 154
f 154 876 685
f 151 152 1248
f 1248 152 1463
f 1248 1463 1249
f 1249 1463 1464
f 1249 1464 1250
f 1250 1464 1465
f 1250 1465 1247
f 1247 1465 1466
f 1247 1466 1191
f 1191 1466 1467
f 1191 1467 139
f 139 1467 140
f 142 670 144
f 144 670 672
f 144 672 146
f 146 672 665
f 146 665 148
f 148 665 662
f 148 662 150
f 150 662 661
f 150 661 152
f 152 661 659
f 152 659 1463
f 1463 659 877
f 1463 877 1464
f 1464 877 879
f 1464 879 1465
f 1465 879 883
f 1465 883 1466
f 1466 883 884
f 1466 884 1467
f 1467 884 885
f 1467 885 140
f 140 885 668
f 140 668 142
f 142 668 670
f 137 138 1239
f 1239 138 1468
f 1239 1468 1240
f 1240 1468 1469
f 1240 1469 1241
f 1241 1469 1470
f 1241 1470 1242
f 1242 1470 1471
f 1242 1471 1193
f 1193 1471 1472
f 1193 1472 125
f 125 1472 126
f 126 656 128
f 128 656 653
f 128 653 130
f 130 653 650
f 130 650 132
f 132 650 647
f 132 647 134
f 134 647 644
f 134 644 136
f 136 644 641
f 136 641 138
f 138 641 639
f 138 639 1468
f 1468 639 898
f 1468 898 1469
f 1469 898 895
f 1469 895 1470
f 1470 895 893
f 1470 893 1471
f 1471 893 890
f 1471 890 1472
f 1472 890 887
f 1472 887 126
f 126 887 656
f 123 124 1252
f 1252 124 1473
f 1252 1473 1253
f 1253 1473 1474
f 1253 1474 1254
f 1254 1474 1475
f 1254 1475 1255
f 1255 1475 1476
f 1255 1476 1189
f 1189 1476 1477
f 1189 1477 111
f 111 1477 112
f 1473 914 1474
f 1474 914 911
f 1474 911 1475
f 1475 911 909
f 1475 909 1476
f 1476 909 906
f 1476 906 1477
f 1477 906 903
f 1477 903 112
f 112 903 636
f 112 636 114
f 114 636 633
f 114 633 116
f 116 633 630
f 116 630 118
f 118 630 627
f 118 627 120
f 120 627 624
f 120 624 122
f 122 624 621
f 122 621 124
f 124 621 619
f 124 619 1473
f 1473 619 914
f 109 110 1226
f 1226 110 1478
f 1226 1478 1227
f 1227 1478 1479
f 1227 1479 1228
f 1228 1479 1480
f 1228 1480 1232
f 1232 1480 1481
f 1232 1481 1233
f 1233 1481 1482
f 1233 1482 97
f 97 1482 98
f 1481 922 1482
f 1482 922 919
f 1482 919 98
f 98 919 616
f 98 616 100
f 100 616 613
f 100 613 102
f 102 613 610
f 102 610 104
f 104 610 607
f 104 607 106
f 106 607 604
f 106 604 108
f 108 604 601
f 108 601 110
f 110 601 599
f 110 599 1478
f 1478 599 930
f 1478 930 1479
f 1479 930 927
f 1479 927 1480
f 1480 927 925
f 1480 925 1481
f 1481 925 922
f 1013 1012 1483
f 1013 1483 1058
f 1058 1483 1484
f 1058 1484 1066
f 1066 1484 1015
f 1066 1015 1016
f 1071 1026 1025
f 1071 1025 1081
f 1081 1025 1019
f 1081 1019 1135
f 1135 1019 1028
f 1135 1028 1134
f 1134 1028 989
f 1134 989 988
f 793 794 940
f 940 794 1063
f 940 1063 941
f 941 1063 1061
f 941 1061 551
f 551 1061 552
f 939 1008 938
f 938 1008 1485
f 938 1485 937
f 937 1485 1486
f 937 1486 757
f 757 1486 758
f 1087 1089 1042
f 1042 1089 1036
f 1036 1089 583
f 1036 583 582
f 1042 1041 1087
f 1087 1041 1017
f 1087 1017 1085
f 1085 1017 1032
f 1085 1032 1067
f 1067 1032 1030
f 949 960 1487
f 949 1487 1052
f 1052 1487 1488
f 1052 1488 1051
f 1051 1488 965
f 1051 965 964
f 943 942 1489
f 943 1489 1037
f 1037 1489 1490
f 1037 1490 1038
f 1038 1490 947
f 1038 947 946
f 96 95 1341
f 96 1341 1354
f 1354 1341 1342
f 1354 1342 1355
f 1355 1342 1343
f 1355 1343 1346
f 1346 1343 1344
f 1346 1344 1347
f 1347 1344 1345
f 1347 1345 1348
f 1348 1345 84
f 1348 84 83
f 82 81 1316
f 82 1316 1330
f 1330 1316 1317
f 1330 1317 1321
f 1321 1317 1318
f 1321 1318 1322
f 1322 1318 1319
f 1322 1319 1323
f 1323 1319 1320
f 1323 1320 1324
f 1324 1320 70
f 1324 70 69
f 68 67 1266
f 68 1266 1280
f 1280 1266 1267
f 1280 1267 1271
f 1271 1267 1268
f 1271 1268 1272
f 1272 1268 1269
f 1272 1269 1273
f 1273 1269 1270
f 1273 1270 1274
f 1274 1270 56
f 1274 56 55
f 54 53 1291
f 54 1291 1304
f 1304 1291 1292
f 1304 1292 1305
f 1305 1292 1293
f 1305 1293 1296
f 1296 1293 1294
f 1296 1294 1297
f 1297 1294 1295
f 1297 1295 1298
f 1298 1295 42
f 1298 42 41
f 40 1491 1492
f 1493 1491 40
f 38 1493 40
f 40 1494 26
f 1495 1494 40
f 1492 1495 40
f 38 39 1493
f 1493 39 1154
f 1493 1154 1491
f 1491 1154 1153
f 1491 1153 1492
f 1492 1153 1160
f 1492 1160 1495
f 1495 1160 1159
f 1495 1159 1494
f 1494 1159 1158
f 1494 1158 26
f 26 1158 27
f 25 1496 1497
f 1498 1496 25
f 23 1498 25
f 25 1499 11
f 1500 1499 25
f 1497 1500 25
f 23 24 1498
f 1498 24 1177
f 1498 1177 1496
f 1496 1177 1106
f 1496 1106 1497
f 1497 1106 1104
f 1497 1104 1500
f 1500 1104 1103
f 1500 1103 1499
f 1499 1103 1107
f 1499 1107 11
f 11 1107 12
f 782 789 915
f 865 692 789
f 789 692 694
f 683 717 715
f 598 600 723
f 723 600 602
f 635 637 658
f 598 723 931
f 931 723 725
f 931 725 932
f 715 714 683
f 683 714 614
f 683 614 615
f 603 605 863
f 658 660 635
f 635 660 664
f 635 664 663
f 663 667 635
f 635 667 666
f 635 666 634
f 882 878 719
f 602 603 723
f 723 603 863
f 723 863 787
f 787 863 865
f 787 865 788
f 788 865 789
f 605 606 863
f 863 606 608
f 863 608 859
f 859 608 609
f 859 609 860
f 860 609 611
f 860 611 714
f 714 611 612
f 714 612 614
f 913 912 700
f 700 912 917
f 700 917 702
f 702 917 916
f 702 916 703
f 703 916 915
f 703 915 697
f 697 915 789
f 697 789 698
f 698 789 694
f 637 902 658
f 658 902 904
f 658 904 905
f 858 907 857
f 857 907 908
f 857 908 700
f 700 908 910
f 700 910 913
f 717 683 719
f 719 683 829
f 719 829 882
f 680 655 681
f 681 655 677
f 680 684 655
f 655 684 683
f 655 683 654
f 812 814 756
f 756 814 873
f 756 873 742
f 742 873 869
f 742 869 740
f 740 869 871
f 740 871 739
f 739 871 872
f 739 872 737
f 782 915 783
f 783 915 618
f 783 618 784
f 784 618 620
f 784 620 785
f 785 620 622
f 785 622 775
f 878 880 719
f 719 880 881
f 719 881 858
f 858 881 658
f 858 658 907
f 907 658 905
f 677 655 675
f 675 655 657
f 675 657 872
f 872 657 886
f 872 886 888
f 894 897 737
f 737 897 736
f 622 623 775
f 775 623 625
f 775 625 779
f 779 625 626
f 779 626 778
f 666 798 634
f 634 798 790
f 634 790 632
f 632 790 776
f 632 776 631
f 631 776 777
f 631 777 629
f 629 777 778
f 629 778 628
f 628 778 626
f 897 896 736
f 736 896 901
f 736 901 734
f 734 901 900
f 734 900 733
f 733 900 899
f 733 899 731
f 731 899 638
f 731 638 730
f 730 638 640
f 730 640 728
f 888 889 872
f 872 889 891
f 872 891 737
f 737 891 892
f 737 892 894
f 649 651 683
f 683 651 652
f 683 652 654
f 643 645 921
f 921 645 646
f 921 646 920
f 615 617 683
f 683 617 918
f 683 918 649
f 649 918 920
f 649 920 648
f 648 920 646
f 932 725 933
f 933 725 727
f 933 727 928
f 928 727 728
f 928 728 929
f 929 728 640
f 929 640 642
f 921 923 643
f 643 923 924
f 643 924 642
f 642 924 926
f 642 926 929
f 758 810 756
f 756 810 812
f 1008 844 1485
f 1485 844 845
f 1485 845 1486
f 1486 845 846
f 1486 846 758
f 758 846 810
f 1407 1009 1406
f 1406 1009 1010
f 1406 1010 1405
f 1407 842 1009
f 1009 842 844
f 1009 844 1008
f 802 801 1006
f 1006 801 1011
f 801 1404 1011
f 1011 1404 1403
f 1011 1403 1010
f 1010 1403 1402
f 1010 1402 1405
f 1003 993 841
f 841 993 836
f 802 1006 841
f 841 1006 1005
f 841 1005 1003
f 990 838 993
f 993 838 836
f 838 990 978
f 838 978 853
f 853 978 968
f 853 968 854
f 2 1 975
f 975 1 856
f 975 856 976
f 976 856 855
f 976 855 977
f 977 855 854
f 977 854 968
f 965 852 9
f 9 852 10
f 852 965 1488
f 852 1488 851
f 851 1488 1487
f 851 1487 850
f 850 1487 960
f 850 960 840
f 840 960 961
f 840 961 839
f 961 962 839
f 839 962 963
f 839 963 837
f 963 958 837
f 837 958 957
f 837 957 816
f 816 957 955
f 816 955 815
f 955 954 815
f 815 954 952
f 815 952 832
f 832 952 948
f 832 948 947
f 832 947 1490
f 832 1490 833
f 833 1490 1489
f 833 1489 834
f 834 1489 942
f 834 942 849
f 944 848 942
f 942 848 849
f 1014 808 1356
f 1356 808 809
f 1356 809 1360
f 1360 809 817
f 1360 817 1359
f 1359 817 818
f 1359 818 1358
f 1358 818 819
f 1358 819 1357
f 1357 819 820
f 1357 820 944
f 944 820 848
f 1015 805 1014
f 1014 805 808
f 805 1015 1484
f 805 1484 795
f 795 1484 1483
f 795 1483 796
f 796 1483 1012
f 796 1012 797
f 791 806 1012
f 1012 806 797
f 790 798 791
f 791 798 806
f 1501 1502 1503
f 1504 1505 1506
f 1507 1508 1509
f 1510 1511 1512
f 1512 1511 1504
f 1512 1504 1513
f 1513 1504 1506
f 1514 1515 1516
f 1517 1518 1519
f 1519 1518 1520
f 1521 1522 1509
f 1509 1522 1519
f 1509 1519 1507
f 1507 1519 1520
f 1507 1520 1523
f 1519 1524 1517
f 1517 1524 1525
f 1517 1525 1526
f 1526 1525 1527
f 1526 1527 1528
f 1528 1527 1529
f 1528 1529 1530
f 1530 1529 1531
f 1531 1529 1512
f 1531 1512 1532
f 1532 1512 1513
f 1532 1513 1533
f 1513 1534 1533
f 1533 1534 1535
f 1533 1535 1536
f 1536 1535 1537
f 1536 1537 1538
f 1538 1537 1523
f 1538 1523 1539
f 1539 1523 1520
f 1540 1541 1521
f 1521 1541 1542
f 1521 1542 1522
f 1522 1542 1543
f 1522 1543 1544
f 1544 1543 1545
f 1544 1545 1546
f 1547 1511 1548
f 1548 1511 1510
f 1548 1510 1549
f 1549 1510 1550
f 1549 1550 1551
f 1551 1550 1552
f 1551 1552 1553
f 1553 1552 1554
f 1553 1554 1555
f 1555 1554 1556
f 1555 1556 1557
f 1557 1556 1558
f 1557 1558 1559
f 1503 1559 1501
f 1501 1559 1558
f 1501 1558 1516
f 1516 1558 1560
f 1516 1560 1514
f 1514 1560 1561
f 1514 1561 1562
f 1562 1561 1563
f 1562 1563 1564
f 1564 1563 1565
f 1564 1565 1566
f 1566 1565 1567
f 1566 1567 1568
f 1569 1570 1571
f 1571 1570 1572
f 1569 1571 1573
f 1573 1571 1574
f 1573 1574 1575
f 1576 1577 1574
f 1574 1577 1578
f 1574 1578 1575
f 1579 1580 1581
f 1581 1580 1582
f 1581 1582 1583
f 1583 1582 1584
f 1583 1584 1585
f 1585 1584 1586
f 1585 1586 1587
f 1587 1586 1588
f 1580 1579 1589
f 1589 1579 1590
f 1589 1590 1591
f 1591 1590 1592
f 1593 1594 1595
f 1593 1595 1596
f 1596 1595 1597
f 1596 1597 1598
f 1599 1600 1601
f 1601 1600 1598
f 1601 1598 1602
f 1602 1598 1597
f 1593 1577 1594
f 1594 1577 1576
f 1603 1604 1605
f 1605 1604 1606
f 1605 1606 1607
f 1608 1609 1610
f 1610 1609 1611
f 1610 1611 1603
f 1603 1611 1612
f 1603 1612 1604
f 1613 1614 1615
f 1615 1614 1616
f 1615 1616 1617
f 1617 1616 1618
f 1617 1618 1619
f 1619 1618 1620
f 1613 1621 1614
f 1614 1621 1622
f 1623 1624 1625
f 1625 1624 1626
f 1625 1626 1627
f 1627 1626 1628
f 1627 1628 1621
f 1621 1628 1622
f 1629 1630 1631
f 1631 1630 1632
f 1631 1632 1633
f 1633 1632 1634
f 1633 1634 1635
f 1635 1634 1636
f 1635 1636 1637
f 1637 1636 1638
f 1637 1638 1639
f 1640 1641 1642
f 1642 1641 1643
f 1642 1643 1638
f 1638 1643 1639
f 1641 1640 1644
f 1645 1646 1647
f 1647 1646 1648
f 1647 1648 1649
f 1649 1648 1650
f 1649 1650 1651
f 1651 1650 1652
f 1651 1652 1644
f 1644 1652 1653
f 1644 1653 1641
f 1654 1655 1656
f 1654 1656 1657
f 1657 1656 1658
f 1657 1658 1659
f 1659 1658 1660
f 1659 1660 1661
f 1661 1660 1662
f 1661 1662 1663
f 1655 1654 1664
f 1664 1654 1665
f 1664 1665 1666
f 1666 1665 1667
f 1668 1669 1670
f 1670 1669 1671
f 1670 1671 1672
f 1672 1671 1673
f 1672 1673 1674
f 1674 1673 1675
f 1674 1675 1667
f 1667 1675 1666
f 1676 1677 1678
f 1676 1678 1679
f 1679 1678 1680
f 1679 1680 1681
f 1676 1682 1677
f 1677 1682 1683
f 1684 1685 1686
f 1686 1685 1687
f 1685 1688 1687
f 1687 1688 1689
f 1687 1689 1690
f 1683 1682 1691
f 1691 1682 1690
f 1691 1690 1692
f 1692 1690 1689
f 1693 1694 1695
f 1693 1695 1696
f 1696 1695 1697
f 1696 1697 1698
f 1699 1700 1701
f 1699 1701 1697
f 1697 1701 1702
f 1697 1702 1698
f 1700 1699 1703
f 1703 1699 1704
f 1703 1704 1705
f 1705 1704 1706
f 1705 1706 1707
f 1707 1706 1708
f 1708 1706 1709
f 1708 1709 1710
f 1710 1709 1711
f 1710 1711 1712
f 1712 1711 1713
f 1712 1713 1714
f 1715 1716 1717
f 1717 1716 1718
f 1717 1719 1715
f 1715 1719 1720
f 1715 1720 1713
f 1713 1720 1721
f 1713 1721 1714
f 1718 1716 1722
f 1722 1716 1723
f 1722 1723 1724
f 1724 1723 1725
f 1724 1725 1726
f 1726 1725 1727
f 1726 1727 1728
f 1728 1727 1729
f 1728 1729 1730
f 1717 1731 1719
f 1732 1733 1734
f 1735 1736 1737
f 1738 1739 1740
f 1741 1742 1743
f 1744 1745 1746
f 1747 1748 1749
f 1749 1748 1750
f 1749 1751 1747
f 1747 1751 1752
f 1747 1752 1753
f 1753 1752 1754
f 1753 1754 1755
f 1756 1757 1758
f 1758 1757 1759
f 1758 1759 1760
f 1760 1759 1761
f 1761 1759 1762
f 1761 1762 1763
f 1763 1762 1764
f 1763 1764 1765
f 1765 1764 1766
f 1765 1766 1767
f 1767 1766 1768
f 1767 1768 1769
f 1770 1745 1771
f 1771 1745 1744
f 1771 1744 1772
f 1772 1744 1769
f 1772 1769 1773
f 1774 1775 1776
f 1777 1778 1776
f 1776 1778 1779
f 1776 1779 1780
f 1776 1781 1777
f 1777 1781 1740
f 1777 1740 1754
f 1754 1740 1739
f 1754 1739 1755
f 1782 1710 1783
f 1783 1710 1712
f 1783 1712 1784
f 1784 1712 1714
f 1784 1714 1785
f 1785 1714 1721
f 1785 1721 1786
f 1787 1788 1789
f 1789 1788 1790
f 1790 1791 1789
f 1789 1791 1792
f 1789 1792 1793
f 1794 1795 1796
f 1796 1795 1797
f 1794 1798 1795
f 1795 1798 1799
f 1795 1799 1800
f 1800 1799 1801
f 1802 1803 1804
f 1804 1803 1805
f 1804 1805 1806
f 1804 1708 1802
f 1802 1708 1710
f 1802 1710 1807
f 1807 1710 1782
f 1808 1809 1732
f 1732 1809 1733
f 1733 1809 1810
f 1733 1810 1811
f 1812 1813 1814
f 1814 1813 1815
f 1816 1817 1815
f 1815 1817 1818
f 1815 1818 1819
f 1820 1821 1818
f 1818 1821 1822
f 1818 1822 1819
f 1823 1824 1825
f 1825 1824 1826
f 1825 1826 1827
f 1828 1829 1830
f 1831 1832 1833
f 1831 1833 1811
f 1834 1835 1738
f 1835 1834 1836
f 1836 1834 1728
f 1836 1728 1837
f 1756 1749 1757
f 1757 1749 1750
f 1757 1750 1730
f 1730 1750 1838
f 1730 1838 1728
f 1728 1838 1839
f 1728 1839 1837
f 1726 1728 1840
f 1841 1842 1834
f 1834 1842 1843
f 1834 1843 1728
f 1728 1843 1844
f 1728 1844 1840
f 1840 1845 1726
f 1726 1845 1846
f 1726 1846 1724
f 1724 1846 1847
f 1724 1847 1848
f 1848 1847 1849
f 1848 1849 1850
f 1850 1849 1851
f 1850 1851 1852
f 1853 1854 1855
f 1855 1854 1856
f 1856 1857 1858
f 1858 1857 1859
f 1858 1859 1860
f 1860 1859 1861
f 1862 1863 1864
f 1864 1863 1865
f 1864 1865 1866
f 1866 1865 1867
f 1866 1867 1868
f 1868 1867 1869
f 1868 1869 1870
f 1871 1872 1873
f 1873 1872 1874
f 1875 1860 1864
f 1864 1860 1861
f 1864 1861 1862
f 1820 1876 1821
f 1821 1876 1877
f 1821 1877 1742
f 1742 1877 1878
f 1742 1878 1743
f 1743 1878 1879
f 1743 1879 1864
f 1864 1879 1880
f 1864 1880 1875
f 1770 1881 1745
f 1745 1881 1882
f 1745 1882 1883
f 1883 1882 1884
f 1883 1884 1885
f 1885 1884 1886
f 1885 1886 1887
f 1887 1886 1888
f 1887 1888 1889
f 1889 1888 1890
f 1889 1890 1891
f 1833 1892 1811
f 1811 1892 1893
f 1811 1893 1733
f 1733 1893 1894
f 1733 1894 1734
f 1734 1894 1895
f 1894 1896 1895
f 1895 1896 1897
f 1895 1897 1898
f 1898 1897 1899
f 1898 1899 1900
f 1901 1902 1903
f 1903 1902 1904
f 1903 1904 1905
f 1905 1904 1906
f 1905 1906 1907
f 1908 1909 1910
f 1910 1911 1908
f 1908 1911 1912
f 1908 1912 1913
f 1906 1914 1907
f 1907 1914 1915
f 1907 1915 1916
f 1916 1915 1917
f 1916 1917 1909
f 1909 1917 1918
f 1909 1918 1910
f 1780 1919 1776
f 1776 1919 1920
f 1776 1920 1774
f 1774 1920 1909
f 1774 1909 1921
f 1921 1909 1922
f 1922 1909 1923
f 1923 1909 1908
f 1923 1908 1924
f 1924 1908 1925
f 1925 1908 1926
f 1925 1926 1927
f 1928 1929 1825
f 1825 1929 1930
f 1825 1930 1823
f 1823 1930 1927
f 1823 1927 1931
f 1931 1927 1926
f 1931 1926 1932
f 1932 1926 1830
f 1932 1830 1831
f 1831 1830 1829
f 1831 1829 1832
f 1805 1797 1806
f 1806 1797 1795
f 1806 1795 1933
f 1933 1795 1934
f 1933 1934 1935
f 1936 1937 1800
f 1800 1937 1938
f 1800 1938 1795
f 1795 1938 1939
f 1795 1939 1934
f 1913 1901 1940
f 1940 1901 1903
f 1940 1903 1941
f 1941 1903 1898
f 1941 1898 1942
f 1942 1898 1900
f 1942 1900 1943
f 1764 1944 1766
f 1766 1944 1889
f 1766 1889 1768
f 1768 1889 1891
f 1768 1891 1769
f 1769 1891 1945
f 1769 1945 1773
f 1731 1717 1850
f 1850 1717 1718
f 1850 1718 1848
f 1848 1718 1722
f 1848 1722 1724
f 1791 1786 1792
f 1792 1786 1721
f 1792 1721 1793
f 1793 1721 1720
f 1793 1720 1719
f 1701 1700 1855
f 1855 1700 1868
f 1855 1868 1853
f 1853 1868 1870
f 1700 1703 1868
f 1868 1703 1705
f 1868 1705 1946
f 1946 1705 1707
f 1946 1707 1947
f 1856 1858 1855
f 1855 1858 1702
f 1855 1702 1701
f 1698 1948 1696
f 1696 1948 1873
f 1696 1873 1816
f 1816 1873 1874
f 1816 1874 1817
f 1808 1732 1949
f 1949 1732 1950
f 1949 1950 1812
f 1812 1950 1951
f 1812 1951 1813
f 1813 1951 1952
f 1813 1952 1815
f 1815 1952 1953
f 1815 1953 1816
f 1816 1953 1693
f 1816 1693 1696
f 1698 1702 1948
f 1948 1702 1858
f 1948 1858 1873
f 1873 1858 1860
f 1873 1860 1871
f 1871 1860 1875
f 1954 1946 1955
f 1955 1946 1947
f 1955 1947 1956
f 1957 1958 1959
f 1954 1960 1946
f 1946 1960 1961
f 1946 1961 1868
f 1868 1961 1962
f 1868 1962 1963
f 1827 1741 1825
f 1825 1741 1743
f 1825 1743 1928
f 1928 1743 1864
f 1928 1864 1964
f 1964 1864 1866
f 1964 1866 1957
f 1957 1866 1868
f 1957 1868 1958
f 1958 1868 1963
f 1959 1965 1957
f 1957 1965 1966
f 1957 1966 1947
f 1947 1966 1967
f 1947 1967 1956
f 1707 1708 1947
f 1947 1708 1804
f 1947 1804 1957
f 1957 1804 1806
f 1957 1806 1964
f 1964 1806 1933
f 1964 1933 1928
f 1928 1933 1935
f 1928 1935 1929
f 1929 1935 1934
f 1913 1940 1908
f 1908 1940 1941
f 1908 1941 1926
f 1926 1941 1942
f 1926 1942 1830
f 1830 1942 1943
f 1830 1943 1828
f 1920 1746 1909
f 1909 1746 1745
f 1909 1745 1916
f 1916 1745 1883
f 1916 1883 1907
f 1907 1883 1885
f 1968 1737 1841
f 1841 1737 1736
f 1841 1736 1842
f 1969 1970 1968
f 1968 1970 1971
f 1968 1971 1737
f 1737 1971 1850
f 1737 1850 1735
f 1735 1850 1852
f 1972 1973 1793
f 1793 1973 1974
f 1801 1787 1800
f 1800 1787 1789
f 1800 1789 1975
f 1975 1789 1793
f 1975 1793 1976
f 1976 1793 1974
f 1719 1731 1793
f 1793 1731 1977
f 1793 1977 1972
f 1976 1978 1975
f 1975 1978 1979
f 1975 1979 1980
f 1981 1982 1850
f 1850 1982 1983
f 1850 1983 1731
f 1731 1983 1984
f 1731 1984 1977
f 1969 1936 1970
f 1970 1936 1800
f 1970 1800 1971
f 1971 1800 1975
f 1971 1975 1850
f 1850 1975 1980
f 1850 1980 1981
f 1738 1740 1834
f 1834 1740 1781
f 1834 1781 1841
f 1841 1781 1776
f 1841 1776 1968
f 1968 1776 1775
f 1968 1775 1969
f 1985 1775 1986
f 1986 1775 1774
f 1986 1774 1987
f 1987 1774 1921
f 1987 1921 1988
f 1988 1921 1922
f 1988 1922 1989
f 1989 1922 1923
f 1989 1923 1990
f 1990 1923 1924
f 1990 1924 1991
f 1991 1924 1925
f 1991 1925 1992
f 1992 1925 1927
f 1992 1927 1993
f 1993 1927 1930
f 1994 1917 1995
f 1995 1917 1915
f 1995 1915 1996
f 1996 1915 1914
f 1996 1914 1997
f 1997 1914 1906
f 1997 1906 1998
f 1998 1906 1904
f 1998 1904 1999
f 1999 1904 1902
f 1999 1902 2000
f 2000 1902 1901
f 2001 1994 2002
f 2002 1994 1995
f 2002 1995 2003
f 2003 1995 1996
f 2003 1996 2004
f 2004 1996 1997
f 2004 1997 2005
f 2005 1997 1998
f 2005 1998 2006
f 2006 1998 1999
f 2006 1999 2007
f 2007 1999 2000
f 2008 1943 2009
f 2009 1943 1900
f 2009 1900 2010
f 2010 1900 1899
f 2010 1899 2011
f 2011 1899 1897
f 2011 1897 2012
f 2012 1897 1896
f 2012 1896 2013
f 2013 1896 1894
f 2013 1894 2014
f 2014 1894 1893
f 2015 2016 2017
f 2018 2019 2015
f 2017 2020 2021
f 2021 2020 2022
f 2017 2021 2015
f 2015 2021 2023
f 2015 2023 2018
f 2022 2024 2021
f 2021 2024 2025
f 2021 2025 2026
f 2018 2008 2019
f 2019 2008 2009
f 2019 2009 2015
f 2015 2009 2010
f 2015 2010 2016
f 2016 2010 2011
f 2016 2011 2017
f 2017 2011 2012
f 2017 2012 2020
f 2020 2012 2013
f 2020 2013 2022
f 2022 2013 2014
f 2027 1945 2028
f 2028 1945 1891
f 2028 1891 2029
f 2029 1891 1890
f 2029 1890 2030
f 2030 1890 1888
f 2030 1888 2031
f 2031 1888 1886
f 2031 1886 2032
f 2032 1886 1884
f 2032 1884 2033
f 2033 1884 1882
f 2034 2035 2036
f 2037 2038 2039
f 2040 2041 2037
f 2036 2042 2040
f 2039 2043 2044
f 2040 2037 2036
f 2036 2037 2039
f 2036 2039 2034
f 2034 2039 2044
f 2034 2044 2045
f 2044 2027 2045
f 2045 2027 2028
f 2045 2028 2034
f 2034 2028 2029
f 2034 2029 2035
f 2035 2029 2030
f 2035 2030 2036
f 2036 2030 2031
f 2036 2031 2042
f 2042 2031 2032
f 2042 2032 2040
f 2040 2032 2033
f 2046 1879 2047
f 2047 1879 1878
f 2047 1878 2048
f 2048 1878 1877
f 2048 1877 2049
f 2049 1877 1876
f 2049 1876 2050
f 2050 1876 1820
f 2050 1820 2051
f 2051 1820 1818
f 2051 1818 2052
f 2052 1818 1817
f 2053 2054 2055
f 2056 2053 2057
f 2057 2053 2055
f 2057 2055 2058
f 2058 2055 2059
f 2060 2061 2062
f 2062 2061 2063
f 2062 2063 2058
f 2058 2063 2064
f 2058 2064 2057
f 2057 2046 2056
f 2056 2046 2047
f 2056 2047 2053
f 2053 2047 2048
f 2053 2048 2054
f 2054 2048 2049
f 2054 2049 2055
f 2055 2049 2050
f 2055 2050 2059
f 2059 2050 2051
f 2059 2051 2058
f 2058 2051 2052
f 2065 1867 2066
f 2066 1867 1865
f 2066 1865 2067
f 2067 1865 1863
f 2067 1863 2068
f 2068 1863 1862
f 2068 1862 2069
f 2069 1862 1861
f 2069 1861 2070
f 2070 1861 1859
f 2070 1859 2071
f 2071 1859 1857
f 2072 2065 2073
f 2073 2065 2066
f 2073 2066 2074
f 2074 2066 2067
f 2074 2067 2075
f 2075 2067 2068
f 2075 2068 2076
f 2076 2068 2069
f 2076 2069 2077
f 2077 2069 2070
f 2077 2070 2078
f 2078 2070 2071
f 2079 1966 2080
f 2080 1966 1965
f 2080 1965 2081
f 2081 1965 1959
f 2081 1959 2082
f 2082 1959 1958
f 2082 1958 2083
f 2083 1958 1963
f 2083 1963 2084
f 2084 1963 1962
f 2084 1962 2085
f 2085 1962 1961
f 2086 2087 2088
f 2089 2090 2091
f 2091 2090 2092
f 2091 2092 2093
f 2094 2086 2095
f 2095 2086 2092
f 2095 2092 2096
f 2086 2088 2092
f 2092 2088 2097
f 2092 2097 2093
f 2092 2079 2096
f 2096 2079 2080
f 2096 2080 2095
f 2095 2080 2081
f 2095 2081 2094
f 2094 2081 2082
f 2094 2082 2086
f 2086 2082 2083
f 2086 2083 2087
f 2087 2083 2084
f 2087 2084 2088
f 2088 2084 2085
f 2098 1983 2099
f 2099 1983 1982
f 2099 1982 2100
f 2100 1982 1981
f 2100 1981 2101
f 2101 1981 1980
f 2101 1980 2102
f 2102 1980 1979
f 2102 1979 2103
f 2103 1979 1978
f 2103 1978 2104
f 2104 1978 1976
f 2105 2106 2107
f 2106 2108 2109
f 2110 2107 2111
f 2111 2107 2106
f 2111 2106 2112
f 2112 2106 2109
f 2113 2114 2115
f 2115 2114 2105
f 2115 2105 2116
f 2116 2105 2107
f 2113 2098 2114
f 2114 2098 2099
f 2114 2099 2105
f 2105 2099 2100
f 2105 2100 2106
f 2106 2100 2101
f 2106 2101 2108
f 2108 2101 2102
f 2108 2102 2109
f 2109 2102 2103
f 2109 2103 2112
f 2112 2103 2104
f 2117 1845 2118
f 2118 1845 1840
f 2118 1840 2119
f 2119 1840 1844
f 2119 1844 2120
f 2120 1844 1843
f 2120 1843 2121
f 2121 1843 1842
f 2121 1842 2122
f 2122 1842 1736
f 2122 1736 2123
f 2123 1736 1735
f 2124 2117 2125
f 2125 2117 2118
f 2125 2118 2126
f 2126 2118 2119
f 2126 2119 2127
f 2127 2119 2120
f 2127 2120 2128
f 2128 2120 2121
f 2128 2121 2129
f 2129 2121 2122
f 2129 2122 2130
f 2130 2122 2123
f 2131 1838 2132
f 2132 1838 1750
f 2132 1750 2133
f 2133 1750 1748
f 2133 1748 2134
f 2134 1748 1747
f 2134 1747 2135
f 2135 1747 1753
f 2135 1753 2136
f 2136 1753 1755
f 2136 1755 2137
f 2137 1755 1739
f 2138 2139 2140
f 2141 2142 2143
f 2143 2142 2144
f 2143 2144 2145
f 2145 2144 2146
f 2142 2147 2144
f 2144 2147 2138
f 2144 2138 2148
f 2148 2138 2140
f 2148 2140 2149
f 2146 2131 2145
f 2145 2131 2132
f 2145 2132 2143
f 2143 2132 2133
f 2143 2133 2141
f 2141 2133 2134
f 2141 2134 2142
f 2142 2134 2135
f 2142 2135 2147
f 2147 2135 2136
f 2147 2136 2138
f 2138 2136 2137
f 1587 1811 1585
f 1585 1811 1810
f 1585 1810 1583
f 1583 1810 1809
f 1583 1809 1581
f 1581 1809 1808
f 1581 1808 1579
f 1579 1808 1949
f 1570 1831 1587
f 1587 1831 1811
f 1607 1606 1599
f 1599 1606 1600
f 1577 1593 1824
f 1824 1593 1826
f 1577 1824 1578
f 1578 1824 1823
f 1578 1823 1575
f 1575 1823 1931
f 1575 1931 1573
f 1600 1742 1598
f 1598 1742 1741
f 1598 1741 1596
f 1596 1741 1827
f 1596 1827 1593
f 1593 1827 1826
f 1742 1600 1821
f 1821 1600 1606
f 1821 1606 1822
f 1822 1606 1604
f 1822 1604 1819
f 1819 1604 1612
f 1819 1612 1815
f 1592 1814 1609
f 1609 1814 1815
f 1609 1815 1611
f 1611 1815 1612
f 1579 1949 1590
f 1590 1949 1812
f 1590 1812 1592
f 1592 1812 1814
f 1572 1570 1588
f 1588 1570 1587
f 1782 1641 1807
f 1807 1641 1653
f 1807 1653 1802
f 1653 1652 1802
f 1802 1652 1650
f 1802 1650 1803
f 2150 1805 1646
f 1646 1805 1803
f 1646 1803 1648
f 1648 1803 1650
f 1623 1797 2150
f 2150 1797 1805
f 1621 1798 1627
f 1627 1798 1794
f 1627 1794 1625
f 1625 1794 1796
f 1625 1796 1623
f 1623 1796 1797
f 1621 1613 1798
f 1798 1613 1799
f 1619 1788 1617
f 1617 1788 1787
f 1617 1787 1615
f 1615 1787 1801
f 1615 1801 1613
f 1613 1801 1799
f 1788 1619 1790
f 1790 1619 1629
f 1630 1629 1620
f 1620 1629 1619
f 1624 1623 2151
f 2151 1623 2150
f 1639 1784 1637
f 1637 1784 1785
f 1637 1785 1635
f 1635 1785 1786
f 1635 1786 1633
f 1633 1786 1791
f 1633 1791 1631
f 1641 1782 1643
f 1643 1782 1783
f 1643 1783 1639
f 1639 1783 1784
f 1663 1752 1661
f 1661 1752 1751
f 1661 1751 1659
f 1659 1751 1749
f 1659 1749 1657
f 1657 1749 1756
f 1669 1668 2152
f 2152 1668 2153
f 1920 1919 1676
f 1676 1679 1920
f 1920 1679 1681
f 1920 1681 1746
f 2153 1744 2154
f 2154 1744 1746
f 2154 1746 2155
f 2155 1746 1681
f 1744 2153 1769
f 1769 2153 1668
f 1667 1761 1674
f 1674 1761 1763
f 1674 1763 1672
f 1672 1763 1765
f 1672 1765 1670
f 1670 1765 1767
f 1670 1767 1668
f 1668 1767 1769
f 1654 1758 1665
f 1665 1758 1760
f 1665 1760 1667
f 1667 1760 1761
f 1684 1686 1662
f 1662 1686 1663
f 1752 1663 1754
f 1754 1663 1686
f 1754 1686 1777
f 1682 1780 1690
f 1690 1780 1779
f 1690 1779 1687
f 1687 1779 1778
f 1687 1778 1686
f 1686 1778 1777
f 1682 1676 1780
f 1780 1676 1919
f 2156 2157 2158
f 2125 2126 2127
f 2129 2130 2159
f 2159 2130 2156
f 2159 2156 2160
f 2160 2156 2158
f 2159 2124 2129
f 2129 2124 2125
f 2129 2125 2128
f 2128 2125 2127
f 2073 2074 2075
f 2161 2162 2163
f 2164 2072 2077
f 2077 2072 2073
f 2077 2073 2076
f 2076 2073 2075
f 2077 2078 2164
f 2164 2078 2161
f 2164 2161 2165
f 2165 2161 2163
f 2166 2001 2002
f 2006 2007 2167
f 2004 2005 2006
f 2168 2169 2166
f 2004 2006 2003
f 2003 2006 2002
f 2002 2006 2167
f 2002 2167 2166
f 2166 2167 2170
f 2166 2170 2168
f 2171 2172 2173
f 2171 2173 2174
f 2173 2175 2174
f 2174 2175 2176
f 2174 2176 2177
f 2178 2176 2179
f 2179 2176 2175
f 2179 2175 2180
f 2180 2175 2173
f 2180 2173 2181
f 2182 2183 2184
f 2182 2184 2185
f 2184 2186 2185
f 2185 2186 2187
f 2185 2187 2188
f 2189 2187 2190
f 2190 2187 2186
f 2190 2186 2191
f 2191 2186 2184
f 2191 2184 2192
f 2193 2194 2195
f 2193 2195 2196
f 2195 2197 2196
f 2196 2197 2198
f 2196 2198 2199
f 2200 2198 2201
f 2201 2198 2197
f 2201 2197 2202
f 2202 2197 2195
f 2202 2195 2203
f 2204 2205 2206
f 2204 2206 2207
f 2206 2208 2207
f 2207 2208 2209
f 2207 2209 2210
f 2211 2209 2212
f 2212 2209 2208
f 2212 2208 2213
f 2213 2208 2206
f 2213 2206 2214
f 2215 2216 2217
f 2215 2217 2218
f 2217 2219 2218
f 2218 2219 2220
f 2218 2220 2221
f 2222 2220 2223
f 2223 2220 2219
f 2223 2219 2224
f 2224 2219 2217
f 2224 2217 2225
f 2226 2227 2228
f 2226 2228 2229
f 2230 2231 2232
f 2232 2231 2233
f 2234 2231 2235
f 2235 2231 2230
f 2235 2230 2236
f 2237 2236 2238
f 2238 2236 2230
f 2238 2230 2228
f 2228 2230 2232
f 2228 2232 2229
f 2229 2232 2233
f 2229 2233 2239
f 2240 2241 2242
f 2240 2242 2243
f 2242 2244 2243
f 2243 2244 2245
f 2243 2245 2246
f 2247 2245 2248
f 2248 2245 2244
f 2248 2244 2249
f 2249 2244 2242
f 2249 2242 2250
f 2251 2252 2253
f 2251 2253 2254
f 2253 2255 2254
f 2254 2255 2256
f 2254 2256 2257
f 2258 2256 2259
f 2259 2256 2255
f 2259 2255 2260
f 2260 2255 2253
f 2260 2253 2261
f 2262 2263 2264
f 2262 2264 2265
f 2264 2266 2265
f 2265 2266 2267
f 2265 2267 2268
f 2269 2267 2270
f 2270 2267 2266
f 2270 2266 2271
f 2271 2266 2264
f 2271 2264 2272
f 2273 2274 2275
f 2273 2275 2276
f 2275 2277 2276
f 2276 2277 2278
f 2276 2278 2279
f 2280 2278 2281
f 2281 2278 2277
f 2281 2277 2282
f 2282 2277 2275
f 2282 2275 2283
f 2284 2285 2286
f 2284 2286 2287
f 2286 2288 2287
f 2287 2288 2289
f 2287 2289 2290
f 2291 2289 2292
f 2292 2289 2288
f 2292 2288 2293
f 2293 2288 2286
f 2293 2286 2294
f 2295 2296 2297
f 2295 2297 2298
f 2297 2299 2298
f 2298 2299 2300
f 2298 2300 2301
f 2302 2300 2303
f 2303 2300 2299
f 2303 2299 2304
f 2304 2299 2297
f 2304 2297 2305
f 2306 2307 2308
f 2309 2310 2311
f 2312 2313 2314
f 2314 2313 2315
f 2315 2313 2316
f 2316 2313 2317
f 2316 2317 2318
f 2318 2317 2319
f 2319 2317 2308
f 2319 2308 2320
f 2320 2308 2307
f 2320 2307 2321
f 2322 2306 2323
f 2323 2306 2308
f 2323 2308 2324
f 2324 2308 2317
f 2324 2317 2325
f 2325 2317 2326
f 2326 2317 2313
f 2326 2313 2311
f 2311 2313 2312
f 2311 2312 2309
f 2189 2190 2327
f 2327 2190 2191
f 2327 2191 2328
f 2328 2191 2192
f 2328 2192 2329
f 2329 2192 2330
f 2329 2330 2331
f 2331 2330 2332
f 2331 2332 2333
f 2333 2332 2334
f 2335 2336 2337
f 2337 2336 2172
f 2337 2172 2338
f 2338 2172 2171
f 2338 2171 2339
f 2339 2171 2174
f 2339 2174 2340
f 2340 2174 2177
f 2341 2342 2343
f 2343 2342 2344
f 2343 2344 2345
f 2345 2344 2346
f 2345 2346 2347
f 2347 2346 2348
f 2347 2348 2349
f 2349 2348 2350
f 2349 2350 2351
f 2351 2350 2352
f 2351 2352 2353
f 2353 2352 2354
f 2353 2354 2355
f 2355 2354 2356
f 2355 2356 2357
f 2357 2356 2358
f 2357 2358 2359
f 2359 2358 2360
f 2359 2360 2361
f 2361 2360 2362
f 2361 2362 2363
f 2363 2362 2364
f 2363 2364 2341
f 2341 2364 2342
f 2189 2342 2365
f 2365 2342 2364
f 2365 2364 2177
f 2177 2364 2362
f 2177 2362 2340
f 2340 2362 2360
f 2340 2360 2339
f 2339 2360 2358
f 2339 2358 2338
f 2338 2358 2356
f 2338 2356 2337
f 2337 2356 2354
f 2337 2354 2335
f 2189 2327 2342
f 2342 2327 2328
f 2342 2328 2344
f 2344 2328 2329
f 2344 2329 2346
f 2346 2329 2331
f 2346 2331 2348
f 2348 2331 2333
f 2348 2333 2350
f 2350 2333 2334
f 2350 2334 2352
f 2352 2334 2366
f 2352 2366 2354
f 2354 2366 2367
f 2354 2367 2335
f 2335 2367 2368
f 2335 2368 2336
f 2369 2370 2371
f 2372 2373 2374
f 2374 2373 2375
f 2374 2375 2376
f 2372 2374 2377
f 2377 2374 2378
f 2377 2378 2379
f 2379 2378 2380
f 2380 2378 2369
f 2380 2369 2381
f 2382 2381 2383
f 2383 2381 2369
f 2383 2369 2384
f 2384 2369 2371
f 2370 2369 2385
f 2385 2369 2378
f 2385 2378 2386
f 2386 2378 2387
f 2387 2378 2374
f 2387 2374 2388
f 2388 2374 2376
f 2388 2376 2389
f 2200 2201 2390
f 2390 2201 2202
f 2390 2202 2391
f 2391 2202 2203
f 2391 2203 2392
f 2392 2203 2393
f 2392 2393 2394
f 2394 2393 2395
f 2394 2395 2396
f 2396 2395 2397
f 2398 2399 2400
f 2400 2399 2183
f 2400 2183 2401
f 2401 2183 2182
f 2401 2182 2402
f 2402 2182 2185
f 2402 2185 2403
f 2403 2185 2188
f 2404 2405 2406
f 2406 2405 2407
f 2406 2407 2408
f 2408 2407 2409
f 2408 2409 2410
f 2410 2409 2411
f 2410 2411 2412
f 2412 2411 2413
f 2412 2413 2414
f 2414 2413 2415
f 2414 2415 2416
f 2416 2415 2417
f 2416 2417 2418
f 2418 2417 2419
f 2418 2419 2420
f 2420 2419 2421
f 2420 2421 2422
f 2422 2421 2423
f 2422 2423 2424
f 2424 2423 2425
f 2424 2425 2426
f 2426 2425 2427
f 2426 2427 2404
f 2404 2427 2405
f 2200 2405 2428
f 2428 2405 2427
f 2428 2427 2188
f 2188 2427 2425
f 2188 2425 2403
f 2403 2425 2423
f 2403 2423 2402
f 2402 2423 2421
f 2402 2421 2401
f 2401 2421 2419
f 2401 2419 2400
f 2400 2419 2417
f 2400 2417 2398
f 2200 2390 2405
f 2405 2390 2391
f 2405 2391 2407
f 2407 2391 2392
f 2407 2392 2409
f 2409 2392 2394
f 2409 2394 2411
f 2411 2394 2396
f 2411 2396 2413
f 2413 2396 2397
f 2413 2397 2415
f 2415 2397 2429
f 2415 2429 2417
f 2417 2429 2430
f 2417 2430 2398
f 2398 2430 2431
f 2398 2431 2399
f 2432 2433 2434
f 2435 2436 2437
f 2437 2436 2438
f 2437 2438 2439
f 2435 2437 2440
f 2440 2437 2441
f 2440 2441 2442
f 2442 2441 2443
f 2443 2441 2432
f 2443 2432 2444
f 2445 2444 2446
f 2446 2444 2432
f 2446 2432 2447
f 2447 2432 2434
f 2433 2432 2448
f 2448 2432 2441
f 2448 2441 2449
f 2449 2441 2450
f 2450 2441 2437
f 2450 2437 2451
f 2451 2437 2439
f 2451 2439 2452
f 2211 2212 2453
f 2453 2212 2213
f 2453 2213 2454
f 2454 2213 2214
f 2454 2214 2455
f 2455 2214 2456
f 2455 2456 2457
f 2457 2456 2458
f 2457 2458 2459
f 2459 2458 2460
f 2461 2462 2463
f 2463 2462 2194
f 2463 2194 2464
f 2464 2194 2193
f 2464 2193 2465
f 2465 2193 2196
f 2465 2196 2466
f 2466 2196 2199
f 2467 2468 2469
f 2469 2468 2470
f 2469 2470 2471
f 2471 2470 2472
f 2471 2472 2473
f 2473 2472 2474
f 2473 2474 2475
f 2475 2474 2476
f 2475 2476 2477
f 2477 2476 2478
f 2477 2478 2479
f 2479 2478 2480
f 2479 2480 2481
f 2481 2480 2482
f 2481 2482 2483
f 2483 2482 2484
f 2483 2484 2485
f 2485 2484 2486
f 2485 2486 2487
f 2487 2486 2488
f 2487 2488 2489
f 2489 2488 2490
f 2489 2490 2467
f 2467 2490 2468
f 2211 2468 2491
f 2491 2468 2490
f 2491 2490 2199
f 2199 2490 2488
f 2199 2488 2466
f 2466 2488 2486
f 2466 2486 2465
f 2465 2486 2484
f 2465 2484 2464
f 2464 2484 2482
f 2464 2482 2463
f 2463 2482 2480
f 2463 2480 2461
f 2211 2453 2468
f 2468 2453 2454
f 2468 2454 2470
f 2470 2454 2455
f 2470 2455 2472
f 2472 2455 2457
f 2472 2457 2474
f 2474 2457 2459
f 2474 2459 2476
f 2476 2459 2460
f 2476 2460 2478
f 2478 2460 2492
f 2478 2492 2480
f 2480 2492 2493
f 2480 2493 2461
f 2461 2493 2494
f 2461 2494 2462
f 2495 2496 2497
f 2497 2496 2498
f 2497 2498 2499
f 2499 2498 2500
f 2500 2498 2501
f 2500 2501 2502
f 2501 2503 2504
f 2505 2502 2506
f 2506 2502 2501
f 2506 2501 2507
f 2507 2501 2504
f 2503 2501 2508
f 2508 2501 2498
f 2508 2498 2509
f 2495 2510 2496
f 2496 2510 2511
f 2496 2511 2512
f 2509 2498 2513
f 2513 2498 2496
f 2513 2496 2514
f 2514 2496 2512
f 2514 2512 2515
f 2516 2224 2517
f 2517 2224 2225
f 2517 2225 2518
f 2518 2225 2519
f 2518 2519 2520
f 2520 2519 2521
f 2520 2521 2522
f 2522 2521 2523
f 2524 2525 2526
f 2526 2525 2527
f 2526 2527 2528
f 2528 2527 2205
f 2528 2205 2529
f 2529 2205 2204
f 2529 2204 2530
f 2530 2204 2207
f 2530 2207 2531
f 2531 2207 2210
f 2532 2533 2534
f 2534 2533 2535
f 2534 2535 2536
f 2536 2535 2537
f 2536 2537 2538
f 2538 2537 2539
f 2538 2539 2540
f 2540 2539 2541
f 2540 2541 2542
f 2542 2541 2543
f 2542 2543 2544
f 2544 2543 2545
f 2544 2545 2546
f 2546 2545 2547
f 2546 2547 2548
f 2548 2547 2549
f 2548 2549 2550
f 2550 2549 2551
f 2550 2551 2552
f 2552 2551 2553
f 2552 2553 2554
f 2554 2553 2555
f 2554 2555 2532
f 2532 2555 2533
f 2524 2533 2556
f 2556 2533 2555
f 2556 2555 2523
f 2523 2555 2553
f 2523 2553 2522
f 2522 2553 2551
f 2522 2551 2520
f 2520 2551 2549
f 2520 2549 2518
f 2518 2549 2547
f 2518 2547 2517
f 2517 2547 2545
f 2517 2545 2516
f 2524 2526 2533
f 2533 2526 2528
f 2533 2528 2535
f 2535 2528 2529
f 2535 2529 2537
f 2537 2529 2530
f 2537 2530 2539
f 2539 2530 2531
f 2539 2531 2541
f 2541 2531 2210
f 2541 2210 2543
f 2543 2210 2557
f 2543 2557 2545
f 2545 2557 2222
f 2545 2222 2516
f 2516 2222 2223
f 2516 2223 2224
f 2558 2559 2560
f 2560 2559 2561
f 2558 2560 2562
f 2562 2560 2563
f 2562 2563 2564
f 2564 2563 2565
f 2565 2563 2566
f 2565 2566 2567
f 2567 2566 2568
f 2567 2568 2569
f 2570 2236 2571
f 2571 2236 2237
f 2571 2237 2572
f 2572 2237 2573
f 2572 2573 2574
f 2574 2573 2575
f 2574 2575 2576
f 2576 2575 2577
f 2578 2579 2580
f 2580 2579 2581
f 2580 2581 2582
f 2582 2581 2216
f 2582 2216 2583
f 2583 2216 2215
f 2583 2215 2584
f 2584 2215 2218
f 2584 2218 2585
f 2585 2218 2221
f 2586 2587 2588
f 2588 2587 2589
f 2588 2589 2590
f 2590 2589 2591
f 2590 2591 2592
f 2592 2591 2593
f 2592 2593 2594
f 2594 2593 2595
f 2594 2595 2596
f 2596 2595 2597
f 2596 2597 2598
f 2598 2597 2599
f 2598 2599 2600
f 2600 2599 2601
f 2600 2601 2602
f 2602 2601 2603
f 2602 2603 2604
f 2604 2603 2605
f 2604 2605 2606
f 2606 2605 2607
f 2606 2607 2608
f 2608 2607 2609
f 2608 2609 2586
f 2586 2609 2587
f 2578 2587 2610
f 2610 2587 2609
f 2610 2609 2577
f 2577 2609 2607
f 2577 2607 2576
f 2576 2607 2605
f 2576 2605 2574
f 2574 2605 2603
f 2574 2603 2572
f 2572 2603 2601
f 2572 2601 2571
f 2571 2601 2599
f 2571 2599 2570
f 2578 2580 2587
f 2587 2580 2582
f 2587 2582 2589
f 2589 2582 2583
f 2589 2583 2591
f 2591 2583 2584
f 2591 2584 2593
f 2593 2584 2585
f 2593 2585 2595
f 2595 2585 2221
f 2595 2221 2597
f 2597 2221 2611
f 2597 2611 2599
f 2599 2611 2234
f 2599 2234 2570
f 2570 2234 2235
f 2570 2235 2236
f 2612 2613 2614
f 2615 2616 2617
f 2618 2619 2620
f 2620 2619 2621
f 2621 2619 2622
f 2622 2619 2623
f 2622 2623 2624
f 2624 2623 2625
f 2625 2623 2617
f 2625 2617 2626
f 2626 2617 2616
f 2626 2616 2627
f 2628 2615 2629
f 2629 2615 2617
f 2629 2617 2630
f 2630 2617 2623
f 2630 2623 2631
f 2631 2623 2632
f 2632 2623 2619
f 2632 2619 2614
f 2614 2619 2618
f 2614 2618 2612
f 2633 2634 2635
f 2635 2634 2636
f 2635 2636 2637
f 2637 2636 2227
f 2637 2227 2638
f 2638 2227 2226
f 2638 2226 2639
f 2639 2226 2229
f 2639 2229 2640
f 2640 2229 2239
f 2641 2249 2642
f 2642 2249 2250
f 2642 2250 2643
f 2643 2250 2644
f 2643 2644 2645
f 2645 2644 2646
f 2645 2646 2647
f 2647 2646 2648
f 2649 2650 2651
f 2651 2650 2652
f 2651 2652 2653
f 2653 2652 2654
f 2653 2654 2655
f 2655 2654 2656
f 2655 2656 2657
f 2657 2656 2658
f 2657 2658 2659
f 2659 2658 2660
f 2659 2660 2661
f 2661 2660 2662
f 2661 2662 2663
f 2663 2662 2664
f 2663 2664 2665
f 2665 2664 2666
f 2665 2666 2667
f 2667 2666 2668
f 2667 2668 2669
f 2669 2668 2670
f 2669 2670 2671
f 2671 2670 2672
f 2671 2672 2649
f 2649 2672 2650
f 2633 2650 2673
f 2673 2650 2672
f 2673 2672 2648
f 2648 2672 2670
f 2648 2670 2647
f 2647 2670 2668
f 2647 2668 2645
f 2645 2668 2666
f 2645 2666 2643
f 2643 2666 2664
f 2643 2664 2642
f 2642 2664 2662
f 2642 2662 2641
f 2633 2635 2650
f 2650 2635 2637
f 2650 2637 2652
f 2652 2637 2638
f 2652 2638 2654
f 2654 2638 2639
f 2654 2639 2656
f 2656 2639 2640
f 2656 2640 2658
f 2658 2640 2239
f 2658 2239 2660
f 2660 2239 2674
f 2660 2674 2662
f 2662 2674 2247
f 2662 2247 2641
f 2641 2247 2248
f 2641 2248 2249
f 2675 2676 2677
f 2678 2675 2679
f 2679 2675 2677
f 2679 2677 2680
f 2680 2677 2681
f 2680 2681 2682
f 2682 2681 2683
f 2683 2681 2684
f 2683 2684 2685
f 2686 2687 2684
f 2684 2687 2688
f 2684 2688 2685
f 2685 2688 2689
f 2685 2689 2690
f 2686 2684 2691
f 2691 2684 2681
f 2691 2681 2692
f 2692 2681 2693
f 2693 2681 2677
f 2693 2677 2694
f 2694 2677 2676
f 2694 2676 2695
f 2696 2260 2697
f 2697 2260 2261
f 2697 2261 2698
f 2698 2261 2699
f 2698 2699 2700
f 2700 2699 2701
f 2700 2701 2702
f 2702 2701 2703
f 2704 2705 2706
f 2706 2705 2707
f 2706 2707 2708
f 2708 2707 2241
f 2708 2241 2709
f 2709 2241 2240
f 2709 2240 2710
f 2710 2240 2243
f 2710 2243 2711
f 2711 2243 2246
f 2712 2713 2714
f 2714 2713 2715
f 2714 2715 2716
f 2716 2715 2717
f 2716 2717 2718
f 2718 2717 2719
f 2718 2719 2720
f 2720 2719 2721
f 2720 2721 2722
f 2722 2721 2723
f 2722 2723 2724
f 2724 2723 2725
f 2724 2725 2726
f 2726 2725 2727
f 2726 2727 2728
f 2728 2727 2729
f 2728 2729 2730
f 2730 2729 2731
f 2730 2731 2732
f 2732 2731 2733
f 2732 2733 2734
f 2734 2733 2735
f 2734 2735 2712
f 2712 2735 2713
f 2704 2713 2736
f 2736 2713 2735
f 2736 2735 2703
f 2703 2735 2733
f 2703 2733 2702
f 2702 2733 2731
f 2702 2731 2700
f 2700 2731 2729
f 2700 2729 2698
f 2698 2729 2727
f 2698 2727 2697
f 2697 2727 2725
f 2697 2725 2696
f 2704 2706 2713
f 2713 2706 2708
f 2713 2708 2715
f 2715 2708 2709
f 2715 2709 2717
f 2717 2709 2710
f 2717 2710 2719
f 2719 2710 2711
f 2719 2711 2721
f 2721 2711 2246
f 2721 2246 2723
f 2723 2246 2737
f 2723 2737 2725
f 2725 2737 2258
f 2725 2258 2696
f 2696 2258 2259
f 2696 2259 2260
f 2738 2739 2740
f 2741 2742 2743
f 2743 2742 2744
f 2743 2744 2745
f 2741 2743 2746
f 2746 2743 2747
f 2746 2747 2748
f 2748 2747 2749
f 2749 2747 2738
f 2749 2738 2750
f 2751 2750 2752
f 2752 2750 2738
f 2752 2738 2753
f 2753 2738 2740
f 2739 2738 2754
f 2754 2738 2747
f 2754 2747 2755
f 2755 2747 2756
f 2756 2747 2743
f 2756 2743 2757
f 2757 2743 2745
f 2757 2745 2758
f 2759 2271 2760
f 2760 2271 2272
f 2760 2272 2761
f 2761 2272 2762
f 2761 2762 2763
f 2763 2762 2764
f 2763 2764 2765
f 2765 2764 2766
f 2767 2768 2769
f 2769 2768 2770
f 2769 2770 2771
f 2771 2770 2252
f 2771 2252 2772
f 2772 2252 2251
f 2772 2251 2773
f 2773 2251 2254
f 2773 2254 2774
f 2774 2254 2257
f 2775 2776 2777
f 2777 2776 2778
f 2777 2778 2779
f 2779 2778 2780
f 2779 2780 2781
f 2781 2780 2782
f 2781 2782 2783
f 2783 2782 2784
f 2783 2784 2785
f 2785 2784 2786
f 2785 2786 2787
f 2787 2786 2788
f 2787 2788 2789
f 2789 2788 2790
f 2789 2790 2791
f 2791 2790 2792
f 2791 2792 2793
f 2793 2792 2794
f 2793 2794 2795
f 2795 2794 2796
f 2795 2796 2797
f 2797 2796 2798
f 2797 2798 2775
f 2775 2798 2776
f 2767 2776 2799
f 2799 2776 2798
f 2799 2798 2766
f 2766 2798 2796
f 2766 2796 2765
f 2765 2796 2794
f 2765 2794 2763
f 2763 2794 2792
f 2763 2792 2761
f 2761 2792 2790
f 2761 2790 2760
f 2760 2790 2788
f 2760 2788 2759
f 2767 2769 2776
f 2776 2769 2771
f 2776 2771 2778
f 2778 2771 2772
f 2778 2772 2780
f 2780 2772 2773
f 2780 2773 2782
f 2782 2773 2774
f 2782 2774 2784
f 2784 2774 2257
f 2784 2257 2786
f 2786 2257 2800
f 2786 2800 2788
f 2788 2800 2269
f 2788 2269 2759
f 2759 2269 2270
f 2759 2270 2271
f 2801 2802 2803
f 2804 2805 2806
f 2806 2805 2807
f 2806 2807 2808
f 2804 2806 2809
f 2809 2806 2810
f 2809 2810 2811
f 2811 2810 2812
f 2812 2810 2801
f 2812 2801 2813
f 2814 2813 2815
f 2815 2813 2801
f 2815 2801 2816
f 2816 2801 2803
f 2802 2801 2817
f 2817 2801 2810
f 2817 2810 2818
f 2818 2810 2819
f 2819 2810 2806
f 2819 2806 2820
f 2820 2806 2808
f 2820 2808 2821
f 2822 2282 2823
f 2823 2282 2283
f 2823 2283 2824
f 2824 2283 2825
f 2824 2825 2826
f 2826 2825 2827
f 2826 2827 2828
f 2828 2827 2829
f 2830 2831 2832
f 2832 2831 2833
f 2832 2833 2834
f 2834 2833 2263
f 2834 2263 2835
f 2835 2263 2262
f 2835 2262 2836
f 2836 2262 2265
f 2836 2265 2837
f 2837 2265 2268
f 2838 2839 2840
f 2840 2839 2841
f 2840 2841 2842
f 2842 2841 2843
f 2842 2843 2844
f 2844 2843 2845
f 2844 2845 2846
f 2846 2845 2847
f 2846 2847 2848
f 2848 2847 2849
f 2848 2849 2850
f 2850 2849 2851
f 2850 2851 2852
f 2852 2851 2853
f 2852 2853 2854
f 2854 2853 2855
f 2854 2855 2856
f 2856 2855 2857
f 2856 2857 2858
f 2858 2857 2859
f 2858 2859 2860
f 2860 2859 2861
f 2860 2861 2838
f 2838 2861 2839
f 2830 2839 2862
f 2862 2839 2861
f 2862 2861 2829
f 2829 2861 2859
f 2829 2859 2828
f 2828 2859 2857
f 2828 2857 2826
f 2826 2857 2855
f 2826 2855 2824
f 2824 2855 2853
f 2824 2853 2823
f 2823 2853 2851
f 2823 2851 2822
f 2830 2832 2839
f 2839 2832 2834
f 2839 2834 2841
f 2841 2834 2835
f 2841 2835 2843
f 2843 2835 2836
f 2843 2836 2845
f 2845 2836 2837
f 2845 2837 2847
f 2847 2837 2268
f 2847 2268 2849
f 2849 2268 2863
f 2849 2863 2851
f 2851 2863 2280
f 2851 2280 2822
f 2822 2280 2281
f 2822 2281 2282
f 2864 2865 2866
f 2866 2865 2867
f 2866 2867 2868
f 2868 2867 2869
f 2869 2867 2870
f 2869 2870 2871
f 2870 2872 2873
f 2874 2871 2875
f 2875 2871 2870
f 2875 2870 2876
f 2876 2870 2873
f 2872 2870 2877
f 2877 2870 2867
f 2877 2867 2878
f 2864 2879 2865
f 2865 2879 2880
f 2865 2880 2881
f 2878 2867 2882
f 2882 2867 2865
f 2882 2865 2883
f 2883 2865 2881
f 2883 2881 2884
f 2291 2292 2885
f 2885 2292 2293
f 2885 2293 2886
f 2886 2293 2294
f 2886 2294 2887
f 2887 2294 2888
f 2887 2888 2889
f 2889 2888 2890
f 2889 2890 2891
f 2891 2890 2892
f 2893 2894 2895
f 2895 2894 2274
f 2895 2274 2896
f 2896 2274 2273
f 2896 2273 2897
f 2897 2273 2276
f 2897 2276 2898
f 2898 2276 2279
f 2899 2900 2901
f 2901 2900 2902
f 2901 2902 2903
f 2903 2902 2904
f 2903 2904 2905
f 2905 2904 2906
f 2905 2906 2907
f 2907 2906 2908
f 2907 2908 2909
f 2909 2908 2910
f 2909 2910 2911
f 2911 2910 2912
f 2911 2912 2913
f 2913 2912 2914
f 2913 2914 2915
f 2915 2914 2916
f 2915 2916 2917
f 2917 2916 2918
f 2917 2918 2919
f 2919 2918 2920
f 2919 2920 2921
f 2921 2920 2922
f 2921 2922 2899
f 2899 2922 2900
f 2291 2900 2923
f 2923 2900 2922
f 2923 2922 2279
f 2279 2922 2920
f 2279 2920 2898
f 2898 2920 2918
f 2898 2918 2897
f 2897 2918 2916
f 2897 2916 2896
f 2896 2916 2914
f 2896 2914 2895
f 2895 2914 2912
f 2895 2912 2893
f 2291 2885 2900
f 2900 2885 2886
f 2900 2886 2902
f 2902 2886 2887
f 2902 2887 2904
f 2904 2887 2889
f 2904 2889 2906
f 2906 2889 2891
f 2906 2891 2908
f 2908 2891 2892
f 2908 2892 2910
f 2910 2892 2924
f 2910 2924 2912
f 2912 2924 2925
f 2912 2925 2893
f 2893 2925 2926
f 2893 2926 2894
f 2927 2928 2929
f 2929 2928 2930
f 2929 2930 2931
f 2931 2930 2932
f 2932 2930 2933
f 2932 2933 2934
f 2933 2935 2936
f 2937 2934 2938
f 2938 2934 2933
f 2938 2933 2939
f 2939 2933 2936
f 2935 2933 2940
f 2940 2933 2930
f 2940 2930 2941
f 2927 2942 2928
f 2928 2942 2943
f 2928 2943 2944
f 2941 2930 2945
f 2945 2930 2928
f 2945 2928 2946
f 2946 2928 2944
f 2946 2944 2947
f 2302 2303 2948
f 2948 2303 2304
f 2948 2304 2949
f 2949 2304 2305
f 2949 2305 2950
f 2950 2305 2951
f 2950 2951 2952
f 2952 2951 2953
f 2952 2953 2954
f 2954 2953 2955
f 2956 2957 2958
f 2958 2957 2285
f 2958 2285 2959
f 2959 2285 2284
f 2959 2284 2960
f 2960 2284 2287
f 2960 2287 2961
f 2961 2287 2290
f 2962 2963 2964
f 2964 2963 2965
f 2964 2965 2966
f 2966 2965 2967
f 2966 2967 2968
f 2968 2967 2969
f 2968 2969 2970
f 2970 2969 2971
f 2970 2971 2972
f 2972 2971 2973
f 2972 2973 2974
f 2974 2973 2975
f 2974 2975 2976
f 2976 2975 2977
f 2976 2977 2978
f 2978 2977 2979
f 2978 2979 2980
f 2980 2979 2981
f 2980 2981 2982
f 2982 2981 2983
f 2982 2983 2984
f 2984 2983 2985
f 2984 2985 2962
f 2962 2985 2963
f 2302 2963 2986
f 2986 2963 2985
f 2986 2985 2290
f 2290 2985 2983
f 2290 2983 2961
f 2961 2983 2981
f 2961 2981 2960
f 2960 2981 2979
f 2960 2979 2959
f 2959 2979 2977
f 2959 2977 2958
f 2958 2977 2975
f 2958 2975 2956
f 2302 2948 2963
f 2963 2948 2949
f 2963 2949 2965
f 2965 2949 2950
f 2965 2950 2967
f 2967 2950 2952
f 2967 2952 2969
f 2969 2952 2954
f 2969 2954 2971
f 2971 2954 2955
f 2971 2955 2973
f 2973 2955 2987
f 2973 2987 2975
f 2975 2987 2988
f 2975 2988 2956
f 2956 2988 2989
f 2956 2989 2957
f 2884 2881 2990
f 2947 2944 2991
f 2310 2309 2992
f 2992 2309 2312
f 2992 2312 2993
f 2993 2312 2314
f 2993 2314 2994
f 2944 2943 2991
f 2991 2943 2942
f 2991 2942 2992
f 2992 2942 2995
f 2992 2995 2310
f 2881 2880 2990
f 2990 2880 2879
f 2990 2879 2991
f 2991 2879 2996
f 2991 2996 2947
f 2997 2807 2805
f 2997 2805 2990
f 2990 2805 2998
f 2990 2998 2884
f 2999 2744 2742
f 2742 3000 2999
f 2999 3000 2821
f 2999 2821 2997
f 2997 2821 2808
f 2997 2808 2807
f 2676 2675 3001
f 3001 2675 2678
f 2678 3002 3001
f 3001 3002 2758
f 3001 2758 2999
f 2999 2758 2745
f 2999 2745 2744
f 2676 3001 2695
f 2695 3001 3003
f 2695 3003 3004
f 3005 3006 3007
f 3008 3005 3009
f 3009 3005 3007
f 3009 3007 3010
f 3010 3007 3011
f 3010 3011 3012
f 3012 3011 3013
f 3013 3011 3014
f 3013 3014 3015
f 3016 3017 3014
f 3014 3017 3018
f 3014 3018 3015
f 3015 3018 3019
f 3015 3019 3020
f 3016 3014 3021
f 3021 3014 3011
f 3021 3011 3022
f 3022 3011 3023
f 3023 3011 3007
f 3023 3007 3024
f 3024 3007 3006
f 3024 3006 3025
f 3026 3027 3028
f 3028 3027 2296
f 3028 2296 3029
f 3029 2296 2295
f 3029 2295 3030
f 3030 2295 2298
f 3030 2298 3031
f 3031 2298 2301
f 2178 2179 3032
f 3032 2179 2180
f 3032 2180 3033
f 3033 2180 2181
f 3033 2181 3034
f 3034 2181 3035
f 3034 3035 3036
f 3036 3035 3037
f 3036 3037 3038
f 3038 3037 3039
f 3040 3041 3042
f 3042 3041 3043
f 3042 3043 3044
f 3044 3043 3045
f 3044 3045 3046
f 3046 3045 3047
f 3046 3047 3048
f 3048 3047 3049
f 3048 3049 3050
f 3050 3049 3051
f 3050 3051 3052
f 3052 3051 3053
f 3052 3053 3054
f 3054 3053 3055
f 3054 3055 3056
f 3056 3055 3057
f 3056 3057 3058
f 3058 3057 3059
f 3058 3059 3060
f 3060 3059 3061
f 3060 3061 3062
f 3062 3061 3063
f 3062 3063 3040
f 3040 3063 3041
f 2178 3041 3064
f 3064 3041 3063
f 3064 3063 2301
f 2301 3063 3061
f 2301 3061 3031
f 3031 3061 3059
f 3031 3059 3030
f 3030 3059 3057
f 3030 3057 3029
f 3029 3057 3055
f 3029 3055 3028
f 3028 3055 3053
f 3028 3053 3026
f 2178 3032 3041
f 3041 3032 3033
f 3041 3033 3043
f 3043 3033 3034
f 3043 3034 3045
f 3045 3034 3036
f 3045 3036 3047
f 3047 3036 3038
f 3047 3038 3049
f 3049 3038 3039
f 3049 3039 3051
f 3051 3039 3065
f 3051 3065 3053
f 3053 3065 3066
f 3053 3066 3026
f 3026 3066 3067
f 3026 3067 3027
f 3068 3069 3070
f 3071 3072 3073
f 3074 3075 3076
f 3076 3075 3077
f 3076 3077 3078
f 3078 3077 3079
f 3075 3080 3077
f 3077 3080 3081
f 3077 3081 3079
f 3079 3081 3082
f 3083 3074 3084
f 3084 3074 3076
f 3084 3076 3085
f 3085 3076 3078
f 3085 3078 3086
f 3086 3078 3087
f 3088 3089 3082
f 3082 3089 3090
f 3082 3090 3079
f 3079 3090 3091
f 3079 3091 3078
f 3078 3091 3092
f 3078 3092 3087
f 3072 3088 3073
f 3073 3088 3082
f 3073 3082 3093
f 3093 3082 3081
f 3093 3081 3094
f 3094 3081 3080
f 3069 3071 3070
f 3070 3071 3073
f 3070 3073 3095
f 3095 3073 3093
f 3095 3093 3096
f 3096 3093 3094
f 3097 3068 3098
f 3098 3068 3070
f 3098 3070 3099
f 3099 3070 3095
f 3099 3095 3100
f 3100 3095 3096
f 3100 3101 3099
f 3099 3101 3102
f 3099 3102 3098
f 3098 3102 3103
f 3098 3103 3097
f 3097 3103 3104
f 3096 3094 3105
f 3105 3094 3080
f 3105 3080 3106
f 3106 3080 3075
f 3106 3075 3107
f 3107 3075 3074
f 3107 3074 3108
f 3108 3074 3083
f 3108 3083 3109
f 3109 3083 3110
f 3109 3110 3111
f 3111 3110 3112
f 3111 3112 3113
f 3113 3112 3114
f 3113 3114 3115
f 3115 3114 3116
f 3115 3116 3117
f 3117 3116 3118
f 3117 3118 3119
f 3119 3118 3120
f 3119 3120 3121
f 3121 3120 3101
f 3121 3101 3122
f 3122 3101 3100
f 3122 3100 3123
f 3123 3100 3096
f 3123 3096 3105
f 3064 3108 2178
f 2178 3108 3109
f 2178 3109 2176
f 2176 3109 2177
f 3111 2189 3109
f 3109 2189 2365
f 3109 2365 2177
f 2428 3111 2200
f 2200 3111 3113
f 2428 2188 3111
f 3111 2188 2187
f 3111 2187 2189
f 2491 3113 2211
f 2211 3113 3115
f 2491 2199 3113
f 3113 2199 2198
f 3113 2198 2200
f 2222 2557 3117
f 3117 2557 2210
f 3117 2210 3115
f 3115 2210 2209
f 3115 2209 2211
f 2233 2231 3119
f 3119 2231 2234
f 2234 2611 3119
f 3119 2611 2221
f 3119 2221 3117
f 3117 2221 2220
f 3117 2220 2222
f 2233 3119 2239
f 2239 3119 3121
f 2239 3121 2674
f 3124 2688 3125
f 3125 2688 2687
f 3125 2687 3126
f 3127 2753 3124
f 3124 2753 2740
f 3124 2740 3128
f 3128 2690 3124
f 3124 2690 2689
f 3124 2689 2688
f 3129 2815 2816
f 3129 2816 3127
f 3127 2816 2803
f 3127 2803 3130
f 3130 2751 3127
f 3127 2751 2752
f 3127 2752 2753
f 2876 2873 3131
f 3131 2873 3132
f 3131 3132 3129
f 3129 3132 2814
f 3129 2814 2815
f 3133 2939 2936
f 2936 3134 3133
f 3133 3134 2874
f 3133 2874 3131
f 3131 2874 2875
f 3131 2875 2876
f 2307 2306 3135
f 3135 2306 2322
f 2322 3136 3135
f 3135 3136 2937
f 3135 2937 3133
f 3133 2937 2938
f 3133 2938 2939
f 2307 3135 2321
f 2321 3135 3137
f 2321 3137 3138
f 2633 2673 3139
f 2578 2610 3140
f 3140 2610 2577
f 3140 2577 3139
f 3139 2577 3141
f 3139 3141 2633
f 2524 2556 3142
f 3142 2556 2523
f 3142 2523 3140
f 3140 2523 3143
f 3140 3143 2578
f 2493 2492 3144
f 3144 2492 2460
f 3144 2460 3142
f 3142 2460 3145
f 3142 3145 2524
f 2430 2429 3146
f 3146 2429 2397
f 3146 2397 3144
f 3144 2397 3147
f 3144 3147 2493
f 2367 2366 3148
f 3148 2366 2334
f 3148 2334 3146
f 3146 2334 3149
f 3146 3149 2430
f 3150 3065 3039
f 3150 3039 3148
f 3148 3039 3151
f 3148 3151 2367
f 3104 3152 3097
f 3097 3152 3153
f 3097 3153 3068
f 3068 3153 3069
f 3069 3153 3154
f 3069 3154 3071
f 3071 3154 3072
f 3072 3154 3155
f 3072 3155 3088
f 3088 3155 3089
f 3089 3155 3156
f 3089 3156 3090
f 3090 3156 3091
f 3091 3156 3157
f 3091 3157 3092
f 3092 3157 3087
f 3087 3157 3158
f 3087 3158 3086
f 2990 1989 2997
f 2997 1989 1990
f 2997 1990 2999
f 2999 1990 1991
f 2999 1991 3001
f 3001 1991 1992
f 3001 1992 3003
f 3003 1992 1993
f 3003 1993 3159
f 3159 1993 3160
f 3159 3160 3161
f 3161 3160 3162
f 3161 3162 3163
f 3162 3164 3163
f 3163 3164 3165
f 3163 3165 3166
f 3166 3165 3167
f 3166 3167 3168
f 3168 3167 3169
f 3168 3169 3170
f 3170 3169 3171
f 3170 3171 2993
f 2993 3171 1985
f 2993 1985 2992
f 2992 1985 1986
f 2992 1986 2991
f 2991 1986 1987
f 2991 1987 2990
f 2990 1987 1988
f 2990 1988 1989
f 3172 3129 3173
f 3173 3129 3127
f 3173 3127 3174
f 3174 3127 3124
f 3174 3124 3139
f 3139 3124 3125
f 3139 3125 3140
f 3140 3125 3175
f 3140 3175 3142
f 3142 3175 3176
f 3142 3176 3144
f 3176 3177 3144
f 3144 3177 3178
f 3144 3178 3146
f 3146 3178 3179
f 3146 3179 3148
f 3148 3179 3180
f 3148 3180 3150
f 3150 3180 3137
f 3150 3137 3181
f 3181 3137 3135
f 3181 3135 3182
f 3182 3135 3133
f 3182 3133 3172
f 3172 3133 3131
f 3172 3131 3129
f 3153 3152 3183
f 3153 3184 3158
f 3185 3184 3186
f 3186 3184 3153
f 3186 3153 3187
f 3187 3153 3183
f 3155 3154 3156
f 3156 3154 3153
f 3156 3153 3157
f 3157 3153 3158
f 3188 1711 1709
f 3188 1709 3189
f 3189 1709 1706
f 3189 1706 3190
f 3190 1706 1704
f 3190 1704 3191
f 3191 1704 1699
f 3191 1699 3192
f 3192 1699 1697
f 3192 1697 3193
f 3193 1697 1695
f 3193 1695 3194
f 3194 1695 1694
f 3194 1694 3195
f 3195 1694 3196
f 3195 3196 3197
f 3197 3196 3198
f 3197 3198 3199
f 3199 3198 3200
f 3199 3200 3201
f 3201 3200 3202
f 3201 3202 3203
f 3203 3202 3204
f 3203 3204 3205
f 3205 3204 3206
f 3205 3206 3207
f 3207 3206 3208
f 3207 3208 3209
f 3210 3211 3212
f 3212 3211 3213
f 3212 3213 3214
f 3214 3213 3215
f 3214 3215 3216
f 3216 3215 3217
f 3216 3217 3218
f 3218 3217 3219
f 3218 3219 3220
f 3220 3219 3221
f 3220 3221 3222
f 3222 3221 3223
f 3222 3223 3224
f 3224 3223 3225
f 3224 3225 3226
f 3226 3225 3227
f 3226 3227 3228
f 3228 3227 3229
f 3228 3229 3230
f 3230 3229 3231
f 3230 3231 3232
f 3232 3231 3233
f 3232 3233 3234
f 3234 3233 3235
f 3234 3235 3236
f 3236 3235 3237
f 3236 3237 3238
f 3238 3237 3239
f 3209 3238 3207
f 3207 3238 3240
f 3207 3240 3205
f 3205 3240 3241
f 3205 3241 3203
f 3203 3241 3242
f 3203 3242 3201
f 3201 3242 3243
f 3201 3243 3199
f 3199 3243 3244
f 3199 3244 3197
f 3197 3244 3245
f 3197 3245 3195
f 3195 3245 3246
f 3195 3246 3194
f 3194 3246 3247
f 3194 3247 3193
f 3193 3247 3248
f 3193 3248 3192
f 3192 3248 3249
f 3192 3249 3191
f 3191 3249 3250
f 3191 3250 3190
f 3190 3250 3251
f 3190 3251 3189
f 3189 3251 3252
f 3189 3252 3188
f 3188 3252 3210
f 3188 3210 3253
f 3253 3210 3212
f 3253 3212 3254
f 3254 3212 3214
f 3254 3214 3255
f 3255 3214 3216
f 3255 3216 3256
f 3256 3216 3218
f 3256 3218 3257
f 3257 3218 3220
f 3257 3220 3258
f 3258 3220 3222
f 3258 3222 3259
f 3259 3222 3224
f 3259 3224 3260
f 3260 3224 3226
f 3260 3226 3261
f 3261 3226 3228
f 3261 3228 3262
f 3262 3228 3230
f 3262 3230 3263
f 3263 3230 3232
f 3263 3232 3264
f 3264 3232 3234
f 3264 3234 3265
f 3265 3234 3236
f 3265 3236 3209
f 3209 3236 3238
f 3266 3267 3268
f 3269 3270 3271
f 3271 3270 3272
f 3271 3272 3266
f 3273 3274 3275
f 3275 3274 3271
f 3275 3271 3276
f 3266 3268 3271
f 3271 3268 3277
f 3271 3277 3276
f 3278 3279 3280
f 3281 3282 3283
f 3283 3282 3284
f 3283 3284 3278
f 3285 3286 3287
f 3287 3286 3283
f 3287 3283 3288
f 3278 3280 3283
f 3283 3280 3289
f 3283 3289 3288
f 3290 3291 3292
f 3292 3291 3293
f 3294 3295 3296
f 3296 3295 3297
f 3296 3297 3298
f 3299 3292 3300
f 3300 3292 3293
f 3300 3293 3297
f 3297 3293 3301
f 3297 3301 3298
f 3302 3303 3304
f 3304 3303 3305
f 3306 3307 3308
f 3308 3307 3309
f 3308 3309 3310
f 3311 3304 3312
f 3312 3304 3305
f 3312 3305 3309
f 3309 3305 3313
f 3309 3313 3310
f 3270 3314 3272
f 3272 3314 3315
f 3272 3315 3266
f 3266 3315 3316
f 3266 3316 3267
f 3267 3316 3317
f 3267 3317 3268
f 3268 3317 3318
f 3268 3318 3277
f 3277 3318 3319
f 3277 3319 3276
f 3276 3319 3320
f 3282 3321 3284
f 3284 3321 3322
f 3284 3322 3278
f 3278 3322 3323
f 3278 3323 3279
f 3279 3323 3324
f 3279 3324 3280
f 3280 3324 3325
f 3280 3325 3289
f 3289 3325 3326
f 3289 3326 3288
f 3288 3326 3327
f 3291 3328 3293
f 3293 3328 3329
f 3293 3329 3301
f 3301 3329 3330
f 3301 3330 3298
f 3298 3330 3331
f 3298 3331 3296
f 3296 3331 3332
f 3296 3332 3294
f 3294 3332 3333
f 3294 3333 3295
f 3295 3333 3334
f 3303 3335 3305
f 3305 3335 3336
f 3305 3336 3313
f 3313 3336 3337
f 3313 3337 3310
f 3310 3337 3338
f 3310 3338 3308
f 3308 3338 3339
f 3308 3339 3306
f 3306 3339 3340
f 3306 3340 3307
f 3307 3340 3341
f 3342 3343 3344
f 3345 3346 3342
f 3347 3348 3345
f 3345 3348 3349
f 3345 3349 3346
f 3342 3344 3345
f 3345 3344 3350
f 3345 3350 3351
f 3352 3353 3354
f 3354 3353 3345
f 3354 3345 3355
f 3355 3345 3351
f 3356 3350 3344
f 3343 3357 3344
f 3344 3357 3358
f 3344 3358 3356
f 3359 3360 3361
f 3361 3360 3362
f 3362 3360 3320
f 3362 3320 3363
f 3363 3320 3319
f 3363 3319 3364
f 3364 3319 3318
f 3364 3318 3365
f 3365 3318 3317
f 3365 3317 3366
f 3361 3367 3359
f 3359 3367 3368
f 3359 3368 3369
f 3369 3368 3370
f 3369 3370 3371
f 3371 3370 3372
f 3371 3372 3373
f 3373 3372 3374
f 3373 3374 3314
f 3314 3374 3375
f 3314 3375 3315
f 3315 3375 3366
f 3315 3366 3316
f 3316 3366 3317
f 3376 3377 3378
f 3378 3377 3379
f 3378 3379 3380
f 3380 3379 3381
f 3380 3381 3382
f 3382 3381 3383
f 3382 3383 3321
f 3321 3383 3384
f 3321 3384 3322
f 3322 3384 3385
f 3322 3385 3323
f 3323 3385 3324
f 3324 3385 3386
f 3324 3386 3325
f 3325 3386 3387
f 3325 3387 3326
f 3326 3387 3388
f 3326 3388 3327
f 3327 3388 3389
f 3327 3389 3390
f 3390 3389 3391
f 3390 3391 3376
f 3376 3391 3392
f 3376 3392 3377
f 3393 3394 3395
f 3395 3394 3396
f 3395 3396 3397
f 3397 3396 3398
f 3397 3398 3399
f 3399 3398 3400
f 3399 3400 3328
f 3328 3400 3401
f 3328 3401 3329
f 3329 3401 3402
f 3329 3402 3330
f 3330 3402 3331
f 3331 3402 3403
f 3331 3403 3332
f 3332 3403 3404
f 3332 3404 3333
f 3333 3404 3405
f 3333 3405 3334
f 3334 3405 3406
f 3334 3406 3407
f 3407 3406 3408
f 3407 3408 3393
f 3393 3408 3409
f 3393 3409 3394
f 3410 3411 3412
f 3412 3411 3413
f 3412 3413 3414
f 3414 3413 3415
f 3414 3415 3416
f 3416 3415 3417
f 3416 3417 3335
f 3335 3417 3418
f 3335 3418 3336
f 3336 3418 3419
f 3336 3419 3337
f 3337 3419 3338
f 3338 3419 3420
f 3338 3420 3339
f 3339 3420 3421
f 3339 3421 3340
f 3340 3421 3422
f 3340 3422 3341
f 3341 3422 3423
f 3341 3423 3424
f 3424 3423 3425
f 3424 3425 3410
f 3410 3425 3426
f 3410 3426 3411
f 3427 3428 3429
f 3430 3431 3427
f 3432 3433 3430
f 3430 3433 3434
f 3430 3434 3431
f 3427 3429 3430
f 3430 3429 3435
f 3430 3435 3436
f 3437 3438 3439
f 3439 3438 3430
f 3439 3430 3440
f 3440 3430 3436
f 3441 3435 3429
f 3428 3442 3429
f 3429 3442 3443
f 3429 3443 3441
f 3444 3445 3446
f 3447 3448 3444
f 3449 3450 3447
f 3447 3450 3451
f 3447 3451 3448
f 3444 3446 3447
f 3447 3446 3452
f 3447 3452 3453
f 3454 3455 3456
f 3456 3455 3447
f 3456 3447 3457
f 3457 3447 3453
f 3458 3452 3446
f 3445 3459 3446
f 3446 3459 3460
f 3446 3460 3458
f 3461 3462 3463
f 3464 3465 3461
f 3466 3467 3464
f 3464 3467 3468
f 3464 3468 3465
f 3461 3463 3464
f 3464 3463 3469
f 3464 3469 3470
f 3471 3472 3473
f 3473 3472 3464
f 3473 3464 3474
f 3474 3464 3470
f 3475 3469 3463
f 3462 3476 3463
f 3463 3476 3477
f 3463 3477 3475
f 3354 3478 3352
f 3352 3478 3479
f 3352 3479 3353
f 3353 3479 3480
f 3353 3480 3345
f 3345 3480 3481
f 3345 3481 3347
f 3347 3481 3482
f 3347 3482 3348
f 3348 3482 3483
f 3348 3483 3349
f 3349 3483 3484
f 3372 3485 3374
f 3374 3485 3486
f 3374 3486 3375
f 3375 3486 3487
f 3375 3487 3366
f 3366 3487 3488
f 3366 3488 3365
f 3365 3488 3489
f 3365 3489 3364
f 3364 3489 3490
f 3364 3490 3363
f 3363 3490 3491
f 3381 3492 3383
f 3383 3492 3493
f 3383 3493 3384
f 3384 3493 3494
f 3384 3494 3385
f 3385 3494 3495
f 3385 3495 3386
f 3386 3495 3496
f 3386 3496 3387
f 3387 3496 3497
f 3387 3497 3388
f 3388 3497 3498
f 3398 3499 3400
f 3400 3499 3500
f 3400 3500 3401
f 3401 3500 3501
f 3401 3501 3402
f 3402 3501 3502
f 3402 3502 3403
f 3403 3502 3503
f 3403 3503 3404
f 3404 3503 3504
f 3404 3504 3405
f 3405 3504 3505
f 3415 3506 3417
f 3417 3506 3507
f 3417 3507 3418
f 3418 3507 3508
f 3418 3508 3419
f 3419 3508 3509
f 3419 3509 3420
f 3420 3509 3510
f 3420 3510 3421
f 3421 3510 3511
f 3421 3511 3422
f 3422 3511 3512
f 3439 3513 3437
f 3437 3513 3514
f 3437 3514 3438
f 3438 3514 3515
f 3438 3515 3430
f 3430 3515 3516
f 3430 3516 3432
f 3432 3516 3517
f 3432 3517 3433
f 3433 3517 3518
f 3433 3518 3434
f 3434 3518 3519
f 3456 3520 3454
f 3454 3520 3521
f 3454 3521 3455
f 3455 3521 3522
f 3455 3522 3447
f 3447 3522 3523
f 3447 3523 3449
f 3449 3523 3524
f 3449 3524 3450
f 3450 3524 3525
f 3450 3525 3451
f 3451 3525 3526
f 3473 3527 3471
f 3471 3527 3528
f 3471 3528 3472
f 3472 3528 3529
f 3472 3529 3464
f 3464 3529 3530
f 3464 3530 3466
f 3466 3530 3531
f 3466 3531 3467
f 3467 3531 3532
f 3467 3532 3468
f 3468 3532 3533
f 3534 3535 3536
f 3536 3535 3537
f 3538 3539 3540
f 3540 3539 3535
f 3540 3535 3541
f 3541 3535 3534
f 3542 3543 3544
f 3544 3543 3536
f 3544 3536 3545
f 3545 3536 3537
f 3546 3547 3548
f 3548 3547 3549
f 3550 3551 3552
f 3552 3551 3547
f 3552 3547 3553
f 3553 3547 3546
f 3554 3555 3556
f 3556 3555 3548
f 3556 3548 3557
f 3557 3548 3549
f 3558 3559 3560
f 3561 3562 3563
f 3560 3561 3564
f 3564 3561 3563
f 3564 3563 3565
f 3565 3563 3566
f 3567 3558 3568
f 3568 3558 3560
f 3568 3560 3569
f 3569 3560 3564
f 3570 3571 3572
f 3572 3571 3573
f 3574 3575 3576
f 3576 3575 3571
f 3576 3571 3577
f 3577 3571 3570
f 3578 3579 3580
f 3580 3579 3572
f 3580 3572 3581
f 3581 3572 3573
f 3582 3583 3584
f 3584 3583 3585
f 3586 3587 3588
f 3588 3587 3583
f 3588 3583 3589
f 3589 3583 3582
f 3590 3591 3592
f 3592 3591 3584
f 3592 3584 3593
f 3593 3584 3585
f 3594 3595 3596
f 3597 3598 3599
f 3596 3597 3600
f 3600 3597 3599
f 3600 3599 3601
f 3601 3599 3602
f 3603 3594 3604
f 3604 3594 3596
f 3604 3596 3605
f 3605 3596 3600
f 3606 3607 3608
f 3606 3608 3609
f 3609 3608 3610
f 3609 3610 3611
f 3611 3610 3612
f 3611 3612 3613
f 3613 3612 3614
f 3613 3614 3615
f 3616 3617 3618
f 3619 3620 3621
f 3523 3522 3622
f 3622 3522 3521
f 3523 3622 3524
f 3524 3622 3623
f 3524 3623 3525
f 3624 3520 3625
f 3624 3625 3626
f 3627 3628 3623
f 3623 3628 3526
f 3623 3526 3525
f 3625 3629 3626
f 3626 3629 3630
f 3626 3630 3631
f 3631 3630 3632
f 3631 3632 3627
f 3627 3632 3633
f 3627 3633 3628
f 3634 3635 3636
f 3636 3635 3637
f 3531 3530 3638
f 3638 3530 3529
f 3529 3528 3638
f 3638 3528 3639
f 3638 3639 3640
f 3528 3527 3639
f 3639 3527 3641
f 3639 3641 3642
f 3643 3644 3645
f 3645 3644 3533
f 3645 3533 3532
f 3641 3646 3642
f 3642 3646 3647
f 3642 3647 3648
f 3648 3647 3649
f 3648 3649 3643
f 3643 3649 3650
f 3643 3650 3644
f 3532 3531 3645
f 3645 3531 3638
f 3645 3638 3651
f 3651 3638 3652
f 3651 3652 3653
f 3653 3652 3654
f 3482 3481 3618
f 3483 3482 3655
f 3655 3482 3618
f 3655 3618 3656
f 3481 3480 3618
f 3618 3480 3657
f 3618 3657 3652
f 3652 3657 3658
f 3652 3658 3654
f 3659 3660 3655
f 3655 3660 3484
f 3655 3484 3483
f 3480 3479 3657
f 3657 3479 3478
f 3657 3478 3661
f 3661 3478 3662
f 3662 3663 3661
f 3661 3663 3664
f 3661 3664 3665
f 3665 3664 3666
f 3665 3666 3659
f 3659 3666 3667
f 3659 3667 3660
f 3516 3668 3517
f 3517 3668 3669
f 3517 3669 3518
f 3516 3515 3668
f 3668 3515 3670
f 3668 3670 3621
f 3621 3670 3671
f 3621 3671 3619
f 3515 3514 3670
f 3670 3514 3513
f 3670 3513 3672
f 3672 3513 3673
f 3674 3675 3669
f 3669 3675 3519
f 3669 3519 3518
f 3673 3676 3672
f 3672 3676 3677
f 3672 3677 3678
f 3678 3677 3679
f 3678 3679 3674
f 3674 3679 3680
f 3674 3680 3675
f 3681 3682 3683
f 3683 3682 3684
f 3685 3622 3624
f 3624 3622 3521
f 3624 3521 3520
f 3686 3512 3621
f 3620 3656 3621
f 3621 3656 3618
f 3621 3618 3686
f 3686 3618 3617
f 3512 3511 3621
f 3621 3511 3510
f 3621 3510 3687
f 3687 3510 3509
f 3687 3509 3652
f 3652 3509 3508
f 3652 3508 3507
f 3507 3506 3652
f 3652 3506 3688
f 3652 3688 3618
f 3618 3688 3689
f 3618 3689 3616
f 3690 3691 3638
f 3501 3692 3502
f 3502 3692 3687
f 3502 3687 3503
f 3503 3687 3652
f 3503 3652 3504
f 3501 3500 3692
f 3692 3500 3499
f 3692 3499 3693
f 3634 3636 3640
f 3640 3636 3692
f 3640 3692 3638
f 3638 3692 3693
f 3638 3693 3690
f 3691 3694 3638
f 3638 3694 3695
f 3638 3695 3652
f 3652 3695 3505
f 3652 3505 3504
f 3696 3491 3697
f 3668 3698 3699
f 3486 3485 3621
f 3621 3485 3700
f 3621 3700 3668
f 3668 3700 3701
f 3668 3701 3698
f 3491 3490 3697
f 3697 3490 3489
f 3697 3489 3687
f 3687 3489 3488
f 3687 3488 3621
f 3621 3488 3487
f 3621 3487 3486
f 3684 3702 3683
f 3683 3702 3669
f 3683 3669 3697
f 3697 3669 3668
f 3697 3668 3696
f 3696 3668 3699
f 3703 3498 3692
f 3704 3705 3622
f 3622 3705 3706
f 3493 3492 3697
f 3697 3492 3707
f 3498 3497 3692
f 3692 3497 3496
f 3692 3496 3687
f 3687 3496 3495
f 3687 3495 3697
f 3697 3495 3494
f 3697 3494 3493
f 3681 3683 3685
f 3685 3683 3697
f 3685 3697 3622
f 3622 3697 3707
f 3622 3707 3704
f 3637 3708 3636
f 3636 3708 3623
f 3636 3623 3692
f 3692 3623 3622
f 3692 3622 3703
f 3703 3622 3706
f 3709 3710 3711
f 3709 3711 3712
f 3712 3711 3713
f 3712 3713 3714
f 3543 3715 3536
f 3536 3715 3716
f 3536 3716 3534
f 3534 3716 3717
f 3534 3717 3541
f 3541 3717 3718
f 3541 3718 3540
f 3540 3718 3719
f 3540 3719 3538
f 3538 3719 3720
f 3538 3720 3539
f 3539 3720 3721
f 3555 3722 3548
f 3548 3722 3723
f 3548 3723 3546
f 3546 3723 3724
f 3546 3724 3553
f 3553 3724 3725
f 3553 3725 3552
f 3552 3725 3726
f 3552 3726 3550
f 3550 3726 3727
f 3550 3727 3551
f 3551 3727 3728
f 3559 3729 3560
f 3560 3729 3730
f 3560 3730 3561
f 3561 3730 3731
f 3561 3731 3562
f 3562 3731 3732
f 3562 3732 3563
f 3563 3732 3733
f 3563 3733 3566
f 3566 3733 3734
f 3566 3734 3565
f 3565 3734 3735
f 3579 3736 3572
f 3572 3736 3737
f 3572 3737 3570
f 3570 3737 3738
f 3570 3738 3577
f 3577 3738 3739
f 3577 3739 3576
f 3576 3739 3740
f 3576 3740 3574
f 3574 3740 3741
f 3574 3741 3575
f 3575 3741 3742
f 3591 3743 3584
f 3584 3743 3744
f 3584 3744 3582
f 3582 3744 3745
f 3582 3745 3589
f 3589 3745 3746
f 3589 3746 3588
f 3588 3746 3747
f 3588 3747 3586
f 3586 3747 3748
f 3586 3748 3587
f 3587 3748 3749
f 3595 3750 3596
f 3596 3750 3751
f 3596 3751 3597
f 3597 3751 3752
f 3597 3752 3598
f 3598 3752 3753
f 3598 3753 3599
f 3599 3753 3754
f 3599 3754 3602
f 3602 3754 3755
f 3602 3755 3601
f 3601 3755 3756
f 3757 3758 3759
f 3760 3758 3757
f 3761 3760 3757
f 3757 3762 3763
f 3764 3762 3757
f 3759 3764 3757
f 3765 3766 3767
f 3768 3766 3765
f 3769 3768 3765
f 3765 3770 3771
f 3772 3770 3765
f 3767 3772 3765
f 3773 3774 3775
f 3776 3774 3773
f 3777 3776 3773
f 3773 3778 3779
f 3780 3778 3773
f 3775 3780 3773
f 3781 3782 3783
f 3784 3782 3781
f 3785 3784 3781
f 3781 3786 3787
f 3788 3786 3781
f 3783 3788 3781
f 3789 3790 3791
f 3792 3790 3789
f 3793 3792 3789
f 3789 3794 3795
f 3796 3794 3789
f 3791 3796 3789
f 3797 3798 3799
f 3800 3798 3797
f 3801 3800 3797
f 3797 3802 3803
f 3804 3802 3797
f 3799 3804 3797
f 3805 3806 3807
f 3808 3806 3805
f 3809 3808 3805
f 3805 3810 3811
f 3812 3810 3805
f 3807 3812 3805
f 3813 3814 3815
f 3816 3814 3813
f 3817 3816 3813
f 3813 3818 3819
f 3820 3818 3813
f 3815 3820 3813
f 3821 3822 3823
f 3823 3822 3824
f 3822 3821 3825
f 3825 3821 3826
f 3825 3826 3827
f 3827 3826 3828
f 3827 3828 3829
f 3829 3828 3830
f 3829 3830 3831
f 3831 3830 3832
f 3831 3832 3833
f 3833 3832 3834
f 3833 3834 3835
f 3835 3834 3836
f 3835 3836 3837
f 3837 3836 3838
f 3839 3840 3841
f 3841 3840 3842
f 3840 3839 3843
f 3843 3839 3844
f 3843 3844 3845
f 3845 3844 3846
f 3845 3846 3847
f 3847 3846 3848
f 3847 3848 3849
f 3849 3848 3850
f 3849 3850 3851
f 3851 3850 3852
f 3851 3852 3853
f 3853 3852 3854
f 3853 3854 3855
f 3855 3854 3856
f 3857 3858 3859
f 3859 3858 3860
f 3858 3857 3861
f 3861 3857 3862
f 3861 3862 3863
f 3863 3862 3864
f 3863 3864 3865
f 3865 3864 3866
f 3865 3866 3867
f 3867 3866 3868
f 3867 3868 3869
f 3869 3868 3870
f 3869 3870 3871
f 3871 3870 3872
f 3871 3872 3873
f 3873 3872 3874
f 3873 3874 3875
f 3875 3874 3876
f 3877 3878 3879
f 3879 3878 3880
f 3878 3877 3881
f 3881 3877 3882
f 3883 3884 3885
f 3885 3884 3886
f 3887 3888 3889
f 3889 3888 3890
f 3888 3887 3891
f 3891 3887 3892
f 3891 3892 3893
f 3893 3892 3894
f 3893 3894 3895
f 3895 3894 3896
f 3897 3898 3899
f 3899 3898 3900
f 1530 1531 3614
f 1530 3614 1528
f 3614 3612 1528
f 1528 3612 3610
f 1528 3610 1526
f 1526 3610 3608
f 1526 3608 1517
f 1517 3608 3607
f 1517 3607 1518
f 1531 1532 3614
f 3614 1532 3615
f 1536 1538 3609
f 3609 1538 3606
f 3606 1538 1539
f 3606 1539 1520
f 3609 3611 1536
f 1536 3611 3613
f 1536 3613 1533
f 1533 3613 3615
f 1533 3615 1532
f 3607 3606 1518
f 1518 3606 1520
f 1544 3901 3631
f 3631 3901 3626
f 3626 3901 3624
f 3624 3901 3902
f 3624 3902 3685
f 3685 3902 3903
f 3685 3903 3681
f 3681 3903 3904
f 3681 3904 3682
f 3682 3904 3905
f 3682 3905 3684
f 3684 3905 3906
f 3684 3906 3702
f 3702 3906 3907
f 3702 3907 3669
f 3669 3907 3908
f 3669 3908 3674
f 3674 3908 3909
f 3674 3909 3678
f 3678 3909 3910
f 3678 3910 3672
f 3672 3910 3911
f 3672 3911 3670
f 3670 3911 3912
f 3670 3912 3671
f 3671 3912 3913
f 3671 3913 3619
f 3619 3913 3914
f 3619 3914 3620
f 3620 3914 3915
f 3620 3915 3656
f 3656 3915 3916
f 3656 3916 3655
f 3655 3916 3917
f 3655 3917 3659
f 3659 3917 1567
f 3659 1567 3665
f 3710 3709 3918
f 3918 3709 3919
f 3920 3921 3922
f 3920 3922 3923
f 3710 3918 3711
f 3711 3918 3924
f 3711 3924 3713
f 3713 3924 3923
f 3713 3923 3925
f 3925 3923 3922
f 3921 3926 3922
f 3922 3926 3927
f 3928 3929 3930
f 3930 3929 3927
f 3930 3927 3926
f 3919 3709 3931
f 3931 3709 3712
f 3931 3712 3928
f 3928 3712 3714
f 3928 3714 3929
f 3932 3933 3838
f 3838 3933 3837
f 3824 3718 3717
f 3717 3837 3824
f 3824 3837 3933
f 3824 3933 3934
f 3717 3716 3837
f 3837 3716 3715
f 3837 3715 3835
f 3835 3715 3935
f 3835 3935 3833
f 3833 3935 3936
f 3833 3936 3831
f 3831 3936 3937
f 3831 3937 3829
f 3829 3937 3938
f 3829 3938 3827
f 3827 3938 3939
f 3827 3939 3825
f 3825 3939 3721
f 3825 3721 3822
f 3822 3721 3720
f 3822 3720 3824
f 3824 3720 3719
f 3824 3719 3718
f 3823 3824 3940
f 3940 3824 3934
f 3941 3942 3943
f 3943 3942 3944
f 3728 3943 3945
f 3945 3943 3946
f 3945 3946 3947
f 3947 3946 3948
f 3947 3948 3949
f 3728 3727 3943
f 3943 3727 3726
f 3943 3726 3941
f 3726 3725 3941
f 3941 3725 3724
f 3941 3724 3950
f 3950 3724 3723
f 3950 3723 3951
f 3951 3723 3722
f 3948 3952 3949
f 3949 3952 3953
f 3949 3953 3954
f 3954 3953 3955
f 3954 3955 3956
f 3956 3955 3957
f 3956 3957 3722
f 3722 3957 3958
f 3722 3958 3951
f 3959 3960 3900
f 3900 3960 3899
f 3890 3961 3735
f 3735 3899 3890
f 3890 3899 3960
f 3890 3960 3962
f 3735 3734 3899
f 3899 3734 3733
f 3899 3733 3897
f 3897 3733 3732
f 3897 3732 3963
f 3963 3732 3731
f 3963 3731 3964
f 3964 3731 3730
f 3964 3730 3895
f 3895 3730 3729
f 3895 3729 3893
f 3893 3729 3965
f 3893 3965 3891
f 3891 3965 3966
f 3891 3966 3888
f 3888 3966 3967
f 3888 3967 3890
f 3890 3967 3968
f 3890 3968 3961
f 3889 3890 3969
f 3969 3890 3962
f 1540 1521 3886
f 3886 1521 3885
f 3885 1521 1509
f 3880 3736 3970
f 3970 3971 3880
f 3880 3971 3972
f 3880 3972 1509
f 1509 3972 3973
f 1509 3973 3885
f 3739 3974 3740
f 3740 3974 3975
f 3740 3975 3741
f 3741 3975 3883
f 3741 3883 3742
f 3742 3883 3885
f 3742 3885 3976
f 3976 3885 3973
f 3880 3878 3736
f 3736 3878 3881
f 3736 3881 3737
f 3737 3881 3977
f 3737 3977 3738
f 3738 3977 3978
f 3738 3978 3739
f 3739 3978 3979
f 3739 3979 3974
f 3879 3880 1508
f 1508 3880 1509
f 1505 1504 3876
f 3876 1504 3875
f 3860 3745 3744
f 3860 3858 3745
f 3745 3858 3861
f 3745 3861 3746
f 3746 3861 3863
f 3746 3863 3747
f 3744 3743 3860
f 3860 3743 3980
f 3860 3980 1511
f 1511 3980 3981
f 1511 3981 1504
f 1504 3981 3982
f 1504 3982 3875
f 3875 3982 3983
f 3875 3983 3873
f 3873 3983 3984
f 3873 3984 3871
f 3871 3984 3749
f 3871 3749 3869
f 3869 3749 3748
f 3869 3748 3867
f 3867 3748 3747
f 3867 3747 3865
f 3865 3747 3863
f 3859 3860 1547
f 1547 3860 1511
f 1502 1501 3856
f 3856 1501 3855
f 3751 3750 3842
f 3750 3855 3842
f 3842 3855 1501
f 3842 1501 1516
f 3750 3985 3855
f 3855 3985 3986
f 3855 3986 3853
f 3853 3986 3987
f 3853 3987 3851
f 3851 3987 3988
f 3851 3988 3849
f 3849 3988 3989
f 3849 3989 3847
f 3847 3989 3756
f 3847 3756 3845
f 3845 3756 3755
f 3845 3755 3843
f 3843 3755 3754
f 3843 3754 3840
f 3840 3754 3753
f 3840 3753 3842
f 3842 3753 3752
f 3842 3752 3751
f 3841 3842 1515
f 1515 3842 1516
f 3990 3943 3991
f 3991 3943 3944
f 3992 3946 3990
f 3990 3946 3943
f 3946 3992 3993
f 3946 3993 3948
f 3948 3993 3994
f 3948 3994 3952
f 3952 3994 3995
f 3952 3995 3953
f 3995 3996 3953
f 3953 3996 3997
f 3953 3997 3955
f 3997 3998 3955
f 3955 3998 3999
f 3955 3999 3957
f 3957 3999 4000
f 3957 4000 3958
f 3950 4001 3941
f 3941 4001 4002
f 4003 3942 4002
f 4002 3942 3941
f 3759 4004 3764
f 3764 4004 4005
f 3764 4005 3762
f 3762 4005 4006
f 3762 4006 3763
f 3763 4006 4007
f 3763 4007 4008
f 4008 4007 4009
f 4008 4009 4010
f 4010 4009 4011
f 4010 4011 4012
f 4012 4011 4013
f 4014 4015 3769
f 3769 4015 4016
f 3769 4016 3768
f 3768 4016 4017
f 3768 4017 3766
f 3766 4017 4018
f 3766 4018 3767
f 3767 4018 4019
f 3767 4019 3772
f 3772 4019 4020
f 3772 4020 3770
f 3770 4020 4021
f 3776 4022 3774
f 3774 4022 4023
f 3774 4023 3775
f 3775 4023 4024
f 3775 4024 3780
f 3780 4024 4025
f 3780 4025 3778
f 3778 4025 4026
f 3778 4026 3779
f 3779 4026 4027
f 3779 4027 4028
f 4028 4027 4029
f 3783 4030 3788
f 3788 4030 4031
f 3788 4031 3786
f 3786 4031 4032
f 3786 4032 3787
f 3787 4032 4033
f 3787 4033 4034
f 4034 4033 4035
f 4034 4035 4036
f 4036 4035 4037
f 4036 4037 4038
f 4038 4037 4039
f 3794 4040 3795
f 3795 4040 4041
f 3795 4041 4042
f 4042 4041 4043
f 4042 4043 4044
f 4044 4043 4045
f 4044 4045 4046
f 4046 4045 4047
f 4046 4047 4048
f 4048 4047 4049
f 4048 4049 4050
f 4050 4049 4051
f 4052 4053 4054
f 4054 4053 4055
f 4054 4055 4056
f 4056 4055 4057
f 4056 4057 4058
f 4058 4057 4059
f 4058 4059 4060
f 4060 4059 4061
f 4060 4061 3801
f 3801 4061 4062
f 3801 4062 3800
f 3800 4062 4063
f 4064 4065 4066
f 4066 4065 4067
f 4066 4067 4068
f 4068 4067 4069
f 4068 4069 3809
f 3809 4069 4070
f 3809 4070 3808
f 3808 4070 4071
f 3808 4071 3806
f 3806 4071 4072
f 3806 4072 3807
f 3807 4072 4073
f 3815 4074 3820
f 3820 4074 4075
f 3820 4075 3818
f 3818 4075 4076
f 3818 4076 3819
f 3819 4076 4077
f 3819 4077 4078
f 4078 4077 4079
f 4078 4079 4080
f 4080 4079 4081
f 4080 4081 4082
f 4082 4081 4083
f 3823 3940 3821
f 3821 3940 4084
f 3821 4084 3826
f 3826 4084 4085
f 3826 4085 3828
f 3828 4085 4086
f 3828 4086 3830
f 3830 4086 4087
f 3830 4087 3832
f 3832 4087 4088
f 3832 4088 3834
f 3834 4088 4089
f 3834 4089 3836
f 3836 4089 4090
f 3838 3836 3932
f 3932 3836 4090
f 3932 4090 4091
f 3841 1515 3839
f 3839 1515 4092
f 3839 4092 3844
f 3844 4092 4093
f 3844 4093 3846
f 3846 4093 4094
f 3846 4094 3848
f 3848 4094 4095
f 3848 4095 3850
f 3850 4095 4096
f 3850 4096 3852
f 3852 4096 4097
f 3852 4097 3854
f 3854 4097 4098
f 3856 3854 1502
f 1502 3854 4098
f 1502 4098 1503
f 3859 1547 3857
f 3857 1547 4099
f 3857 4099 3862
f 3862 4099 4100
f 3862 4100 3864
f 3864 4100 4101
f 3864 4101 3866
f 3866 4101 4102
f 3866 4102 3868
f 3868 4102 4103
f 3868 4103 3870
f 3870 4103 4104
f 3870 4104 3872
f 3872 4104 4105
f 3872 4105 3874
f 3874 4105 4106
f 3876 3874 1505
f 1505 3874 4106
f 1505 4106 1506
f 3879 1508 3877
f 3877 1508 4107
f 3877 4107 3882
f 3882 4107 4108
f 3886 3884 1540
f 1540 3884 4109
f 1540 4109 1541
f 3889 3969 3887
f 3887 3969 4110
f 3892 3887 4110
f 4111 3896 4112
f 4112 3896 3894
f 4112 3894 4113
f 4113 3894 3892
f 4113 3892 4114
f 4114 3892 4110
f 3900 3898 3959
f 3959 3898 4115
f 3959 4115 4116
f 3990 3991 3992
f 3992 3991 4117
f 4118 4000 4119
f 4119 4000 3999
f 4119 3999 4120
f 4120 3999 3998
f 3998 3997 4120
f 4120 3997 3996
f 4120 3996 4121
f 3992 4117 3993
f 3993 4117 4122
f 3993 4122 3994
f 3994 4122 4121
f 3994 4121 3995
f 3995 4121 3996
f 4002 4001 4003
f 4003 4001 4123
f 4003 4123 4124
f 4125 4126 4127
f 4128 4129 4130
f 4131 4116 4115
f 1543 4132 1545
f 1537 4133 1523
f 1568 4134 4135
f 4136 4137 4138
f 4139 4140 4013
f 4013 4011 4139
f 4139 4011 4009
f 4139 4009 4141
f 4009 4007 4141
f 4141 4007 4006
f 4141 4006 4142
f 4142 4006 4005
f 4142 4005 4004
f 4090 4089 4135
f 4135 4089 4088
f 4135 4088 4143
f 4143 4088 4087
f 3940 4142 4084
f 4084 4142 4004
f 4084 4004 4085
f 4085 4004 4144
f 4085 4144 4086
f 4086 4144 4145
f 4086 4145 4087
f 4087 4145 4146
f 4087 4146 4143
f 4143 4146 4147
f 4143 4147 4140
f 4140 4147 4148
f 4140 4148 4013
f 4069 4067 4149
f 4149 4067 4138
f 4138 4067 4065
f 4138 4065 4136
f 4073 4072 4150
f 4150 4072 4071
f 4150 4071 4149
f 4149 4071 4070
f 4149 4070 4069
f 4137 4151 1535
f 1535 4151 1537
f 1537 4151 4152
f 1537 4152 4133
f 4133 4152 4153
f 4133 4153 4073
f 4154 4155 4140
f 4156 4157 4158
f 4158 4159 4156
f 4156 4159 4160
f 4156 4160 4123
f 4123 4160 4161
f 4123 4161 4124
f 4162 4032 4139
f 4139 4032 4031
f 4139 4031 4140
f 4140 4031 4030
f 4140 4030 4154
f 4159 4039 4160
f 4160 4039 4037
f 4160 4037 4163
f 4163 4037 4035
f 4163 4035 4162
f 4162 4035 4033
f 4162 4033 4032
f 4134 4164 4135
f 4135 4164 4165
f 4135 4165 4090
f 4090 4165 4166
f 4090 4166 4091
f 4167 4168 4169
f 4169 4170 4167
f 4167 4170 4051
f 4167 4051 4171
f 4051 4049 4171
f 4171 4049 4047
f 4171 4047 1566
f 1566 4047 4045
f 4167 4095 4094
f 4045 4043 1566
f 1566 4043 4041
f 1566 4041 1564
f 1564 4041 4040
f 1564 4040 1562
f 1562 4040 4172
f 1562 4172 1514
f 1514 4172 4173
f 1514 4173 1515
f 4167 4094 4168
f 4168 4094 4093
f 4168 4093 4173
f 4173 4093 4092
f 4173 4092 1515
f 4062 4061 4167
f 4063 4174 4175
f 4175 4174 4176
f 4062 4167 4063
f 1548 1549 4174
f 4174 1549 1551
f 4174 1551 4176
f 4095 4167 4096
f 4096 4167 4061
f 4096 4061 4059
f 1553 4177 1551
f 1551 4177 4178
f 1551 4178 4176
f 1559 4057 1557
f 1557 4057 4055
f 1557 4055 1555
f 1555 4055 4053
f 1555 4053 1553
f 1553 4053 4179
f 1553 4179 4177
f 1559 1503 4057
f 4057 1503 4098
f 4057 4098 4059
f 4059 4098 4097
f 4059 4097 4096
f 4103 4102 4149
f 4149 4102 4101
f 4149 4101 4174
f 4138 1513 1506
f 4101 4100 4174
f 4174 4100 4099
f 4174 4099 1548
f 1548 4099 1547
f 1506 4106 4138
f 4138 4106 4105
f 4138 4105 4149
f 4149 4105 4104
f 4149 4104 4103
f 4137 1535 4138
f 4138 1535 1534
f 4138 1534 1513
f 4073 4150 4133
f 4133 4150 4075
f 4133 4075 4074
f 1523 4180 1507
f 1507 4180 4181
f 1507 4181 4083
f 1508 1507 4107
f 4107 1507 4083
f 4107 4083 4108
f 4108 4083 4081
f 4108 4081 4182
f 4182 4081 4183
f 4184 4185 4132
f 4074 4186 4133
f 4133 4186 4187
f 4133 4187 1523
f 1523 4187 4188
f 1523 4188 4180
f 4184 4132 4109
f 4081 4079 4183
f 4183 4079 4077
f 4183 4077 4150
f 4150 4077 4076
f 4150 4076 4075
f 4132 1543 4109
f 4109 1543 1542
f 4109 1542 1541
f 4189 1546 4190
f 1545 4132 1546
f 1546 4132 4191
f 1546 4191 4190
f 4018 4017 4192
f 4190 4193 4189
f 4189 4193 4194
f 4189 4194 4195
f 4195 4194 4021
f 4195 4021 4020
f 4017 4016 4192
f 4192 4016 4015
f 4192 4015 4132
f 4132 4015 4196
f 4132 4196 4191
f 4114 4019 4113
f 4113 4019 4018
f 4113 4018 4112
f 4112 4018 4192
f 4112 4192 4111
f 4110 3969 4197
f 4197 4198 4110
f 4110 4198 4195
f 4110 4195 4114
f 4114 4195 4020
f 4114 4020 4019
f 4023 4022 4130
f 4022 4199 4192
f 4192 4199 4200
f 4192 4200 4201
f 4202 4115 4201
f 4201 4115 4203
f 4201 4203 4192
f 4192 4203 4204
f 4192 4204 4111
f 4027 4129 4029
f 4029 4129 4205
f 4029 4205 4206
f 4206 4205 4202
f 4027 4026 4129
f 4129 4026 4025
f 4129 4025 4130
f 4130 4025 4024
f 4130 4024 4023
f 4202 4205 4115
f 4115 4205 4207
f 4115 4207 4131
f 4123 4208 4156
f 4156 4208 4118
f 4156 4118 4209
f 4209 4118 4119
f 4209 4119 4120
f 4121 4122 4126
f 4126 4122 4117
f 4126 4117 4127
f 3991 4210 4117
f 4117 4210 4211
f 4117 4211 4127
f 4120 4121 4209
f 4209 4121 4126
f 4209 4126 4130
f 4130 4126 4125
f 4130 4125 4128
f 4212 4213 4130
f 4214 4209 4215
f 4215 4209 4130
f 4215 4130 4216
f 4216 4130 4213
f 4022 4192 4130
f 4130 4192 4217
f 4130 4217 4212
f 4218 4132 4150
f 4150 4132 4185
f 4150 4185 4183
f 4218 4219 4132
f 4132 4219 4220
f 4132 4220 4221
f 4221 4222 4132
f 4132 4222 4223
f 4132 4223 4192
f 4192 4223 4224
f 4192 4224 4217
f 4063 4167 4174
f 4174 4167 3223
f 4174 3223 3221
f 4174 3215 4149
f 4149 3215 3213
f 4149 3213 4150
f 4150 3213 3211
f 4150 3211 4218
f 3221 3219 4174
f 4174 3219 3217
f 4174 3217 3215
f 3231 4171 3233
f 3233 4171 3235
f 3231 3229 4171
f 4171 3229 3227
f 4171 3227 4167
f 4167 3227 3225
f 4167 3225 3223
f 1566 1568 4171
f 4171 1568 4135
f 4171 4135 3235
f 3235 4135 4143
f 3235 4143 3237
f 3237 4143 3239
f 4214 3239 4209
f 4209 3239 4143
f 4209 4143 4156
f 4156 4143 4140
f 4156 4140 4157
f 4157 4140 4155
f 4225 4226 4227
f 4228 4229 4230
f 4230 4229 4231
f 4227 4226 4232
f 4233 4234 4226
f 4226 4234 4235
f 4236 4237 4238
f 4238 4237 4233
f 4238 4233 4239
f 4239 4233 4226
f 4231 4232 4230
f 4230 4232 4226
f 4230 4226 4240
f 4240 4226 4235
f 4240 4235 4241
f 4242 4243 4227
f 4227 4243 4244
f 4227 4244 4225
f 4245 4246 4247
f 4248 4249 4247
f 4247 4249 4250
f 4247 4250 4245
f 4251 4252 4253
f 4253 4252 4246
f 4253 4246 4254
f 4254 4246 4245
f 4252 4255 4246
f 4246 4255 4256
f 4246 4256 4257
f 4258 4259 4260
f 4260 4259 4261
f 4260 4261 4262
f 4262 4261 4246
f 4262 4246 4263
f 4263 4246 4257
f 4264 4265 4266
f 4266 4265 4267
f 4268 4265 4269
f 4270 4271 4272
f 4272 4271 4268
f 4272 4268 4273
f 4273 4268 4269
f 4274 4275 4276
f 4276 4275 4269
f 4276 4269 4277
f 4277 4269 4265
f 4278 4267 4279
f 4279 4267 4265
f 4279 4265 4280
f 4280 4265 4268
f 4281 4282 4266
f 4266 4282 4283
f 4266 4283 4264
f 1607 4269 1605
f 1605 4269 4275
f 1605 4275 1603
f 1603 4275 4274
f 1603 4274 1610
f 1610 4274 4276
f 1610 4276 1608
f 1608 4276 4277
f 1608 4277 1591
f 1599 4273 1607
f 1607 4273 4269
f 4264 1580 4265
f 4265 1580 1589
f 4265 1589 4277
f 4277 1589 1591
f 4273 1599 4272
f 4272 1599 1601
f 4266 1588 4281
f 4281 1588 1586
f 4281 1586 4282
f 4282 1586 1584
f 4282 1584 4283
f 4283 1584 1582
f 4283 1582 4264
f 4264 1582 1580
f 4280 4268 1576
f 1576 4268 1594
f 4267 1572 4266
f 4266 1572 1588
f 4280 1576 4279
f 4279 1576 1574
f 4279 1574 4278
f 4278 1574 1571
f 4278 1571 4267
f 4267 1571 1572
f 4263 1624 4262
f 4262 1624 2151
f 4255 1622 4256
f 4256 1622 1628
f 4256 1628 4257
f 4257 1628 1626
f 4257 1626 4263
f 4263 1626 1624
f 1640 4261 1644
f 1644 4261 4259
f 1644 4259 1651
f 1651 4259 4258
f 1651 4258 1649
f 1649 4258 4260
f 1649 4260 1647
f 1647 4260 1645
f 1645 4260 4262
f 1645 4262 2151
f 4255 4252 1622
f 1622 4252 1614
f 4261 1640 4246
f 4246 1640 1642
f 4254 1620 4253
f 4253 1620 1618
f 4253 1618 4251
f 4251 1618 1616
f 4251 1616 4252
f 4252 1616 1614
f 4247 1638 4248
f 4248 1638 1636
f 4248 1636 4249
f 4249 1636 1634
f 4249 1634 4250
f 4250 1634 1632
f 4250 1632 4245
f 4245 1632 1630
f 4245 1630 4254
f 4254 1630 1620
f 4235 4234 2152
f 1677 4240 1678
f 1678 4240 4241
f 1678 4241 1680
f 1680 4241 4235
f 1680 4235 4284
f 4284 4235 2152
f 4230 4240 1683
f 1683 4240 1677
f 4233 1669 4234
f 4234 1669 2152
f 4228 4230 1683
f 1685 4231 1688
f 1688 4231 4229
f 1683 1691 4228
f 4228 1691 1692
f 4228 1692 4229
f 4229 1692 1689
f 4229 1689 1688
f 4239 1666 4238
f 4238 1666 1675
f 4238 1675 4236
f 4236 1675 1673
f 4236 1673 4237
f 4237 1673 1671
f 4237 1671 4233
f 4233 1671 1669
f 1662 4227 1684
f 1684 4227 4232
f 4225 1655 4226
f 4226 1655 1664
f 4226 1664 4239
f 4239 1664 1666
f 4227 1662 4242
f 4242 1662 1660
f 4242 1660 4243
f 4243 1660 1658
f 4243 1658 4244
f 4244 1658 1656
f 4244 1656 4225
f 4225 1656 1655
f 4231 1685 4232
f 4232 1685 1684
f 4246 1642 4247
f 4247 1642 1638
f 1594 4268 1595
f 1595 4268 4271
f 1595 4271 1597
f 1597 4271 4270
f 1597 4270 1602
f 1602 4270 4272
f 1602 4272 1601
f 4000 4118 4285
f 4285 4118 4208
f 4285 4208 4001
f 4001 4208 4123
f 3896 4111 4286
f 4286 4111 4204
f 4286 4204 4287
f 4287 4204 4203
f 4287 4203 3898
f 3898 4203 4115
f 4109 3884 4184
f 4184 3884 4288
f 4184 4288 4185
f 4185 4288 4289
f 4289 4290 4185
f 4185 4290 4291
f 4185 4291 4183
f 3882 4108 4292
f 4292 4108 4182
f 4292 4182 4293
f 4293 4182 4183
f 4293 4183 4294
f 4294 4183 4291
f 4082 4083 4295
f 4295 4083 4181
f 4295 4181 4296
f 4296 4181 4180
f 4296 4180 3817
f 3817 4180 4188
f 3817 4188 3816
f 3816 4188 4187
f 3816 4187 3814
f 3814 4187 4186
f 3814 4186 3815
f 3815 4186 4074
f 3807 4073 3812
f 3812 4073 4153
f 3812 4153 3810
f 3810 4153 4152
f 3810 4152 3811
f 3811 4152 4151
f 3811 4151 4297
f 4297 4151 4137
f 4297 4137 4298
f 4298 4137 4136
f 4298 4136 4064
f 4064 4136 4065
f 3800 4063 3798
f 3798 4063 4175
f 3798 4175 3799
f 3799 4175 4176
f 3799 4176 3804
f 3804 4176 4178
f 3804 4178 3802
f 3802 4178 4177
f 3802 4177 3803
f 3803 4177 4179
f 3803 4179 4052
f 4052 4179 4053
f 4050 4051 3793
f 3793 4051 4170
f 3793 4170 3792
f 3792 4170 4169
f 3792 4169 3790
f 3790 4169 4168
f 3790 4168 3791
f 3791 4168 4173
f 3791 4173 3796
f 3796 4173 4172
f 3796 4172 3794
f 3794 4172 4040
f 4038 4039 4299
f 4299 4039 4159
f 4299 4159 4300
f 4300 4159 4158
f 4300 4158 3785
f 3785 4158 4157
f 3785 4157 3784
f 3784 4157 4155
f 3784 4155 3782
f 3782 4155 4154
f 3782 4154 3783
f 3783 4154 4030
f 4028 4029 4301
f 4301 4029 4206
f 4301 4206 4302
f 4302 4206 4202
f 4302 4202 4303
f 4303 4202 4201
f 4303 4201 4304
f 4304 4201 4200
f 4304 4200 3777
f 3777 4200 4199
f 3777 4199 3776
f 3776 4199 4022
f 3770 4021 3771
f 3771 4021 4194
f 3771 4194 4305
f 4305 4194 4193
f 4305 4193 4306
f 4306 4193 4190
f 4306 4190 4307
f 4307 4190 4191
f 4307 4191 4308
f 4308 4191 4196
f 4308 4196 4014
f 4014 4196 4015
f 4012 4013 4309
f 4309 4013 4148
f 4309 4148 4310
f 4310 4148 4147
f 4310 4147 3761
f 3761 4147 4146
f 3761 4146 3760
f 3760 4146 4145
f 3760 4145 3758
f 3758 4145 4144
f 3758 4144 3759
f 3759 4144 4004
f 3958 4000 3951
f 3951 4000 4285
f 3951 4285 3950
f 3950 4285 4001
f 3665 1567 1565
f 3665 1565 3661
f 3661 1565 1563
f 3661 1563 3657
f 3657 1563 1561
f 3657 1561 3658
f 3658 1561 1560
f 3658 1560 3654
f 3654 1560 1558
f 3654 1558 3653
f 3653 1558 1556
f 3653 1556 3651
f 3651 1556 1554
f 3651 1554 3645
f 3645 1554 1552
f 3645 1552 3643
f 3643 1552 1550
f 3643 1550 3648
f 3648 1550 1510
f 3648 1510 3642
f 3642 1510 3639
f 3639 1510 1512
f 3639 1512 3640
f 3640 1512 1529
f 3640 1529 3634
f 3634 1529 1527
f 3634 1527 3635
f 3635 1527 1525
f 3635 1525 3637
f 3637 1525 1524
f 3637 1524 3708
f 3708 1524 1519
f 3708 1519 3623
f 3623 1519 1522
f 3623 1522 3627
f 3627 1522 1544
f 3627 1544 3631
f 3895 3896 3964
f 3964 3896 4286
f 3964 4286 3963
f 3963 4286 4287
f 3963 4287 3897
f 3897 4287 3898
f 3881 3882 4292
f 3881 4292 3977
f 3977 4292 4293
f 3977 4293 3978
f 3978 4293 4294
f 3978 4294 3979
f 4294 4291 3979
f 3979 4291 4290
f 3979 4290 3974
f 4290 4289 3974
f 3974 4289 4288
f 3974 4288 3975
f 3975 4288 3884
f 3975 3884 3883
f 3813 4080 4082
f 4078 4080 3813
f 3819 4078 3813
f 3813 4296 3817
f 4295 4296 3813
f 4082 4295 3813
f 3805 4298 4064
f 4297 4298 3805
f 3811 4297 3805
f 3805 4068 3809
f 4066 4068 3805
f 4064 4066 3805
f 3797 4054 4056
f 4052 4054 3797
f 3803 4052 3797
f 3797 4060 3801
f 4058 4060 3797
f 4056 4058 3797
f 3789 4044 4046
f 4042 4044 3789
f 3795 4042 3789
f 3789 4050 3793
f 4048 4050 3789
f 4046 4048 3789
f 3781 4036 4038
f 4034 4036 3781
f 3787 4034 3781
f 3781 4300 3785
f 4299 4300 3781
f 4038 4299 3781
f 3773 4301 4302
f 4028 4301 3773
f 3779 4028 3773
f 3773 4304 3777
f 4303 4304 3773
f 4302 4303 3773
f 3765 4306 4307
f 4305 4306 3765
f 3771 4305 3765
f 3765 4014 3769
f 4308 4014 3765
f 4307 4308 3765
f 3757 4010 4012
f 4008 4010 3757
f 3763 4008 3757
f 3757 4310 3761
f 4309 4310 3757
f 4012 4309 3757
f 3601 3756 3600
f 3600 3756 3989
f 3600 3989 3605
f 3605 3989 3988
f 3605 3988 3604
f 3604 3988 3987
f 3604 3987 3603
f 3603 3987 3986
f 3603 3986 3594
f 3594 3986 3985
f 3594 3985 3595
f 3595 3985 3750
f 3587 3749 3583
f 3583 3749 3984
f 3583 3984 3585
f 3585 3984 3983
f 3585 3983 3593
f 3593 3983 3982
f 3593 3982 3592
f 3592 3982 3981
f 3592 3981 3590
f 3590 3981 3980
f 3590 3980 3591
f 3591 3980 3743
f 3575 3742 3571
f 3571 3742 3976
f 3571 3976 3573
f 3573 3976 3973
f 3573 3973 3581
f 3581 3973 3972
f 3581 3972 3580
f 3580 3972 3971
f 3580 3971 3578
f 3578 3971 3970
f 3578 3970 3579
f 3579 3970 3736
f 3565 3735 3564
f 3564 3735 3961
f 3564 3961 3569
f 3569 3961 3968
f 3569 3968 3568
f 3568 3968 3967
f 3568 3967 3567
f 3567 3967 3966
f 3567 3966 3558
f 3558 3966 3965
f 3558 3965 3559
f 3559 3965 3729
f 3551 3728 3547
f 3547 3728 3945
f 3547 3945 3549
f 3549 3945 3947
f 3549 3947 3557
f 3557 3947 3949
f 3557 3949 3556
f 3556 3949 3954
f 3556 3954 3554
f 3554 3954 3956
f 3554 3956 3555
f 3555 3956 3722
f 3539 3721 3535
f 3535 3721 3939
f 3535 3939 3537
f 3537 3939 3938
f 3537 3938 3545
f 3545 3938 3937
f 3545 3937 3544
f 3544 3937 3936
f 3544 3936 3542
f 3542 3936 3935
f 3542 3935 3543
f 3543 3935 3715
f 3714 3713 3925
f 3714 3925 3929
f 3929 3925 3922
f 3929 3922 3927
f 3647 3475 3477
f 3647 3477 3649
f 3527 3473 3641
f 3641 3473 3474
f 3641 3474 3646
f 3646 3474 3470
f 3646 3470 3647
f 3647 3470 3469
f 3647 3469 3475
f 3468 3533 3465
f 3465 3533 3644
f 3465 3644 3461
f 3461 3644 3650
f 3461 3650 3462
f 3462 3650 3649
f 3462 3649 3476
f 3476 3649 3477
f 3630 3458 3460
f 3630 3460 3632
f 3520 3456 3625
f 3625 3456 3457
f 3625 3457 3629
f 3629 3457 3453
f 3629 3453 3630
f 3630 3453 3452
f 3630 3452 3458
f 3451 3526 3448
f 3448 3526 3628
f 3448 3628 3444
f 3444 3628 3633
f 3444 3633 3445
f 3445 3633 3632
f 3445 3632 3459
f 3459 3632 3460
f 3677 3441 3443
f 3677 3443 3679
f 3513 3439 3673
f 3673 3439 3440
f 3673 3440 3676
f 3676 3440 3436
f 3676 3436 3677
f 3677 3436 3435
f 3677 3435 3441
f 3434 3519 3431
f 3431 3519 3675
f 3431 3675 3427
f 3427 3675 3680
f 3427 3680 3428
f 3428 3680 3679
f 3428 3679 3442
f 3442 3679 3443
f 3422 3512 3423
f 3423 3512 3686
f 3423 3686 3425
f 3425 3686 3617
f 3425 3617 3426
f 3426 3617 3616
f 3426 3616 3411
f 3411 3616 3689
f 3411 3689 3413
f 3413 3689 3688
f 3413 3688 3415
f 3415 3688 3506
f 3405 3505 3406
f 3406 3505 3695
f 3406 3695 3408
f 3408 3695 3694
f 3408 3694 3409
f 3409 3694 3691
f 3409 3691 3394
f 3394 3691 3690
f 3394 3690 3396
f 3396 3690 3693
f 3396 3693 3398
f 3398 3693 3499
f 3388 3498 3389
f 3389 3498 3703
f 3389 3703 3391
f 3391 3703 3706
f 3391 3706 3392
f 3392 3706 3705
f 3392 3705 3377
f 3377 3705 3704
f 3377 3704 3379
f 3379 3704 3707
f 3379 3707 3381
f 3381 3707 3492
f 3363 3491 3362
f 3362 3491 3696
f 3362 3696 3361
f 3361 3696 3699
f 3361 3699 3367
f 3367 3699 3698
f 3367 3698 3368
f 3368 3698 3701
f 3368 3701 3370
f 3370 3701 3700
f 3370 3700 3372
f 3372 3700 3485
f 3664 3356 3358
f 3664 3358 3666
f 3478 3354 3662
f 3662 3354 3355
f 3662 3355 3663
f 3663 3355 3351
f 3663 3351 3664
f 3664 3351 3350
f 3664 3350 3356
f 3349 3484 3346
f 3346 3484 3660
f 3346 3660 3342
f 3342 3660 3667
f 3342 3667 3343
f 3343 3667 3666
f 3343 3666 3357
f 3357 3666 3358
f 3307 3341 3309
f 3309 3341 3424
f 3309 3424 3312
f 3312 3424 3410
f 3312 3410 3311
f 3311 3410 3412
f 3311 3412 3304
f 3304 3412 3414
f 3304 3414 3302
f 3302 3414 3416
f 3302 3416 3303
f 3303 3416 3335
f 3295 3334 3297
f 3297 3334 3407
f 3297 3407 3300
f 3300 3407 3393
f 3300 3393 3299
f 3299 3393 3395
f 3299 3395 3292
f 3292 3395 3397
f 3292 3397 3290
f 3290 3397 3399
f 3290 3399 3291
f 3291 3399 3328
f 3288 3327 3287
f 3287 3327 3390
f 3287 3390 3285
f 3285 3390 3376
f 3285 3376 3286
f 3286 3376 3378
f 3286 3378 3283
f 3283 3378 3380
f 3283 3380 3281
f 3281 3380 3382
f 3281 3382 3282
f 3282 3382 3321
f 3276 3320 3275
f 3275 3320 3360
f 3275 3360 3273
f 3273 3360 3359
f 3273 3359 3274
f 3274 3359 3369
f 3274 3369 3271
f 3271 3369 3371
f 3271 3371 3269
f 3269 3371 3373
f 3269 3373 3270
f 3270 3373 3314
f 3238 3239 3240
f 3240 3239 4214
f 3240 4214 3241
f 3241 4214 4215
f 3241 4215 3242
f 3242 4215 4216
f 3242 4216 3243
f 3243 4216 4213
f 3243 4213 3244
f 3244 4213 4212
f 3244 4212 3245
f 3245 4212 4217
f 3245 4217 3246
f 3246 4217 4224
f 3246 4224 3247
f 3247 4224 4223
f 3247 4223 3248
f 3248 4223 4222
f 3248 4222 3249
f 3249 4222 4221
f 3249 4221 3250
f 3250 4221 4220
f 3250 4220 3251
f 3251 4220 4219
f 3251 4219 3252
f 3252 4219 4218
f 3252 4218 3210
f 3210 4218 3211
f 3209 3208 4311
f 3209 4311 3265
f 3265 4311 4312
f 3265 4312 3264
f 3264 4312 4313
f 3264 4313 3263
f 3263 4313 4314
f 3263 4314 3262
f 3262 4314 4315
f 3262 4315 3261
f 3261 4315 4316
f 3261 4316 3260
f 3260 4316 1729
f 3260 1729 3259
f 3259 1729 1727
f 3259 1727 3258
f 3258 1727 1725
f 3258 1725 3257
f 3257 1725 1723
f 3257 1723 3256
f 3256 1723 1716
f 3256 1716 3255
f 3255 1716 1715
f 3255 1715 3254
f 3254 1715 1713
f 3254 1713 3253
f 3253 1713 1711
f 3253 1711 3188
f 3086 3158 4317
f 4317 3158 3184
f 4317 3184 4318
f 4318 3184 4319
f 4319 3184 3185
f 4319 3185 4320
f 4320 3185 4321
f 4321 3185 3186
f 4321 3186 4322
f 4322 3186 4323
f 4323 3186 3187
f 4323 3187 4324
f 4324 3187 4325
f 4325 3187 3183
f 4325 3183 4326
f 4326 3183 4327
f 4327 3183 3152
f 4327 3152 3104
f 2767 2799 3173
f 3066 3065 3150
f 2988 2987 3181
f 3181 2987 2955
f 3181 2955 3150
f 3150 2955 4328
f 3150 4328 3066
f 2925 2924 3182
f 3182 2924 2892
f 3182 2892 3181
f 3181 2892 4329
f 3181 4329 2988
f 3172 2862 2829
f 3172 2829 3182
f 3182 2829 4330
f 3182 4330 2925
f 2799 2766 3173
f 3173 2766 4331
f 3173 4331 3172
f 3172 4331 2830
f 3172 2830 2862
f 2704 2736 3174
f 3174 2736 2703
f 3174 2703 3173
f 3173 2703 4332
f 3173 4332 2767
f 3139 2673 2648
f 3139 2648 3174
f 3174 2648 4333
f 3174 4333 2704
f 3180 3179 2384
f 2384 2371 3180
f 3180 2371 4334
f 3180 4334 3020
f 2445 2446 3178
f 3178 2446 2447
f 3178 2447 3179
f 3179 2447 2434
f 3179 2434 4335
f 4335 2382 3179
f 3179 2382 2383
f 3179 2383 2384
f 3177 2507 2504
f 3177 2504 3178
f 3178 2504 4336
f 3178 4336 2445
f 4337 2561 3176
f 3176 2561 2559
f 2559 4338 3176
f 3176 4338 2505
f 3176 2505 3177
f 3177 2505 2506
f 3177 2506 2507
f 2616 2615 3175
f 3175 2615 2628
f 2628 4339 3175
f 3175 4339 4340
f 3175 4340 3176
f 3176 4340 4341
f 3176 4341 4337
f 2616 3175 2627
f 2627 3175 3125
f 2627 3125 3126
f 3020 3019 3180
f 3180 3019 3018
f 3180 3018 3137
f 3137 3018 3017
f 3137 3017 3138
f 2247 2674 3121
f 2258 2737 3122
f 3122 2737 2246
f 3122 2246 3121
f 3121 2246 2245
f 3121 2245 2247
f 2269 2800 3123
f 3123 2800 2257
f 3123 2257 3122
f 3122 2257 2256
f 3122 2256 2258
f 2280 2863 3105
f 3105 2863 2268
f 3105 2268 3123
f 3123 2268 2267
f 3123 2267 2269
f 2291 2923 3106
f 3106 2923 2279
f 3106 2279 3105
f 3105 2279 2278
f 3105 2278 2280
f 3107 2986 2290
f 3107 2290 3106
f 3106 2290 2289
f 3106 2289 2291
f 3064 2301 3108
f 3108 2301 2300
f 3108 2300 3107
f 3107 2300 2302
f 3107 2302 2986
f 4318 4319 4342
f 4320 4321 4343
f 3120 3118 4344
f 4344 3118 4345
f 4344 4345 4346
f 4346 4345 4347
f 3118 3116 4345
f 4345 3116 4348
f 4345 4348 4347
f 4347 4348 4349
f 3101 3120 3102
f 3102 3120 4344
f 3102 4344 3103
f 3103 4344 4346
f 3103 4346 3104
f 3104 4346 4327
f 4322 4323 4349
f 4349 4323 4324
f 4349 4324 4347
f 4347 4324 4325
f 4347 4325 4346
f 4346 4325 4326
f 4346 4326 4327
f 4321 4322 4343
f 4343 4322 4349
f 4343 4349 4350
f 4350 4349 4348
f 4350 4348 3114
f 3114 4348 3116
f 4319 4320 4342
f 4342 4320 4343
f 4342 4343 4351
f 4351 4343 4350
f 4351 4350 3112
f 3112 4350 3114
f 4317 4318 4352
f 4352 4318 4342
f 4352 4342 4353
f 4353 4342 4351
f 4353 4351 3110
f 3110 4351 3112
f 3110 3083 4353
f 4353 3083 3084
f 4353 3084 4352
f 4352 3084 3085
f 4352 3085 4317
f 4317 3085 3086
f 3025 4354 3024
f 3024 4354 4355
f 3024 4355 3023
f 3023 4355 4356
f 3023 4356 3022
f 3022 4356 4357
f 3022 4357 3021
f 3021 4357 4358
f 3021 4358 3016
f 2321 4359 2320
f 2320 4359 4360
f 2320 4360 2319
f 2319 4360 4361
f 2319 4361 2318
f 2318 4361 4362
f 2318 4362 2316
f 2316 4362 4363
f 2316 4363 2315
f 3017 4364 3138
f 3138 4364 4365
f 3138 4365 2321
f 2321 4365 4366
f 2321 4366 4359
f 4359 4366 4367
f 4359 4367 4360
f 4360 4367 4368
f 4360 4368 4361
f 4361 4368 4369
f 4361 4369 4362
f 4362 4369 4370
f 4362 4370 4363
f 2315 4363 2314
f 2314 4363 4370
f 2314 4370 2994
f 2994 4370 4371
f 2994 4371 3025
f 3025 4371 4372
f 3025 4372 4354
f 4354 4372 4373
f 4354 4373 4355
f 4355 4373 4374
f 4355 4374 4356
f 4356 4374 4375
f 4356 4375 4357
f 4357 4375 4364
f 4357 4364 4358
f 4358 4364 3017
f 4358 3017 3016
f 4371 3042 4372
f 4372 3042 3044
f 4372 3044 4373
f 4373 3044 3046
f 4373 3046 4374
f 4374 3046 3048
f 4374 3048 4375
f 4375 3048 3050
f 4375 3050 4364
f 4364 3050 3052
f 4364 3052 4365
f 4365 3052 3054
f 4365 3054 4366
f 4366 3054 3056
f 4366 3056 4367
f 4367 3056 3058
f 4367 3058 4368
f 4368 3058 3060
f 4368 3060 4369
f 4369 3060 3062
f 4369 3062 4370
f 4370 3062 3040
f 4370 3040 4371
f 4371 3040 3042
f 2515 2512 3163
f 2613 2612 3159
f 3159 2612 2618
f 3159 2618 3003
f 3003 2618 2620
f 3003 2620 3004
f 3161 4376 4377
f 3161 4377 3159
f 3159 4377 4378
f 3159 4378 2613
f 2569 2568 3161
f 3161 2568 4379
f 3161 4379 4376
f 2512 2511 3163
f 3163 2511 2510
f 3163 2510 3161
f 3161 2510 4380
f 3161 4380 2569
f 3166 2438 2436
f 3166 2436 3163
f 3163 2436 4381
f 3163 4381 2515
f 3168 2375 2373
f 2373 4382 3168
f 3168 4382 2452
f 3168 2452 3166
f 3166 2452 2439
f 3166 2439 2438
f 3006 3005 3170
f 3170 3005 3008
f 3008 4383 3170
f 3170 4383 2389
f 3170 2389 3168
f 3168 2389 2376
f 3168 2376 2375
f 3006 3170 3025
f 3025 3170 2993
f 3025 2993 2994
f 2937 4384 2934
f 2934 4384 4385
f 2934 4385 2932
f 2932 4385 4386
f 2932 4386 2931
f 2931 4386 4387
f 2931 4387 2929
f 2929 4387 4388
f 2929 4388 2927
f 2310 4389 2311
f 2311 4389 4390
f 2311 4390 2326
f 2326 4390 4391
f 2326 4391 2325
f 2325 4391 4392
f 2325 4392 2324
f 2324 4392 4393
f 2324 4393 2323
f 2322 4394 3136
f 3136 4394 4395
f 3136 4395 2937
f 2937 4395 4396
f 2937 4396 4384
f 4384 4396 4397
f 4384 4397 4385
f 4385 4397 4398
f 4385 4398 4386
f 4386 4398 4399
f 4386 4399 4387
f 4387 4399 4400
f 4387 4400 4388
f 2927 4388 2942
f 2942 4388 4400
f 2942 4400 2995
f 2995 4400 4401
f 2995 4401 2310
f 2310 4401 4402
f 2310 4402 4389
f 4389 4402 4403
f 4389 4403 4390
f 4390 4403 4404
f 4390 4404 4391
f 4391 4404 4405
f 4391 4405 4392
f 4392 4405 4394
f 4392 4394 4393
f 4393 4394 2322
f 4393 2322 2323
f 4401 2964 4402
f 4402 2964 2966
f 4402 2966 4403
f 4403 2966 2968
f 4403 2968 4404
f 4404 2968 2970
f 4404 2970 4405
f 4405 2970 2972
f 4405 2972 4394
f 4394 2972 2974
f 4394 2974 4395
f 4395 2974 2976
f 4395 2976 4396
f 4396 2976 2978
f 4396 2978 4397
f 4397 2978 2980
f 4397 2980 4398
f 4398 2980 2982
f 4398 2982 4399
f 4399 2982 2984
f 4399 2984 4400
f 4400 2984 2962
f 4400 2962 4401
f 4401 2962 2964
f 2874 4406 2871
f 2871 4406 4407
f 2871 4407 2869
f 2869 4407 4408
f 2869 4408 2868
f 2868 4408 4409
f 2868 4409 2866
f 2866 4409 4410
f 2866 4410 2864
f 2947 4411 2946
f 2946 4411 4412
f 2946 4412 2945
f 2945 4412 4413
f 2945 4413 2941
f 2941 4413 4414
f 2941 4414 2940
f 2940 4414 4415
f 2940 4415 2935
f 2936 4416 3134
f 3134 4416 4417
f 3134 4417 2874
f 2874 4417 4418
f 2874 4418 4406
f 4406 4418 4419
f 4406 4419 4407
f 4407 4419 4420
f 4407 4420 4408
f 4408 4420 4421
f 4408 4421 4409
f 4409 4421 4422
f 4409 4422 4410
f 2864 4410 2879
f 2879 4410 4422
f 2879 4422 2996
f 2996 4422 4423
f 2996 4423 2947
f 2947 4423 4424
f 2947 4424 4411
f 4411 4424 4425
f 4411 4425 4412
f 4412 4425 4426
f 4412 4426 4413
f 4413 4426 4427
f 4413 4427 4414
f 4414 4427 4416
f 4414 4416 4415
f 4415 4416 2936
f 4415 2936 2935
f 4423 2901 4424
f 4424 2901 2903
f 4424 2903 4425
f 4425 2903 2905
f 4425 2905 4426
f 4426 2905 2907
f 4426 2907 4427
f 4427 2907 2909
f 4427 2909 4416
f 4416 2909 2911
f 4416 2911 4417
f 4417 2911 2913
f 4417 2913 4418
f 4418 2913 2915
f 4418 2915 4419
f 4419 2915 2917
f 4419 2917 4420
f 4420 2917 2919
f 4420 2919 4421
f 4421 2919 2921
f 4421 2921 4422
f 4422 2921 2899
f 4422 2899 4423
f 4423 2899 2901
f 2814 4428 2813
f 2813 4428 4429
f 2813 4429 2812
f 2812 4429 4430
f 2812 4430 2811
f 2811 4430 4431
f 2811 4431 2809
f 2809 4431 4432
f 2809 4432 2804
f 2884 4433 2883
f 2883 4433 4434
f 2883 4434 2882
f 2882 4434 4435
f 2882 4435 2878
f 2878 4435 4436
f 2878 4436 2877
f 2877 4436 4437
f 2877 4437 2872
f 2805 4438 2998
f 2998 4438 4439
f 2998 4439 2884
f 2884 4439 4440
f 2884 4440 4433
f 4433 4440 4441
f 4433 4441 4434
f 4434 4441 4442
f 4434 4442 4435
f 4435 4442 4443
f 4435 4443 4436
f 4436 4443 4444
f 4436 4444 4437
f 2872 4437 2873
f 2873 4437 4444
f 2873 4444 3132
f 3132 4444 4445
f 3132 4445 2814
f 2814 4445 4446
f 2814 4446 4428
f 4428 4446 4447
f 4428 4447 4429
f 4429 4447 4448
f 4429 4448 4430
f 4430 4448 4449
f 4430 4449 4431
f 4431 4449 4438
f 4431 4438 4432
f 4432 4438 2805
f 4432 2805 2804
f 4445 2840 4446
f 4446 2840 2842
f 4446 2842 4447
f 4447 2842 2844
f 4447 2844 4448
f 4448 2844 2846
f 4448 2846 4449
f 4449 2846 2848
f 4449 2848 4438
f 4438 2848 2850
f 4438 2850 4439
f 4439 2850 2852
f 4439 2852 4440
f 4440 2852 2854
f 4440 2854 4441
f 4441 2854 2856
f 4441 2856 4442
f 4442 2856 2858
f 4442 2858 4443
f 4443 2858 2860
f 4443 2860 4444
f 4444 2860 2838
f 4444 2838 4445
f 4445 2838 2840
f 2751 4450 2750
f 2750 4450 4451
f 2750 4451 2749
f 2749 4451 4452
f 2749 4452 2748
f 2748 4452 4453
f 2748 4453 2746
f 2746 4453 4454
f 2746 4454 2741
f 2821 4455 2820
f 2820 4455 4456
f 2820 4456 2819
f 2819 4456 4457
f 2819 4457 2818
f 2818 4457 4458
f 2818 4458 2817
f 2817 4458 4459
f 2817 4459 2802
f 2742 4460 3000
f 3000 4460 4461
f 3000 4461 2821
f 2821 4461 4462
f 2821 4462 4455
f 4455 4462 4463
f 4455 4463 4456
f 4456 4463 4464
f 4456 4464 4457
f 4457 4464 4465
f 4457 4465 4458
f 4458 4465 4466
f 4458 4466 4459
f 2802 4459 2803
f 2803 4459 4466
f 2803 4466 3130
f 3130 4466 4467
f 3130 4467 2751
f 2751 4467 4468
f 2751 4468 4450
f 4450 4468 4469
f 4450 4469 4451
f 4451 4469 4470
f 4451 4470 4452
f 4452 4470 4471
f 4452 4471 4453
f 4453 4471 4460
f 4453 4460 4454
f 4454 4460 2742
f 4454 2742 2741
f 4467 2777 4468
f 4468 2777 2779
f 4468 2779 4469
f 4469 2779 2781
f 4469 2781 4470
f 4470 2781 2783
f 4470 2783 4471
f 4471 2783 2785
f 4471 2785 4460
f 4460 2785 2787
f 4460 2787 4461
f 4461 2787 2789
f 4461 2789 4462
f 4462 2789 2791
f 4462 2791 4463
f 4463 2791 2793
f 4463 2793 4464
f 4464 2793 2795
f 4464 2795 4465
f 4465 2795 2797
f 4465 2797 4466
f 4466 2797 2775
f 4466 2775 4467
f 4467 2775 2777
f 2690 4472 2685
f 2685 4472 4473
f 2685 4473 2683
f 2683 4473 4474
f 2683 4474 2682
f 2682 4474 4475
f 2682 4475 2680
f 2680 4475 4476
f 2680 4476 2679
f 2758 4477 2757
f 2757 4477 4478
f 2757 4478 2756
f 2756 4478 4479
f 2756 4479 2755
f 2755 4479 4480
f 2755 4480 2754
f 2754 4480 4481
f 2754 4481 2739
f 2678 4482 3002
f 3002 4482 4483
f 3002 4483 2758
f 2758 4483 4484
f 2758 4484 4477
f 4477 4484 4485
f 4477 4485 4478
f 4478 4485 4486
f 4478 4486 4479
f 4479 4486 4487
f 4479 4487 4480
f 4480 4487 4488
f 4480 4488 4481
f 2739 4481 2740
f 2740 4481 4488
f 2740 4488 3128
f 3128 4488 4489
f 3128 4489 2690
f 2690 4489 4490
f 2690 4490 4472
f 4472 4490 4491
f 4472 4491 4473
f 4473 4491 4492
f 4473 4492 4474
f 4474 4492 4493
f 4474 4493 4475
f 4475 4493 4482
f 4475 4482 4476
f 4476 4482 2678
f 4476 2678 2679
f 4489 2714 4490
f 4490 2714 2716
f 4490 2716 4491
f 4491 2716 2718
f 4491 2718 4492
f 4492 2718 2720
f 4492 2720 4493
f 4493 2720 2722
f 4493 2722 4482
f 4482 2722 2724
f 4482 2724 4483
f 4483 2724 2726
f 4483 2726 4484
f 4484 2726 2728
f 4484 2728 4485
f 4485 2728 2730
f 4485 2730 4486
f 4486 2730 2732
f 4486 2732 4487
f 4487 2732 2734
f 4487 2734 4488
f 4488 2734 2712
f 4488 2712 4489
f 4489 2712 2714
f 2695 4494 2694
f 2694 4494 4495
f 2694 4495 2693
f 2693 4495 4496
f 2693 4496 2692
f 2692 4496 4497
f 2692 4497 2691
f 2691 4497 4498
f 2691 4498 2686
f 2627 4499 2626
f 2626 4499 4500
f 2626 4500 2625
f 2625 4500 4501
f 2625 4501 2624
f 2624 4501 4502
f 2624 4502 2622
f 2622 4502 4503
f 2622 4503 2621
f 2620 4504 3004
f 3004 4504 4505
f 3004 4505 2695
f 2695 4505 4506
f 2695 4506 4494
f 4494 4506 4507
f 4494 4507 4495
f 4495 4507 4508
f 4495 4508 4496
f 4496 4508 4509
f 4496 4509 4497
f 4497 4509 4510
f 4497 4510 4498
f 2686 4498 2687
f 2687 4498 4510
f 2687 4510 3126
f 3126 4510 4511
f 3126 4511 2627
f 2627 4511 4512
f 2627 4512 4499
f 4499 4512 4513
f 4499 4513 4500
f 4500 4513 4514
f 4500 4514 4501
f 4501 4514 4515
f 4501 4515 4502
f 4502 4515 4504
f 4502 4504 4503
f 4503 4504 2620
f 4503 2620 2621
f 4511 2651 4512
f 4512 2651 2653
f 4512 2653 4513
f 4513 2653 2655
f 4513 2655 4514
f 4514 2655 2657
f 4514 2657 4515
f 4515 2657 2659
f 4515 2659 4504
f 4504 2659 2661
f 4504 2661 4505
f 4505 2661 2663
f 4505 2663 4506
f 4506 2663 2665
f 4506 2665 4507
f 4507 2665 2667
f 4507 2667 4508
f 4508 2667 2669
f 4508 2669 4509
f 4509 2669 2671
f 4509 2671 4510
f 4510 2671 2649
f 4510 2649 4511
f 4511 2649 2651
f 4340 4516 4517
f 4517 4516 4518
f 4517 4518 4519
f 4519 4518 4520
f 4519 4520 4521
f 4521 4520 4522
f 4521 4522 4523
f 4523 4522 4524
f 4523 4524 4525
f 2613 4526 2614
f 2614 4526 4527
f 2614 4527 2632
f 2632 4527 4528
f 2632 4528 2631
f 2631 4528 4529
f 2631 4529 2630
f 2630 4529 4530
f 2630 4530 2629
f 4377 4531 4378
f 4378 4531 4532
f 4378 4532 2613
f 2613 4532 4533
f 2613 4533 4526
f 4526 4533 4534
f 4526 4534 4527
f 4527 4534 4535
f 4527 4535 4528
f 4528 4535 4536
f 4528 4536 4529
f 4529 4536 4537
f 4529 4537 4530
f 2629 4530 2628
f 2628 4530 4537
f 2628 4537 4339
f 4339 4537 4538
f 4339 4538 4340
f 4340 4538 4539
f 4340 4539 4516
f 4516 4539 4540
f 4516 4540 4518
f 4518 4540 4541
f 4518 4541 4520
f 4520 4541 4542
f 4520 4542 4522
f 4522 4542 4531
f 4522 4531 4524
f 4524 4531 4377
f 4524 4377 4525
f 4538 2588 4539
f 4539 2588 2590
f 4539 2590 4540
f 4540 2590 2592
f 4540 2592 4541
f 4541 2592 2594
f 4541 2594 4542
f 4542 2594 2596
f 4542 2596 4531
f 4531 2596 2598
f 4531 2598 4532
f 4532 2598 2600
f 4532 2600 4533
f 4533 2600 2602
f 4533 2602 4534
f 4534 2602 2604
f 4534 2604 4535
f 4535 2604 2606
f 4535 2606 4536
f 4536 2606 2608
f 4536 2608 4537
f 4537 2608 2586
f 4537 2586 4538
f 4538 2586 2588
f 4525 4543 4523
f 4523 4543 4544
f 4523 4544 4521
f 4521 4544 4519
f 4519 4544 4545
f 4519 4545 4517
f 4340 4517 4341
f 4341 4517 4545
f 4341 4545 4337
f 4337 4545 2561
f 4525 4377 4543
f 4543 4377 4376
f 4543 4376 4379
f 2561 4545 2560
f 2560 4545 4544
f 2560 4544 2563
f 2563 4544 4543
f 2563 4543 2566
f 2566 4543 4379
f 2566 4379 2568
f 2505 4546 2502
f 2502 4546 4547
f 2502 4547 2500
f 2500 4547 4548
f 2500 4548 2499
f 2499 4548 4549
f 2499 4549 2497
f 2497 4549 4550
f 2497 4550 2495
f 2569 4551 2567
f 2567 4551 4552
f 2567 4552 2565
f 2565 4552 4553
f 2565 4553 2564
f 2564 4553 4554
f 2564 4554 2562
f 2562 4554 4555
f 2562 4555 2558
f 2510 4556 4380
f 4380 4556 4557
f 4380 4557 2569
f 2569 4557 4558
f 2569 4558 4551
f 4551 4558 4559
f 4551 4559 4552
f 4552 4559 4560
f 4552 4560 4553
f 4553 4560 4561
f 4553 4561 4554
f 4554 4561 4562
f 4554 4562 4555
f 2558 4555 2559
f 2559 4555 4562
f 2559 4562 4338
f 4338 4562 4563
f 4338 4563 2505
f 2505 4563 4564
f 2505 4564 4546
f 4546 4564 4565
f 4546 4565 4547
f 4547 4565 4566
f 4547 4566 4548
f 4548 4566 4567
f 4548 4567 4549
f 4549 4567 4556
f 4549 4556 4550
f 4550 4556 2510
f 4550 2510 2495
f 4563 2534 4564
f 4564 2534 2536
f 4564 2536 4565
f 4565 2536 2538
f 4565 2538 4566
f 4566 2538 2540
f 4566 2540 4567
f 4567 2540 2542
f 4567 2542 4556
f 4556 2542 2544
f 4556 2544 4557
f 4557 2544 2546
f 4557 2546 4558
f 4558 2546 2548
f 4558 2548 4559
f 4559 2548 2550
f 4559 2550 4560
f 4560 2550 2552
f 4560 2552 4561
f 4561 2552 2554
f 4561 2554 4562
f 4562 2554 2532
f 4562 2532 4563
f 4563 2532 2534
f 2445 4568 2444
f 2444 4568 4569
f 2444 4569 2443
f 2443 4569 4570
f 2443 4570 2442
f 2442 4570 4571
f 2442 4571 2440
f 2440 4571 4572
f 2440 4572 2435
f 2515 4573 2514
f 2514 4573 4574
f 2514 4574 2513
f 2513 4574 4575
f 2513 4575 2509
f 2509 4575 4576
f 2509 4576 2508
f 2508 4576 4577
f 2508 4577 2503
f 2504 4578 4336
f 4336 4578 4579
f 4336 4579 2445
f 2445 4579 4580
f 2445 4580 4568
f 4568 4580 4581
f 4568 4581 4569
f 4569 4581 4582
f 4569 4582 4570
f 4570 4582 4583
f 4570 4583 4571
f 4571 4583 4584
f 4571 4584 4572
f 2435 4572 2436
f 2436 4572 4584
f 2436 4584 4381
f 4381 4584 4585
f 4381 4585 2515
f 2515 4585 4586
f 2515 4586 4573
f 4573 4586 4587
f 4573 4587 4574
f 4574 4587 4588
f 4574 4588 4575
f 4575 4588 4589
f 4575 4589 4576
f 4576 4589 4578
f 4576 4578 4577
f 4577 4578 2504
f 4577 2504 2503
f 4585 2469 4586
f 4586 2469 2471
f 4586 2471 4587
f 4587 2471 2473
f 4587 2473 4588
f 4588 2473 2475
f 4588 2475 4589
f 4589 2475 2477
f 4589 2477 4578
f 4578 2477 2479
f 4578 2479 4579
f 4579 2479 2481
f 4579 2481 4580
f 4580 2481 2483
f 4580 2483 4581
f 4581 2483 2485
f 4581 2485 4582
f 4582 2485 2487
f 4582 2487 4583
f 4583 2487 2489
f 4583 2489 4584
f 4584 2489 2467
f 4584 2467 4585
f 4585 2467 2469
f 2382 4590 2381
f 2381 4590 4591
f 2381 4591 2380
f 2380 4591 4592
f 2380 4592 2379
f 2379 4592 4593
f 2379 4593 2377
f 2377 4593 4594
f 2377 4594 2372
f 2452 4595 2451
f 2451 4595 4596
f 2451 4596 2450
f 2450 4596 4597
f 2450 4597 2449
f 2449 4597 4598
f 2449 4598 2448
f 2448 4598 4599
f 2448 4599 2433
f 2434 4600 4335
f 4335 4600 4601
f 4335 4601 2382
f 2382 4601 4602
f 2382 4602 4590
f 4590 4602 4603
f 4590 4603 4591
f 4591 4603 4604
f 4591 4604 4592
f 4592 4604 4605
f 4592 4605 4593
f 4593 4605 4606
f 4593 4606 4594
f 2372 4594 2373
f 2373 4594 4606
f 2373 4606 4382
f 4382 4606 4607
f 4382 4607 2452
f 2452 4607 4608
f 2452 4608 4595
f 4595 4608 4609
f 4595 4609 4596
f 4596 4609 4610
f 4596 4610 4597
f 4597 4610 4611
f 4597 4611 4598
f 4598 4611 4600
f 4598 4600 4599
f 4599 4600 2434
f 4599 2434 2433
f 4607 2406 4608
f 4608 2406 2408
f 4608 2408 4609
f 4609 2408 2410
f 4609 2410 4610
f 4610 2410 2412
f 4610 2412 4611
f 4611 2412 2414
f 4611 2414 4600
f 4600 2414 2416
f 4600 2416 4601
f 4601 2416 2418
f 4601 2418 4602
f 4602 2418 2420
f 4602 2420 4603
f 4603 2420 2422
f 4603 2422 4604
f 4604 2422 2424
f 4604 2424 4605
f 4605 2424 2426
f 4605 2426 4606
f 4606 2426 2404
f 4606 2404 4607
f 4607 2404 2406
f 3020 4612 3015
f 3015 4612 4613
f 3015 4613 3013
f 3013 4613 4614
f 3013 4614 3012
f 3012 4614 4615
f 3012 4615 3010
f 3010 4615 4616
f 3010 4616 3009
f 2389 4617 2388
f 2388 4617 4618
f 2388 4618 2387
f 2387 4618 4619
f 2387 4619 2386
f 2386 4619 4620
f 2386 4620 2385
f 2385 4620 4621
f 2385 4621 2370
f 2371 4622 4334
f 4334 4622 4623
f 4334 4623 3020
f 3020 4623 4624
f 3020 4624 4612
f 4612 4624 4625
f 4612 4625 4613
f 4613 4625 4626
f 4613 4626 4614
f 4614 4626 4627
f 4614 4627 4615
f 4615 4627 4628
f 4615 4628 4616
f 3009 4616 3008
f 3008 4616 4628
f 3008 4628 4383
f 4383 4628 4629
f 4383 4629 2389
f 2389 4629 4630
f 2389 4630 4617
f 4617 4630 4631
f 4617 4631 4618
f 4618 4631 4632
f 4618 4632 4619
f 4619 4632 4633
f 4619 4633 4620
f 4620 4633 4622
f 4620 4622 4621
f 4621 4622 2371
f 4621 2371 2370
f 4629 2343 4630
f 4630 2343 2345
f 4630 2345 4631
f 4631 2345 2347
f 4631 2347 4632
f 4632 2347 2349
f 4632 2349 4633
f 4633 2349 2351
f 4633 2351 4622
f 4622 2351 2353
f 4622 2353 4623
f 4623 2353 2355
f 4623 2355 4624
f 4624 2355 2357
f 4624 2357 4625
f 4625 2357 2359
f 4625 2359 4626
f 4626 2359 2361
f 4626 2361 4627
f 4627 2361 2363
f 4627 2363 4628
f 4628 2363 2341
f 4628 2341 4629
f 4629 2341 2343
f 1657 1756 1654
f 1654 1756 1758
f 1631 1791 1629
f 1629 1791 1790
f 1573 1931 1569
f 1569 1931 1932
f 1569 1932 1570
f 1570 1932 1831
f 2138 2137 2139
f 2139 2137 4634
f 2139 4634 2140
f 2140 4634 4635
f 2140 4635 2149
f 2149 4635 4636
f 2149 4636 2148
f 2148 4636 4637
f 2148 4637 2144
f 2144 4637 4638
f 2144 4638 2146
f 2146 4638 2131
f 2137 1739 4634
f 4634 1739 1738
f 4634 1738 4635
f 4635 1738 1835
f 4635 1835 4636
f 4636 1835 1836
f 4636 1836 4637
f 4637 1836 1837
f 4637 1837 4638
f 4638 1837 1839
f 4638 1839 2131
f 2131 1839 1838
f 2130 2123 2156
f 2156 2123 4639
f 2156 4639 2157
f 2157 4639 4640
f 2157 4640 2158
f 2158 4640 4641
f 2158 4641 2160
f 2160 4641 4642
f 2160 4642 2159
f 2159 4642 4643
f 2159 4643 2124
f 2124 4643 2117
f 2123 1735 4639
f 4639 1735 1852
f 4639 1852 4640
f 4640 1852 1851
f 4640 1851 4641
f 4641 1851 1849
f 4641 1849 4642
f 4642 1849 1847
f 4642 1847 4643
f 4643 1847 1846
f 4643 1846 2117
f 2117 1846 1845
f 2112 2104 2111
f 2111 2104 4644
f 2111 4644 2110
f 2110 4644 4645
f 2110 4645 2107
f 2107 4645 4646
f 2107 4646 2116
f 2116 4646 4647
f 2116 4647 2115
f 2115 4647 4648
f 2115 4648 2113
f 2113 4648 2098
f 2104 1976 4644
f 4644 1976 1974
f 4644 1974 4645
f 4645 1974 1973
f 4645 1973 4646
f 4646 1973 1972
f 4646 1972 4647
f 4647 1972 1977
f 4647 1977 4648
f 4648 1977 1984
f 4648 1984 2098
f 2098 1984 1983
f 2088 2085 2097
f 2097 2085 4649
f 2097 4649 2093
f 2093 4649 4650
f 2093 4650 2091
f 2091 4650 4651
f 2091 4651 2089
f 2089 4651 4652
f 2089 4652 2090
f 2090 4652 4653
f 2090 4653 2092
f 2092 4653 2079
f 2085 1961 4649
f 4649 1961 1960
f 4649 1960 4650
f 4650 1960 1954
f 4650 1954 4651
f 4651 1954 1955
f 4651 1955 4652
f 4652 1955 1956
f 4652 1956 4653
f 4653 1956 1967
f 4653 1967 2079
f 2079 1967 1966
f 2078 2071 2161
f 2161 2071 4654
f 2161 4654 2162
f 2162 4654 4655
f 2162 4655 2163
f 2163 4655 4656
f 2163 4656 2165
f 2165 4656 4657
f 2165 4657 2164
f 2164 4657 4658
f 2164 4658 2072
f 2072 4658 2065
f 2071 1857 4654
f 4654 1857 1856
f 4654 1856 4655
f 4655 1856 1854
f 4655 1854 4656
f 4656 1854 1853
f 4656 1853 4657
f 4657 1853 1870
f 4657 1870 4658
f 4658 1870 1869
f 4658 1869 2065
f 2065 1869 1867
f 2058 2052 2062
f 2062 2052 4659
f 2062 4659 2060
f 2060 4659 4660
f 2060 4660 2061
f 2061 4660 4661
f 2061 4661 2063
f 2063 4661 4662
f 2063 4662 2064
f 2064 4662 4663
f 2064 4663 2057
f 2057 4663 2046
f 2052 1817 4659
f 4659 1817 1874
f 4659 1874 4660
f 4660 1874 1872
f 4660 1872 4661
f 4661 1872 1871
f 4661 1871 4662
f 4662 1871 1875
f 4662 1875 4663
f 4663 1875 1880
f 4663 1880 2046
f 2046 1880 1879
f 2040 2033 2041
f 2041 2033 4664
f 2041 4664 2037
f 2037 4664 4665
f 2037 4665 2038
f 2038 4665 4666
f 2038 4666 2039
f 2039 4666 4667
f 2039 4667 2043
f 2043 4667 4668
f 2043 4668 2044
f 2044 4668 2027
f 2033 1882 4664
f 4664 1882 1881
f 4664 1881 4665
f 4665 1881 1770
f 4665 1770 4666
f 4666 1770 1771
f 4666 1771 4667
f 4667 1771 1772
f 4667 1772 4668
f 4668 1772 1773
f 4668 1773 2027
f 2027 1773 1945
f 2022 2014 2024
f 2024 2014 4669
f 2024 4669 2025
f 2025 4669 4670
f 2025 4670 2026
f 2026 4670 4671
f 2026 4671 2021
f 2021 4671 4672
f 2021 4672 2023
f 2023 4672 4673
f 2023 4673 2018
f 2018 4673 2008
f 2014 1893 4669
f 4669 1893 1892
f 4669 1892 4670
f 4670 1892 1833
f 4670 1833 4671
f 4671 1833 1832
f 4671 1832 4672
f 4672 1832 1829
f 4672 1829 4673
f 4673 1829 1828
f 4673 1828 2008
f 2008 1828 1943
f 2007 2000 2167
f 2167 2000 4674
f 2167 4674 2170
f 2170 4674 4675
f 2170 4675 2168
f 2168 4675 4676
f 2168 4676 2169
f 2169 4676 4677
f 2169 4677 2166
f 2166 4677 4678
f 2166 4678 2001
f 2001 4678 1994
f 2000 1901 4674
f 4674 1901 1913
f 4674 1913 4675
f 4675 1913 1912
f 4675 1912 4676
f 4676 1912 1911
f 4676 1911 4677
f 4677 1911 1910
f 4677 1910 4678
f 4678 1910 1918
f 4678 1918 1994
f 1994 1918 1917
f 1993 1930 3160
f 3160 1930 1929
f 3160 1929 3162
f 3162 1929 1934
f 3162 1934 3164
f 3164 1934 1939
f 3164 1939 3165
f 3165 1939 1938
f 3165 1938 3167
f 3167 1938 1937
f 3167 1937 3169
f 3169 1937 1936
f 3169 1936 3171
f 3171 1936 1969
f 3171 1969 1985
f 1985 1969 1775
f 1895 3204 3202
f 1730 1729 4316
f 1730 4316 1757
f 1757 4316 4315
f 1757 4315 1759
f 1759 4315 4314
f 1759 4314 1762
f 1762 4314 4313
f 1762 4313 1764
f 4312 1887 1889
f 4312 1889 4313
f 4313 1889 1944
f 4313 1944 1764
f 1887 4312 1885
f 1885 4312 4311
f 1885 4311 1907
f 1907 4311 3208
f 1907 3208 1905
f 1905 3208 3206
f 1905 3206 1903
f 3204 1895 3206
f 3206 1895 1898
f 3206 1898 1903
f 3198 1950 3200
f 3200 1950 1732
f 3200 1732 3202
f 3202 1732 1734
f 3202 1734 1895
f 1953 1952 3198
f 3198 1952 1951
f 3198 1951 1950
f 3198 3196 1953
f 1953 3196 1694
f 1953 1694 1693
f 1681 1680 2155
f 2155 1680 4284
f 2155 4284 2154
f 2154 4284 2152
f 2154 2152 2153
f 1646 1645 2150
f 2150 1645 2151
f 1609 1608 1592
f 1592 1608 1591
f 3960 3959 4116
f 3933 3932 4091
f 3918 3919 3915
f 3918 3915 3924
f 3912 3923 3913
f 3913 3923 3924
f 3913 3924 3914
f 3914 3924 3915
f 3930 3926 4161
f 3911 3921 3912
f 3912 3921 3920
f 3912 3920 3923
f 4161 4160 3930
f 3930 4160 4163
f 3930 4163 3928
f 3928 4163 4162
f 3928 4162 3931
f 3931 4162 3919
f 4142 3940 3934
f 3942 3911 3944
f 3944 3911 3910
f 4003 4124 3942
f 3942 4124 4161
f 3942 4161 3911
f 3911 4161 3926
f 3911 3926 3921
f 4197 3969 3962
f 3917 4166 1567
f 1567 4166 4165
f 4165 4164 1567
f 1567 4164 4134
f 1567 4134 1568
f 4162 4139 3919
f 3919 4139 4141
f 3919 4141 3915
f 3915 4141 4142
f 3915 4142 3916
f 3916 4142 3934
f 3916 3934 3917
f 3917 3934 3933
f 3917 3933 4166
f 4166 3933 4091
f 3991 3944 4210
f 4210 3944 3910
f 4210 3910 4211
f 4211 3910 3909
f 4211 3909 4127
f 4127 3909 4125
f 4125 3909 4128
f 4128 3909 3908
f 4128 3908 4129
f 4129 3908 3907
f 4129 3907 4205
f 4205 3907 3906
f 4205 3906 4207
f 4207 3906 3905
f 4207 3905 4131
f 4116 4131 3960
f 3960 4131 3905
f 3960 3905 3962
f 3962 3905 3904
f 3962 3904 4197
f 4197 3904 3903
f 4197 3903 4198
f 4198 3903 3902
f 4198 3902 4195
f 4195 3902 3901
f 4195 3901 4189
f 4189 3901 1544
f 4189 1544 1546
f 3066 4328 3067
f 3067 4328 4679
f 3067 4679 3027
f 3027 4679 2297
f 3027 2297 2296
f 4328 2955 4679
f 4679 2955 2953
f 4679 2953 2297
f 2297 2953 2951
f 2297 2951 2305
f 2988 4329 2989
f 2989 4329 4680
f 2989 4680 2957
f 2957 4680 2286
f 2957 2286 2285
f 4329 2892 4680
f 4680 2892 2890
f 4680 2890 2286
f 2286 2890 2888
f 2286 2888 2294
f 2925 4330 2926
f 2926 4330 4681
f 2926 4681 2894
f 2894 4681 2275
f 2894 2275 2274
f 4330 2829 4681
f 4681 2829 2827
f 4681 2827 2275
f 2275 2827 2825
f 2275 2825 2283
f 2830 4331 2831
f 2831 4331 4682
f 2831 4682 2833
f 2833 4682 2264
f 2833 2264 2263
f 4331 2766 4682
f 4682 2766 2764
f 4682 2764 2264
f 2264 2764 2762
f 2264 2762 2272
f 2767 4332 2768
f 2768 4332 4683
f 2768 4683 2770
f 2770 4683 2253
f 2770 2253 2252
f 4332 2703 4683
f 4683 2703 2701
f 4683 2701 2253
f 2253 2701 2699
f 2253 2699 2261
f 2704 4333 2705
f 2705 4333 4684
f 2705 4684 2707
f 2707 4684 2242
f 2707 2242 2241
f 4333 2648 4684
f 4684 2648 2646
f 4684 2646 2242
f 2242 2646 2644
f 2242 2644 2250
f 2633 3141 2634
f 2634 3141 4685
f 2634 4685 2636
f 2636 4685 2228
f 2636 2228 2227
f 3141 2577 4685
f 4685 2577 2575
f 4685 2575 2228
f 2228 2575 2573
f 2228 2573 2238
f 2238 2573 2237
f 4686 3143 2523
f 2578 3143 2579
f 2579 3143 4686
f 2579 4686 2581
f 2581 4686 2217
f 2581 2217 2216
f 2225 2217 2519
f 2519 2217 4686
f 2519 4686 2521
f 2521 4686 2523
f 2524 3145 2525
f 2525 3145 4687
f 2525 4687 2527
f 2527 4687 2206
f 2527 2206 2205
f 3145 2460 4687
f 4687 2460 2458
f 4687 2458 2206
f 2206 2458 2456
f 2206 2456 2214
f 2493 3147 2494
f 2494 3147 4688
f 2494 4688 2462
f 2462 4688 2195
f 2462 2195 2194
f 3147 2397 4688
f 4688 2397 2395
f 4688 2395 2195
f 2195 2395 2393
f 2195 2393 2203
f 4689 2184 2183
f 2430 3149 2431
f 2431 3149 4689
f 2431 4689 2399
f 2399 4689 2183
f 3149 2334 4689
f 4689 2334 2332
f 4689 2332 2184
f 2184 2332 2330
f 2184 2330 2192
f 2367 3151 2368
f 2368 3151 4690
f 2368 4690 2336
f 2336 4690 2173
f 2336 2173 2172
f 3151 3039 4690
f 4690 3039 3037
f 4690 3037 2173
f 2173 3037 3035
f 2173 3035 2181
f 4691 4692 4693
f 4694 4695 4696
f 4691 4693 4696
f 4696 4693 4697
f 4696 4697 4694
f 4698 4699 4700
f 4694 4701 4695
f 4695 4701 4702
f 4695 4702 4700
f 4700 4702 4703
f 4700 4703 4698
f 4704 4705 4706
f 4698 4707 4699
f 4699 4707 4708
f 4699 4708 4706
f 4706 4708 4709
f 4706 4709 4704
f 4710 4711 4712
f 4712 4711 4713
f 4704 4714 4705
f 4705 4714 4715
f 4705 4715 4713
f 4713 4715 4716
f 4713 4716 4712
f 4717 4700 4699
f 4706 4718 4699
f 4699 4718 4719
f 4699 4719 4717
f 4705 4720 4706
f 4706 4720 4721
f 4706 4721 4718
f 4696 4695 4722
f 4717 4723 4700
f 4700 4723 4724
f 4700 4724 4695
f 4695 4724 4725
f 4695 4725 4722
f 4722 4726 4696
f 4696 4726 4727
f 4696 4727 4691
f 4728 4729 4730
f 4731 4732 4733
f 4734 4713 4711
f 4727 4735 4691
f 4691 4735 4736
f 4691 4736 4729
f 4729 4736 4737
f 4729 4737 4730
f 4730 4738 4728
f 4728 4738 4739
f 4728 4739 4733
f 4733 4739 4740
f 4733 4740 4731
f 4734 4741 4713
f 4713 4741 4742
f 4713 4742 4705
f 4705 4742 4743
f 4705 4743 4720
f 4731 4744 4732
f 4732 4744 4745
f 4732 4745 4746
f 4745 4747 4746
f 4746 4747 4748
f 4746 4748 4749
f 4748 4750 4749
f 4749 4750 4751
f 4749 4751 4752
f 4751 4753 4752
f 4752 4753 4754
f 4752 4754 4711
f 4711 4754 4755
f 4711 4755 4734
f 4710 4756 4757
f 4756 4758 4759
f 4758 4755 4754
f 4758 4754 4759
f 4759 4754 4753
f 4759 4753 4760
f 4760 4753 4751
f 4760 4751 4761
f 4761 4751 4750
f 4761 4750 4762
f 4762 4750 4748
f 4762 4748 4763
f 4763 4748 4747
f 4763 4747 4764
f 4764 4747 4745
f 4764 4745 4765
f 4765 4745 4744
f 4765 4744 4766
f 4766 4744 4731
f 4766 4731 4767
f 4767 4731 4740
f 4767 4740 4768
f 4768 4740 4739
f 4768 4739 4769
f 4769 4739 4738
f 4769 4738 4770
f 4770 4738 4730
f 4770 4730 4771
f 4771 4730 4737
f 4771 4737 4772
f 4772 4737 4736
f 4772 4736 4773
f 4773 4736 4735
f 4773 4735 4774
f 4756 4759 4757
f 4757 4759 4760
f 4757 4760 4775
f 4775 4760 4761
f 4775 4761 4776
f 4776 4761 4762
f 4776 4762 4777
f 4777 4762 4763
f 4777 4763 4778
f 4778 4763 4764
f 4778 4764 4779
f 4779 4764 4765
f 4779 4765 4780
f 4780 4765 4766
f 4780 4766 4781
f 4781 4766 4767
f 4781 4767 4782
f 4782 4767 4768
f 4782 4768 4783
f 4783 4768 4769
f 4783 4769 4784
f 4784 4769 4770
f 4784 4770 4785
f 4785 4770 4771
f 4785 4771 4786
f 4786 4771 4772
f 4786 4772 4787
f 4787 4772 4773
f 4787 4773 4788
f 4788 4773 4774
f 4788 4774 4789
f 4710 4757 4790
f 4790 4757 4775
f 4790 4775 4791
f 4791 4775 4776
f 4791 4776 4792
f 4792 4776 4777
f 4792 4777 4793
f 4793 4777 4778
f 4793 4778 4794
f 4794 4778 4779
f 4794 4779 4795
f 4795 4779 4780
f 4795 4780 4796
f 4796 4780 4781
f 4796 4781 4797
f 4797 4781 4782
f 4797 4782 4798
f 4798 4782 4783
f 4798 4783 4799
f 4799 4783 4784
f 4799 4784 4800
f 4800 4784 4785
f 4800 4785 4801
f 4801 4785 4786
f 4801 4786 4802
f 4802 4786 4787
f 4802 4787 4803
f 4803 4787 4788
f 4803 4788 4804
f 4804 4788 4789
f 4804 4789 4692
f 4692 4789 4805
f 4789 4774 4806
f 4774 4735 4727
f 4774 4727 4806
f 4806 4727 4726
f 4806 4726 4807
f 4807 4726 4722
f 4807 4722 4808
f 4808 4722 4725
f 4808 4725 4809
f 4809 4725 4724
f 4809 4724 4810
f 4810 4724 4723
f 4810 4723 4811
f 4811 4723 4717
f 4811 4717 4812
f 4812 4717 4719
f 4812 4719 4813
f 4813 4719 4718
f 4813 4718 4814
f 4814 4718 4721
f 4814 4721 4815
f 4815 4721 4720
f 4815 4720 4816
f 4816 4720 4743
f 4816 4743 4817
f 4817 4743 4742
f 4817 4742 4818
f 4818 4742 4741
f 4818 4741 4819
f 4819 4741 4734
f 4819 4734 4820
f 4820 4734 4755
f 4820 4755 4758
f 4789 4806 4805
f 4805 4806 4807
f 4805 4807 4821
f 4821 4807 4808
f 4821 4808 4822
f 4822 4808 4809
f 4822 4809 4823
f 4823 4809 4810
f 4823 4810 4824
f 4824 4810 4811
f 4824 4811 4825
f 4825 4811 4812
f 4825 4812 4826
f 4826 4812 4813
f 4826 4813 4827
f 4827 4813 4814
f 4827 4814 4828
f 4828 4814 4815
f 4828 4815 4829
f 4829 4815 4816
f 4829 4816 4830
f 4830 4816 4817
f 4830 4817 4831
f 4831 4817 4818
f 4831 4818 4832
f 4832 4818 4819
f 4832 4819 4833
f 4833 4819 4820
f 4833 4820 4834
f 4834 4820 4758
f 4834 4758 4756
f 4692 4805 4693
f 4693 4805 4821
f 4693 4821 4697
f 4697 4821 4822
f 4697 4822 4694
f 4694 4822 4823
f 4694 4823 4701
f 4701 4823 4824
f 4701 4824 4702
f 4702 4824 4825
f 4702 4825 4703
f 4703 4825 4826
f 4703 4826 4698
f 4698 4826 4827
f 4698 4827 4707
f 4707 4827 4828
f 4707 4828 4708
f 4708 4828 4829
f 4708 4829 4709
f 4709 4829 4830
f 4709 4830 4704
f 4704 4830 4831
f 4704 4831 4714
f 4714 4831 4832
f 4714 4832 4715
f 4715 4832 4833
f 4715 4833 4716
f 4716 4833 4834
f 4716 4834 4712
f 4712 4834 4756
f 4712 4756 4710
f 4752 4711 4790
f 4790 4711 4710
f 4794 4746 4749
f 4790 4791 4752
f 4752 4791 4792
f 4752 4792 4749
f 4749 4792 4793
f 4749 4793 4794
f 4794 4795 4746
f 4746 4795 4796
f 4746 4796 4732
f 4796 4797 4732
f 4732 4797 4798
f 4732 4798 4733
f 4798 4799 4733
f 4733 4799 4800
f 4733 4800 4728
f 4692 4691 4804
f 4804 4691 4729
f 4800 4801 4728
f 4728 4801 4802
f 4728 4802 4729
f 4729 4802 4803
f 4729 4803 4804
f 4835 4836 4837
f 4837 4836 4838
f 4837 4838 4839
f 4839 4838 4840
f 4839 4840 4841
f 4841 4840 4842
f 4836 4835 4843
f 4843 4835 4844
f 4843 4844 4842
f 4842 4844 4841
f 4835 4837 4844
f 4844 4837 4839
f 4844 4839 4841
f 4838 4836 4840
f 4840 4836 4843
f 4840 4843 4842
f 4845 4846 4847
f 4847 4846 4848
f 4847 4848 4849
f 4849 4848 4850
f 4849 4850 4851
f 4851 4850 4852
f 4846 4845 4853
f 4853 4845 4854
f 4853 4854 4852
f 4852 4854 4851
f 4849 4851 4847
f 4847 4851 4854
f 4847 4854 4845
f 4852 4850 4853
f 4853 4850 4848
f 4853 4848 4846
f 4855 4856 4857
f 4857 4856 4858
f 4857 4858 4859
f 4859 4858 4860
f 4859 4860 4861
f 4861 4860 4862
f 4856 4855 4863
f 4863 4855 4864
f 4863 4864 4862
f 4862 4864 4861
f 4858 4856 4860
f 4860 4856 4863
f 4860 4863 4862
f 4859 4861 4857
f 4857 4861 4864
f 4857 4864 4855
f 4865 4866 4867
f 4867 4866 4868
f 4867 4868 4869
f 4869 4868 4870
f 4869 4870 4871
f 4871 4870 4872
f 4866 4865 4873
f 4873 4865 4874
f 4873 4874 4872
f 4872 4874 4871
f 4872 4870 4873
f 4873 4870 4868
f 4873 4868 4866
f 4865 4867 4874
f 4874 4867 4869
f 4874 4869 4871

