# https://github.com/mikedh/trimesh
v -0.02067170 -0.04249862 0.00641596
v -0.02067006 -0.03899862 0.00642045
v -0.02087266 -0.04249756 0.00566596
v -0.02087102 -0.03899756 0.00567045
v -0.02142170 -0.04249660 0.00511692
v -0.02142006 -0.03899660 0.00512141
v -0.02217170 -0.04249600 0.00491596
v -0.02217006 -0.03899600 0.00492045
v -0.02292170 -0.04249590 0.00511692
v -0.02292006 -0.03899590 0.00512141
v -0.02347074 -0.04249635 0.00566596
v -0.02346910 -0.03899635 0.00567045
v -0.02367170 -0.04249722 0.00641596
v -0.02367006 -0.03899722 0.00642045
v -0.02150407 -0.04299823 0.00641532
v -0.02159354 -0.04299776 0.00608139
v -0.02183800 -0.04299733 0.00583693
v -0.02217193 -0.04299707 0.00574746
v -0.02250586 -0.04299702 0.00583693
v -0.02275031 -0.04299722 0.00608139
v -0.02283979 -0.04299761 0.00641532
v -0.06896798 -0.04245947 -0.00652498
v -0.06896634 -0.03895947 -0.00652049
v -0.06916893 -0.04245842 -0.00727498
v -0.06916730 -0.03895842 -0.00727049
v -0.06971797 -0.04245746 -0.00782402
v -0.06971634 -0.03895746 -0.00781953
v -0.07046797 -0.04245685 -0.00802498
v -0.07046634 -0.03895685 -0.00802049
v -0.07121798 -0.04245676 -0.00782402
v -0.07121634 -0.03895676 -0.00781953
v -0.07176701 -0.04245720 -0.00727498
v -0.07176538 -0.03895720 -0.00727049
v -0.07196797 -0.04245807 -0.00652498
v -0.07196634 -0.03895807 -0.00652049
v -0.06980035 -0.04295909 -0.00652563
v -0.06988982 -0.04295862 -0.00685955
v -0.07013428 -0.04295819 -0.00710401
v -0.07046821 -0.04295792 -0.00719348
v -0.07080214 -0.04295788 -0.00710401
v -0.07104659 -0.04295808 -0.00685955
v -0.07113607 -0.04295846 -0.00652563
v -0.06120674 -0.03895088 -0.01605001
v -0.06120860 -0.04295088 -0.01605514
v -0.06161052 -0.04294876 -0.01755514
v -0.06160866 -0.03894876 -0.01755001
v -0.06270860 -0.04294684 -0.01865322
v -0.06270673 -0.03894684 -0.01864808
v -0.06420860 -0.04294563 -0.01905514
v -0.06420673 -0.03894563 -0.01905001
v -0.06120675 -0.03899192 0.01594996
v -0.06120862 -0.04299192 0.01594483
v -0.06140610 -0.04299045 0.01487437
v -0.06140424 -0.03899045 0.01487950
v -0.06197255 -0.04298900 0.01394483
v -0.06197068 -0.03898900 0.01394997
v -0.01531984 -0.04249282 -0.00005451
v -0.01535082 -0.04266586 -0.00005473
v -0.01547674 -0.04266222 -0.00284454
v -0.02052351 -0.04264146 -0.01719038
v -0.02187083 -0.04265290 -0.01905474
v -0.02182493 -0.04246541 -0.01905450
v -0.02061984 -0.04282200 -0.01712668
v -0.02202410 -0.04282403 -0.01905496
v -0.02233472 -0.04295537 -0.01905513
v -0.02224388 -0.04293480 -0.01905510
v -0.02077024 -0.04293760 -0.01702696
v -0.02091441 -0.04296856 -0.01693124
v -0.02246110 -0.04296511 -0.01905514
v -0.01886684 -0.04294271 -0.01373567
v -0.01902175 -0.04297365 -0.01365853
v -0.01738525 -0.04294790 -0.01023420
v -0.01754852 -0.04297880 -0.01017680
v -0.01634823 -0.04295307 -0.00657632
v -0.01651735 -0.04298395 -0.00653957
v -0.01577171 -0.04295816 -0.00281825
v -0.01594408 -0.04298900 -0.00280270
v -0.01564700 -0.04296176 -0.00005511
v -0.01582007 -0.04299259 -0.00005515
v -0.01710585 -0.04265186 -0.01033206
v -0.01602854 -0.04248403 -0.00664523
v -0.01605882 -0.04265708 -0.00663888
v -0.01597961 -0.04248435 -0.00641618
v -0.01544588 -0.04248918 -0.00284710
v -0.01860174 -0.04264662 -0.01386733
v -0.01763077 -0.04247668 -0.01179920
v -0.01707662 -0.04247880 -0.01034209
v -0.02049769 -0.04246840 -0.01720726
v -0.02022838 -0.04246905 -0.01679476
v -0.01857400 -0.04247357 -0.01388089
v -0.01870524 -0.04282714 -0.01381603
v -0.01721493 -0.04283235 -0.01029395
v -0.01617181 -0.04283756 -0.00661455
v -0.01559189 -0.04284268 -0.00283436
v -0.01546645 -0.04284630 -0.00005497
v -0.01079250 0.01607226 0.00693502
v -0.01079128 0.01868375 0.00844723
v -0.01137636 0.01603769 0.00701519
v -0.01143955 0.01864152 0.00854416
v -0.01190457 0.01593132 0.00725397
v -0.01207748 0.01849232 0.00886023
v -0.01228994 0.01578856 0.00755993
v -0.01230454 0.01839872 0.00905242
v -0.01243623 0.01571299 0.00771586
v -0.01253557 0.01826078 0.00932581
v -0.01275774 0.01543181 0.00826397
v -0.01279172 0.01796637 0.00988075
v -0.01284040 0.01509762 0.00885963
v -0.01282756 0.01762398 0.01048031
v -0.01278007 0.01489301 0.00919924
v -0.01277968 0.01748894 0.01070261
v -0.01272660 0.01480270 0.00934376
v -0.01260947 0.01725103 0.01108171
v -0.01253022 0.01459062 0.00967133
v -0.01230518 0.01701255 0.01144624
v -0.01079224 0.01662920 0.01199531
v -0.01079346 0.01401771 0.01048309
v -0.01092980 0.01663215 0.01199164
v -0.01116843 0.01403880 0.01045507
v -0.01158889 0.01672506 0.01186439
v -0.01180166 0.01418501 0.01025631
v -0.01216040 0.01693190 0.01156530
v -0.01229095 0.01441954 0.00992434
v -0.01237277 0.01447205 0.00984769
v -0.01079344 0.01404455 -0.01044711
v -0.01079222 0.01665992 -0.01195262
v -0.01137727 0.01409684 -0.01037685
v -0.01144044 0.01672290 -0.01186732
v -0.01190535 0.01425056 -0.01016513
v -0.01207821 0.01692216 -0.01157983
v -0.01229057 0.01444424 -0.00988836
v -0.01230517 0.01704186 -0.01140257
v -0.01243677 0.01454153 -0.00974489
v -0.01253340 0.01461759 -0.00963053
v -0.01253606 0.01720970 -0.01114632
v -0.01275800 0.01487569 -0.00922719
v -0.01279192 0.01754316 -0.01061378
v -0.01284034 0.01522447 -0.00863991
v -0.01282744 0.01789120 -0.01001747
v -0.01277982 0.01541626 -0.00829294
v -0.01277944 0.01801618 -0.00978940
v -0.01272628 0.01549626 -0.00814249
v -0.01272545 0.01810084 -0.00963144
v -0.01260902 0.01822550 -0.00939388
v -0.01237217 0.01576726 -0.00760431
v -0.01230452 0.01842188 -0.00900520
v -0.01229030 0.01580737 -0.00752054
v -0.01215968 0.01848464 -0.00887589
v -0.01180083 0.01597748 -0.00715165
v -0.01158799 0.01864010 -0.00854744
v -0.01116748 0.01607636 -0.00692591
v -0.01092883 0.01870369 -0.00840362
v -0.01079249 0.01609000 -0.00689378
v -0.01079127 0.01870536 -0.00839929
v -0.01080094 -0.00202266 -0.01738213
v -0.01080094 -0.00201879 -0.02039986
v -0.01138475 -0.00193554 -0.01739204
v -0.01144914 -0.00191328 -0.02041149
v -0.01191279 -0.00167520 -0.01741910
v -0.01208684 -0.00156452 -0.02044005
v -0.01229794 -0.00133858 -0.01744829
v -0.01231376 -0.00135111 -0.02045499
v -0.01244410 -0.00116566 -0.01746075
v -0.01254458 -0.00104521 -0.02047213
v -0.01276521 -0.00055016 -0.01749116
v -0.01280031 -0.00041724 -0.02049454
v -0.01284999 0.00002661 -0.01749999
v -0.01283567 0.00027321 -0.02049778
v -0.01079903 0.00208120 -0.02039460
v -0.01079903 0.00207733 -0.01737687
v -0.01093659 0.00207665 -0.02039526
v -0.01117403 0.00204278 -0.01738098
v -0.01159580 0.00192045 -0.02041183
v -0.01180745 0.00179799 -0.01740796
v -0.01216758 0.00155841 -0.02044119
v -0.01229703 0.00139357 -0.01744488
v -0.01231246 0.00141508 -0.02045145
v -0.01237892 0.00130099 -0.01745200
v -0.01261707 0.00098036 -0.02047559
v -0.01273319 0.00069950 -0.01748625
v -0.01278760 0.00053321 -0.02049200
v -0.01278677 0.00052922 -0.01749218
v -0.01284739 0.00013285 -0.01749954
v -0.01080750 -0.01606218 -0.00693502
v -0.01080872 -0.01867367 -0.00844723
v -0.01139133 -0.01602706 -0.00701519
v -0.01145695 -0.01863083 -0.00854416
v -0.01191944 -0.01592020 -0.00725397
v -0.01209474 -0.01848104 -0.00886023
v -0.01230468 -0.01577708 -0.00755993
v -0.01232171 -0.01838722 -0.00905242
v -0.01245089 -0.01570137 -0.00771586
v -0.01255262 -0.01824906 -0.00932581
v -0.01277215 -0.01541989 -0.00826397
v -0.01274227 -0.01806426 -0.00967768
v -0.01280849 -0.01795442 -0.00988075
v -0.01285449 -0.01508562 -0.00885963
v -0.01284401 -0.01761199 -0.01048031
v -0.01279397 -0.01488107 -0.00919924
v -0.01279601 -0.01747700 -0.01070261
v -0.01274042 -0.01479081 -0.00934376
v -0.01262558 -0.01723925 -0.01108171
v -0.01254384 -0.01457891 -0.00967133
v -0.01232106 -0.01700105 -0.01144624
v -0.01080776 -0.01661911 -0.01199531
v -0.01080654 -0.01400762 -0.01048309
v -0.01094532 -0.01662194 -0.01199164
v -0.01118153 -0.01402837 -0.01045507
v -0.01160450 -0.01671423 -0.01186439
v -0.01181490 -0.01417398 -0.01025631
v -0.01217621 -0.01692054 -0.01156530
v -0.01230440 -0.01440805 -0.00992434
v -0.01238628 -0.01446049 -0.00984769
v -0.01080655 -0.01403447 0.01044711
v -0.01080777 -0.01664983 0.01195262
v -0.01139043 -0.01408621 0.01037685
v -0.01145605 -0.01671221 0.01186732
v -0.01191865 -0.01423944 0.01016513
v -0.01209401 -0.01691088 0.01157983
v -0.01230405 -0.01443276 0.00988836
v -0.01232108 -0.01703036 0.01140257
v -0.01080873 -0.01869527 0.00839929
v -0.01080751 -0.01607991 0.00689378
v -0.01094629 -0.01869348 0.00840362
v -0.01118248 -0.01606593 0.00692591
v -0.01160539 -0.01862927 0.00854744
v -0.01181574 -0.01596646 0.00715165
v -0.01217693 -0.01847328 0.00887589
v -0.01230505 -0.01579588 0.00752054
v -0.01232172 -0.01841039 0.00900520
v -0.01238689 -0.01575570 0.00760431
v -0.01262603 -0.01821372 0.00939388
v -0.01274074 -0.01548437 0.00814249
v -0.01279625 -0.01800424 0.00978940
v -0.01279421 -0.01540432 0.00829294
v -0.01284414 -0.01787921 0.01001747
v -0.01285455 -0.01521247 0.00863991
v -0.01280830 -0.01753120 0.01061378
v -0.01277189 -0.01486377 0.00922719
v -0.01255212 -0.01719799 0.01114632
v -0.01254705 -0.01460588 0.00963053
v -0.01245034 -0.01452991 0.00974489
v -0.01079905 0.00203275 0.01738213
v -0.01079905 0.00202888 0.02039986
v -0.01138294 0.00194617 0.01739204
v -0.01144735 0.00192397 0.02041149
v -0.01191122 0.00168632 0.01741910
v -0.01208538 0.00157580 0.02044005
v -0.01229668 0.00135006 0.01744829
v -0.01231249 0.00136261 0.02045499
v -0.01244301 0.00117727 0.01746075
v -0.01254360 0.00105693 0.02047213
v -0.01276469 0.00056207 0.01749116
v -0.01279991 0.00042919 0.02049454
v -0.01285001 -0.00001462 0.01749999
v -0.01283592 -0.00026122 0.02049778
v -0.01080097 -0.00207112 0.02039460
v -0.01080097 -0.00206725 0.01737687
v -0.01093853 -0.00206644 0.02039526
v -0.01117593 -0.00203235 0.01738098
v -0.01159759 -0.00190963 0.02041183
v -0.01180912 -0.00178696 0.01740796
v -0.01216903 -0.00154705 0.02044119
v -0.01229832 -0.00138209 0.01744488
v -0.01231378 -0.00140358 0.02045145
v -0.01238013 -0.00128943 0.01745200
v -0.01261798 -0.00096858 0.02047559
v -0.01273384 -0.00068761 0.01748625
v -0.01278809 -0.00052127 0.02049200
v -0.01278726 -0.00051728 0.01749218
v -0.01284751 -0.00012085 0.01749954
v -0.01060577 0.01404955 -0.01044027
v -0.01429448 0.01182997 -0.01290193
v -0.01429317 0.01462406 -0.00962196
v -0.01429228 0.01653203 -0.00575869
v -0.01008786 0.01604232 -0.00700321
v -0.00629229 0.01652830 -0.00575869
v -0.00949140 0.01589972 -0.00732051
v -0.00927928 0.01581365 -0.00750437
v -0.00901588 0.01565952 -0.00782057
v -0.00878070 0.01537139 -0.00837236
v -0.00629318 0.01462033 -0.00962196
v -0.00875242 0.01507027 -0.00890281
v -0.00880582 0.01491469 -0.00916105
v -0.00893620 0.01472816 -0.00945802
v -0.00905621 0.01461300 -0.00963504
v -0.00629448 0.01182623 -0.01290193
v -0.00935576 0.01440729 -0.00994012
v -0.00995216 0.01415636 -0.01029462
v -0.00936314 -0.00140257 -0.01744335
v -0.00995963 -0.00183489 -0.01740305
v -0.00630199 -0.00425125 -0.01697504
v -0.00874999 0.00002741 -0.01749999
v -0.00875953 -0.00017288 -0.01749911
v -0.00629999 0.00002539 -0.01749999
v -0.00881301 -0.00047430 -0.01749346
v -0.00894347 -0.00082471 -0.01748036
v -0.01061327 -0.00201429 -0.01738311
v -0.01430198 -0.00424751 -0.01697504
v -0.01429999 0.00002912 -0.01749999
v -0.01429799 0.00430440 -0.01696407
v -0.01009444 0.00195856 -0.01739059
v -0.00629799 0.00430066 -0.01696407
v -0.00949807 0.00161233 -0.01742598
v -0.00928601 0.00141001 -0.01744345
v -0.00902270 0.00105905 -0.01746818
v -0.00878768 0.00043707 -0.01749464
v -0.00630681 -0.01458971 -0.00965942
v -0.00879485 -0.01493022 -0.00912228
v -0.00876657 -0.01523906 -0.00859629
v -0.00630771 -0.01650759 -0.00580107
v -0.00881997 -0.01538487 -0.00833241
v -0.00895034 -0.01554870 -0.00802234
v -0.00936986 -0.01580548 -0.00750323
v -0.00996623 -0.01598660 -0.00710843
v -0.01061982 -0.01605888 -0.00694284
v -0.01430770 -0.01650385 -0.00580107
v -0.01430681 -0.01458598 -0.00965942
v -0.01010192 -0.01407905 -0.01038737
v -0.00630550 -0.01178722 -0.01293222
v -0.01430550 -0.01178348 -0.01293222
v -0.00950549 -0.01428295 -0.01010547
v -0.00929339 -0.01439930 -0.00993908
v -0.00903001 -0.01459625 -0.00964761
v -0.01430817 -0.01749331 -0.00002245
v -0.00630817 -0.01749704 -0.00002245
v -0.01430813 -0.01742085 -0.00159104
v -0.00630814 -0.01742458 -0.00159104
v -0.01430386 -0.00826625 -0.01542105
v -0.00630386 -0.00826999 -0.01542105
v -0.01429612 0.00831914 -0.01539977
v -0.00629612 0.00831540 -0.01539977
v -0.01429186 0.01743822 -0.00154633
v -0.00629186 0.01743449 -0.00154633
v -0.01429183 0.01750666 0.00002245
v -0.00629183 0.01750292 0.00002245
v -0.02000053 0.00948430 0.01817897
v -0.02038191 0.00857083 0.01862666
v -0.00629600 0.00856158 0.01862793
v -0.01423458 0.01972974 0.00559012
v -0.01429013 0.01932112 0.00687039
v -0.01065385 0.01868194 0.00845155
v -0.00999482 0.01861741 0.00859515
v -0.00629079 0.01972612 0.00558983
v -0.01423775 0.01977293 0.00543547
v -0.01431514 0.02004777 0.00431333
v -0.01438641 0.02016009 0.00375390
v -0.00629045 0.02046582 0.00123310
v -0.01473787 0.02041308 0.00195889
v -0.00629043 0.02050292 0.00002629
v -0.01529043 0.02050712 0.00002629
v -0.01387954 -0.01973064 0.00554041
v -0.01384174 -0.01978200 0.00535415
v -0.00630921 -0.01973451 0.00553922
v -0.01354950 -0.02017613 0.00359426
v -0.00630955 -0.02046303 0.00118060
v -0.01337122 -0.02041367 0.00181209
v -0.00630957 -0.02049704 -0.00002629
v -0.01330960 -0.02049378 0.00001344
v -0.01330957 -0.02049377 -0.00002629
v -0.00630845 -0.01808882 0.00964044
v -0.00880829 -0.01798159 0.00983461
v -0.00906428 -0.01827443 0.00927918
v -0.00929547 -0.01841179 0.00900521
v -0.00952238 -0.01850485 0.00881288
v -0.01016040 -0.01865328 0.00849634
v -0.01423440 -0.01924453 0.00704572
v -0.01471598 -0.01857289 0.00866309
v -0.01506057 -0.01808308 0.00964367
v -0.01671931 -0.01559695 0.01329445
v -0.01527802 -0.01776979 0.01020936
v -0.01590466 -0.01684722 0.01166924
v -0.01657512 -0.01582293 0.01302459
v -0.01067035 -0.01665276 0.01194895
v -0.00630729 -0.01560244 0.01329368
v -0.01001133 -0.01674531 0.01182153
v -0.00943985 -0.01695131 0.01152202
v -0.00929483 -0.01703177 0.01140258
v -0.00899060 -0.01726925 0.01103755
v -0.00882032 -0.01750626 0.01065772
v -0.00877246 -0.01764066 0.01043519
v -0.01727844 -0.01469886 0.01428158
v -0.00630579 -0.01239091 0.01632919
v -0.01800348 -0.01347303 0.01544347
v -0.02011240 -0.00927331 0.01827814
v -0.01944062 -0.01075307 0.01744782
v -0.00630402 -0.00860345 0.01860591
v -0.01873264 -0.01215185 0.01650363
v -0.01860770 -0.01238575 0.01632874
v -0.02169936 -0.00434130 0.02003285
v -0.02126983 -0.00605201 0.01958323
v -0.00630206 -0.00441608 0.02001805
v -0.02073034 -0.00770490 0.01899303
v -0.02039002 -0.00859975 0.01860475
v -0.00951450 -0.00161803 0.02043596
v -0.01015261 -0.00196622 0.02040649
v -0.00630001 -0.00002335 0.02049998
v -0.00876412 0.00021886 0.02049839
v -0.00880012 -0.00047172 0.02049338
v -0.00928753 -0.00140499 0.02045144
v -0.00905626 -0.00109910 0.02046937
v -0.02199883 -0.00256938 0.02033705
v -0.02214621 -0.00076341 0.02048539
v -0.02215974 -0.00001580 0.02050005
v -0.02213167 0.00103438 0.02047456
v -0.02195810 0.00282388 0.02030600
v -0.02168056 0.00437912 0.02002901
v -0.00629796 0.00437059 0.02002932
v -0.01066163 0.00202420 0.02040051
v -0.01000264 0.00186743 0.02041668
v -0.00943124 0.00150491 0.02044509
v -0.00928624 0.00136120 0.02045499
v -0.00898211 0.00092626 0.02047802
v -0.00881193 0.00047879 0.02049329
v -0.02163342 0.00459299 0.01998117
v -0.02118405 0.00629154 0.01951386
v -0.02063303 0.00792063 0.01891206
v -0.00629273 0.01557417 0.01333367
v -0.01670497 0.01557816 0.01333487
v -0.00629423 0.01235486 0.01636093
v -0.01715320 0.01486033 0.01413005
v -0.01787964 0.01364339 0.01530803
v -0.01860545 0.01234389 0.01637354
v -0.01931746 0.01095962 0.01733040
v -0.00942332 0.01846062 0.00892307
v -0.00927829 0.01839731 0.00905242
v -0.00629157 0.01806992 0.00968681
v -0.00897405 0.01819971 0.00944047
v -0.00880375 0.01798915 0.00983557
v -0.00927893 0.01701114 0.01144623
v -0.00950586 0.01689126 0.01162308
v -0.00875588 0.01786360 0.01006321
v -0.00879172 0.01751398 0.01065877
v -0.00904773 0.01717956 0.01119020
v -0.01014390 0.01669180 0.01191015
v -0.01452493 0.01881803 0.00814781
v -0.01462111 0.01867375 0.00847325
v -0.01504311 0.01807320 0.00968867
v -0.01517324 0.01788566 0.01003068
v -0.01578633 0.01698554 0.01148876
v -0.01644968 0.01597731 0.01285409
v -0.02776874 -0.04150304 0.01244676
v -0.02776944 -0.04300304 0.01244484
v -0.02735342 -0.04150125 0.01089676
v -0.02735412 -0.04300125 0.01089484
v -0.02621874 -0.04150032 0.00976208
v -0.02621944 -0.04300032 0.00976016
v -0.02466874 -0.04150051 0.00934676
v -0.02466944 -0.04300051 0.00934484
v -0.02311874 -0.04150177 0.00976208
v -0.02311944 -0.04300177 0.00976016
v -0.02198406 -0.04150375 0.01089676
v -0.02198477 -0.04300375 0.01089484
v -0.02156874 -0.04150593 0.01244676
v -0.02156944 -0.04300594 0.01244484
v -0.02636758 -0.03900369 0.01244997
v -0.02636874 -0.04150369 0.01244676
v -0.02613982 -0.03900271 0.01159997
v -0.02614099 -0.04150271 0.01159676
v -0.02551758 -0.03900220 0.01097772
v -0.02551874 -0.04150220 0.01097452
v -0.02466758 -0.03900231 0.01074997
v -0.02466874 -0.04150231 0.01074676
v -0.02381758 -0.03900300 0.01097772
v -0.02381874 -0.04150300 0.01097452
v -0.02319533 -0.03900408 0.01159997
v -0.02319650 -0.04150409 0.01159676
v -0.02296758 -0.03900528 0.01244997
v -0.02296874 -0.04150528 0.01244676
v -0.02776873 -0.04147097 -0.01255322
v -0.02776943 -0.04297097 -0.01255514
v -0.02735341 -0.04146918 -0.01410322
v -0.02735411 -0.04296918 -0.01410514
v -0.02621873 -0.04146826 -0.01523790
v -0.02621943 -0.04296825 -0.01523982
v -0.02466873 -0.04146845 -0.01565322
v -0.02466943 -0.04296844 -0.01565514
v -0.02311873 -0.04146970 -0.01523790
v -0.02311943 -0.04296970 -0.01523982
v -0.02198405 -0.04147169 -0.01410322
v -0.02198475 -0.04297169 -0.01410514
v -0.02156873 -0.04147387 -0.01255322
v -0.02156943 -0.04297387 -0.01255514
v -0.02636756 -0.03897163 -0.01255001
v -0.02636873 -0.04147163 -0.01255322
v -0.02613980 -0.03897065 -0.01340001
v -0.02614097 -0.04147064 -0.01340322
v -0.02551756 -0.03897014 -0.01402226
v -0.02551873 -0.04147014 -0.01402546
v -0.02466756 -0.03897024 -0.01425001
v -0.02466873 -0.04147024 -0.01425322
v -0.02381756 -0.03897093 -0.01402226
v -0.02381873 -0.04147093 -0.01402546
v -0.02319532 -0.03897202 -0.01340001
v -0.02319648 -0.04147202 -0.01340322
v -0.02296756 -0.03897322 -0.01255001
v -0.02296873 -0.04147321 -0.01255322
v -0.07106999 -0.04145076 -0.01255322
v -0.07107069 -0.04295076 -0.01255514
v -0.07065468 -0.04144897 -0.01410322
v -0.07065538 -0.04294896 -0.01410514
v -0.06951999 -0.04144804 -0.01523790
v -0.06952069 -0.04294804 -0.01523982
v -0.06796999 -0.04144823 -0.01565322
v -0.06797069 -0.04294823 -0.01565514
v -0.06641999 -0.04144949 -0.01523790
v -0.06642069 -0.04294949 -0.01523982
v -0.06528532 -0.04145147 -0.01410322
v -0.06528602 -0.04295147 -0.01410514
v -0.06486999 -0.04145365 -0.01255322
v -0.06487069 -0.04295366 -0.01255514
v -0.06966883 -0.03895141 -0.01255001
v -0.06966999 -0.04145141 -0.01255322
v -0.06944107 -0.03895043 -0.01340001
v -0.06944223 -0.04145043 -0.01340322
v -0.06881882 -0.03894992 -0.01402226
v -0.06881999 -0.04144992 -0.01402546
v -0.06796882 -0.03895003 -0.01425001
v -0.06796999 -0.04145002 -0.01425322
v -0.06711882 -0.03895072 -0.01402226
v -0.06711999 -0.04145071 -0.01402546
v -0.06649658 -0.03895180 -0.01340001
v -0.06649775 -0.04145180 -0.01340322
v -0.06626883 -0.03895300 -0.01255001
v -0.06626999 -0.04145300 -0.01255322
v -0.07107001 -0.04148282 0.01244676
v -0.07107071 -0.04298283 0.01244484
v -0.07065469 -0.04148103 0.01089676
v -0.07065539 -0.04298103 0.01089484
v -0.06952000 -0.04148011 0.00976208
v -0.06952070 -0.04298010 0.00976016
v -0.06797001 -0.04148030 0.00934676
v -0.06797071 -0.04298030 0.00934484
v -0.06642000 -0.04148155 0.00976208
v -0.06642070 -0.04298155 0.00976016
v -0.06528533 -0.04148354 0.01089676
v -0.06528603 -0.04298354 0.01089484
v -0.06487001 -0.04148572 0.01244676
v -0.06487071 -0.04298572 0.01244484
v -0.06966884 -0.03898348 0.01244997
v -0.06967001 -0.04148348 0.01244676
v -0.06944109 -0.03898250 0.01159997
v -0.06944225 -0.04148249 0.01159676
v -0.06881884 -0.03898199 0.01097772
v -0.06882001 -0.04148199 0.01097452
v -0.06796884 -0.03898209 0.01074997
v -0.06797001 -0.04148209 0.01074676
v -0.06711884 -0.03898278 0.01097772
v -0.06712001 -0.04148278 0.01097452
v -0.06649660 -0.03898387 0.01159997
v -0.06649777 -0.04148387 0.01159676
v -0.06626885 -0.03898507 0.01244997
v -0.06627001 -0.04148506 0.01244676
v -0.02531821 -0.03898815 -0.00005002
v -0.02532007 -0.04298815 -0.00005515
v -0.02566669 -0.03899287 0.00375983
v -0.02566856 -0.04299287 0.00375470
v -0.02670059 -0.03899712 0.00744323
v -0.02670246 -0.04299712 0.00743810
v -0.02838558 -0.03900073 0.01087794
v -0.02838745 -0.04300074 0.01087281
v -0.03066574 -0.03900361 0.01394997
v -0.03066760 -0.04300361 0.01394483
v -0.01705839 0.01963164 0.01034358
v -0.01653966 0.02049653 0.00873787
v -0.01760138 0.02049314 0.01177098
v -0.02019055 0.02011174 0.01675263
v -0.02106520 0.01964637 0.01804373
v -0.02028299 0.01354951 0.01688286
v -0.02181989 0.01902927 0.01905489
v -0.02241995 0.01830599 0.01980103
v -0.02287744 0.01747810 0.02033906
v -0.02315282 0.01665739 0.02065066
v -0.02328510 0.01576125 0.02079647
v -0.02278726 -0.00664104 0.02019062
v -0.02319063 -0.00476342 0.02065434
v -0.02368233 -0.03301609 0.02114122
v -0.02347182 -0.00281863 0.02096813
v -0.02361013 -0.00083646 0.02112124
v -0.02106926 -0.01180078 0.01798852
v -0.02170021 -0.01017664 0.01884474
v -0.02228059 -0.00845520 0.01958196
v -0.02182052 -0.03301416 0.01895766
v -0.02021945 -0.01373874 0.01672961
v -0.02040429 -0.01333606 0.01701491
v -0.02359634 0.00113672 0.02111023
v -0.02362571 0.01084312 0.02115880
v -0.02343316 0.00310080 0.02093658
v -0.02312802 0.00504250 0.02060182
v -0.02270576 0.00690676 0.02012015
v -0.02218801 0.00869477 0.01949981
v -0.02337626 0.01240875 0.02089097
v -0.02329277 0.01548420 0.02080447
v -0.02329347 0.01398421 0.02080255
v -0.02095195 0.01203021 0.01786930
v -0.02159374 0.01041098 0.01874410
v -0.02466352 0.00772639 0.02221394
v -0.02541100 0.00630428 0.02291600
v -0.02457144 0.00793098 0.02212420
v -0.02405217 0.00927718 0.02160419
v -0.02642053 0.00482018 0.02379475
v -0.02762300 0.00344377 0.02474770
v -0.02788736 -0.03301893 0.02488568
v -0.02786293 0.00320611 0.02492659
v -0.02905051 0.00216842 0.02576108
v -0.03268050 0.00007188 0.02784808
v -0.03270033 -0.03302043 0.02780777
v -0.03232154 0.00022241 0.02766987
v -0.03062623 0.00108834 0.02674741
v -0.03389244 -0.00035961 0.02840814
v -0.03569350 -0.00079444 0.02912791
v -0.03796245 -0.03302055 0.02981109
v -0.03750466 -0.00099992 0.02972470
v -0.03794739 -0.00101652 0.02985210
v -0.03830048 -0.00102053 0.02994865
v -0.04350014 -0.03301927 0.03082955
v -0.04348520 -0.00101930 0.03087059
v -0.04911576 -0.00101667 0.03087059
v -0.04913070 -0.03301664 0.03082955
v -0.05465345 -0.00101278 0.02985213
v -0.05466839 -0.03301275 0.02981109
v -0.05991557 -0.00100775 0.02784882
v -0.05993051 -0.03300772 0.02780777
v -0.06472854 -0.00100175 0.02492673
v -0.06474347 -0.03300173 0.02488568
v -0.06893355 -0.00099499 0.02118227
v -0.06894850 -0.03299496 0.02114122
v -0.07148028 -0.04248983 0.01805493
v -0.07081474 -0.04249128 0.01894547
v -0.07081031 -0.03299129 0.01895766
v -0.07239192 -0.00098768 0.01673896
v -0.07729092 -0.00096490 0.00076750
v -0.07730046 -0.00096391 -0.00000128
v -0.07731983 -0.04246388 -0.00005451
v -0.07707884 -0.04246894 0.00380341
v -0.07666006 -0.04247234 0.00630716
v -0.07664069 -0.00097238 0.00636039
v -0.07635960 -0.04247414 0.00760136
v -0.07517330 -0.04247941 0.01128027
v -0.07498953 -0.00098005 0.01174340
v -0.07500890 -0.04248002 0.01169017
v -0.07353839 -0.04248467 0.01478294
v -0.07241129 -0.04248764 0.01668573
v -0.01960108 0.01497574 0.01578438
v -0.01891857 0.01631137 0.01456995
v -0.01924828 0.02039552 0.01518267
v -0.01825761 0.01753726 0.01325447
v -0.01829043 0.02049146 0.01333042
v -0.01763439 0.01864379 0.01184685
v -0.01903841 -0.01613164 0.01472366
v -0.01971942 -0.01478618 0.01592172
v -0.02022840 -0.04251200 0.01668573
v -0.02049771 -0.04251240 0.01709823
v -0.02182495 -0.04251415 0.01894547
v -0.01617919 -0.02112119 0.00726279
v -0.01663154 -0.02038391 0.00893043
v -0.01763079 -0.04250681 0.01169017
v -0.01707663 -0.04250519 0.01023307
v -0.01602855 -0.04250094 0.00653620
v -0.01597106 -0.02145534 0.00634022
v -0.01597962 -0.04250067 0.00630716
v -0.01581036 -0.02171120 0.00551867
v -0.01715946 -0.01950237 0.01052477
v -0.01762168 -0.01871002 0.01172558
v -0.01857402 -0.04250903 0.01377187
v -0.01774805 -0.01848971 0.01203004
v -0.01837780 -0.01736543 0.01342755
v -0.01544588 -0.04249634 0.00273808
v -0.01531050 -0.02249284 -0.00002886
v -0.01531053 -0.02249285 0.00001210
v -0.01536841 -0.02240476 0.00186660
v -0.01553586 -0.02214391 0.00370412
v -0.02329345 0.01403267 -0.01698085
v -0.02287627 0.01752772 -0.01639924
v -0.02329275 0.01553267 -0.01697893
v -0.02303658 0.01711006 -0.01662575
v -0.02323759 0.01627620 -0.01690356
v -0.02336708 0.01255142 -0.01708100
v -0.02358978 0.01106840 -0.01737665
v -0.02493877 -0.03296397 -0.01904231
v -0.02397484 0.00956862 -0.01786921
v -0.02454844 0.00803547 -0.01856370
v -0.02535620 0.00645116 -0.01947106
v -0.02634862 0.00497089 -0.02048743
v -0.02644816 -0.03296124 -0.02061543
v -0.02494157 -0.03896395 -0.01905001
v -0.02289044 -0.03896824 -0.01645430
v -0.02642732 0.00486824 -0.02056384
v -0.02753188 0.00359616 -0.02157738
v -0.02896169 0.00230094 -0.02274308
v -0.03071904 0.00109898 -0.02398216
v -0.03073871 -0.03295486 -0.02402829
v -0.03052748 0.00121253 -0.02385651
v -0.02907693 0.00221017 -0.02283054
v -0.03565525 -0.00071598 -0.02654606
v -0.03560164 -0.03294934 -0.02655976
v -0.03386415 -0.00028126 -0.02575514
v -0.03220645 0.00034028 -0.02488607
v -0.03744689 -0.00092374 -0.02719635
v -0.03830045 -0.00094690 -0.02745959
v -0.04085825 -0.03294489 -0.02811684
v -0.04084331 -0.00094492 -0.02807580
v -0.04631538 -0.03294167 -0.02864230
v -0.04630044 -0.00094170 -0.02860126
v -0.05177252 -0.03293980 -0.02811684
v -0.05175758 -0.00093983 -0.02807580
v -0.05702913 -0.03293934 -0.02655976
v -0.05701419 -0.00093937 -0.02651872
v -0.06189206 -0.03294032 -0.02402829
v -0.06187712 -0.00094035 -0.02398724
v -0.06618261 -0.03294269 -0.02061543
v -0.06616767 -0.00094272 -0.02057439
v -0.06769201 -0.03294400 -0.01904231
v -0.06972820 -0.00094641 -0.01640555
v -0.06769481 -0.03894400 -0.01905001
v -0.06974594 -0.03894637 -0.01645430
v -0.07244559 -0.03895123 -0.01168268
v -0.07242785 -0.00095127 -0.01163394
v -0.07418518 -0.03895709 -0.00648362
v -0.07416744 -0.00095712 -0.00643488
v -0.07490078 -0.03896372 -0.00104815
v -0.07488304 -0.00096376 -0.00099941
v -0.07491820 -0.03896499 -0.00005002
v -0.07490046 -0.00096503 -0.00000128
v -0.02191274 -0.00570573 -0.01494416
v -0.02227263 -0.00387615 -0.01552079
v -0.02040035 -0.01041935 -0.01213419
v -0.02094400 -0.00898315 -0.01323357
v -0.02019080 -0.03897562 -0.01168268
v -0.02018484 -0.01094524 -0.01166171
v -0.02025768 -0.01077009 -0.01182377
v -0.02141401 -0.00755490 -0.01409867
v -0.02150350 -0.00725522 -0.01425538
v -0.02250301 -0.00202326 -0.01587022
v -0.02259305 -0.00021252 -0.01599845
v -0.02259429 0.00003130 -0.01599999
v -0.02254342 0.00153731 -0.01592699
v -0.02237685 0.00320529 -0.01567779
v -0.02226812 0.00394210 -0.01550941
v -0.02205743 0.00508450 -0.01517407
v -0.02166079 0.00673441 -0.01451840
v -0.02140673 0.00761175 -0.01407882
v -0.02115990 0.00838542 -0.01363269
v -0.02016898 0.01100545 -0.01162271
v -0.02107350 0.01968133 -0.01346727
v -0.02172889 0.01915988 -0.01462672
v -0.02065040 0.00980306 -0.01265262
v -0.02024644 0.01081938 -0.01179600
v -0.02271706 0.01785920 -0.01616965
v -0.02227177 0.01855622 -0.01550105
v -0.02012703 0.01110502 -0.01152767
v -0.02016429 0.02015938 -0.01160931
v -0.02039516 0.02006037 -0.01211448
v -0.01959429 0.01230916 -0.01023277
v -0.01910709 0.01333031 -0.00886231
v -0.01964072 0.02033621 -0.01035414
v -0.01861047 0.01431450 -0.00716545
v -0.01888789 0.02048267 -0.00816279
v -0.01842822 0.01466254 -0.00642357
v -0.01842347 0.02051483 -0.00640741
v -0.01823619 0.01502374 -0.00552659
v -0.01818618 0.01511705 -0.00526606
v -0.01829042 0.02051600 -0.00580122
v -0.01793721 0.01557564 -0.00369599
v -0.01770785 0.02050953 -0.00097183
v -0.01775391 0.01590343 -0.00182879
v -0.01769043 0.02050824 0.00002629
v -0.01769253 0.01600825 0.00002052
v -0.01910320 -0.01333215 -0.00883267
v -0.01930258 -0.01291774 -0.00942863
v -0.01981718 -0.01179463 -0.01080131
v -0.01772509 -0.01595997 -0.00100758
v -0.01784666 -0.01574150 -0.00281830
v -0.01845122 -0.03898311 -0.00648362
v -0.01809082 -0.01529151 -0.00468098
v -0.01820045 -0.01508615 -0.00530580
v -0.01843677 -0.01463881 -0.00643841
v -0.01883351 -0.01387416 -0.00795384
v -0.01773563 -0.03899041 -0.00104815
v -0.01771821 -0.03899170 -0.00005002
v -0.01770747 -0.01599172 -0.00002052
v -0.01429645 0.00760664 -0.01407979
v -0.01429816 0.00393602 -0.01551000
v -0.01430747 -0.01599331 -0.00002052
v -0.01430744 -0.01592706 -0.00145467
v -0.01430704 -0.01508867 -0.00530383
v -0.01430623 -0.01333518 -0.00883147
v -0.01430503 -0.01077290 -0.01182374
v -0.01430353 -0.00755714 -0.01409924
v -0.01430181 -0.00388287 -0.01552003
v -0.01429999 0.00002720 -0.01599999
v -0.01429495 0.01081654 -0.01179605
v -0.01429376 0.01337114 -0.00879722
v -0.01429294 0.01511557 -0.00526509
v -0.01429253 0.01600666 0.00002052
v -0.01429256 0.01594409 -0.00141379
v -0.01754853 -0.04300476 0.01006650
v -0.02159355 -0.04299862 0.00674925
v -0.01651735 -0.04300058 0.00642926
v -0.01594408 -0.04299605 0.00269239
v -0.02976367 -0.04301005 0.01863285
v -0.02735412 -0.04300522 0.01399483
v -0.02843154 -0.04301107 0.01894483
v -0.02621945 -0.04300721 0.01512951
v -0.02246112 -0.04301386 0.01894483
v -0.02466945 -0.04300847 0.01554483
v -0.02311945 -0.04300866 0.01512951
v -0.02217193 -0.04299878 0.00708318
v -0.02250586 -0.04299851 0.00699370
v -0.02275032 -0.04299808 0.00674925
v -0.02183800 -0.04299882 0.00699370
v -0.01902177 -0.04300854 0.01354822
v -0.02198477 -0.04300773 0.01399483
v -0.03132315 -0.04300485 0.01514573
v -0.03137728 -0.04300658 0.01651283
v -0.03081872 -0.04300844 0.01776179
v -0.02091443 -0.04301186 0.01682093
v -0.02311943 -0.04297659 -0.00987047
v -0.02198475 -0.04297566 -0.01100515
v -0.03081870 -0.04296273 -0.01787210
v -0.02976364 -0.04296211 -0.01874316
v -0.02843152 -0.04296233 -0.01905514
v -0.03137726 -0.04296407 -0.01662314
v -0.02466943 -0.04297640 -0.00945515
v -0.02566856 -0.04298310 -0.00386501
v -0.02621943 -0.04297514 -0.00987047
v -0.02670245 -0.04297790 -0.00754841
v -0.02735411 -0.04297316 -0.01100515
v -0.02838743 -0.04297270 -0.01098312
v -0.03066759 -0.04296770 -0.01405514
v -0.03132313 -0.04296585 -0.01525604
v -0.03132128 -0.03900485 0.01515086
v -0.03137541 -0.03900658 0.01651796
v -0.02613982 -0.03900489 0.01329997
v -0.02976177 -0.03896211 -0.01873803
v -0.03081683 -0.03896273 -0.01786697
v -0.03137539 -0.03896407 -0.01661801
v -0.03081686 -0.03900844 0.01776692
v -0.02976180 -0.03901005 0.01863798
v -0.02842967 -0.03901107 0.01894996
v -0.02551758 -0.03900598 0.01392221
v -0.01773563 -0.03899297 0.00094810
v -0.01845123 -0.03899961 0.00638357
v -0.02466758 -0.03900667 0.01414996
v -0.02494159 -0.03901270 0.01894996
v -0.02381758 -0.03900677 0.01392221
v -0.02289047 -0.03901033 0.01635425
v -0.02842965 -0.03896233 -0.01905001
v -0.02466756 -0.03897460 -0.01085002
v -0.02381756 -0.03897471 -0.01107777
v -0.02319532 -0.03897420 -0.01170001
v -0.03132126 -0.03896585 -0.01525091
v -0.03066572 -0.03896770 -0.01405001
v -0.02613981 -0.03897282 -0.01170001
v -0.02838556 -0.03897270 -0.01097799
v -0.02551756 -0.03897391 -0.01107777
v -0.02670058 -0.03897789 -0.00754328
v -0.02566669 -0.03898310 -0.00385988
v -0.02087102 -0.03899949 0.00717045
v -0.02019081 -0.03900547 0.01158263
v -0.02142006 -0.03899994 0.00771948
v -0.02217006 -0.03899984 0.00792045
v -0.02319533 -0.03900627 0.01329997
v -0.02346910 -0.03899828 0.00717045
v -0.02292006 -0.03899924 0.00771948
v -0.06452952 -0.03898326 0.01040693
v -0.06453139 -0.04298326 0.01040180
v -0.06629958 -0.03897731 0.00641098
v -0.06630144 -0.04297731 0.00640585
v -0.06720420 -0.03897140 0.00213519
v -0.06720606 -0.04297140 0.00213006
v -0.06720419 -0.03896580 -0.00223524
v -0.06720606 -0.04296580 -0.00224037
v -0.06629957 -0.03896073 -0.00651103
v -0.06630144 -0.04296073 -0.00651616
v -0.06452951 -0.03895643 -0.01050698
v -0.06453137 -0.04295643 -0.01051211
v -0.06197067 -0.03895308 -0.01405001
v -0.06197254 -0.04295308 -0.01405514
v -0.07351132 -0.04261969 -0.01487740
v -0.07241127 -0.04244469 -0.01679476
v -0.07145526 -0.04261646 -0.01814612
v -0.07148026 -0.04244337 -0.01816395
v -0.07081472 -0.04244254 -0.01905450
v -0.07632973 -0.04262758 -0.00770297
v -0.07517330 -0.04245034 -0.01138930
v -0.07514461 -0.04262342 -0.01137822
v -0.07500888 -0.04244989 -0.01179920
v -0.07353838 -0.04244661 -0.01489197
v -0.07704826 -0.04264200 0.00379935
v -0.07728901 -0.04263694 -0.00005473
v -0.07707883 -0.04245904 -0.00391244
v -0.07704825 -0.04263211 -0.00390882
v -0.07666005 -0.04245602 -0.00641618
v -0.07635959 -0.04245450 -0.00771038
v -0.07514462 -0.04265247 0.01126875
v -0.07632974 -0.04264720 0.00759350
v -0.07351134 -0.04265772 0.01476793
v -0.07145528 -0.04266287 0.01803665
v -0.07136159 -0.04284333 0.01796892
v -0.07061581 -0.04284975 0.01894501
v -0.07076916 -0.04267821 0.01894523
v -0.07030431 -0.04298183 0.01894484
v -0.07039610 -0.04296093 0.01894487
v -0.07121515 -0.04295880 0.01786334
v -0.07107470 -0.04298965 0.01776220
v -0.07017904 -0.04299158 0.01894483
v -0.07325155 -0.04295370 0.01462586
v -0.07309962 -0.04298457 0.01454299
v -0.07486922 -0.04294850 0.01116013
v -0.07470816 -0.04297940 0.01109681
v -0.07604301 -0.04294328 0.00752001
v -0.07587533 -0.04297421 0.00747724
v -0.07675466 -0.04293813 0.00376213
v -0.07658296 -0.04296909 0.00374055
v -0.07699311 -0.04293312 -0.00005511
v -0.07682007 -0.04296411 -0.00005515
v -0.07675465 -0.04292834 -0.00387235
v -0.07658295 -0.04295935 -0.00385086
v -0.07604300 -0.04292385 -0.00763024
v -0.07587531 -0.04295489 -0.00758754
v -0.07486921 -0.04291973 -0.01127035
v -0.07470815 -0.04295079 -0.01120712
v -0.07325153 -0.04291604 -0.01473609
v -0.07309960 -0.04294712 -0.01465330
v -0.07121512 -0.04291284 -0.01797356
v -0.07107468 -0.04294394 -0.01787251
v -0.07039633 -0.04291150 -0.01905510
v -0.07017902 -0.04294284 -0.01905514
v -0.07080996 -0.04250706 -0.01905458
v -0.07073475 -0.04268576 -0.01905481
v -0.07062289 -0.04279595 -0.01905495
v -0.07340997 -0.04283819 0.01471240
v -0.07503717 -0.04283296 0.01122627
v -0.07621786 -0.04282771 0.00756474
v -0.07693370 -0.04282253 0.00378474
v -0.07717355 -0.04281750 -0.00005497
v -0.07693369 -0.04281268 -0.00389467
v -0.07621785 -0.04280817 -0.00767467
v -0.07503715 -0.04280402 -0.01133620
v -0.07340996 -0.04280031 -0.01482233
v -0.07136156 -0.04279709 -0.01807886
v -0.07051097 -0.04286553 -0.01905504
v -0.01862394 -0.01429692 0.00716586
v -0.01911955 -0.01331241 0.00886239
v -0.01430624 -0.01335779 0.00879722
v -0.02116855 -0.00836316 0.01363423
v -0.02141383 -0.00759176 0.01407882
v -0.01430354 -0.00759329 0.01407979
v -0.02206266 -0.00506152 0.01517487
v -0.02227180 -0.00392131 0.01550941
v -0.01430183 -0.00392267 0.01551000
v -0.01771021 0.01597645 0.00100851
v -0.01429256 0.01594041 0.00145467
v -0.01783205 0.01575799 0.00281923
v -0.01807657 0.01530832 0.00468120
v -0.01429295 0.01510202 0.00530383
v -0.01818636 0.01510314 0.00530580
v -0.01842257 0.01465701 0.00643615
v -0.01429377 0.01334853 0.00883147
v -0.01881989 0.01389305 0.00795155
v -0.01429496 0.01078625 0.01182374
v -0.02024761 0.01078900 0.01182377
v -0.02017459 0.01096411 0.01166168
v -0.01980527 0.01181515 0.01079911
v -0.01928975 0.01293737 0.00942642
v -0.01909075 0.01334998 0.00883267
v -0.02038970 0.01044065 0.01213225
v -0.01429647 0.00757049 0.01409924
v -0.02093477 0.00900505 0.01323197
v -0.02226860 0.00389945 0.01552016
v -0.02190682 0.00572870 0.01494319
v -0.01429818 0.00389622 0.01552003
v -0.02149587 0.00727818 0.01425392
v -0.02140695 0.00757488 0.01409867
v -0.02250090 0.00204677 0.01586990
v -0.01430001 -0.00001385 0.01599999
v -0.02259280 0.00023740 0.01599839
v -0.02238020 -0.00318163 0.01567835
v -0.02254510 -0.00151231 0.01592737
v -0.02259431 -0.00001020 0.01599999
v -0.02166772 -0.00671179 0.01451950
v -0.01430504 -0.01080319 0.01179605
v -0.01960523 -0.01229205 0.01023135
v -0.02013650 -0.01108832 0.01152565
v -0.02017930 -0.01098651 0.01162281
v -0.02025654 -0.01080047 0.01179600
v -0.02066004 -0.00978249 0.01265362
v -0.01430705 -0.01510222 0.00526509
v -0.01825022 -0.01500668 0.00552664
v -0.01844190 -0.01464532 0.00642357
v -0.01776875 -0.01588685 0.00182879
v -0.01795175 -0.01555888 0.00369601
v -0.01820029 -0.01510006 0.00526606
v -0.01430744 -0.01593074 0.00141379
v -0.06769203 -0.03299275 0.01895766
v -0.06769484 -0.03899274 0.01894996
v -0.06974596 -0.03898845 0.01635425
v -0.02016442 0.02012950 0.01166122
v -0.02287428 0.01749025 0.01644127
v -0.02181871 0.01903499 0.01482514
v -0.02167828 0.01916965 0.01459070
v -0.02227323 0.01851449 0.01555080
v -0.02270066 0.01784863 0.01619152
v -0.02107596 0.01964506 0.01352225
v -0.02040784 0.02002333 0.01219285
v -0.01829043 0.02050105 0.00585381
v -0.01842348 0.02049832 0.00646002
v -0.01961087 0.02031799 0.01032929
v -0.01894866 0.02045387 0.00841587
v -0.01770785 0.02050697 0.00102442
v -0.02493879 -0.03301271 0.01895766
v -0.02380280 0.01011560 0.01767787
v -0.02347267 0.01167895 0.01725220
v -0.02494599 0.00714711 0.01903833
v -0.02457307 0.00793179 0.01861289
v -0.02428134 0.00864013 0.01826803
v -0.02331444 0.01320065 0.01704359
v -0.02329347 0.01398906 0.01701677
v -0.02329277 0.01548906 0.01701869
v -0.02300337 0.01716365 0.01662322
v -0.02322035 0.01633953 0.01692189
v -0.02842838 0.00268871 0.02233302
v -0.02704389 0.00406655 0.02115316
v -0.02644818 -0.03301402 0.02053077
v -0.02907442 0.00215359 0.02283419
v -0.02646638 0.00476035 0.02061377
v -0.02641616 0.00482493 0.02056543
v -0.02587513 0.00557221 0.02002941
v -0.03073874 -0.03301639 0.02394363
v -0.03308500 -0.00008062 0.02536370
v -0.03224499 0.00025939 0.02490856
v -0.03146230 0.00063112 0.02445099
v -0.03071382 0.00104049 0.02398145
v -0.02990529 0.00154917 0.02343694
v -0.03830048 -0.00101734 0.02745703
v -0.03653409 -0.00090956 0.02687966
v -0.03560167 -0.03301737 0.02647511
v -0.03578300 -0.00079941 0.02659493
v -0.03558284 -0.00076366 0.02651495
v -0.03476871 -0.00059049 0.02617142
v -0.04084334 -0.00101694 0.02807323
v -0.04085828 -0.03301691 0.02803219
v -0.04630048 -0.00101507 0.02859869
v -0.04631542 -0.03301504 0.02855765
v -0.05175762 -0.00101185 0.02807323
v -0.05177255 -0.03301182 0.02803219
v -0.05701423 -0.00100739 0.02651615
v -0.05702917 -0.03300737 0.02647511
v -0.06187715 -0.00100188 0.02398468
v -0.06189209 -0.03300185 0.02394363
v -0.06616770 -0.00099550 0.02057182
v -0.06618264 -0.03299547 0.02053077
v -0.06972822 -0.00098849 0.01640299
v -0.07490078 -0.03896628 0.00094810
v -0.07488304 -0.00096632 0.00099684
v -0.07418519 -0.03897359 0.00638357
v -0.07416745 -0.00097363 0.00643231
v -0.07244561 -0.03898107 0.01158263
v -0.07242787 -0.00098111 0.01163138
v -0.06797069 -0.04295618 -0.00945515
v -0.06642070 -0.04295637 -0.00987047
v -0.06161055 -0.04299366 0.01744483
v -0.06270862 -0.04299455 0.01854291
v -0.06420863 -0.04299437 0.01894483
v -0.06528602 -0.04295545 -0.01100515
v -0.06140609 -0.04295215 -0.01498468
v -0.06642071 -0.04298844 0.01512951
v -0.06528603 -0.04298751 0.01399483
v -0.07104659 -0.04295893 -0.00619170
v -0.07080214 -0.04295936 -0.00594724
v -0.07046821 -0.04295963 -0.00585777
v -0.06797071 -0.04298825 0.01554483
v -0.06952071 -0.04298699 0.01512951
v -0.07065539 -0.04298501 0.01399483
v -0.07065538 -0.04295294 -0.01100515
v -0.06952070 -0.04295493 -0.00987047
v -0.06988982 -0.04295947 -0.00619170
v -0.07013428 -0.04295967 -0.00594724
v -0.01597104 -0.02143908 -0.00639529
v -0.01579873 -0.02171568 -0.00551030
v -0.01552980 -0.02214396 -0.00371054
v -0.01536457 -0.02240589 -0.00185958
v -0.01762135 -0.01868043 -0.01177280
v -0.01714318 -0.01950294 -0.01052973
v -0.01661927 -0.02038112 -0.00894183
v -0.01616557 -0.02112458 -0.00726047
v -0.02021900 -0.01369672 -0.01676417
v -0.01970201 -0.01478078 -0.01593061
v -0.01902395 -0.01612150 -0.01473834
v -0.01836179 -0.01736016 -0.01343882
v -0.01772779 -0.01849432 -0.01202938
v -0.02182049 -0.03296542 -0.01904231
v -0.02343914 0.00310436 -0.02093519
v -0.02359900 0.00113274 -0.02110991
v -0.02364617 0.01080328 -0.02115295
v -0.02220038 0.00870646 -0.01949284
v -0.02271651 0.00691673 -0.02011506
v -0.02313947 0.00503562 -0.02060179
v -0.02343018 0.01201474 -0.02091851
v -0.02096985 0.01203289 -0.01786385
v -0.02161222 0.01040935 -0.01874177
v -0.02350591 0.01151988 -0.02100131
v -0.02206005 0.01882212 -0.01931110
v -0.02181713 0.01908080 -0.01900250
v -0.02020406 0.01376313 -0.01672564
v -0.02029544 0.01356572 -0.01686729
v -0.02329970 0.01360809 -0.02077388
v -0.02329345 0.01403752 -0.02076663
v -0.02329275 0.01553752 -0.02076471
v -0.02260113 0.01807147 -0.01997093
v -0.02321088 0.01643758 -0.02067306
v -0.02297494 0.01728929 -0.02040622
v -0.02137877 0.01946647 -0.01842459
v -0.02059071 0.01997092 -0.01730968
v -0.02020177 0.02015010 -0.01671853
v -0.02360716 -0.00087105 -0.02112025
v -0.02346288 -0.00284578 -0.02096592
v -0.02368231 -0.03296175 -0.02122588
v -0.02317740 -0.00478292 -0.02065180
v -0.02276680 -0.00667112 -0.02018387
v -0.02226211 -0.00846438 -0.01958101
v -0.02168552 -0.01016838 -0.01885172
v -0.02038473 -0.01333544 -0.01701936
v -0.02105439 -0.01179064 -0.01799795
v -0.01979569 0.02029637 -0.01606820
v -0.01826782 0.01755257 -0.01323103
v -0.02001259 0.02022315 -0.01642000
v -0.01893236 0.01632251 -0.01455403
v -0.01961215 0.01499407 -0.01576477
v -0.01884552 0.02049562 -0.01438820
v -0.01829042 0.02052559 -0.01327783
v -0.01763875 0.01866653 -0.01180959
v -0.01760136 0.02052327 -0.01171839
v -0.01705944 0.01965633 -0.01029618
v -0.01653965 0.02051888 -0.00868528
v -0.02646630 0.00481770 -0.02382059
v -0.02577534 0.00577718 -0.02322727
v -0.02486323 0.00736459 -0.02238729
v -0.02457260 0.00798503 -0.02210498
v -0.02420750 0.00888811 -0.02173960
v -0.02374096 0.01040171 -0.02125424
v -0.03134286 0.00075869 -0.02715224
v -0.02977519 0.00170144 -0.02622679
v -0.02788733 -0.03295498 -0.02497034
v -0.02907641 0.00221423 -0.02577284
v -0.02830088 0.00286256 -0.02523681
v -0.02785799 0.00327479 -0.02491468
v -0.02692334 0.00426262 -0.02419420
v -0.03471787 -0.00051471 -0.02875568
v -0.03297694 0.00002736 -0.02799101
v -0.03270029 -0.03294899 -0.02789243
v -0.03268017 0.00014346 -0.02784769
v -0.03224653 0.00032606 -0.02763120
v -0.04348516 -0.00094010 -0.03087316
v -0.03830044 -0.00094370 -0.02995121
v -0.03796241 -0.03294396 -0.02989574
v -0.03794654 -0.00093992 -0.02985443
v -0.03649243 -0.00083732 -0.02940867
v -0.04350010 -0.03294007 -0.03091420
v -0.04913066 -0.03293744 -0.03091420
v -0.04911572 -0.00093747 -0.03087316
v -0.05466835 -0.03293616 -0.02989574
v -0.05465341 -0.00093619 -0.02985470
v -0.05993048 -0.03293628 -0.02789243
v -0.05991554 -0.00093631 -0.02785138
v -0.06474344 -0.03293778 -0.02497034
v -0.06472851 -0.00093781 -0.02492929
v -0.06894847 -0.03294062 -0.02122588
v -0.07081029 -0.03294255 -0.01904231
v -0.07239190 -0.00094473 -0.01674153
v -0.06893353 -0.00094065 -0.02118483
v -0.07498951 -0.00094993 -0.01174597
v -0.07664068 -0.00095606 -0.00636295
v -0.07729092 -0.00096293 -0.00077007
v -0.06420676 -0.03899437 0.01894996
v -0.06711885 -0.03898656 0.01392221
v -0.06796885 -0.03898645 0.01414996
v -0.06881884 -0.03898576 0.01392221
v -0.06944109 -0.03898467 0.01329997
v -0.07121634 -0.03896009 -0.00522146
v -0.07176538 -0.03895913 -0.00577050
v -0.06270675 -0.03899455 0.01854804
v -0.06160868 -0.03899366 0.01744996
v -0.06649660 -0.03898605 0.01329997
v -0.06711883 -0.03895449 -0.01107777
v -0.06649659 -0.03895398 -0.01170001
v -0.06140422 -0.03895215 -0.01497955
v -0.06796883 -0.03895439 -0.01085002
v -0.06881883 -0.03895370 -0.01107777
v -0.06944107 -0.03895261 -0.01170001
v -0.06916730 -0.03896034 -0.00577050
v -0.06971634 -0.03896079 -0.00522146
v -0.07046634 -0.03896070 -0.00502050
v -0.06649777 -0.04148605 0.01329676
v -0.06712001 -0.04148656 0.01391900
v -0.06797001 -0.04148645 0.01414676
v -0.06882001 -0.04148576 0.01391900
v -0.06944225 -0.04148468 0.01329676
v -0.06642001 -0.04148844 0.01513144
v -0.06797001 -0.04148825 0.01554676
v -0.06952001 -0.04148699 0.01513144
v -0.07065469 -0.04148501 0.01399676
v -0.06528533 -0.04148751 0.01399676
v -0.06649775 -0.04145398 -0.01170322
v -0.06711999 -0.04145449 -0.01108098
v -0.06796999 -0.04145439 -0.01085322
v -0.06881999 -0.04145370 -0.01108098
v -0.06944223 -0.04145261 -0.01170322
v -0.06642000 -0.04145637 -0.00986854
v -0.06796999 -0.04145618 -0.00945322
v -0.06952000 -0.04145493 -0.00986854
v -0.07065468 -0.04145294 -0.01100322
v -0.06528532 -0.04145545 -0.01100322
v -0.02319649 -0.04147420 -0.01170322
v -0.02381873 -0.04147471 -0.01108098
v -0.02466873 -0.04147460 -0.01085322
v -0.02551873 -0.04147391 -0.01108098
v -0.02614097 -0.04147282 -0.01170322
v -0.02311873 -0.04147659 -0.00986854
v -0.02466873 -0.04147639 -0.00945322
v -0.02621873 -0.04147514 -0.00986854
v -0.02735341 -0.04147315 -0.01100322
v -0.02198405 -0.04147566 -0.01100322
v -0.02319650 -0.04150626 0.01329676
v -0.02381875 -0.04150677 0.01391900
v -0.02466875 -0.04150667 0.01414676
v -0.02551875 -0.04150598 0.01391900
v -0.02614099 -0.04150489 0.01329676
v -0.02311875 -0.04150866 0.01513144
v -0.02466875 -0.04150846 0.01554676
v -0.02621875 -0.04150721 0.01513144
v -0.02735342 -0.04150522 0.01399676
v -0.02198407 -0.04150773 0.01399676
v -0.00952162 -0.01688238 -0.01162308
v -0.01015948 -0.01668232 -0.01191015
v -0.00630727 -0.01556829 -0.01333367
v -0.00929481 -0.01700247 -0.01144623
v -0.00882055 -0.01798093 -0.00983557
v -0.00877256 -0.01785542 -0.01006321
v -0.00630843 -0.01806403 -0.00968681
v -0.00880807 -0.01750576 -0.01065877
v -0.00906376 -0.01717110 -0.01119020
v -0.01671934 -0.01556274 -0.01333452
v -0.01655808 -0.01581610 -0.01303290
v -0.01588310 -0.01684960 -0.01166581
v -0.01526070 -0.01776872 -0.01021124
v -0.01506020 -0.01805876 -0.00968905
v -0.01470292 -0.01856899 -0.00867108
v -0.01421990 -0.01924653 -0.00704028
v -0.01382935 -0.01978525 -0.00534276
v -0.01067129 -0.01867199 -0.00845155
v -0.00630921 -0.01972023 -0.00558983
v -0.01001220 -0.01860807 -0.00859515
v -0.00944055 -0.01845182 -0.00892307
v -0.00929546 -0.01838864 -0.00905242
v -0.00899103 -0.01819133 -0.00944047
v -0.00887454 -0.01806599 -0.00967782
v -0.00951298 0.00162691 -0.02043596
v -0.01015077 0.00197570 -0.02040649
v -0.00629794 0.00442196 -0.02001805
v -0.00928621 0.00141366 -0.02045144
v -0.00876432 -0.00021067 -0.02049839
v -0.00874999 0.00003174 -0.02049998
v -0.00629999 0.00002924 -0.02049998
v -0.00879967 0.00047994 -0.02049338
v -0.00905523 0.00110756 -0.02046937
v -0.02164560 0.00458983 -0.01998190
v -0.02196447 0.00283028 -0.02030511
v -0.02213450 0.00103394 -0.02047443
v -0.02215965 0.00003673 -0.02049989
v -0.02214304 -0.00079173 -0.02048430
v -0.02198932 -0.00259096 -0.02033447
v -0.02168528 -0.00435595 -0.02002966
v -0.00630204 -0.00436471 -0.02002932
v -0.01066351 -0.00201425 -0.02040051
v -0.01000438 -0.00185809 -0.02041668
v -0.00943264 -0.00149611 -0.02044509
v -0.00928751 -0.00135253 -0.02045499
v -0.00898297 -0.00091788 -0.02047802
v -0.00881237 -0.00047056 -0.02049329
v -0.00629155 0.01809471 -0.00964044
v -0.00879150 0.01798981 -0.00983461
v -0.00629079 0.01974039 -0.00553922
v -0.00904721 0.01828289 -0.00927918
v -0.00927827 0.01842047 -0.00900521
v -0.00950510 0.01851374 -0.00881288
v -0.01014298 0.01866276 -0.00849634
v -0.01423366 0.01969032 -0.00572739
v -0.01432773 0.01923008 -0.00712118
v -0.01462110 0.01869543 -0.00842533
v -0.01504311 0.01809799 -0.00964230
v -0.01670494 0.01561222 -0.01329479
v -0.01517436 0.01790971 -0.00998767
v -0.01579097 0.01700805 -0.01145544
v -0.01646055 0.01599326 -0.01283400
v -0.01065479 0.01666272 -0.01194895
v -0.00629271 0.01560833 -0.01329368
v -0.00999569 0.01675465 -0.01182153
v -0.00942402 0.01696012 -0.01152202
v -0.00927893 0.01704045 -0.01140258
v -0.00897448 0.01727764 -0.01103755
v -0.00880397 0.01751448 -0.01065772
v -0.00875598 0.01764884 -0.01043519
v -0.00629045 0.02046891 -0.00118060
v -0.01455154 0.02032216 -0.00274515
v -0.01502393 0.02048998 -0.00083559
v -0.01431584 0.02006063 -0.00425314
v -0.01716787 0.01487268 -0.01411708
v -0.00629421 0.01239679 -0.01632919
v -0.01789143 0.01366246 -0.01529126
v -0.01861869 0.01236121 -0.01636048
v -0.01933650 0.01096475 -0.01732692
v -0.00629598 0.00860934 -0.01860591
v -0.02002021 0.00948564 -0.01817828
v -0.02119549 0.00630366 -0.01950996
v -0.02064618 0.00793422 -0.01890661
v -0.02038199 0.00861870 -0.01860478
v -0.02071067 -0.00771032 -0.01899084
v -0.02038997 -0.00855193 -0.01862677
v -0.00630400 -0.00855570 -0.01862793
v -0.02009676 -0.00926295 -0.01828337
v -0.02124805 -0.00607637 -0.01957568
v -0.00630577 -0.01234898 -0.01636093
v -0.01726305 -0.01468739 -0.01429339
v -0.01798495 -0.01346572 -0.01544986
v -0.01871182 -0.01214872 -0.01650594
v -0.01942479 -0.01074112 -0.01745519
v -0.01354303 -0.02017561 -0.00359716
v -0.01336713 -0.02041442 -0.00180190
v -0.00630955 -0.02045994 -0.00123310
v -0.00630552 -0.01182035 0.01290193
v -0.00630682 -0.01461444 0.00962196
v -0.00630772 -0.01652241 0.00575869
v -0.00630814 -0.01742860 0.00154633
v -0.00629186 0.01743046 0.00159104
v -0.00629229 0.01651347 0.00580107
v -0.00629319 0.01459559 0.00965942
v -0.00629450 0.01179310 0.01293222
v -0.00629614 0.00827587 0.01542105
v -0.00629801 0.00425713 0.01697504
v -0.00630001 -0.00001951 0.01749999
v -0.00630201 -0.00429478 0.01696407
v -0.00630388 -0.00830952 0.01539977
v -0.01429186 0.01743420 0.00159104
v -0.01429229 0.01651721 0.00580107
v -0.01429318 0.01459933 0.00965942
v -0.01429449 0.01179683 0.01293222
v -0.01429613 0.00827960 0.01542105
v -0.01429801 0.00426086 0.01697504
v -0.01430001 -0.00001577 0.01749999
v -0.01430200 -0.00429104 0.01696407
v -0.01430388 -0.00830578 0.01539977
v -0.01430552 -0.01181662 0.01290193
v -0.01430682 -0.01461071 0.00962196
v -0.01430771 -0.01651868 0.00575869
v -0.01430814 -0.01742487 0.00154633
v -0.00936183 0.00141131 0.01744335
v -0.00995791 0.00184419 0.01740305
v -0.00875001 -0.00001923 0.01749999
v -0.00875937 0.00018106 0.01749911
v -0.00881256 0.00048253 0.01749346
v -0.00894269 0.00083307 0.01748036
v -0.01061138 0.00202419 0.01738311
v -0.01009626 -0.00194913 0.01739059
v -0.00949957 -0.00160346 0.01742598
v -0.00928732 -0.00140134 0.01744345
v -0.00902368 -0.00105063 0.01746818
v -0.00878808 -0.00042886 0.01749464
v -0.01061888 -0.01403964 0.01044027
v -0.01010284 -0.01603290 0.00700321
v -0.00950624 -0.01589085 0.00732051
v -0.00929404 -0.01580497 0.00750437
v -0.00903050 -0.01565109 0.00782057
v -0.00879505 -0.01536319 0.00837236
v -0.00876649 -0.01506209 0.00890281
v -0.00881974 -0.01490646 0.00916105
v -0.00894995 -0.01471981 0.00945802
v -0.00906985 -0.01460453 0.00963504
v -0.00936921 -0.01439854 0.00994012
v -0.00996537 -0.01414706 0.01029462
v -0.00878091 0.01493842 0.00912228
v -0.00875233 0.01524724 0.00859629
v -0.00880560 0.01539310 0.00833241
v -0.00893582 0.01555705 0.00802234
v -0.00935510 0.01581422 0.00750323
v -0.00995130 0.01599590 0.00710843
v -0.01060483 0.01606879 0.00694284
v -0.01008877 0.01408848 0.01038737
v -0.00949215 0.01429182 0.01010547
v -0.00927994 0.01440797 0.00993908
v -0.00901638 0.01460468 0.00964761
v -0.01601273 0.02051600 -0.00662659
v -0.01625970 0.02051744 -0.00766496
v -0.01579976 0.02051454 -0.00557034
v -0.01625971 0.02049771 0.00771754
v -0.01601273 0.02049893 0.00667918
v -0.01562079 0.02050149 0.00453996
v -0.01537526 0.02050422 0.00231812
v -0.01537526 0.02051010 -0.00226553
v -0.01562079 0.02051307 -0.00448738
v -0.02052353 -0.04268542 0.01708091
v -0.01577171 -0.04296525 0.00270802
v -0.01634824 -0.04296980 0.00646609
v -0.01738526 -0.04297401 0.01012397
v -0.01886686 -0.04297781 0.01362544
v -0.02077026 -0.04298114 0.01691673
v -0.02224379 -0.04298265 0.01894487
v -0.02190536 -0.04275749 0.01894516
v -0.02201720 -0.04286731 0.01894502
v -0.02182982 -0.04257897 0.01894539
v -0.01860176 -0.04268206 0.01375786
v -0.01710587 -0.04267822 0.01022259
v -0.01605883 -0.04267398 0.00652941
v -0.01547674 -0.04266938 0.00273507
v -0.01559190 -0.04284981 0.00272443
v -0.01617181 -0.04285439 0.00650461
v -0.01721494 -0.04285862 0.01018401
v -0.01870526 -0.04286244 0.01370609
v -0.02061986 -0.04286579 0.01701675
v -0.02212965 -0.04293699 0.01894493
v -0.01503751 0.02042263 -0.00218486
v -0.01466631 0.02008260 -0.00430164
v -0.01477624 0.01956075 -0.00638358
v -0.01497431 0.01923581 -0.00737349
v -0.01528589 0.01887996 -0.00831381
v -0.01590567 0.01929832 -0.00832085
v -0.01634575 0.01988728 -0.00845741
v -0.01554276 0.01953871 -0.00739990
v -0.01598985 0.01999134 -0.00750394
v -0.01527874 0.01977244 -0.00642445
v -0.01570462 0.02010475 -0.00650923
v -0.01548798 0.02021524 -0.00548115
v -0.01501205 0.02016900 -0.00435413
v -0.01533515 0.02031528 -0.00441713
v -0.01581284 0.01810620 -0.00987188
v -0.01615471 0.01955728 0.00842452
v -0.01634576 0.01986552 0.00850838
v -0.01684655 0.01904081 0.01008715
v -0.01590568 0.01927691 0.00837031
v -0.01581177 0.01808242 0.00991539
v -0.01639754 0.01719180 0.01137571
v -0.01703335 0.01618954 0.01274895
v -0.01770955 0.01507439 0.01403734
v -0.01840968 0.01385448 0.01523118
v -0.01911085 0.01254708 0.01631460
v -0.01980013 0.01114987 0.01729038
v -0.02046253 0.00965663 0.01815794
v -0.02205007 0.00468455 0.02000706
v -0.02161266 0.00641399 0.01952674
v -0.02107683 0.00807013 0.01890905
v -0.02236634 0.00288122 0.02034128
v -0.02253545 0.00105584 0.02051479
v -0.02117175 -0.00785012 0.01899223
v -0.02169639 -0.00616936 0.01959812
v -0.02211447 -0.00442719 0.02006031
v -0.02240614 -0.00262076 0.02037331
v -0.02254970 -0.00077846 0.02052602
v -0.01923444 -0.01235268 0.01644719
v -0.01991995 -0.01094023 0.01741042
v -0.02057155 -0.00944188 0.01825958
v -0.01740512 0.01809588 0.01157094
v -0.01801220 0.01703413 0.01296572
v -0.01865868 0.01585451 0.01427384
v -0.01932884 0.01456589 0.01548553
v -0.02000075 0.01318663 0.01658479
v -0.02066194 0.01171435 0.01757453
v -0.02129792 0.01014253 0.01845426
v -0.02188818 0.00847406 0.01921572
v -0.02240340 0.00673368 0.01984179
v -0.02282420 0.00491738 0.02032853
v -0.02312861 0.00302433 0.02066715
v -0.02329145 0.00110867 0.02084289
v -0.02330524 -0.00081616 0.02085418
v -0.02316714 -0.00274954 0.02069935
v -0.02288654 -0.00464574 0.02038208
v -0.02248444 -0.00647526 0.01991356
v -0.02198008 -0.00824133 0.01929931
v -0.02140343 -0.00991514 0.01855644
v -0.02077786 -0.01149213 0.01769524
v -0.02012031 -0.01298024 0.01671813
v -0.01944512 -0.01438299 0.01562382
v -0.01852984 -0.01368256 0.01536871
v -0.01783087 -0.01491200 0.01419060
v -0.01877606 -0.01568148 0.01442802
v -0.01812944 -0.01686917 0.01313851
v -0.01751560 -0.01794834 0.01175306
v -0.01694439 -0.01891738 0.01026642
v -0.01591267 -0.01796729 0.01009347
v -0.01651167 -0.01705382 0.01155656
v -0.01715454 -0.01603497 0.01292059
v -0.01643440 -0.01975823 0.00869810
v -0.01537717 -0.01875868 0.00855055
v -0.01491976 -0.01941746 0.00694340
v -0.01564612 -0.02101851 0.00536102
v -0.01599935 -0.02045922 0.00706390
v -0.01404585 -0.02063386 0.00001256
v -0.01410382 -0.02055635 0.00177995
v -0.01427193 -0.02032579 0.00353338
v -0.01454795 -0.01994233 0.00526925
v -0.01538416 -0.02142761 0.00359489
v -0.01522472 -0.02167382 0.00181054
v -0.01516976 -0.02175672 0.00001181
v -0.01522113 -0.02167468 -0.00180352
v -0.01537838 -0.02142742 -0.00360089
v -0.01563498 -0.02102244 -0.00535258
v -0.01598628 -0.02046201 -0.00706112
v -0.01536473 -0.01875477 -0.00855912
v -0.01490601 -0.01941928 -0.00693887
v -0.01453621 -0.01994541 -0.00525910
v -0.01426584 -0.02032519 -0.00353740
v -0.01410003 -0.02055693 -0.00177115
v -0.01642257 -0.01975507 -0.00870857
v -0.01692863 -0.01891738 -0.01027054
v -0.01749589 -0.01795218 -0.01175152
v -0.01713817 -0.01602832 -0.01292917
v -0.01649103 -0.01705625 -0.01155347
v -0.01589614 -0.01796621 -0.01009585
v -0.01811380 -0.01686351 -0.01314873
v -0.01876189 -0.01567109 -0.01444163
v -0.02010100 -0.01297903 -0.01672160
v -0.01942799 -0.01437717 -0.01563168
v -0.01781605 -0.01490079 -0.01420263
v -0.01851196 -0.01367559 -0.01537520
v -0.01921430 -0.01235002 -0.01644947
v -0.01990461 -0.01092874 -0.01741784
v -0.02055636 -0.00943206 -0.01826480
v -0.02115264 -0.00785639 -0.01898984
v -0.02167520 -0.00619500 -0.01959024
v -0.02210076 -0.00444303 -0.02005694
v -0.02239683 -0.00264369 -0.02037055
v -0.02254662 -0.00080832 -0.02052488
v -0.02253825 0.00105443 -0.02051473
v -0.02237254 0.00288681 -0.02034044
v -0.02206193 0.00468043 -0.02000791
v -0.02162379 0.00642549 -0.01952286
v -0.02108963 0.00808313 -0.01890358
v -0.02076314 -0.01148167 -0.01770379
v -0.02138884 -0.00990649 -0.01856260
v -0.02196171 -0.00824963 -0.01929762
v -0.02246406 -0.00650391 -0.01990614
v -0.02287335 -0.00466411 -0.02037907
v -0.02315817 -0.00277535 -0.02069680
v -0.02330228 -0.00084926 -0.02085310
v -0.02329415 0.00110543 -0.02084273
v -0.02313458 0.00302844 -0.02066603
v -0.02283562 0.00491131 -0.02032896
v -0.02241410 0.00674403 -0.01983726
v -0.02190048 0.00848602 -0.01920942
v -0.02131626 0.01014157 -0.01845277
v -0.02067963 0.01171760 -0.01757000
v -0.02001303 0.01320294 -0.01657019
v -0.01933976 0.01458418 -0.01546695
v -0.02048163 0.00965730 -0.01815736
v -0.01981856 0.01115450 -0.01728694
v -0.01912366 0.01256405 -0.01630137
v -0.01842109 0.01387325 -0.01521415
v -0.01772368 0.01508648 -0.01402410
v -0.01704375 0.01620531 -0.01272845
v -0.01640198 0.01721406 -0.01134190
v -0.01867219 0.01586585 -0.01425899
v -0.01802213 0.01704946 -0.01294338
v -0.01740935 0.01811824 -0.01153498
v -0.01684757 0.01906493 -0.01004122
v -0.01641089 0.01851087 -0.00988643
v -0.01697717 0.01760202 -0.01136571
v -0.01759557 0.01657337 -0.01276295
v -0.01825227 0.01543153 -0.01407024
v -0.01892727 0.01419246 -0.01527229
v -0.01960851 0.01285464 -0.01637150
v -0.02028343 0.01141358 -0.01736873
v -0.02092833 0.00988236 -0.01825002
v -0.02152039 0.00827196 -0.01900595
v -0.02204104 0.00657583 -0.01963357
v -0.02246843 0.00478998 -0.02012531
v -0.02277159 0.00295425 -0.02046250
v -0.02293340 0.00107874 -0.02063927
v -0.02294161 -0.00082789 -0.02064959
v -0.02279540 -0.00270644 -0.02049309
v -0.02250652 -0.00454802 -0.02017513
v -0.02209146 -0.00634093 -0.01970203
v -0.02158214 -0.00804090 -0.01909358
v -0.02100152 -0.00965281 -0.01835909
v -0.02036760 -0.01118350 -0.01750153
v -0.01969709 -0.01263656 -0.01652167
v -0.01901599 -0.01399114 -0.01543549
v -0.01834238 -0.01524243 -0.01425099
v -0.01768755 -0.01639319 -0.01296596
v -0.01706384 -0.01744142 -0.01157946
v -0.01649190 -0.01836847 -0.01011242
v -0.01598230 -0.01917100 -0.00856804
v -0.01554353 -0.01984653 -0.00694221
v -0.01519066 -0.02038080 -0.00525915
v -0.01493320 -0.02076606 -0.00353621
v -0.01477555 -0.02100098 -0.00177040
v -0.01472408 -0.02107891 0.00001195
v -0.01477913 -0.02100035 0.00177804
v -0.01493900 -0.02076654 0.00353107
v -0.01520185 -0.02037746 0.00526823
v -0.01555667 -0.01984440 0.00694579
v -0.01599422 -0.01917463 0.00855861
v -0.01650778 -0.01836914 0.01010926
v -0.01708371 -0.01743844 0.01158190
v -0.01770334 -0.01639940 0.01295672
v -0.01835671 -0.01525323 0.01423834
v -0.01903332 -0.01399756 0.01542850
v -0.01971664 -0.01263853 0.01651899
v -0.02038251 -0.01119446 0.01749372
v -0.02101631 -0.00966202 0.01835355
v -0.02160076 -0.00803362 0.01909579
v -0.02211212 -0.00631381 0.01970987
v -0.02251990 -0.00453091 0.02017844
v -0.02280451 -0.00268207 0.02049584
v -0.02294462 -0.00079640 0.02065072
v -0.02293065 0.00108111 0.02063934
v -0.02276554 0.00294944 0.02046343
v -0.02245685 0.00479510 0.02012457
v -0.02203019 0.00656495 0.01963767
v -0.02150792 0.00825953 0.01901171
v -0.02090975 0.00988250 0.01825087
v -0.02026553 0.01140962 0.01737253
v -0.01959608 0.01283803 0.01638526
v -0.01891621 0.01417399 0.01528993
v -0.01823861 0.01541982 0.01408411
v -0.01758556 0.01655785 0.01278423
v -0.01697290 0.01757982 0.01140044
v -0.01640987 0.01848708 0.00993096
v -0.01528590 0.01885857 0.00836220
v -0.01548343 0.02039696 0.00450389
v -0.01497432 0.01921684 0.00742280
v -0.01477625 0.01954431 0.00643372
v -0.01527875 0.01975590 0.00647513
v -0.01503752 0.02041696 0.00223723
v -0.01533515 0.02030388 0.00446921
v -0.01501206 0.02015776 0.00440584
v -0.01466632 0.02007150 0.00435312
v -0.01614823 0.02023118 0.00763115
v -0.01550443 0.01990902 0.00651295
v -0.01570463 0.02008799 0.00656077
v -0.01587491 0.02028682 0.00661686
v -0.07176702 -0.04245913 -0.00577498
v -0.07121798 -0.04246009 -0.00522595
v -0.07046798 -0.04246070 -0.00502498
v -0.06971797 -0.04246079 -0.00522595
v -0.06916894 -0.04246034 -0.00577498
v -0.02347074 -0.04249828 0.00716596
v -0.02292170 -0.04249924 0.00771499
v -0.02217170 -0.04249984 0.00791596
v -0.02142170 -0.04249994 0.00771499
v -0.02087266 -0.04249949 0.00716596
v -0.06200711 -0.03600154 0.02374592
v -0.06200850 -0.03898691 0.02374209
v -0.06199625 -0.03900156 0.02375015
v -0.03355739 -0.03601700 0.02543805
v -0.03355878 -0.03900236 0.02543422
v -0.03354566 -0.03901699 0.02542763
v -0.01856035 -0.03899959 0.00641151
v -0.01853004 -0.03899878 0.00627987
v -0.01852849 -0.03599944 0.00628307
v -0.03801143 0.01178276 0.02728489
v -0.03790395 -0.03601721 0.02718382
v -0.03340192 0.01178298 0.02543226
v -0.03342564 -0.03901697 0.02536710
v -0.06579299 -0.03899595 0.02075820
v -0.06569415 -0.03899545 0.02085027
v -0.06569226 -0.03599611 0.02085457
v -0.02008187 0.00859502 0.01119449
v -0.02002153 0.00859518 0.01105198
v -0.01853664 0.01180036 0.00647666
v -0.02002485 0.00149519 0.01104288
v -0.01786708 -0.03599380 0.00164596
v -0.01783630 0.01180634 0.00155840
v -0.02010409 -0.03900493 0.01113344
v -0.02008038 0.01179502 0.01119860
v -0.02242062 0.01179049 0.01558073
v -0.02242211 0.00859049 0.01557662
v -0.02548626 0.01178691 0.01948990
v -0.02548775 0.00858691 0.01948580
v -0.02918415 0.01178438 0.02280734
v -0.02918564 0.00858438 0.02280324
v -0.03019971 0.00858392 0.02353036
v -0.03020303 0.00148393 0.02352125
v -0.02918895 0.00148439 0.02279413
v -0.02920786 -0.03901557 0.02274219
v -0.02550998 -0.03901304 0.01942474
v -0.02549107 0.00148692 0.01947669
v -0.02244434 -0.03900946 0.01551557
v -0.02242543 0.00149050 0.01556751
v -0.02008519 0.00149503 0.01118539
v -0.01786848 -0.03897917 0.00164213
v -0.01786762 -0.03899378 0.00162745
v -0.01786002 -0.03899361 0.00149324
v -0.01790187 -0.03898881 -0.00223224
v -0.01800066 0.01181278 -0.00340675
v -0.01799347 -0.03898752 -0.00320593
v -0.01802438 -0.03898717 -0.00347191
v -0.03790599 -0.03901654 0.02718017
v -0.03803514 -0.03901719 0.02721973
v -0.04263066 -0.03901632 0.02821038
v -0.04287262 0.01178372 0.02830894
v -0.04289633 -0.03901624 0.02824378
v -0.04783777 0.01178582 0.02847330
v -0.04786149 -0.03901413 0.02840814
v -0.05275604 0.01178902 0.02777297
v -0.05277975 -0.03901093 0.02770781
v -0.05747797 0.01179320 0.02622923
v -0.05750169 -0.03900675 0.02616407
v -0.06186010 0.01179825 0.02388899
v -0.06188382 -0.03900170 0.02382383
v -0.06576928 0.01180401 0.02082336
v -0.06908672 0.01181030 0.01712548
v -0.06911044 -0.03898966 0.01706032
v -0.07171164 0.01181693 0.01290771
v -0.07173535 -0.03898302 0.01284255
v -0.07356426 0.01182371 0.00829820
v -0.07358798 -0.03897624 0.00823304
v -0.07458831 0.01183042 0.00343702
v -0.07461203 -0.03896953 0.00337186
v -0.04755732 -0.03916815 -0.00755367
v -0.04780035 -0.03916708 -0.00829522
v -0.04748172 -0.03586834 -0.00742825
v -0.04779881 -0.03586708 -0.00829098
v -0.04704900 -0.03916914 -0.00696157
v -0.04681223 -0.03586946 -0.00679846
v -0.04681377 -0.03916946 -0.00680269
v -0.04593175 -0.03587021 -0.00653463
v -0.04593328 -0.03917021 -0.00653886
v -0.04652340 -0.03916977 -0.00666508
v -0.04650502 -0.03915774 -0.01604918
v -0.04650348 -0.03585774 -0.01604494
v -0.04731822 -0.03915760 -0.01586596
v -0.04731669 -0.03585760 -0.01586172
v -0.04798611 -0.03915792 -0.01536716
v -0.04798456 -0.03585793 -0.01536292
v -0.04839264 -0.03915867 -0.01463943
v -0.04839110 -0.03585867 -0.01463519
v -0.04846722 -0.03915970 -0.01380918
v -0.04846567 -0.03585970 -0.01380495
v -0.04406120 -0.03585909 -0.01588625
v -0.04406274 -0.03915909 -0.01589048
v -0.04167169 -0.03586088 -0.01535693
v -0.04167324 -0.03916088 -0.01536116
v -0.04487685 -0.03917089 -0.00638843
v -0.04487531 -0.03587089 -0.00638420
v -0.04412730 -0.03587128 -0.00635772
v -0.04395772 -0.03917131 -0.00639601
v -0.04342194 -0.03587129 -0.00660808
v -0.04313905 -0.03917116 -0.00681390
v -0.04259221 -0.03587047 -0.00754960
v -0.04259375 -0.03917046 -0.00755383
v -0.04285801 -0.03587092 -0.00710022
v -0.04313751 -0.03587116 -0.00680966
v -0.04043985 -0.03586283 -0.01428861
v -0.04025414 -0.03916395 -0.01348056
v -0.04025260 -0.03586395 -0.01347632
v -0.04041428 -0.03916493 -0.01266250
v -0.04041274 -0.03586493 -0.01265826
v -0.04101814 -0.03586162 -0.01501685
v -0.04101968 -0.03916162 -0.01502108
v -0.04094196 -0.03586174 -0.01495400
v -0.04094350 -0.03916173 -0.01495824
v -0.04044139 -0.03916282 -0.01429284
v -0.04155001 -0.03918624 0.00436712
v -0.04154847 -0.03588624 0.00437135
v -0.04200302 -0.03918706 0.00516690
v -0.04200147 -0.03588706 0.00517113
v -0.04205045 -0.03918821 0.00608483
v -0.04204891 -0.03588821 0.00608906
v -0.04168230 -0.03918946 0.00692704
v -0.04168076 -0.03588947 0.00693128
v -0.04089152 -0.03918547 0.00352744
v -0.04088998 -0.03588548 0.00353167
v -0.03843694 -0.03918567 0.00278869
v -0.03843540 -0.03588567 0.00279292
v -0.03934263 -0.03918505 0.00263193
v -0.03934109 -0.03588505 0.00263616
v -0.04022279 -0.03918497 0.00289683
v -0.04022126 -0.03588498 0.00290106
v -0.03834780 -0.03919671 0.01136885
v -0.03834626 -0.03589672 0.01137308
v -0.03798253 -0.03919737 0.01174190
v -0.03771786 -0.03589772 0.01192079
v -0.03771941 -0.03919771 0.01191656
v -0.03692078 -0.03589840 0.01216477
v -0.03713093 -0.03919826 0.01213118
v -0.03609348 -0.03589866 0.01206263
v -0.03619548 -0.03919864 0.01209018
v -0.03537967 -0.03589844 0.01163212
v -0.03538121 -0.03919843 0.01162789
v -0.03236793 -0.03589492 0.00779168
v -0.03236947 -0.03919491 0.00778745
v -0.03372650 -0.03589689 0.00982741
v -0.03372804 -0.03919689 0.00982318
v -0.03212000 -0.03589401 0.00699582
v -0.03287735 -0.03589140 0.00523818
v -0.03287889 -0.03919140 0.00523395
v -0.03264500 -0.03589179 0.00545208
v -0.03264654 -0.03919178 0.00544785
v -0.03229627 -0.03589262 0.00597242
v -0.03229781 -0.03919261 0.00596819
v -0.03221804 -0.03589290 0.00616802
v -0.03221958 -0.03919290 0.00616379
v -0.03212154 -0.03919401 0.00699159
v -0.06008039 -0.03918239 0.00811089
v -0.06007885 -0.03588239 0.00811512
v -0.05951358 -0.03588345 0.00872776
v -0.05959431 -0.03918333 0.00866452
v -0.05874766 -0.03588422 0.00905676
v -0.05881357 -0.03918417 0.00903866
v -0.05791416 -0.03588460 0.00904497
v -0.05794786 -0.03918459 0.00904779
v -0.05715786 -0.03588450 0.00869443
v -0.05715941 -0.03918450 0.00869019
v -0.06116256 -0.03587908 0.00592070
v -0.06116410 -0.03917907 0.00591646
v -0.06189891 -0.03587574 0.00358666
v -0.06190044 -0.03917573 0.00358243
v -0.06019281 -0.03917340 0.00114281
v -0.06019127 -0.03587341 0.00114704
v -0.06098134 -0.03917338 0.00141316
v -0.06097979 -0.03587338 0.00141739
v -0.06159117 -0.03917382 0.00198146
v -0.06158963 -0.03587383 0.00198569
v -0.06191637 -0.03917466 0.00274900
v -0.06191483 -0.03587466 0.00275323
v -0.05252802 -0.03917791 0.00187047
v -0.05252648 -0.03587792 0.00187471
v -0.05299261 -0.03587668 0.00108251
v -0.05299415 -0.03917668 0.00107827
v -0.05320298 -0.03587634 0.00089193
v -0.05320452 -0.03917634 0.00088769
v -0.05213008 -0.03917937 0.00286058
v -0.05212854 -0.03587937 0.00286482
v -0.05271606 -0.03588230 0.00535992
v -0.05234300 -0.03588200 0.00499465
v -0.05271763 -0.03918229 0.00535571
v -0.05212902 -0.03918166 0.00464975
v -0.05213246 -0.03588168 0.00466391
v -0.05199949 -0.03588131 0.00432966
v -0.05191832 -0.03918061 0.00375504
v -0.05192450 -0.03588039 0.00358495
v -0.05191679 -0.03588063 0.00376483
v -0.03563158 -0.03936586 -0.01367792
v -0.03551904 -0.03886573 -0.01382048
v -0.03272555 -0.03887056 -0.01107220
v -0.03286714 -0.03937064 -0.01095822
v -0.03061366 -0.03887578 -0.00777121
v -0.03077720 -0.03937580 -0.00769156
v -0.02928925 -0.03888113 -0.00408304
v -0.02956050 -0.03938057 -0.00441937
v -0.03012266 -0.03937804 -0.00618339
v -0.03047572 -0.03937677 -0.00704506
v -0.02946657 -0.03938110 -0.00404174
v -0.02881874 -0.03888633 -0.00019264
v -0.02900095 -0.03938625 -0.00019180
v -0.02922572 -0.03889114 0.00370492
v -0.02940371 -0.03939101 0.00366523
v -0.03035610 -0.03939442 0.00666650
v -0.03048980 -0.03889531 0.00741420
v -0.03065463 -0.03939513 0.00733594
v -0.03254757 -0.03889863 0.01074920
v -0.03269101 -0.03939842 0.01063626
v -0.03529586 -0.03890093 0.01354269
v -0.03541071 -0.03940069 0.01340070
v -0.03859684 -0.03890210 0.01565459
v -0.04228501 -0.03890207 0.01697900
v -0.04007044 -0.03940198 0.01610113
v -0.04180744 -0.03940190 0.01666964
v -0.03992952 -0.03940198 0.01604591
v -0.03867737 -0.03940185 0.01549063
v -0.03598968 -0.03940100 0.01385022
v -0.04232719 -0.03940183 0.01680127
v -0.04617542 -0.03890086 0.01744951
v -0.04617714 -0.03940063 0.01726689
v -0.05007299 -0.03889852 0.01704253
v -0.05003417 -0.03939831 0.01686414
v -0.05378227 -0.03889517 0.01577846
v -0.05370488 -0.03939499 0.01561321
v -0.05711727 -0.03889097 0.01372069
v -0.05700520 -0.03939084 0.01357684
v -0.04002646 -0.03940175 0.01590267
v -0.04841260 -0.03935532 -0.01724145
v -0.05055152 -0.03935798 -0.01438921
v -0.05030959 -0.03935487 -0.01690234
v -0.04699342 -0.03939185 0.01071961
v -0.04780282 -0.03939103 0.01037430
v -0.04733275 -0.03939099 0.01017297
v -0.05307177 -0.03938801 0.00993852
v -0.05360008 -0.03938686 0.00923477
v -0.05259700 -0.03938597 0.00817330
v -0.04300971 -0.03937141 -0.00666168
v -0.04240988 -0.03937065 -0.00747561
v -0.04086207 -0.03937225 -0.00679060
v -0.05470295 -0.03937485 0.00027714
v -0.05515363 -0.03937335 -0.00072839
v -0.05369815 -0.03937547 0.00038964
v -0.05598685 -0.03938612 0.00952343
v -0.05633216 -0.03938699 0.01033283
v -0.05885901 -0.03938440 0.00923319
v -0.05622650 -0.03938816 0.01120645
v -0.05790673 -0.03938486 0.00924323
v -0.05703942 -0.03938476 0.00884988
v -0.05528310 -0.03938577 0.00899512
v -0.05432893 -0.03938342 0.00681509
v -0.05440948 -0.03938604 0.00888946
v -0.05971783 -0.03938347 0.00882164
v -0.05976964 -0.03938606 0.01085714
v -0.06025251 -0.03938244 0.00821265
v -0.06185957 -0.03938089 0.00759048
v -0.06134977 -0.03937908 0.00599079
v -0.06209531 -0.03937570 0.00362758
v -0.06317021 -0.03937560 0.00394067
v -0.06211283 -0.03937452 0.00271081
v -0.06363583 -0.03937044 0.00009072
v -0.06175511 -0.03937360 0.00186652
v -0.06228645 -0.03937170 0.00057469
v -0.06108430 -0.03937311 0.00124138
v -0.06125282 -0.03937049 -0.00074335
v -0.06021691 -0.03937314 0.00094400
v -0.05800055 -0.03937076 -0.00171400
v -0.05834586 -0.03937164 -0.00090460
v -0.05904961 -0.03937199 -0.00037629
v -0.05992322 -0.03937171 -0.00027063
v -0.05045682 -0.03937941 0.00228096
v -0.04924958 -0.03938177 0.00368719
v -0.04924805 -0.03938205 0.00390286
v -0.05259768 -0.03938255 0.00551542
v -0.05195018 -0.03938186 0.00473885
v -0.05171842 -0.03938071 0.00375467
v -0.05195135 -0.03937934 0.00277076
v -0.05156337 -0.03938476 0.00685526
v -0.03219520 -0.03939512 0.00788516
v -0.03357076 -0.03939712 0.00994634
v -0.03524459 -0.03939869 0.01177361
v -0.03614029 -0.03939892 0.01228213
v -0.03716929 -0.03939850 0.01232723
v -0.04224731 -0.03938816 0.00612043
v -0.04184234 -0.03938954 0.00704686
v -0.04211578 -0.03939194 0.00901807
v -0.03850784 -0.03939680 0.01148866
v -0.03810604 -0.03939751 0.01189902
v -0.03747902 -0.03939877 0.01265428
v -0.03771114 -0.03939904 0.01295027
v -0.04032299 -0.03938470 0.00272343
v -0.04011996 -0.03938256 0.00097551
v -0.03935482 -0.03938478 0.00243204
v -0.03835855 -0.03938547 0.00260447
v -0.04105859 -0.03938525 0.00341710
v -0.04169682 -0.03938600 0.00423094
v -0.04478532 -0.03938801 0.00692458
v -0.04219513 -0.03938689 0.00511070
v -0.03203032 -0.03939291 0.00609914
v -0.03249998 -0.03939168 0.00531161
v -0.03187260 -0.03939222 0.00550520
v -0.03324988 -0.03939065 0.00478393
v -0.03650935 -0.03938539 0.00186899
v -0.03192248 -0.03939413 0.00700972
v -0.04740197 -0.03935732 -0.01604788
v -0.04813664 -0.03935768 -0.01549920
v -0.04858383 -0.03935850 -0.01469869
v -0.04866586 -0.03935964 -0.01378543
v -0.04403464 -0.03935884 -0.01608874
v -0.04272303 -0.03935882 -0.01657937
v -0.04161526 -0.03936066 -0.01555280
v -0.04081255 -0.03936160 -0.01510959
v -0.03681745 -0.03936752 -0.01194813
v -0.03693859 -0.03936739 -0.01201127
v -0.03774799 -0.03936657 -0.01235658
v -0.04026024 -0.03936280 -0.01437765
v -0.03862161 -0.03936629 -0.01225092
v -0.04023042 -0.03936511 -0.01258427
v -0.04005427 -0.03936404 -0.01348414
v -0.04659435 -0.03936997 -0.00647831
v -0.04594522 -0.03937045 -0.00633947
v -0.04317739 -0.03937495 -0.00383819
v -0.04492130 -0.03937112 -0.00619367
v -0.04391025 -0.03937158 -0.00620200
v -0.05159248 -0.03936198 -0.01089365
v -0.05071886 -0.03936225 -0.01099931
v -0.04908297 -0.03936626 -0.00846944
v -0.04799900 -0.03936702 -0.00827146
v -0.05001511 -0.03936190 -0.01152762
v -0.04966980 -0.03936103 -0.01233702
v -0.05029675 -0.03938935 0.00997719
v -0.05296611 -0.03938918 0.01081214
v -0.05331142 -0.03939005 0.01162154
v -0.05401517 -0.03939040 0.01214985
v -0.05569819 -0.03938931 0.01191020
v -0.05488878 -0.03939013 0.01225551
v -0.04961985 -0.03939315 0.01269129
v -0.04926312 -0.03938815 0.00865915
v -0.04867645 -0.03939075 0.01047996
v -0.04938019 -0.03939110 0.01100827
v -0.04972550 -0.03939198 0.01181767
v -0.04909154 -0.03939430 0.01339503
v -0.04828213 -0.03939512 0.01374034
v -0.04740851 -0.03939539 0.01363469
v -0.04569684 -0.03939613 0.01358450
v -0.04670477 -0.03939505 0.01310638
v -0.04466322 -0.03939492 0.01226646
v -0.04635946 -0.03939417 0.01229697
v -0.04646511 -0.03939300 0.01142335
v -0.03363291 -0.03937976 -0.00356231
v -0.03328760 -0.03937889 -0.00437172
v -0.03083017 -0.03937875 -0.00537286
v -0.03339326 -0.03937772 -0.00524533
v -0.03392157 -0.03937657 -0.00594908
v -0.03349971 -0.03937482 -0.00746635
v -0.03473097 -0.03937575 -0.00629439
v -0.03543008 -0.03937198 -0.00898018
v -0.03560459 -0.03937548 -0.00618873
v -0.03630834 -0.03937583 -0.00566042
v -0.03665365 -0.03937670 -0.00485102
v -0.03856182 -0.03937564 -0.00498671
v -0.03654799 -0.03937787 -0.00397740
v -0.03663145 -0.03937848 -0.00347288
v -0.03601968 -0.03937902 -0.00327365
v -0.03396191 -0.03938241 -0.00137939
v -0.03521028 -0.03937984 -0.00292834
v -0.03433666 -0.03938011 -0.00303400
v -0.03664993 -0.03937058 -0.00962450
v -0.03630462 -0.03936971 -0.01043391
v -0.03451720 -0.03937091 -0.01014424
v -0.03641028 -0.03936854 -0.01130753
v -0.03735368 -0.03937093 -0.00909619
v -0.03932536 -0.03936664 -0.01172261
v -0.03967067 -0.03936752 -0.01091321
v -0.03956501 -0.03936869 -0.01003959
v -0.03903670 -0.03936984 -0.00933584
v -0.03822730 -0.03937066 -0.00899054
v -0.05810620 -0.03936959 -0.00258762
v -0.05863451 -0.03936844 -0.00329137
v -0.05893750 -0.03936778 -0.00369576
v -0.05944392 -0.03936762 -0.00363667
v -0.06243126 -0.03936268 -0.00639788
v -0.06031753 -0.03936735 -0.00353102
v -0.06323307 -0.03936569 -0.00376631
v -0.06102128 -0.03936770 -0.00300271
v -0.06347383 -0.03936730 -0.00241789
v -0.06136659 -0.03936857 -0.00219330
v -0.06126093 -0.03936974 -0.00131969
v -0.04977546 -0.03935985 -0.01321064
v -0.05030377 -0.03935871 -0.01391439
v -0.05111317 -0.03935789 -0.01425970
v -0.05395940 -0.03935485 -0.01559171
v -0.05198679 -0.03935761 -0.01415404
v -0.05269054 -0.03935796 -0.01362573
v -0.05632395 -0.03935555 -0.01418566
v -0.05303585 -0.03935884 -0.01281633
v -0.05293019 -0.03936001 -0.01194271
v -0.05489301 -0.03936295 -0.00893528
v -0.05570241 -0.03936213 -0.00928058
v -0.05722607 -0.03935600 -0.01350177
v -0.05657603 -0.03936186 -0.00917493
v -0.05994577 -0.03935828 -0.01073733
v -0.05727978 -0.03936220 -0.00864662
v -0.06198215 -0.03936156 -0.00743702
v -0.05025616 -0.03936763 -0.00697345
v -0.05492152 -0.03937308 -0.00102437
v -0.05530810 -0.03936649 -0.00602020
v -0.05460435 -0.03936614 -0.00654851
v -0.05425904 -0.03936527 -0.00735791
v -0.05436470 -0.03936410 -0.00823153
v -0.05762509 -0.03936308 -0.00783722
v -0.05751943 -0.03936425 -0.00696360
v -0.05870539 -0.03936751 -0.00399174
v -0.05699112 -0.03936540 -0.00625985
v -0.05618171 -0.03936622 -0.00591454
v -0.05233705 -0.03937793 0.00181112
v -0.05284978 -0.03937657 0.00093970
v -0.05103403 -0.03937688 0.00051978
v -0.05089332 -0.03937458 -0.00132823
v -0.05005612 -0.03937284 -0.00298172
v -0.04864988 -0.03937195 -0.00418896
v -0.04688870 -0.03937203 -0.00476617
v -0.04931509 -0.03936653 -0.00817346
v -0.04504069 -0.03937308 -0.00462546
v -0.04087714 -0.03937835 -0.00203431
v -0.04217996 -0.03937729 -0.00238203
v -0.04338720 -0.03937492 -0.00378827
v -0.04717252 -0.03936929 -0.00680445
v -0.04773166 -0.03936819 -0.00745575
v -0.03917889 -0.03938146 -0.00022450
v -0.04160275 -0.03937982 -0.00062085
v -0.04110926 -0.03937862 -0.00173832
v -0.04574808 -0.03938466 0.00466510
v -0.04398689 -0.03938475 0.00408789
v -0.04258066 -0.03938385 0.00288065
v -0.04174346 -0.03938212 0.00122716
v -0.05404003 -0.03936206 -0.00994081
v -0.05309896 -0.03936096 -0.01114082
v -0.05286684 -0.03936069 -0.01143681
v -0.05240188 -0.03936116 -0.01123896
v -0.06363190 -0.03936976 -0.00044542
v -0.06073263 -0.03937089 -0.00061594
v -0.02932516 -0.03938924 0.00225682
v -0.03164048 -0.03939195 0.00520922
v -0.03258684 -0.03937376 -0.00863042
v -0.04650745 -0.03935748 -0.01624942
v -0.04645964 -0.03935607 -0.01736796
v -0.04260261 -0.03935839 -0.01696521
v -0.04245356 -0.03935850 -0.01693178
v -0.03893190 -0.03936170 -0.01571429
v -0.03127018 -0.03938812 0.00209223
v -0.03161549 -0.03938900 0.00290163
v -0.03231924 -0.03938935 0.00342994
v -0.03627724 -0.03938512 0.00157301
v -0.03429092 -0.03938506 0.00080352
v -0.03463623 -0.03938594 0.00161293
v -0.03137584 -0.03938695 0.00121861
v -0.03190415 -0.03938580 0.00051486
v -0.03271355 -0.03938498 0.00016956
v -0.03358717 -0.03938471 0.00027521
v -0.03894677 -0.03938119 -0.00052048
v -0.03453058 -0.03938711 0.00248654
v -0.03400226 -0.03938825 0.00319029
v -0.03319286 -0.03938908 0.00353560
v -0.04694780 -0.03938544 0.00570675
v -0.04759609 -0.03938362 0.00452439
v -0.04671568 -0.03938517 0.00541076
v -0.04501743 -0.03938828 0.00722057
v -0.03994624 -0.03939874 0.01352466
v -0.03960093 -0.03939786 0.01271525
v -0.03970658 -0.03939669 0.01184163
v -0.04234789 -0.03939221 0.00931406
v -0.04023489 -0.03939554 0.01113789
v -0.04064999 -0.03939908 0.01405297
v -0.04104430 -0.03939472 0.01079258
v -0.04191792 -0.03939445 0.01089824
v -0.04262166 -0.03939480 0.01142655
v -0.04296698 -0.03939567 0.01223595
v -0.04286132 -0.03939684 0.01310957
v -0.04233301 -0.03939799 0.01381331
v -0.04152361 -0.03939881 0.01415862
v -0.04924794 -0.03588178 0.00369168
v -0.05045519 -0.03587941 0.00228545
v -0.05103239 -0.03587688 0.00052427
v -0.05089169 -0.03587458 -0.00132374
v -0.05005449 -0.03587285 -0.00297723
v -0.04864825 -0.03587196 -0.00418448
v -0.04688707 -0.03587204 -0.00476168
v -0.04503906 -0.03587308 -0.00462098
v -0.04338557 -0.03587493 -0.00378378
v -0.05686761 -0.03916526 -0.00641697
v -0.05733376 -0.03916424 -0.00703792
v -0.05742699 -0.03916321 -0.00780876
v -0.05712231 -0.03916244 -0.00852294
v -0.05650135 -0.03916213 -0.00898910
v -0.05573051 -0.03916237 -0.00908233
v -0.05501633 -0.03916309 -0.00877764
v -0.05686616 -0.03606526 -0.00641300
v -0.05733231 -0.03606424 -0.00703395
v -0.05742554 -0.03606321 -0.00780479
v -0.05712086 -0.03606244 -0.00851897
v -0.05649990 -0.03606213 -0.00898512
v -0.05572907 -0.03606237 -0.00907835
v -0.05501488 -0.03606310 -0.00877367
v -0.05227837 -0.03916101 -0.01139608
v -0.05274453 -0.03916000 -0.01201703
v -0.05283775 -0.03915897 -0.01278787
v -0.05253307 -0.03915819 -0.01350205
v -0.05191211 -0.03915789 -0.01396821
v -0.05114127 -0.03915812 -0.01406144
v -0.05042709 -0.03915885 -0.01375675
v -0.05283551 -0.03435897 -0.01278172
v -0.05253083 -0.03435820 -0.01349590
v -0.05190987 -0.03435789 -0.01396205
v -0.05227613 -0.03436102 -0.01138993
v -0.05274228 -0.03436000 -0.01201088
v -0.05113903 -0.03435813 -0.01405528
v -0.05079111 -0.03436198 -0.01117847
v -0.05042485 -0.03435886 -0.01375060
v -0.05156195 -0.03436174 -0.01108524
v -0.04995870 -0.03435987 -0.01312964
v -0.04986547 -0.03436090 -0.01235880
v -0.05017015 -0.03436168 -0.01164462
v -0.06060912 -0.03917075 -0.00077306
v -0.06107527 -0.03916974 -0.00139401
v -0.06116850 -0.03916870 -0.00216485
v -0.06086382 -0.03916793 -0.00287903
v -0.06024286 -0.03916762 -0.00334519
v -0.05947202 -0.03916786 -0.00343841
v -0.05875784 -0.03916859 -0.00313373
v -0.06116626 -0.03436871 -0.00215870
v -0.06086157 -0.03436793 -0.00287288
v -0.06024062 -0.03436762 -0.00333903
v -0.05819622 -0.03437064 -0.00173578
v -0.05850090 -0.03437141 -0.00102160
v -0.05912185 -0.03437172 -0.00055545
v -0.05875560 -0.03436859 -0.00312757
v -0.05828944 -0.03436960 -0.00250662
v -0.05946978 -0.03436787 -0.00343226
v -0.05989270 -0.03437148 -0.00046222
v -0.06060687 -0.03437075 -0.00076690
v -0.06107303 -0.03436974 -0.00138786
v -0.03891319 -0.03916970 -0.00949297
v -0.03937934 -0.03916868 -0.01011392
v -0.03947257 -0.03916765 -0.01088476
v -0.03916788 -0.03916688 -0.01159894
v -0.03854693 -0.03916657 -0.01206509
v -0.03777609 -0.03916680 -0.01215832
v -0.03706191 -0.03916753 -0.01185364
v -0.03947033 -0.03436765 -0.01087860
v -0.03916565 -0.03436688 -0.01159278
v -0.03854469 -0.03436657 -0.01205894
v -0.03937710 -0.03436868 -0.01010776
v -0.03891095 -0.03436970 -0.00948681
v -0.03705967 -0.03436754 -0.01184748
v -0.03777385 -0.03436681 -0.01215216
v -0.03650029 -0.03436958 -0.01045569
v -0.03680497 -0.03437036 -0.00974151
v -0.03659352 -0.03436855 -0.01122653
v -0.03742593 -0.03437066 -0.00927535
v -0.03819677 -0.03437042 -0.00918213
v -0.03589617 -0.03917888 -0.00343077
v -0.03636233 -0.03917786 -0.00405173
v -0.03645555 -0.03917683 -0.00482257
v -0.03615087 -0.03917606 -0.00553675
v -0.03552992 -0.03917575 -0.00600290
v -0.03475907 -0.03917599 -0.00609613
v -0.03404490 -0.03917671 -0.00579145
v -0.03589472 -0.03607888 -0.00342680
v -0.03636088 -0.03607787 -0.00404775
v -0.03645410 -0.03607683 -0.00481859
v -0.03614942 -0.03607606 -0.00553277
v -0.03552847 -0.03607575 -0.00599893
v -0.03475763 -0.03607599 -0.00609215
v -0.03404345 -0.03607672 -0.00578747
v -0.03387875 -0.03918811 0.00303317
v -0.03434491 -0.03918710 0.00241222
v -0.03443813 -0.03918606 0.00164138
v -0.03413345 -0.03918529 0.00092720
v -0.03351250 -0.03918498 0.00046104
v -0.03274165 -0.03918522 0.00036782
v -0.03202748 -0.03918595 0.00067250
v -0.03351026 -0.03438499 0.00046720
v -0.03273942 -0.03438523 0.00037397
v -0.03202523 -0.03438595 0.00067866
v -0.03239149 -0.03438908 0.00325078
v -0.03316233 -0.03438884 0.00334401
v -0.03177053 -0.03438877 0.00278463
v -0.03387651 -0.03438811 0.00303933
v -0.03146585 -0.03438800 0.00207045
v -0.03413121 -0.03438529 0.00093335
v -0.03443589 -0.03438607 0.00164753
v -0.03434267 -0.03438710 0.00241837
v -0.03155908 -0.03438697 0.00129961
v -0.04220950 -0.03919785 0.01365619
v -0.04267565 -0.03919683 0.01303524
v -0.04276888 -0.03919580 0.01226440
v -0.04246420 -0.03919503 0.01155022
v -0.04184324 -0.03919472 0.01108406
v -0.04107240 -0.03919496 0.01099084
v -0.04035822 -0.03919568 0.01129552
v -0.04276664 -0.03439581 0.01227056
v -0.04246195 -0.03439503 0.01155638
v -0.04010128 -0.03439851 0.01340765
v -0.04184100 -0.03439472 0.01109022
v -0.04107016 -0.03439496 0.01099699
v -0.03979660 -0.03439774 0.01269347
v -0.03988982 -0.03439670 0.01192263
v -0.04035598 -0.03439569 0.01130168
v -0.04220726 -0.03439785 0.01366235
v -0.04267341 -0.03439684 0.01304140
v -0.04149308 -0.03439857 0.01396703
v -0.04072224 -0.03439882 0.01387381
v -0.04896802 -0.03919416 0.01323791
v -0.04943418 -0.03919314 0.01261696
v -0.04952741 -0.03919211 0.01184612
v -0.04922272 -0.03919134 0.01113194
v -0.04860177 -0.03919103 0.01066578
v -0.04783093 -0.03919127 0.01057256
v -0.04711675 -0.03919199 0.01087724
v -0.04896658 -0.03609416 0.01324189
v -0.04943273 -0.03609315 0.01262094
v -0.04952596 -0.03609211 0.01185010
v -0.04922127 -0.03609134 0.01113592
v -0.04860032 -0.03609103 0.01066976
v -0.04782948 -0.03609127 0.01057653
v -0.04711530 -0.03609199 0.01088122
v -0.05557468 -0.03918917 0.01175308
v -0.05604083 -0.03918815 0.01113212
v -0.05613406 -0.03918712 0.01036128
v -0.05582938 -0.03918635 0.00964710
v -0.05520842 -0.03918604 0.00918095
v -0.05443758 -0.03918628 0.00908772
v -0.05372340 -0.03918700 0.00939241
v -0.05372116 -0.03438701 0.00939856
v -0.05325501 -0.03438802 0.01001952
v -0.05316178 -0.03438905 0.01079036
v -0.05582714 -0.03438635 0.00965326
v -0.05520618 -0.03438604 0.00918711
v -0.05613182 -0.03438713 0.01036744
v -0.05485826 -0.03438989 0.01206392
v -0.05603859 -0.03438816 0.01113828
v -0.05557244 -0.03438917 0.01175923
v -0.05443534 -0.03438628 0.00909388
v -0.05408742 -0.03439014 0.01197069
v -0.05346647 -0.03438983 0.01150454
v -0.03332827 -0.03919085 0.00496815
v -0.03332673 -0.03589085 0.00497238
v -0.05467730 -0.03587512 0.00048018
v -0.05467884 -0.03917512 0.00047595
v -0.05390073 -0.03917556 0.00053519
v -0.05376539 -0.03917568 0.00057823
v -0.04664914 -0.03609301 0.01150217
v -0.04655592 -0.03609404 0.01227301
v -0.04686060 -0.03609481 0.01298719
v -0.04825240 -0.03609488 0.01354657
v -0.04748156 -0.03609512 0.01345335
v -0.03357729 -0.03607773 -0.00516652
v -0.03348406 -0.03607876 -0.00439568
v -0.03378875 -0.03607954 -0.00368150
v -0.03518054 -0.03607960 -0.00312212
v -0.03440970 -0.03607985 -0.00321534
v -0.05615198 -0.03606598 -0.00610831
v -0.05454873 -0.03606411 -0.00815271
v -0.05476018 -0.03606592 -0.00666769
v -0.05538114 -0.03606622 -0.00620154
v -0.05445550 -0.03606514 -0.00738187
v -0.04683869 -0.03400180 0.00280221
v -0.04683673 -0.03388175 0.00279410
v -0.04752937 -0.03388114 0.00257387
v -0.04685050 -0.03425336 0.00287640
v -0.04756047 -0.03423024 0.00264014
v -0.04764815 -0.03452012 0.00282858
v -0.04688219 -0.03452079 0.00307136
v -0.04817345 -0.03451948 0.00252048
v -0.04804033 -0.03419913 0.00234446
v -0.04800807 -0.03398996 0.00230150
v -0.04800367 -0.03388057 0.00229626
v -0.04534572 -0.03400235 0.00268234
v -0.04534815 -0.03388229 0.00267439
v -0.04565093 -0.03388226 0.00276385
v -0.04531871 -0.03425392 0.00275240
v -0.04563394 -0.03423337 0.00283581
v -0.04558631 -0.03452135 0.00303712
v -0.04524852 -0.03452138 0.00293697
v -0.04664222 -0.03452095 0.00310553
v -0.04661513 -0.03420049 0.00288667
v -0.04660879 -0.03399129 0.00283341
v -0.04660767 -0.03388190 0.00282672
v -0.04411271 -0.03400183 0.00183205
v -0.04411885 -0.03388178 0.00182642
v -0.04449872 -0.03388207 0.00219735
v -0.04405414 -0.03425339 0.00187911
v -0.04445256 -0.03423120 0.00225403
v -0.04432161 -0.03452115 0.00241531
v -0.04390091 -0.03452082 0.00200376
v -0.04502362 -0.03452137 0.00284658
v -0.04510977 -0.03420088 0.00264363
v -0.04513104 -0.03399168 0.00259442
v -0.04513347 -0.03388228 0.00258811
v -0.04347003 -0.03400040 0.00047917
v -0.04347824 -0.03388035 0.00047742
v -0.04370640 -0.03388115 0.00118703
v -0.04339564 -0.03425191 0.00049054
v -0.04363926 -0.03423222 0.00121832
v -0.04345194 -0.03452013 0.00130634
v -0.04320046 -0.03451924 0.00052177
v -0.04375134 -0.03452064 0.00181302
v -0.04392761 -0.03420020 0.00168047
v -0.04397075 -0.03399101 0.00164857
v -0.04397608 -0.03388161 0.00164437
v -0.04358990 -0.03399843 -0.00101380
v -0.04359795 -0.03387838 -0.00101116
v -0.04343092 -0.03387967 -0.00006701
v -0.04351964 -0.03424989 -0.00104124
v -0.04335667 -0.03423070 -0.00006807
v -0.04314956 -0.03451851 -0.00007013
v -0.04333484 -0.03451708 -0.00111190
v -0.04316629 -0.03451895 0.00028180
v -0.04338541 -0.03419862 0.00025527
v -0.04343884 -0.03398946 0.00024930
v -0.04344562 -0.03388007 0.00024837
v -0.04444019 -0.03399645 -0.00224681
v -0.04444591 -0.03387641 -0.00224045
v -0.04406324 -0.03387709 -0.00184601
v -0.04439292 -0.03424786 -0.00230581
v -0.04366020 -0.03422892 -0.00134968
v -0.04347435 -0.03451660 -0.00144149
v -0.04400530 -0.03422806 -0.00189295
v -0.04384362 -0.03451568 -0.00202281
v -0.04342524 -0.03451675 -0.00133681
v -0.04362845 -0.03419658 -0.00125009
v -0.04367783 -0.03398745 -0.00122846
v -0.04368423 -0.03387807 -0.00122583
v -0.04372682 -0.03387793 -0.00131640
v -0.04426806 -0.03451492 -0.00245951
v -0.04579307 -0.03399500 -0.00288948
v -0.04579492 -0.03387496 -0.00288107
v -0.04518374 -0.03387548 -0.00269708
v -0.04578149 -0.03424637 -0.00296432
v -0.04515504 -0.03422443 -0.00276518
v -0.04507351 -0.03451391 -0.00295698
v -0.04575005 -0.03451333 -0.00315996
v -0.04445879 -0.03451464 -0.00260908
v -0.04459161 -0.03419461 -0.00243225
v -0.04462368 -0.03398552 -0.00238874
v -0.04462797 -0.03387614 -0.00238322
v -0.04728603 -0.03399445 -0.00276961
v -0.04728350 -0.03387441 -0.00276135
v -0.04666221 -0.03387452 -0.00290761
v -0.04731328 -0.03424581 -0.00284031
v -0.04667131 -0.03422542 -0.00298194
v -0.04669633 -0.03451285 -0.00318806
v -0.04738372 -0.03451274 -0.00302557
v -0.04599002 -0.03451317 -0.00319413
v -0.04601680 -0.03419326 -0.00297445
v -0.04602295 -0.03398419 -0.00292065
v -0.04602397 -0.03387481 -0.00291368
v -0.04851905 -0.03399497 -0.00191932
v -0.04851279 -0.03387493 -0.00191339
v -0.04804787 -0.03387459 -0.00235069
v -0.04857785 -0.03424634 -0.00196703
v -0.04809218 -0.03422352 -0.00240996
v -0.04821727 -0.03451293 -0.00257677
v -0.04873133 -0.03451331 -0.00209236
v -0.04760862 -0.03451275 -0.00293518
v -0.04752216 -0.03419286 -0.00273141
v -0.04750071 -0.03398380 -0.00268166
v -0.04749817 -0.03387443 -0.00267507
v -0.04916172 -0.03399640 -0.00056644
v -0.04915341 -0.03387636 -0.00056438
v -0.04896943 -0.03387566 -0.00117556
v -0.04923635 -0.03424782 -0.00057846
v -0.04903723 -0.03422462 -0.00120487
v -0.04922880 -0.03451411 -0.00128691
v -0.04943178 -0.03451488 -0.00061037
v -0.04888090 -0.03451348 -0.00190163
v -0.04870433 -0.03419355 -0.00176825
v -0.04866099 -0.03398447 -0.00173581
v -0.04865556 -0.03387510 -0.00173133
v -0.04904186 -0.03399837 0.00092652
v -0.04903369 -0.03387833 0.00092419
v -0.04917995 -0.03387746 0.00030291
v -0.04911235 -0.03424984 0.00095333
v -0.04925399 -0.03422844 0.00031139
v -0.04945988 -0.03451608 0.00033591
v -0.04929740 -0.03451704 0.00102330
v -0.04946595 -0.03451517 -0.00037040
v -0.04924653 -0.03419512 -0.00034306
v -0.04919290 -0.03398602 -0.00033654
v -0.04918602 -0.03387664 -0.00033533
v -0.04819156 -0.03400035 0.00215953
v -0.04818573 -0.03388030 0.00215349
v -0.04862304 -0.03387950 0.00168856
v -0.04823907 -0.03425187 0.00221789
v -0.04868201 -0.03422856 0.00173227
v -0.04884859 -0.03451832 0.00185685
v -0.04836418 -0.03451920 0.00237091
v -0.04920700 -0.03451737 0.00124820
v -0.04900349 -0.03419717 0.00116230
v -0.04895391 -0.03398803 0.00114121
v -0.04894741 -0.03387864 0.00113887
v -0.05020425 -0.03324028 0.00186928
v -0.04978101 -0.03324137 0.00255891
v -0.04993543 -0.03349856 0.00267442
v -0.05020485 -0.03451770 0.00186764
v -0.05028183 -0.03451745 0.00170238
v -0.05045829 -0.03426035 0.00178048
v -0.04978161 -0.03451878 0.00255727
v -0.04993579 -0.03426174 0.00267344
v -0.04910032 -0.03452002 0.00327624
v -0.04922417 -0.03426303 0.00342442
v -0.04927424 -0.03401652 0.00348460
v -0.05000656 -0.03388019 0.00272719
v -0.04928099 -0.03388150 0.00349290
v -0.04927412 -0.03374647 0.00348494
v -0.04922381 -0.03349986 0.00342540
v -0.04909972 -0.03324261 0.00327788
v -0.05028124 -0.03324004 0.00170402
v -0.05045794 -0.03349717 0.00178146
v -0.05052954 -0.03374375 0.00181263
v -0.05053931 -0.03387877 0.00181673
v -0.05052967 -0.03401379 0.00181228
v -0.04649651 -0.03431393 0.00299177
v -0.04631576 -0.03413156 0.00301772
v -0.04624952 -0.03388232 0.00302746
v -0.04660809 -0.03376186 0.00283533
v -0.04631552 -0.03363300 0.00301836
v -0.04661754 -0.03351050 0.00291047
v -0.04649610 -0.03345039 0.00299287
v -0.04664162 -0.03324353 0.00310717
v -0.04698969 -0.03345007 0.00292259
v -0.04683755 -0.03377237 0.00280110
v -0.04717044 -0.03363245 0.00289663
v -0.04723668 -0.03388168 0.00288689
v -0.04717067 -0.03413101 0.00289599
v -0.04699009 -0.03431361 0.00292148
v -0.04684487 -0.03475787 0.00366794
v -0.04640384 -0.03455397 0.00332108
v -0.04641169 -0.03464092 0.00372977
v -0.04612280 -0.03427041 0.00336144
v -0.04609447 -0.03432085 0.00377533
v -0.04601980 -0.03388288 0.00337658
v -0.04597820 -0.03388343 0.00379242
v -0.04612244 -0.03349521 0.00336243
v -0.04609406 -0.03344586 0.00377645
v -0.04640321 -0.03321129 0.00332280
v -0.04641098 -0.03312538 0.00373171
v -0.04678690 -0.03310718 0.00326829
v -0.04684406 -0.03300787 0.00367019
v -0.04717067 -0.03321079 0.00321352
v -0.04727725 -0.03312482 0.00360836
v -0.04745171 -0.03349435 0.00317315
v -0.04759447 -0.03344488 0.00356280
v -0.04755471 -0.03388188 0.00315802
v -0.04771073 -0.03388231 0.00354572
v -0.04745208 -0.03426955 0.00317216
v -0.04759488 -0.03431988 0.00356168
v -0.04717130 -0.03455347 0.00321180
v -0.04727795 -0.03464036 0.00360642
v -0.04678762 -0.03465758 0.00326630
v -0.04676254 -0.03453435 0.00309072
v -0.04676193 -0.03322998 0.00309239
v -0.04688159 -0.03324338 0.00307300
v -0.04684640 -0.03356330 0.00285451
v -0.04577219 -0.03350278 0.00445054
v -0.04680677 -0.03350231 0.00445656
v -0.04678571 -0.03324495 0.00426508
v -0.04476637 -0.03426612 0.00420877
v -0.04483254 -0.03452298 0.00402715
v -0.04577255 -0.03426596 0.00444956
v -0.04531744 -0.03452294 0.00417238
v -0.04579584 -0.03452282 0.00425768
v -0.04473951 -0.03401966 0.00428248
v -0.04576172 -0.03388449 0.00453813
v -0.04473581 -0.03388465 0.00429262
v -0.04473938 -0.03374961 0.00428283
v -0.04476601 -0.03350294 0.00420975
v -0.04483195 -0.03324556 0.00402879
v -0.04531684 -0.03324552 0.00417402
v -0.04579524 -0.03324541 0.00425932
v -0.04681536 -0.03374897 0.00453390
v -0.04681657 -0.03388400 0.00454427
v -0.04681548 -0.03401902 0.00453355
v -0.04680713 -0.03426548 0.00445558
v -0.04678631 -0.03452237 0.00426344
v -0.04495443 -0.03431424 0.00267529
v -0.04478502 -0.03413175 0.00260747
v -0.04472293 -0.03388247 0.00258288
v -0.04512960 -0.03376225 0.00259583
v -0.04478478 -0.03363319 0.00260811
v -0.04510036 -0.03351089 0.00266572
v -0.04495402 -0.03345071 0.00267639
v -0.04502302 -0.03324396 0.00284822
v -0.04541662 -0.03345073 0.00286232
v -0.04534543 -0.03377291 0.00268091
v -0.04558603 -0.03363323 0.00293014
v -0.04564812 -0.03388251 0.00295473
v -0.04558626 -0.03413179 0.00292950
v -0.04541702 -0.03431427 0.00286121
v -0.04491777 -0.03475847 0.00343488
v -0.04470938 -0.03455424 0.00291405
v -0.04451178 -0.03464122 0.00327188
v -0.04444597 -0.03427048 0.00280860
v -0.04421446 -0.03432094 0.00315285
v -0.04434943 -0.03388288 0.00277036
v -0.04410549 -0.03388343 0.00310969
v -0.04444561 -0.03349528 0.00280959
v -0.04421405 -0.03344594 0.00315397
v -0.04470875 -0.03321156 0.00291577
v -0.04451107 -0.03312568 0.00327382
v -0.04506835 -0.03310772 0.00306045
v -0.04491696 -0.03300847 0.00343712
v -0.04542803 -0.03321159 0.00320486
v -0.04532295 -0.03312572 0.00360013
v -0.04569144 -0.03349535 0.00331031
v -0.04562027 -0.03344600 0.00371915
v -0.04578798 -0.03388295 0.00334854
v -0.04572925 -0.03388351 0.00376231
v -0.04569180 -0.03427054 0.00330931
v -0.04562068 -0.03432100 0.00371803
v -0.04542866 -0.03455427 0.00320314
v -0.04532366 -0.03464126 0.00359818
v -0.04506907 -0.03465812 0.00305846
v -0.04513521 -0.03453486 0.00289391
v -0.04513460 -0.03323049 0.00289558
v -0.04524792 -0.03324397 0.00293861
v -0.04532650 -0.03356385 0.00273167
v -0.04359823 -0.03350268 0.00357680
v -0.04449119 -0.03350293 0.00409930
v -0.04456884 -0.03324555 0.00392305
v -0.04284760 -0.03426529 0.00286419
v -0.04299558 -0.03452218 0.00273989
v -0.04359859 -0.03426585 0.00357582
v -0.04358679 -0.03452265 0.00332148
v -0.04371455 -0.03452272 0.00342118
v -0.04278763 -0.03401881 0.00291470
v -0.04354515 -0.03388438 0.00364726
v -0.04277944 -0.03388381 0.00292169
v -0.04278750 -0.03374877 0.00291505
v -0.04284725 -0.03350211 0.00286517
v -0.04299498 -0.03324477 0.00274153
v -0.04358619 -0.03324524 0.00332312
v -0.04371395 -0.03324531 0.00342282
v -0.04445982 -0.03374960 0.00417047
v -0.04445561 -0.03388464 0.00418000
v -0.04445995 -0.03401965 0.00417012
v -0.04449155 -0.03426611 0.00409832
v -0.04456944 -0.03452296 0.00392141
v -0.04377718 -0.03431345 0.00163017
v -0.04366449 -0.03413083 0.00148681
v -0.04362315 -0.03388151 0.00143457
v -0.04396893 -0.03376157 0.00164917
v -0.04366425 -0.03363227 0.00148744
v -0.04390881 -0.03351020 0.00169518
v -0.04377678 -0.03344992 0.00163128
v -0.04375074 -0.03324323 0.00181466
v -0.04408444 -0.03345028 0.00202359
v -0.04411330 -0.03377240 0.00183075
v -0.04419713 -0.03363290 0.00216695
v -0.04423847 -0.03388223 0.00221919
v -0.04419737 -0.03413146 0.00216631
v -0.04408484 -0.03431381 0.00202248
v -0.04336539 -0.03475770 0.00226949
v -0.04344545 -0.03455329 0.00171432
v -0.04309536 -0.03464016 0.00192537
v -0.04327022 -0.03426934 0.00149141
v -0.04289757 -0.03431965 0.00167377
v -0.04320595 -0.03388167 0.00141018
v -0.04282502 -0.03388207 0.00158208
v -0.04326986 -0.03349414 0.00149241
v -0.04289716 -0.03344465 0.00167489
v -0.04344482 -0.03321061 0.00171604
v -0.04309465 -0.03312461 0.00192732
v -0.04368396 -0.03310703 0.00202118
v -0.04336457 -0.03300770 0.00227173
v -0.04392319 -0.03321117 0.00232604
v -0.04363460 -0.03312524 0.00261585
v -0.04409842 -0.03349511 0.00254895
v -0.04383239 -0.03344575 0.00286746
v -0.04416269 -0.03388279 0.00263018
v -0.04390494 -0.03388333 0.00295914
v -0.04409878 -0.03427031 0.00254796
v -0.04383280 -0.03432075 0.00286633
v -0.04392382 -0.03455385 0.00232432
v -0.04363531 -0.03464079 0.00261390
v -0.04368468 -0.03465743 0.00201919
v -0.04382430 -0.03453421 0.00190980
v -0.04382370 -0.03322984 0.00191148
v -0.04390031 -0.03324340 0.00200539
v -0.04407165 -0.03356333 0.00186534
v -0.04185820 -0.03426303 0.00074038
v -0.04215275 -0.03426417 0.00173215
v -0.04178115 -0.03401652 0.00075423
v -0.04207097 -0.03388266 0.00176745
v -0.04177064 -0.03388150 0.00075624
v -0.04178102 -0.03374647 0.00075458
v -0.04215240 -0.03350098 0.00173313
v -0.04185784 -0.03349985 0.00074136
v -0.04266448 -0.03350190 0.00263211
v -0.04282000 -0.03324456 0.00251840
v -0.04204775 -0.03324260 0.00070825
v -0.04232975 -0.03324369 0.00165775
v -0.04239612 -0.03324385 0.00180559
v -0.04260158 -0.03374856 0.00267796
v -0.04259309 -0.03388359 0.00268405
v -0.04204835 -0.03452002 0.00070661
v -0.04233035 -0.03452110 0.00165611
v -0.04239672 -0.03452126 0.00180395
v -0.04260170 -0.03401860 0.00267761
v -0.04266483 -0.03426508 0.00263113
v -0.04282060 -0.03452198 0.00251676
v -0.04328022 -0.03431177 0.00013645
v -0.04325441 -0.03412906 -0.00004398
v -0.04324488 -0.03387970 -0.00010979
v -0.04343710 -0.03376003 0.00024900
v -0.04325417 -0.03363050 -0.00004334
v -0.04336217 -0.03350862 0.00025889
v -0.04327982 -0.03344823 0.00013756
v -0.04316569 -0.03324154 0.00028344
v -0.04319986 -0.03324183 0.00052340
v -0.04341809 -0.03356187 0.00048765
v -0.04335010 -0.03344883 0.00063114
v -0.04347133 -0.03377096 0.00047844
v -0.04337591 -0.03363154 0.00081157
v -0.04338544 -0.03388090 0.00087737
v -0.04337614 -0.03413010 0.00081093
v -0.04335050 -0.03431237 0.00063003
v -0.04260286 -0.03300577 0.00048628
v -0.04305937 -0.03320963 0.00081254
v -0.04266459 -0.03312352 0.00091926
v -0.04309950 -0.03349371 0.00109309
v -0.04270989 -0.03344418 0.00123593
v -0.04311432 -0.03388144 0.00119541
v -0.04272662 -0.03388182 0.00135142
v -0.04309986 -0.03426891 0.00109209
v -0.04271030 -0.03431918 0.00123480
v -0.04305999 -0.03455231 0.00081082
v -0.04266530 -0.03463906 0.00091732
v -0.04300540 -0.03465570 0.00042696
v -0.04260368 -0.03475576 0.00048404
v -0.04295071 -0.03455138 0.00004336
v -0.04254195 -0.03463801 0.00005106
v -0.04291058 -0.03426730 -0.00023718
v -0.04249665 -0.03431735 -0.00026560
v -0.04289576 -0.03387957 -0.00033951
v -0.04247992 -0.03387971 -0.00038110
v -0.04291022 -0.03349210 -0.00023619
v -0.04249624 -0.03344235 -0.00026448
v -0.04295009 -0.03320869 0.00004508
v -0.04254124 -0.03312247 0.00005300
v -0.04300468 -0.03310531 0.00042895
v -0.04318047 -0.03322820 0.00040376
v -0.04318108 -0.03453258 0.00040209
v -0.04181609 -0.03349949 0.00044813
v -0.04200777 -0.03324226 0.00042752
v -0.04181469 -0.03349948 0.00043519
v -0.04200644 -0.03324224 0.00041514
v -0.04173855 -0.03374611 0.00045629
v -0.04172665 -0.03388112 0.00044408
v -0.04172807 -0.03388114 0.00045727
v -0.04173867 -0.03401615 0.00045594
v -0.04181505 -0.03426266 0.00043421
v -0.04181644 -0.03426267 0.00044715
v -0.04200704 -0.03451966 0.00041350
v -0.04200837 -0.03451968 0.00042589
v -0.04359670 -0.03430964 -0.00140563
v -0.04366466 -0.03412691 -0.00157472
v -0.04368946 -0.03387754 -0.00163638
v -0.04367660 -0.03375802 -0.00122950
v -0.04366443 -0.03362835 -0.00157408
v -0.04360691 -0.03350656 -0.00125830
v -0.04359629 -0.03344611 -0.00140453
v -0.04342464 -0.03323934 -0.00133517
v -0.04333425 -0.03323967 -0.00111026
v -0.04354092 -0.03355986 -0.00103224
v -0.04341037 -0.03344679 -0.00094193
v -0.04359152 -0.03376899 -0.00101369
v -0.04334240 -0.03362953 -0.00077284
v -0.04331761 -0.03387890 -0.00071118
v -0.04334264 -0.03412808 -0.00077348
v -0.04341077 -0.03431032 -0.00094304
v -0.04283593 -0.03300318 -0.00144082
v -0.04306803 -0.03320739 -0.00093010
v -0.04267283 -0.03312101 -0.00103503
v -0.04296234 -0.03349152 -0.00066719
v -0.04255354 -0.03344172 -0.00073827
v -0.04292379 -0.03387926 -0.00057132
v -0.04251003 -0.03387938 -0.00063006
v -0.04296271 -0.03426672 -0.00066818
v -0.04255395 -0.03431672 -0.00073939
v -0.04306865 -0.03455007 -0.00093182
v -0.04267354 -0.03463655 -0.00103697
v -0.04321324 -0.03465340 -0.00129159
v -0.04283674 -0.03475318 -0.00144306
v -0.04335774 -0.03454902 -0.00165110
v -0.04299984 -0.03463536 -0.00184885
v -0.04346342 -0.03426488 -0.00191401
v -0.04311913 -0.03431465 -0.00214561
v -0.04350197 -0.03387715 -0.00200988
v -0.04316264 -0.03387699 -0.00225382
v -0.04346306 -0.03348969 -0.00191301
v -0.04311872 -0.03343965 -0.00214448
v -0.04335712 -0.03320633 -0.00164938
v -0.04299913 -0.03311982 -0.00184691
v -0.04321252 -0.03310300 -0.00128960
v -0.04337728 -0.03322602 -0.00122356
v -0.04337789 -0.03453040 -0.00122524
v -0.04242739 -0.03451642 -0.00195625
v -0.04235040 -0.03451667 -0.00179098
v -0.04217371 -0.03425954 -0.00186842
v -0.04242679 -0.03323901 -0.00195461
v -0.04285004 -0.03323793 -0.00264424
v -0.04269585 -0.03349497 -0.00276040
v -0.04285063 -0.03451534 -0.00264587
v -0.04269621 -0.03425815 -0.00276138
v -0.04353192 -0.03451410 -0.00336484
v -0.04340783 -0.03425685 -0.00351237
v -0.04335753 -0.03401023 -0.00357191
v -0.04262508 -0.03387652 -0.00281416
v -0.04335065 -0.03387520 -0.00357986
v -0.04335740 -0.03374019 -0.00357156
v -0.04340747 -0.03349367 -0.00351139
v -0.04353132 -0.03323669 -0.00336321
v -0.04234981 -0.03323926 -0.00178934
v -0.04217335 -0.03349636 -0.00186745
v -0.04210198 -0.03374292 -0.00189925
v -0.04209233 -0.03387794 -0.00190370
v -0.04210210 -0.03401296 -0.00189960
v -0.04426746 -0.03323751 -0.00245787
v -0.04440726 -0.03355785 -0.00228709
v -0.04424910 -0.03344469 -0.00227411
v -0.04444167 -0.03376701 -0.00224581
v -0.04410559 -0.03362739 -0.00216173
v -0.04405314 -0.03387675 -0.00212083
v -0.04410582 -0.03412595 -0.00216237
v -0.04424950 -0.03430822 -0.00227522
v -0.04464182 -0.03430764 -0.00258288
v -0.04478533 -0.03412495 -0.00269525
v -0.04483777 -0.03387559 -0.00273615
v -0.04462327 -0.03375609 -0.00239016
v -0.04478509 -0.03362639 -0.00269461
v -0.04457746 -0.03350458 -0.00244984
v -0.04464141 -0.03344411 -0.00258177
v -0.04445820 -0.03323722 -0.00260745
v -0.04400132 -0.03300065 -0.00299320
v -0.04394684 -0.03320505 -0.00243494
v -0.04365711 -0.03311839 -0.00272337
v -0.04372370 -0.03348912 -0.00226021
v -0.04340524 -0.03343903 -0.00252615
v -0.04364216 -0.03387684 -0.00219662
v -0.04331320 -0.03387666 -0.00245437
v -0.04372406 -0.03426432 -0.00226120
v -0.04340564 -0.03431403 -0.00252727
v -0.04394747 -0.03454773 -0.00243666
v -0.04365781 -0.03463393 -0.00272532
v -0.04425252 -0.03465114 -0.00267598
v -0.04400213 -0.03475065 -0.00299544
v -0.04455747 -0.03454683 -0.00291503
v -0.04434634 -0.03463291 -0.00326527
v -0.04478061 -0.03426276 -0.00308976
v -0.04459821 -0.03431227 -0.00346250
v -0.04486215 -0.03387504 -0.00315335
v -0.04469026 -0.03387463 -0.00353428
v -0.04478025 -0.03348757 -0.00308877
v -0.04459780 -0.03343727 -0.00346137
v -0.04455684 -0.03320415 -0.00291331
v -0.04434564 -0.03311737 -0.00326333
v -0.04425179 -0.03310074 -0.00267399
v -0.04436139 -0.03322388 -0.00253447
v -0.04436200 -0.03452826 -0.00253614
v -0.04538635 -0.03451207 -0.00427671
v -0.04461570 -0.03451274 -0.00403007
v -0.04453987 -0.03425543 -0.00420721
v -0.04556520 -0.03451193 -0.00431207
v -0.04553165 -0.03425459 -0.00450177
v -0.04551800 -0.03400793 -0.00457839
v -0.04450488 -0.03387376 -0.00428833
v -0.04551610 -0.03387289 -0.00458866
v -0.04551787 -0.03373789 -0.00457804
v -0.04453951 -0.03349225 -0.00420623
v -0.04553129 -0.03349141 -0.00450079
v -0.04364054 -0.03349333 -0.00369416
v -0.04375445 -0.03323636 -0.00353819
v -0.04461511 -0.03323533 -0.00402843
v -0.04538576 -0.03323465 -0.00427507
v -0.04556461 -0.03323452 -0.00431043
v -0.04359449 -0.03373984 -0.00375749
v -0.04358828 -0.03387485 -0.00376622
v -0.04359461 -0.03400988 -0.00375784
v -0.04364089 -0.03425651 -0.00369514
v -0.04375505 -0.03451377 -0.00353983
v -0.04613554 -0.03430631 -0.00307984
v -0.04631612 -0.03412371 -0.00310533
v -0.04638213 -0.03387439 -0.00311442
v -0.04602344 -0.03375475 -0.00292199
v -0.04631588 -0.03362514 -0.00310469
v -0.04601375 -0.03350320 -0.00299648
v -0.04613513 -0.03344278 -0.00307873
v -0.04598942 -0.03323576 -0.00319249
v -0.04574946 -0.03323592 -0.00315832
v -0.04578494 -0.03355636 -0.00294066
v -0.04564155 -0.03344310 -0.00300845
v -0.04579399 -0.03376556 -0.00288778
v -0.04546097 -0.03362570 -0.00298296
v -0.04539496 -0.03387503 -0.00297386
v -0.04546120 -0.03412426 -0.00298359
v -0.04564195 -0.03430663 -0.00300955
v -0.04578677 -0.03299884 -0.00375491
v -0.04546034 -0.03320323 -0.00329876
v -0.04535369 -0.03311635 -0.00369338
v -0.04517957 -0.03348716 -0.00325912
v -0.04503677 -0.03343683 -0.00364864
v -0.04507693 -0.03387482 -0.00324498
v -0.04492091 -0.03387440 -0.00363268
v -0.04517993 -0.03426236 -0.00326012
v -0.04503718 -0.03431182 -0.00364977
v -0.04546097 -0.03454592 -0.00330048
v -0.04535440 -0.03463189 -0.00369533
v -0.04584475 -0.03464952 -0.00335526
v -0.04578758 -0.03474884 -0.00375715
v -0.04622843 -0.03454542 -0.00340976
v -0.04622066 -0.03463133 -0.00381868
v -0.04650920 -0.03426149 -0.00344940
v -0.04653759 -0.03431085 -0.00386342
v -0.04661184 -0.03387383 -0.00346354
v -0.04665344 -0.03387327 -0.00387938
v -0.04650884 -0.03348630 -0.00344840
v -0.04653718 -0.03343585 -0.00386229
v -0.04622780 -0.03320274 -0.00340804
v -0.04621995 -0.03311579 -0.00381673
v -0.04584402 -0.03309913 -0.00335327
v -0.04586910 -0.03322235 -0.00317769
v -0.04586972 -0.03452673 -0.00317936
v -0.04685909 -0.03349075 -0.00453653
v -0.04582452 -0.03349122 -0.00454255
v -0.04584533 -0.03323434 -0.00435041
v -0.04786563 -0.03425376 -0.00429671
v -0.04779970 -0.03451115 -0.00411576
v -0.04685945 -0.03425393 -0.00453751
v -0.04731480 -0.03451119 -0.00426098
v -0.04683640 -0.03451130 -0.00434628
v -0.04789226 -0.03400709 -0.00436979
v -0.04686992 -0.03387222 -0.00462509
v -0.04789583 -0.03387205 -0.00437958
v -0.04789213 -0.03373704 -0.00436945
v -0.04786528 -0.03349058 -0.00429574
v -0.04779910 -0.03323373 -0.00411412
v -0.04731420 -0.03323377 -0.00425934
v -0.04683581 -0.03323388 -0.00434464
v -0.04581616 -0.03373769 -0.00462052
v -0.04581507 -0.03387270 -0.00463123
v -0.04581628 -0.03400774 -0.00462086
v -0.04582487 -0.03425440 -0.00454353
v -0.04584593 -0.03451176 -0.00435205
v -0.04767762 -0.03430600 -0.00276336
v -0.04784686 -0.03412352 -0.00269507
v -0.04790872 -0.03387424 -0.00266984
v -0.04750193 -0.03375437 -0.00268249
v -0.04784662 -0.03362496 -0.00269443
v -0.04753094 -0.03350280 -0.00275174
v -0.04767722 -0.03344246 -0.00276225
v -0.04760803 -0.03323533 -0.00293354
v -0.04738312 -0.03323532 -0.00302394
v -0.04730484 -0.03355581 -0.00281782
v -0.04721462 -0.03344244 -0.00294818
v -0.04728612 -0.03376502 -0.00276759
v -0.04704538 -0.03362492 -0.00301646
v -0.04698352 -0.03387420 -0.00304169
v -0.04704561 -0.03412348 -0.00301710
v -0.04721502 -0.03430597 -0.00294928
v -0.04771387 -0.03299824 -0.00352184
v -0.04720298 -0.03320243 -0.00329010
v -0.04730798 -0.03311545 -0.00368515
v -0.04693984 -0.03348616 -0.00339628
v -0.04701096 -0.03343570 -0.00380499
v -0.04684366 -0.03387376 -0.00343551
v -0.04690240 -0.03387320 -0.00384927
v -0.04694020 -0.03426136 -0.00339727
v -0.04701137 -0.03431070 -0.00380612
v -0.04720361 -0.03454512 -0.00329182
v -0.04730869 -0.03463099 -0.00368709
v -0.04756330 -0.03464899 -0.00314741
v -0.04771468 -0.03474824 -0.00352409
v -0.04792289 -0.03454515 -0.00300273
v -0.04812057 -0.03463103 -0.00336078
v -0.04818603 -0.03426142 -0.00289656
v -0.04841759 -0.03431077 -0.00324094
v -0.04828221 -0.03387383 -0.00285733
v -0.04852616 -0.03387328 -0.00319666
v -0.04818567 -0.03348622 -0.00289556
v -0.04841718 -0.03343577 -0.00323981
v -0.04792226 -0.03320247 -0.00300101
v -0.04811986 -0.03311548 -0.00335884
v -0.04756257 -0.03309859 -0.00314542
v -0.04749643 -0.03322185 -0.00298088
v -0.04749704 -0.03452622 -0.00298255
v -0.04903305 -0.03349085 -0.00366278
v -0.04814009 -0.03349060 -0.00418528
v -0.04806220 -0.03323374 -0.00400837
v -0.04978440 -0.03425460 -0.00295214
v -0.04963666 -0.03451194 -0.00282850
v -0.04903341 -0.03425403 -0.00366376
v -0.04904545 -0.03451147 -0.00341008
v -0.04891769 -0.03451140 -0.00350978
v -0.04984414 -0.03400793 -0.00300201
v -0.04908650 -0.03387232 -0.00373422
v -0.04985220 -0.03387290 -0.00300865
v -0.04984401 -0.03373789 -0.00300166
v -0.04978404 -0.03349141 -0.00295116
v -0.04963607 -0.03323453 -0.00282686
v -0.04904485 -0.03323406 -0.00340845
v -0.04891710 -0.03323399 -0.00350814
v -0.04817170 -0.03373706 -0.00425709
v -0.04817604 -0.03387207 -0.00426696
v -0.04817182 -0.03400711 -0.00425743
v -0.04814045 -0.03425378 -0.00418626
v -0.04806280 -0.03451116 -0.00401001
v -0.04885486 -0.03430679 -0.00171824
v -0.04896739 -0.03412443 -0.00157441
v -0.04900849 -0.03387520 -0.00152153
v -0.04866260 -0.03375504 -0.00173582
v -0.04896716 -0.03362587 -0.00157377
v -0.04872249 -0.03350348 -0.00178119
v -0.04885446 -0.03344325 -0.00171713
v -0.04888031 -0.03323607 -0.00189999
v -0.04873073 -0.03323589 -0.00209072
v -0.04855969 -0.03355634 -0.00195149
v -0.04854680 -0.03344290 -0.00210945
v -0.04851824 -0.03376554 -0.00191744
v -0.04843428 -0.03362525 -0.00225328
v -0.04839318 -0.03387448 -0.00230616
v -0.04843451 -0.03412381 -0.00225392
v -0.04854720 -0.03430643 -0.00211055
v -0.04926625 -0.03299901 -0.00235645
v -0.04870782 -0.03320286 -0.00241128
v -0.04899633 -0.03311592 -0.00270087
v -0.04853286 -0.03348640 -0.00263492
v -0.04879884 -0.03343596 -0.00295330
v -0.04846895 -0.03387392 -0.00271714
v -0.04872670 -0.03387338 -0.00304610
v -0.04853322 -0.03426159 -0.00263591
v -0.04879925 -0.03431096 -0.00295442
v -0.04870845 -0.03454554 -0.00241300
v -0.04899704 -0.03463146 -0.00270281
v -0.04894768 -0.03464968 -0.00210814
v -0.04926707 -0.03474900 -0.00235870
v -0.04918682 -0.03454610 -0.00180301
v -0.04953699 -0.03463209 -0.00201428
v -0.04936178 -0.03426256 -0.00157937
v -0.04973448 -0.03431205 -0.00176185
v -0.04942569 -0.03387504 -0.00149715
v -0.04980662 -0.03387464 -0.00166905
v -0.04936142 -0.03348736 -0.00157838
v -0.04973407 -0.03343705 -0.00176073
v -0.04918620 -0.03320342 -0.00180129
v -0.04953628 -0.03311655 -0.00201234
v -0.04894696 -0.03309928 -0.00210615
v -0.04880734 -0.03322250 -0.00199677
v -0.04880795 -0.03452687 -0.00199844
v -0.05077380 -0.03425686 -0.00082832
v -0.05047924 -0.03425572 -0.00182009
v -0.05085062 -0.03401024 -0.00084154
v -0.05056067 -0.03387405 -0.00185442
v -0.05086100 -0.03387520 -0.00084320
v -0.05085050 -0.03374019 -0.00084119
v -0.05047889 -0.03349254 -0.00181912
v -0.05077345 -0.03349368 -0.00082734
v -0.04996681 -0.03349163 -0.00271809
v -0.04981105 -0.03323473 -0.00260373
v -0.05058330 -0.03323669 -0.00079358
v -0.05030129 -0.03323561 -0.00174307
v -0.05023493 -0.03323545 -0.00189092
v -0.05002994 -0.03373811 -0.00276458
v -0.05003855 -0.03387312 -0.00277102
v -0.05058390 -0.03451410 -0.00079521
v -0.05030189 -0.03451302 -0.00174471
v -0.05023552 -0.03451286 -0.00189255
v -0.05003006 -0.03400815 -0.00276492
v -0.04996717 -0.03425481 -0.00271907
v -0.04981164 -0.03451214 -0.00260537
v -0.04935183 -0.03430847 -0.00022452
v -0.04937747 -0.03412620 -0.00004362
v -0.04938677 -0.03387700 0.00002283
v -0.04919443 -0.03375659 -0.00033566
v -0.04937723 -0.03362764 -0.00004298
v -0.04926913 -0.03350507 -0.00034490
v -0.04935142 -0.03344494 -0.00022341
v -0.04946535 -0.03323776 -0.00036876
v -0.04928114 -0.03344434 -0.00071699
v -0.04916021 -0.03376697 -0.00056512
v -0.04925550 -0.03362660 -0.00089789
v -0.04924620 -0.03387580 -0.00096434
v -0.04925573 -0.03412516 -0.00089853
v -0.04928154 -0.03430787 -0.00071810
v -0.05002878 -0.03475094 -0.00057325
v -0.04968156 -0.03454801 -0.00013205
v -0.05009040 -0.03463424 -0.00013997
v -0.04972142 -0.03426461 0.00014922
v -0.05013540 -0.03431435 0.00017752
v -0.04973589 -0.03387714 0.00025254
v -0.05015172 -0.03387700 0.00029414
v -0.04972106 -0.03348941 0.00015022
v -0.05013499 -0.03343935 0.00017864
v -0.04968093 -0.03320533 -0.00013033
v -0.05008969 -0.03311870 -0.00013802
v -0.04962624 -0.03310100 -0.00051392
v -0.05002796 -0.03300094 -0.00057100
v -0.04957165 -0.03320440 -0.00089778
v -0.04996634 -0.03311764 -0.00100428
v -0.04953178 -0.03348780 -0.00117906
v -0.04992134 -0.03343753 -0.00132177
v -0.04951732 -0.03387527 -0.00128237
v -0.04990502 -0.03387489 -0.00143839
v -0.04953214 -0.03426299 -0.00118005
v -0.04992175 -0.03431253 -0.00132289
v -0.04957227 -0.03454708 -0.00089951
v -0.04996705 -0.03463319 -0.00100623
v -0.04962697 -0.03465140 -0.00051591
v -0.04945117 -0.03452850 -0.00049073
v -0.04945056 -0.03322413 -0.00048906
v -0.04943118 -0.03323746 -0.00060873
v -0.04921326 -0.03355780 -0.00057380
v -0.05056875 -0.03425995 0.00150566
v -0.05080954 -0.03425854 0.00049948
v -0.05064202 -0.03401338 0.00153272
v -0.05089743 -0.03387693 0.00051062
v -0.05065193 -0.03387836 0.00153653
v -0.05064190 -0.03374333 0.00153307
v -0.05080918 -0.03349536 0.00050046
v -0.05056839 -0.03349677 0.00150664
v -0.05081520 -0.03349403 -0.00053411
v -0.05062327 -0.03323703 -0.00051285
v -0.05038698 -0.03323965 0.00144091
v -0.05061751 -0.03323831 0.00047762
v -0.05064871 -0.03323767 -0.00000732
v -0.05089297 -0.03374055 -0.00054291
v -0.05090357 -0.03387557 -0.00054423
v -0.05038758 -0.03451706 0.00143928
v -0.05061810 -0.03451572 0.00047599
v -0.05064931 -0.03451508 -0.00000896
v -0.05089309 -0.03401060 -0.00054325
v -0.05081556 -0.03425721 -0.00053509
v -0.05062387 -0.03451445 -0.00051449
v -0.04903535 -0.03431060 0.00131756
v -0.04896721 -0.03412836 0.00148712
v -0.04894219 -0.03387917 0.00154941
v -0.04895493 -0.03375860 0.00114284
v -0.04896698 -0.03362980 0.00148776
v -0.04902438 -0.03350715 0.00117229
v -0.04903495 -0.03344706 0.00131867
v -0.04920641 -0.03323995 0.00124984
v -0.04922087 -0.03344638 0.00085607
v -0.04904002 -0.03376894 0.00092700
v -0.04928901 -0.03362862 0.00068652
v -0.04931403 -0.03387781 0.00062422
v -0.04928924 -0.03412718 0.00068588
v -0.04922127 -0.03430992 0.00085496
v -0.04979572 -0.03475352 0.00135385
v -0.04927453 -0.03455037 0.00156241
v -0.04963251 -0.03463689 0.00175994
v -0.04916858 -0.03426702 0.00182605
v -0.04951292 -0.03431706 0.00205752
v -0.04912967 -0.03387956 0.00192291
v -0.04946900 -0.03387972 0.00216685
v -0.04916822 -0.03349182 0.00182704
v -0.04951251 -0.03344206 0.00205864
v -0.04927390 -0.03320769 0.00156413
v -0.04963180 -0.03312135 0.00176189
v -0.04941840 -0.03310331 0.00120463
v -0.04979490 -0.03300352 0.00135610
v -0.04956299 -0.03320663 0.00084486
v -0.04995811 -0.03312016 0.00095001
v -0.04966894 -0.03348999 0.00058122
v -0.05007769 -0.03343999 0.00065243
v -0.04970785 -0.03387745 0.00048436
v -0.05012161 -0.03387733 0.00054309
v -0.04966930 -0.03426519 0.00058022
v -0.05007810 -0.03431499 0.00065130
v -0.04956362 -0.03454932 0.00084313
v -0.04995881 -0.03463570 0.00094806
v -0.04941912 -0.03465370 0.00120264
v -0.04925436 -0.03453068 0.00113660
v -0.04925375 -0.03322631 0.00113827
v -0.04929680 -0.03323963 0.00102494
v -0.04909042 -0.03355981 0.00094610
v -0.05023616 -0.03587415 -0.00189430
v -0.05064994 -0.03587637 -0.00001070
v -0.05020549 -0.03587899 0.00186590
v -0.04899082 -0.03588148 0.00336381
v -0.04899019 -0.03453366 0.00336554
v -0.05033686 -0.03453074 0.00157167
v -0.05060618 -0.03452775 -0.00065520
v -0.04904609 -0.03587276 -0.00341183
v -0.04972599 -0.03452552 -0.00271838
v -0.04731544 -0.03587248 -0.00426273
v -0.04793212 -0.03452463 -0.00406505
v -0.04538699 -0.03587336 -0.00427846
v -0.04570525 -0.03452532 -0.00433437
v -0.04364269 -0.03587523 -0.00345591
v -0.04364206 -0.03452741 -0.00345418
v -0.04724589 -0.03452206 0.00418811
v -0.04801653 -0.03452138 0.00394147
v -0.04809213 -0.03426445 0.00411927
v -0.04706703 -0.03452218 0.00422347
v -0.04710035 -0.03426529 0.00441383
v -0.04711377 -0.03401882 0.00449108
v -0.04812676 -0.03388295 0.00420136
v -0.04711555 -0.03388381 0.00450170
v -0.04711365 -0.03374878 0.00449143
v -0.04809177 -0.03350127 0.00412025
v -0.04709999 -0.03350212 0.00441481
v -0.04899075 -0.03350020 0.00360818
v -0.04887659 -0.03324293 0.00345286
v -0.04801594 -0.03324397 0.00394311
v -0.04724529 -0.03324464 0.00418975
v -0.04706644 -0.03324477 0.00422511
v -0.04903703 -0.03374683 0.00367087
v -0.04904336 -0.03388185 0.00367925
v -0.04903716 -0.03401687 0.00367052
v -0.04899111 -0.03426338 0.00360720
v -0.04887719 -0.03452035 0.00345122
v -0.04838214 -0.03344848 0.00218825
v -0.04818987 -0.03377092 0.00215913
v -0.04852582 -0.03363076 0.00207541
v -0.04857850 -0.03387996 0.00203387
v -0.04852606 -0.03412932 0.00207477
v -0.04838254 -0.03431202 0.00218715
v -0.04799023 -0.03431259 0.00249480
v -0.04784655 -0.03413032 0.00260765
v -0.04779387 -0.03388112 0.00264919
v -0.04800826 -0.03376053 0.00230350
v -0.04784631 -0.03363176 0.00260829
v -0.04805383 -0.03350913 0.00236383
v -0.04798983 -0.03344906 0.00249591
v -0.04817285 -0.03324207 0.00252212
v -0.04863033 -0.03475606 0.00290623
v -0.04807480 -0.03455256 0.00282634
v -0.04828601 -0.03463934 0.00317636
v -0.04785139 -0.03426914 0.00300180
v -0.04803384 -0.03431943 0.00337441
v -0.04776949 -0.03388166 0.00306639
v -0.04794139 -0.03388207 0.00344731
v -0.04785103 -0.03349394 0.00300280
v -0.04803343 -0.03344444 0.00337553
v -0.04807417 -0.03320987 0.00282806
v -0.04828530 -0.03312379 0.00317831
v -0.04837913 -0.03310557 0.00258901
v -0.04862951 -0.03300606 0.00290848
v -0.04868417 -0.03320897 0.00234970
v -0.04897383 -0.03312278 0.00263835
v -0.04890758 -0.03349239 0.00217424
v -0.04922600 -0.03344268 0.00244030
v -0.04898948 -0.03387986 0.00210965
v -0.04931845 -0.03388004 0.00236740
v -0.04890794 -0.03426759 0.00217324
v -0.04922640 -0.03431768 0.00243918
v -0.04868480 -0.03455166 0.00234797
v -0.04897454 -0.03463832 0.00263641
v -0.04837985 -0.03465596 0.00258703
v -0.04827025 -0.03453282 0.00244750
v -0.04826964 -0.03322845 0.00244917
v -0.04836358 -0.03324179 0.00237254
v -0.04822409 -0.03356182 0.00220095
v -0.04603474 -0.03572594 -0.00202588
v -0.04677761 -0.03572564 -0.00199201
v -0.04678228 -0.03580061 -0.00201167
v -0.04706253 -0.03572562 -0.00190158
v -0.04757638 -0.03572577 -0.00159929
v -0.04758907 -0.03580074 -0.00161500
v -0.04824616 -0.03587867 0.00090257
v -0.04846668 -0.03587737 -0.00002851
v -0.04817885 -0.03585856 0.00086951
v -0.04839168 -0.03585731 -0.00002910
v -0.04812955 -0.03580365 0.00084535
v -0.04833675 -0.03580243 -0.00002947
v -0.04826138 -0.03587627 -0.00096307
v -0.04819354 -0.03585624 -0.00093105
v -0.04814385 -0.03580139 -0.00090756
v -0.04764350 -0.03587990 0.00164577
v -0.04759721 -0.03585975 0.00158678
v -0.04756331 -0.03580481 0.00154364
v -0.04755087 -0.03572980 0.00152793
v -0.04811148 -0.03572864 0.00083658
v -0.04789047 -0.03572603 -0.00128004
v -0.04812564 -0.03572641 -0.00089889
v -0.04829671 -0.03572707 -0.00032780
v -0.04831662 -0.03572744 -0.00002954
v -0.04817241 -0.03572844 0.00069999
v -0.04762368 -0.03585558 -0.00165771
v -0.04767092 -0.03587558 -0.00171599
v -0.04679496 -0.03585544 -0.00206516
v -0.04681225 -0.03587544 -0.00213817
v -0.04588756 -0.03572605 -0.00199927
v -0.04588328 -0.03580102 -0.00201900
v -0.04587153 -0.03585586 -0.00207269
v -0.04585545 -0.03587587 -0.00214597
v -0.04499001 -0.03587680 -0.00173786
v -0.04503628 -0.03585676 -0.00167882
v -0.04507013 -0.03580189 -0.00163555
v -0.04508250 -0.03572691 -0.00161964
v -0.04880857 -0.03587468 -0.00200017
v -0.04945180 -0.03587632 -0.00049246
v -0.04925499 -0.03587849 0.00113487
v -0.04827088 -0.03588064 0.00244577
v -0.04699620 -0.03588200 0.00304687
v -0.04677806 -0.03588083 0.00205388
v -0.04558695 -0.03588264 0.00303537
v -0.04582125 -0.03588127 0.00204607
v -0.04432224 -0.03588244 0.00241356
v -0.04496258 -0.03588112 0.00162390
v -0.04345258 -0.03588142 0.00130460
v -0.04437213 -0.03588044 0.00087097
v -0.04315019 -0.03587980 -0.00007188
v -0.04416683 -0.03587933 -0.00006358
v -0.04347499 -0.03587789 -0.00144324
v -0.04438734 -0.03587804 -0.00099467
v -0.04436263 -0.03587607 -0.00253787
v -0.04587034 -0.03587454 -0.00318109
v -0.04749767 -0.03587403 -0.00298428
v -0.04538549 -0.03267336 -0.00427435
v -0.04364119 -0.03267523 -0.00345180
v -0.04364145 -0.03322304 -0.00345250
v -0.04731394 -0.03267248 -0.00425862
v -0.04570464 -0.03322095 -0.00433270
v -0.04904459 -0.03267276 -0.00340773
v -0.04793151 -0.03322025 -0.00406338
v -0.05023466 -0.03267415 -0.00189020
v -0.04972538 -0.03322114 -0.00271671
v -0.05064845 -0.03267638 -0.00000660
v -0.05060558 -0.03322338 -0.00065352
v -0.05020399 -0.03267899 0.00187000
v -0.05033626 -0.03322636 0.00157335
v -0.04898933 -0.03268148 0.00336792
v -0.04898958 -0.03322929 0.00336721
v -0.04436114 -0.03267607 -0.00253376
v -0.04337703 -0.03267821 -0.00122286
v -0.04378305 -0.03323839 -0.00194381
v -0.04318022 -0.03268039 0.00040447
v -0.04317176 -0.03324063 -0.00042287
v -0.04382344 -0.03268202 0.00191218
v -0.04340284 -0.03324260 0.00119994
v -0.04513434 -0.03268268 0.00289629
v -0.04441437 -0.03324378 0.00248980
v -0.04676167 -0.03268217 0.00309310
v -0.04593531 -0.03324386 0.00310109
v -0.04826939 -0.03268064 0.00244988
v -0.04755813 -0.03324280 0.00287001
v -0.04508108 -0.03267691 -0.00161572
v -0.04603332 -0.03267595 -0.00202197
v -0.04706110 -0.03267563 -0.00189767
v -0.04788904 -0.03267604 -0.00127613
v -0.04829529 -0.03267707 -0.00032389
v -0.04817099 -0.03267844 0.00070390
v -0.04754945 -0.03267980 0.00153184
v -0.04242802 -0.03587772 -0.00195799
v -0.04217832 -0.03587729 -0.00237754
v -0.04198357 -0.03588033 -0.00008139
v -0.04160112 -0.03587982 -0.00061636
v -0.04239735 -0.03588255 0.00180221
v -0.04174183 -0.03588213 0.00123165
v -0.04257903 -0.03588386 0.00288514
v -0.04358742 -0.03588394 0.00331974
v -0.04398526 -0.03588475 0.00409238
v -0.04531807 -0.03588423 0.00417063
v -0.04574644 -0.03588467 0.00466959
v -0.04724652 -0.03588334 0.00418636
v -0.04759445 -0.03588362 0.00452888
v -0.04880708 -0.03267469 -0.00199607
v -0.04749618 -0.03267403 -0.00298017
v -0.04586885 -0.03267454 -0.00317698
v -0.04242653 -0.03267772 -0.00195389
v -0.04198207 -0.03268033 -0.00007729
v -0.04239586 -0.03268256 0.00180631
v -0.04358593 -0.03268395 0.00332384
v -0.04531658 -0.03268423 0.00417474
v -0.04724503 -0.03268335 0.00419047
v -0.04925349 -0.03267850 0.00113898
v -0.04945030 -0.03267632 -0.00048835
v -0.04445954 -0.03267827 -0.00078779
v -0.04659721 -0.03268076 0.00193808
v -0.04556942 -0.03268108 0.00181378
v -0.04474148 -0.03268067 0.00119224
v -0.04433523 -0.03267964 0.00024000
v -0.03254715 -0.03799863 0.01075036
v -0.03048938 -0.03799531 0.00741536
v -0.02922530 -0.03799114 0.00370608
v -0.02881832 -0.03798633 -0.00019149
v -0.02928883 -0.03798113 -0.00408189
v -0.03061324 -0.03797578 -0.00777006
v -0.03272513 -0.03797056 -0.01107104
v -0.03551862 -0.03796573 -0.01381932
v -0.03885404 -0.03886153 -0.01587825
v -0.03885362 -0.03796153 -0.01587709
v -0.04256332 -0.03885818 -0.01714232
v -0.04256290 -0.03795818 -0.01714116
v -0.04646089 -0.03885584 -0.01754930
v -0.04646047 -0.03795584 -0.01754814
v -0.05035130 -0.03885463 -0.01707879
v -0.05035087 -0.03795462 -0.01707763
v -0.05403947 -0.03885460 -0.01575438
v -0.05403905 -0.03795460 -0.01575322
v -0.05734046 -0.03885577 -0.01364248
v -0.05734004 -0.03795577 -0.01364133
v -0.06008874 -0.03885807 -0.01084899
v -0.06008832 -0.03795807 -0.01084784
v -0.03215370 -0.03799921 0.01105890
v -0.03215417 -0.03899921 0.01105762
v -0.03498051 -0.03800157 0.01393220
v -0.03498098 -0.03900157 0.01393092
v -0.03837581 -0.03800278 0.01610444
v -0.03837628 -0.03900278 0.01610316
v -0.04216936 -0.03800275 0.01746669
v -0.04216983 -0.03900275 0.01746541
v -0.04617092 -0.03800150 0.01795064
v -0.04617139 -0.03900151 0.01794936
v -0.05017985 -0.03799910 0.01753203
v -0.05018032 -0.03899910 0.01753075
v -0.05399511 -0.03799565 0.01623185
v -0.05399558 -0.03899565 0.01623057
v -0.05742539 -0.03799133 0.01411529
v -0.05742586 -0.03899133 0.01411400
v -0.06029870 -0.03798636 0.01128848
v -0.06029916 -0.03898636 0.01128720
v -0.06247094 -0.03798100 0.00789318
v -0.06247140 -0.03898099 0.00789190
v -0.06383318 -0.03797549 0.00409964
v -0.06383365 -0.03897549 0.00409836
v -0.06431714 -0.03797013 0.00009808
v -0.06431760 -0.03897014 0.00009680
v -0.06389852 -0.03796519 -0.00391084
v -0.06389899 -0.03896519 -0.00391212
v -0.06259833 -0.03796090 -0.00772610
v -0.06259880 -0.03896090 -0.00772738
v -0.06048177 -0.03795749 -0.01115638
v -0.06048223 -0.03895749 -0.01115767
v -0.05765496 -0.03795512 -0.01402969
v -0.05425965 -0.03795392 -0.01620192
v -0.05046611 -0.03795395 -0.01756417
v -0.04646455 -0.03795519 -0.01804813
v -0.04245562 -0.03795760 -0.01762952
v -0.03864036 -0.03796105 -0.01632933
v -0.03521008 -0.03796537 -0.01421277
v -0.03233678 -0.03797033 -0.01138597
v -0.03016454 -0.03797570 -0.00799066
v -0.02880229 -0.03798120 -0.00419712
v -0.02831834 -0.03798657 -0.00019556
v -0.02873695 -0.03799151 0.00381336
v -0.03003714 -0.03799580 0.00762862
v -0.03529543 -0.03800093 0.01354384
v -0.03859643 -0.03800210 0.01565574
v -0.04228459 -0.03800207 0.01698015
v -0.04617500 -0.03800086 0.01745066
v -0.05007257 -0.03799852 0.01704368
v -0.05378185 -0.03799517 0.01577961
v -0.05711685 -0.03799097 0.01372184
v -0.05991034 -0.03798614 0.01097356
v -0.06202224 -0.03798092 0.00767257
v -0.06334665 -0.03797557 0.00398441
v -0.06381715 -0.03797036 0.00009400
v -0.06341016 -0.03796555 -0.00380356
v -0.06214609 -0.03796139 -0.00751284
v -0.04828221 0.00154578 -0.01811832
v -0.04795103 0.00154595 -0.01836694
v -0.04778853 0.00154636 -0.01874783
v -0.04932283 0.00154684 -0.01856227
v -0.04907421 0.00154630 -0.01823110
v -0.04937255 0.00154739 -0.01897339
v -0.04869332 0.00154591 -0.01806860
v -0.04887888 0.00154797 -0.01960290
v -0.04921006 0.00154780 -0.01935429
v -0.04846776 0.00154784 -0.01965262
v -0.04808687 0.00154745 -0.01949012
v -0.04783825 0.00154691 -0.01915895
v -0.02817903 0.00151570 -0.00198100
v -0.02793042 0.00151516 -0.00164982
v -0.02754952 0.00151477 -0.00148732
v -0.02773508 0.00151683 -0.00302162
v -0.02806626 0.00151666 -0.00277301
v -0.02732396 0.00151670 -0.00307134
v -0.02822875 0.00151625 -0.00239211
v -0.02669445 0.00151577 -0.00257767
v -0.02694307 0.00151631 -0.00290885
v -0.02664473 0.00151522 -0.00216656
v -0.02680723 0.00151481 -0.00178566
v -0.02713841 0.00151464 -0.00153704
v -0.04327575 0.00149639 0.01856612
v -0.04352437 0.00149693 0.01823495
v -0.04322604 0.00149584 0.01897724
v -0.04390527 0.00149732 0.01807245
v -0.04476034 0.00149632 0.01916280
v -0.04451172 0.00149578 0.01949397
v -0.04481006 0.00149687 0.01875168
v -0.04413082 0.00149539 0.01965647
v -0.04464756 0.00149728 0.01837079
v -0.04338853 0.00149543 0.01935813
v -0.04371971 0.00149526 0.01960675
v -0.04431638 0.00149745 0.01812217
v -0.06486351 0.00152640 0.00302547
v -0.06453233 0.00152657 0.00277685
v -0.06527463 0.00152653 0.00307519
v -0.06436983 0.00152698 0.00239596
v -0.06546018 0.00152859 0.00154089
v -0.06579136 0.00152842 0.00178951
v -0.06504907 0.00152846 0.00149117
v -0.06595386 0.00152801 0.00217040
v -0.06466817 0.00152807 0.00165367
v -0.06565552 0.00152692 0.00291269
v -0.06590413 0.00152746 0.00258152
v -0.06441955 0.00152753 0.00198484
v -0.04907258 0.00504629 -0.01822661
v -0.04869169 0.00504591 -0.01806411
v -0.04828057 0.00504578 -0.01811383
v -0.04794940 0.00504594 -0.01836245
v -0.04778690 0.00504636 -0.01874335
v -0.04783662 0.00504691 -0.01915446
v -0.04808524 0.00504745 -0.01948564
v -0.02806462 0.00501666 -0.00276852
v -0.02822712 0.00501625 -0.00238762
v -0.02817740 0.00501570 -0.00197651
v -0.02792878 0.00501515 -0.00164533
v -0.02754789 0.00501477 -0.00148283
v -0.02713677 0.00501464 -0.00153255
v -0.02680560 0.00501480 -0.00178117
v -0.04352274 0.00499693 0.01823944
v -0.04390363 0.00499732 0.01807694
v -0.04431475 0.00499744 0.01812666
v -0.04464592 0.00499728 0.01837528
v -0.04480843 0.00499687 0.01875617
v -0.04475870 0.00499632 0.01916729
v -0.04451009 0.00499577 0.01949846
v -0.06453070 0.00502656 0.00278134
v -0.06436820 0.00502698 0.00240045
v -0.06441792 0.00502753 0.00198933
v -0.06466654 0.00502807 0.00165816
v -0.06504744 0.00502845 0.00149566
v -0.06545855 0.00502858 0.00154538
v -0.06578972 0.00502842 0.00179400
v -0.07295313 0.01103135 0.00211687
v -0.07321290 0.01103075 0.00268277
v -0.07314917 0.01102998 0.00326190
v -0.06997233 0.01102899 0.00287769
v -0.07233840 0.01103174 0.00159509
v -0.07029084 0.01103015 0.00208520
v -0.07096292 0.01103114 0.00155814
v -0.07180849 0.01103169 0.00143774
v -0.07307300 0.01102920 0.00383952
v -0.07268582 0.01102840 0.00432718
v -0.07061979 0.01102734 0.00439535
v -0.07009273 0.01102796 0.00372326
v -0.07141228 0.01102730 0.00471386
v -0.07196441 0.01102760 0.00468737
v -0.07309847 0.01097710 0.00365685
v -0.07319421 0.01097839 0.00286514
v -0.07314567 0.01093026 0.00329101
v -0.04887725 0.00504796 -0.01959841
v -0.04846613 0.00504783 -0.01964813
v -0.04808841 0.00504812 -0.02000586
v -0.04757925 0.00504737 -0.01960658
v -0.04733795 0.00504648 -0.01900621
v -0.04742917 0.00504570 -0.01836562
v -0.04782845 0.00504524 -0.01785646
v -0.04842883 0.00504521 -0.01761517
v -0.04872899 0.00504853 -0.02009708
v -0.04932936 0.00504850 -0.01985578
v -0.04920842 0.00504780 -0.01934979
v -0.04972865 0.00504804 -0.01934662
v -0.04937092 0.00504739 -0.01896890
v -0.04981986 0.00504726 -0.01870604
v -0.04932120 0.00504683 -0.01855779
v -0.04957857 0.00504637 -0.01810567
v -0.04906941 0.00504562 -0.01770638
v -0.02669282 0.00501577 -0.00257318
v -0.02643545 0.00501623 -0.00302530
v -0.02694144 0.00501631 -0.00290436
v -0.02694461 0.00501698 -0.00342459
v -0.02732233 0.00501669 -0.00306685
v -0.02758519 0.00501739 -0.00351580
v -0.02773345 0.00501682 -0.00301713
v -0.02818556 0.00501736 -0.00327450
v -0.02858485 0.00501690 -0.00276535
v -0.02867607 0.00501612 -0.00212476
v -0.02843477 0.00501524 -0.00152439
v -0.02792561 0.00501449 -0.00112510
v -0.02728503 0.00501407 -0.00103389
v -0.02668466 0.00501410 -0.00127519
v -0.02664310 0.00501522 -0.00216207
v -0.02628537 0.00501457 -0.00178434
v -0.02619415 0.00501534 -0.00242493
v -0.04371808 0.00499526 0.01961124
v -0.04326596 0.00499472 0.01986861
v -0.04338690 0.00499542 0.01936262
v -0.04286667 0.00499519 0.01935945
v -0.04322440 0.00499584 0.01898173
v -0.04277546 0.00499597 0.01871887
v -0.04327412 0.00499639 0.01857061
v -0.04301675 0.00499685 0.01811850
v -0.04352591 0.00499760 0.01771921
v -0.04416649 0.00499801 0.01762799
v -0.04476687 0.00499798 0.01786929
v -0.04516615 0.00499752 0.01837845
v -0.04525737 0.00499674 0.01901903
v -0.04501607 0.00499586 0.01961940
v -0.04412919 0.00499539 0.01966096
v -0.04450692 0.00499511 0.02001869
v -0.04386633 0.00499469 0.02010990
v -0.06590250 0.00502746 0.00258601
v -0.06615987 0.00502700 0.00303812
v -0.06565388 0.00502691 0.00291718
v -0.06565072 0.00502625 0.00343741
v -0.06527299 0.00502653 0.00307968
v -0.06501013 0.00502583 0.00352863
v -0.06486187 0.00502640 0.00302996
v -0.06440976 0.00502586 0.00328733
v -0.06401047 0.00502633 0.00277817
v -0.06391925 0.00502710 0.00213759
v -0.06416056 0.00502799 0.00153722
v -0.06466971 0.00502874 0.00113793
v -0.06531029 0.00502915 0.00104671
v -0.06591067 0.00502912 0.00128801
v -0.06595222 0.00502801 0.00217489
v -0.06630995 0.00502866 0.00179717
v -0.06640117 0.00502788 0.00243775
v -0.04839761 0.01105678 -0.02664414
v -0.04896351 0.01105738 -0.02690391
v -0.04954264 0.01105757 -0.02684019
v -0.04915842 0.01105331 -0.02366334
v -0.04787583 0.01105575 -0.02602941
v -0.04836594 0.01105335 -0.02398185
v -0.04783887 0.01105397 -0.02465394
v -0.04771847 0.01105500 -0.02549951
v -0.05012026 0.01105774 -0.02676401
v -0.05060792 0.01105747 -0.02637683
v -0.05067609 0.01105485 -0.02431080
v -0.05000400 0.01105386 -0.02378374
v -0.05099460 0.01105602 -0.02510329
v -0.05096811 0.01105671 -0.02565543
v -0.04993768 0.01100534 -0.02678952
v -0.04914597 0.01100532 -0.02688526
v -0.04957192 0.01095790 -0.02683676
v -0.01963659 0.01101186 -0.00208865
v -0.01937682 0.01101246 -0.00265455
v -0.01944054 0.01101324 -0.00323368
v -0.02261739 0.01101423 -0.00284947
v -0.02025132 0.01101148 -0.00156687
v -0.02229888 0.01101306 -0.00205698
v -0.02162679 0.01101207 -0.00152992
v -0.02078122 0.01101152 -0.00140952
v -0.01951672 0.01101401 -0.00381130
v -0.01990390 0.01101482 -0.00429896
v -0.02196993 0.01101587 -0.00436713
v -0.02249699 0.01101525 -0.00369504
v -0.02117744 0.01101591 -0.00468564
v -0.02062530 0.01101562 -0.00465915
v -0.01949130 0.01096142 -0.00362877
v -0.01939556 0.01096059 -0.00283706
v -0.01944414 0.01091359 -0.00326305
v -0.04419211 0.01098643 0.02667236
v -0.04362621 0.01098583 0.02693212
v -0.04304708 0.01098565 0.02686840
v -0.04343129 0.01098990 0.02369156
v -0.04471390 0.01098746 0.02605763
v -0.04422379 0.01098986 0.02401007
v -0.04475084 0.01098925 0.02468215
v -0.04487125 0.01098822 0.02552773
v -0.04246946 0.01098547 0.02679223
v -0.04198181 0.01098574 0.02640504
v -0.04191363 0.01098836 0.02433902
v -0.04258572 0.01098935 0.02381196
v -0.04159512 0.01098720 0.02513151
v -0.04162161 0.01098650 0.02568365
v -0.04265209 0.01093318 0.02681761
v -0.04344380 0.01093365 0.02691335
v -0.04301789 0.01088595 0.02686472
v -0.07129175 0.01202597 0.00570791
v -0.07001896 0.01202603 0.00519635
v -0.06917247 0.01202702 0.00411694
v -0.06897909 0.01202868 0.00275890
v -0.06949064 0.01203055 0.00148612
v -0.07057005 0.01203214 0.00063963
v -0.07192810 0.01203302 0.00044625
v -0.04981660 0.01204725 -0.01869706
v -0.04957530 0.01204637 -0.01809669
v -0.04906614 0.01204562 -0.01769740
v -0.04842556 0.01204520 -0.01760619
v -0.04782519 0.01204523 -0.01784749
v -0.04742590 0.01204570 -0.01835664
v -0.04733468 0.01204648 -0.01899723
v -0.02758192 0.01201739 -0.00350682
v -0.02818230 0.01201736 -0.00326552
v -0.02858158 0.01201689 -0.00275637
v -0.02867280 0.01201611 -0.00211578
v -0.02843150 0.01201523 -0.00151541
v -0.02792235 0.01201448 -0.00111612
v -0.02728176 0.01201406 -0.00102491
v -0.04277219 0.01199596 0.01872785
v -0.04301349 0.01199684 0.01812747
v -0.04352264 0.01199759 0.01772819
v -0.04416323 0.01199801 0.01763697
v -0.04476360 0.01199798 0.01787827
v -0.04516289 0.01199751 0.01838743
v -0.04525410 0.01199673 0.01902801
v -0.06500686 0.01202582 0.00353761
v -0.06440649 0.01202585 0.00329631
v -0.06400720 0.01202632 0.00278715
v -0.06391599 0.01202710 0.00214657
v -0.06415728 0.01202798 0.00154620
v -0.06466644 0.01202873 0.00114691
v -0.06530703 0.01202915 0.00105569
v -0.05198690 0.01205632 -0.02498194
v -0.05147535 0.01205445 -0.02370916
v -0.05039594 0.01205286 -0.02286267
v -0.04903789 0.01205198 -0.02266929
v -0.04776511 0.01205204 -0.02318084
v -0.04691862 0.01205303 -0.02426025
v -0.04672524 0.01205468 -0.02561829
v -0.02129704 0.01201724 -0.00567712
v -0.02256983 0.01201717 -0.00516557
v -0.02341632 0.01201618 -0.00408616
v -0.02360969 0.01201453 -0.00272812
v -0.02309814 0.01201266 -0.00145533
v -0.02201873 0.01201107 -0.00060884
v -0.02066069 0.01201019 -0.00041547
v -0.04060189 0.01198688 0.02501273
v -0.04111344 0.01198875 0.02373994
v -0.04219285 0.01199034 0.02289345
v -0.04355089 0.01199123 0.02270008
v -0.04482368 0.01199116 0.02321162
v -0.04567017 0.01199018 0.02429103
v -0.04586355 0.01198852 0.02564908
v -0.07373863 -0.03266054 -0.00394685
v -0.07143718 -0.03266126 -0.00422519
v -0.07366405 -0.03266137 -0.00333018
v -0.07136260 -0.03266209 -0.00360852
v -0.07238145 -0.03265987 -0.00496570
v -0.07181010 -0.03266045 -0.00472196
v -0.07299812 -0.03265968 -0.00489112
v -0.07349489 -0.03265993 -0.00451820
v -0.07271978 -0.03266276 -0.00258967
v -0.07329113 -0.03266218 -0.00283342
v -0.07210311 -0.03266295 -0.00266425
v -0.07160635 -0.03266270 -0.00303718
v -0.05738569 -0.03264143 -0.02479945
v -0.05508424 -0.03264215 -0.02507779
v -0.05731111 -0.03264226 -0.02418278
v -0.05500966 -0.03264298 -0.02446112
v -0.05602851 -0.03264076 -0.02581830
v -0.05545716 -0.03264134 -0.02557455
v -0.05664518 -0.03264057 -0.02574372
v -0.05714194 -0.03264081 -0.02537080
v -0.05636684 -0.03264365 -0.02344227
v -0.05693818 -0.03264307 -0.02368602
v -0.05575017 -0.03264384 -0.02351685
v -0.05525341 -0.03264359 -0.02388978
v -0.03013148 -0.03266069 -0.01970653
v -0.03070283 -0.03266011 -0.01995027
v -0.03107575 -0.03265930 -0.02044704
v -0.03115033 -0.03265847 -0.02106371
v -0.03090659 -0.03265785 -0.02163505
v -0.03040982 -0.03265760 -0.02200798
v -0.02884888 -0.03265919 -0.02134205
v -0.02922181 -0.03265838 -0.02183881
v -0.02979315 -0.03265780 -0.02208256
v -0.02951481 -0.03266088 -0.01978111
v -0.02901805 -0.03266063 -0.02015403
v -0.02877430 -0.03266001 -0.02072538
v -0.02126792 -0.03269462 0.00352464
v -0.01896647 -0.03269534 0.00324630
v -0.02119334 -0.03269545 0.00414131
v -0.01889189 -0.03269617 0.00386297
v -0.01991074 -0.03269395 0.00250579
v -0.01933939 -0.03269453 0.00274953
v -0.02052741 -0.03269376 0.00258037
v -0.02102417 -0.03269400 0.00295329
v -0.02024907 -0.03269684 0.00488182
v -0.02082041 -0.03269626 0.00463807
v -0.01963240 -0.03269703 0.00480724
v -0.01913564 -0.03269678 0.00443431
v -0.03762086 -0.03271373 0.02437723
v -0.03531941 -0.03271445 0.02409890
v -0.03754628 -0.03271456 0.02499391
v -0.03524483 -0.03271528 0.02471557
v -0.03626368 -0.03271306 0.02335838
v -0.03569234 -0.03271364 0.02360213
v -0.03688036 -0.03271287 0.02343296
v -0.03737712 -0.03271312 0.02380589
v -0.03660201 -0.03271595 0.02573442
v -0.03717336 -0.03271537 0.02549067
v -0.03598534 -0.03271614 0.02565983
v -0.03548858 -0.03271590 0.02528691
v -0.06283737 -0.03269891 0.02199867
v -0.06340872 -0.03269833 0.02175492
v -0.06378164 -0.03269752 0.02125816
v -0.06385622 -0.03269669 0.02064149
v -0.06361248 -0.03269608 0.02007014
v -0.06311571 -0.03269583 0.01969722
v -0.06155477 -0.03269741 0.02036315
v -0.06192769 -0.03269660 0.01986639
v -0.06249904 -0.03269602 0.01962264
v -0.06222070 -0.03269910 0.02192409
v -0.06172394 -0.03269886 0.02155117
v -0.06148019 -0.03269824 0.02097982
v -0.02121021 0.00149693 0.01011330
v -0.02120690 0.00859692 0.01012240
v -0.02301505 0.00859307 0.01378420
v -0.02301837 0.00149308 0.01377509
v -0.02535387 0.00858987 0.01713205
v -0.02535718 0.00148988 0.01712294
v -0.02817003 0.00858739 0.02008965
v -0.02817334 0.00148740 0.02008055
v -0.03139934 0.00858569 0.02258959
v -0.03140266 0.00148570 0.02258049
v -0.06639790 0.01202787 0.00244673
v -0.06630669 0.01202865 0.00180615
v -0.06740064 0.01202818 0.00256800
v -0.06695659 0.01205605 -0.01932271
v -0.07000072 0.01205250 -0.01544097
v -0.05812382 0.01203903 -0.00926142
v -0.02518814 0.01201503 -0.00253722
v -0.01873134 0.01200051 0.00643158
v -0.01965160 0.01202140 -0.00952670
v -0.02041028 0.01201677 -0.00563458
v -0.01921598 0.01201951 -0.00820955
v -0.01803592 0.01200645 0.00154783
v -0.01980964 0.01201012 -0.00066819
v -0.01925166 0.01201548 -0.00505609
v -0.01850552 0.01201378 -0.00399764
v -0.01819912 0.01201285 -0.00338248
v -0.01835003 0.01201206 -0.00271201
v -0.01882234 0.01201073 -0.00150621
v -0.02930412 0.01198464 0.02264766
v -0.02563219 0.01198715 0.01935349
v -0.02702296 0.01199322 0.01512833
v -0.02258806 0.01199071 0.01547175
v -0.04374179 0.01199334 0.02112163
v -0.03675231 0.01198298 0.02665816
v -0.03349230 0.01198325 0.02525415
v -0.04064444 0.01198577 0.02589949
v -0.03806946 0.01198303 0.02709378
v -0.04782685 0.01198607 0.02827385
v -0.04561083 0.01198731 0.02650013
v -0.05271060 0.01198925 0.02757843
v -0.04122293 0.01198455 0.02705810
v -0.04228137 0.01198409 0.02780424
v -0.04289654 0.01198398 0.02811064
v -0.04356701 0.01198449 0.02795973
v -0.04477281 0.01198566 0.02748743
v -0.05739940 0.01199340 0.02604553
v -0.05557122 0.01201076 0.01184482
v -0.06175078 0.01199841 0.02372171
v -0.06563252 0.01200413 0.02067759
v -0.07385745 0.01204270 -0.00640079
v -0.07232454 0.01204800 -0.01108959
v -0.07153318 0.01201697 0.01281749
v -0.06892668 0.01201038 0.01700566
v -0.07455287 0.01203676 -0.00151705
v -0.07277915 0.01203309 0.00069897
v -0.07337280 0.01202370 0.00824033
v -0.07217851 0.01202644 0.00566536
v -0.07333712 0.01202772 0.00508687
v -0.07408327 0.01202943 0.00402843
v -0.07438967 0.01203036 0.00341326
v -0.07423875 0.01203115 0.00274279
v -0.07376645 0.01203248 0.00153699
v -0.04884699 0.01204987 -0.02109084
v -0.03987819 0.01205396 -0.02754765
v -0.05909649 0.01205995 -0.02522337
v -0.06328466 0.01205857 -0.02261687
v -0.05451932 0.01206018 -0.02706300
v -0.05194435 0.01205744 -0.02586870
v -0.04476194 0.01205713 -0.02824306
v -0.04697796 0.01205589 -0.02646934
v -0.05136586 0.01205866 -0.02702732
v -0.05030742 0.01205912 -0.02777346
v -0.04969225 0.01205923 -0.02807986
v -0.04902178 0.01205872 -0.02792895
v -0.04781597 0.01205755 -0.02745664
v -0.02366210 0.01203283 -0.01697488
v -0.02695627 0.01203908 -0.02064681
v -0.03118143 0.01203927 -0.01925604
v -0.03083801 0.01204480 -0.02369093
v -0.02105561 0.01202624 -0.01278671
v -0.06590740 0.01202912 0.00129699
v -0.04629439 0.01202160 0.00001539
v -0.06564745 0.01202624 0.00344639
v -0.06615660 0.01202699 0.00304710
v -0.04326269 0.01199471 0.01987759
v -0.04386306 0.01199468 0.02011888
v -0.03446497 0.01200418 0.00929220
v -0.04286340 0.01199518 0.01936843
v -0.04450365 0.01199510 0.02002767
v -0.04501281 0.01199585 0.01962838
v -0.04757598 0.01204736 -0.01959760
v -0.03701757 0.01203245 -0.01181403
v -0.04872572 0.01204852 -0.02008810
v -0.04808513 0.01204811 -0.01999689
v -0.04972538 0.01204803 -0.01933765
v -0.04932610 0.01204850 -0.01984680
v -0.03518939 0.01204981 -0.02601475
v -0.02668139 0.01201409 -0.00126621
v -0.02643218 0.01201622 -0.00301632
v -0.02619088 0.01201534 -0.00241595
v -0.02628210 0.01201456 -0.00177536
v -0.02694134 0.01201697 -0.00341561
v -0.02026424 0.01199521 0.01112037
v -0.07128800 0.00154657 -0.01035503
v -0.07128469 0.00864656 -0.01034592
v -0.06964887 0.00865002 -0.01363977
v -0.06965218 0.00155003 -0.01364888
v -0.06758137 0.00865295 -0.01668129
v -0.06758469 0.00155296 -0.01669040
v -0.07329267 -0.03596218 -0.00283765
v -0.07366560 -0.03596137 -0.00333442
v -0.07374018 -0.03596054 -0.00395109
v -0.07349642 -0.03595992 -0.00452243
v -0.07299966 -0.03595968 -0.00489536
v -0.07238299 -0.03595987 -0.00496994
v -0.07181165 -0.03596045 -0.00472619
v -0.05693972 -0.03594306 -0.02369025
v -0.05731265 -0.03594225 -0.02418701
v -0.05738723 -0.03594143 -0.02480369
v -0.05714348 -0.03594081 -0.02537503
v -0.05664672 -0.03594056 -0.02574795
v -0.05603005 -0.03594076 -0.02582254
v -0.05545870 -0.03594133 -0.02557879
v -0.03070437 -0.03596010 -0.01995451
v -0.03107729 -0.03595929 -0.02045127
v -0.03115187 -0.03595847 -0.02106794
v -0.03090813 -0.03595785 -0.02163928
v -0.03041136 -0.03595760 -0.02201221
v -0.02979469 -0.03595779 -0.02208679
v -0.02922335 -0.03595837 -0.02184304
v -0.02082196 -0.03599626 0.00463384
v -0.02119488 -0.03599545 0.00413707
v -0.02126946 -0.03599462 0.00352040
v -0.02102571 -0.03599400 0.00294906
v -0.02052895 -0.03599375 0.00257613
v -0.01991228 -0.03599394 0.00250155
v -0.01934093 -0.03599453 0.00274530
v -0.03717490 -0.03601537 0.02548644
v -0.03754782 -0.03601456 0.02498967
v -0.03762241 -0.03601373 0.02437300
v -0.03737866 -0.03601311 0.02380166
v -0.03688189 -0.03601287 0.02342873
v -0.03626522 -0.03601306 0.02335415
v -0.03569388 -0.03601364 0.02359790
v -0.06341025 -0.03599833 0.02175069
v -0.06378318 -0.03599752 0.02125393
v -0.06385776 -0.03599669 0.02063726
v -0.06361401 -0.03599607 0.02006591
v -0.06311725 -0.03599583 0.01969299
v -0.06250058 -0.03599602 0.01961841
v -0.06192923 -0.03599660 0.01986215
v -0.06931028 -0.03305374 -0.00985251
v -0.06952216 -0.03395684 -0.00836865
v -0.07023634 -0.03395612 -0.00867333
v -0.06875132 -0.03395708 -0.00846187
v -0.06813037 -0.03395677 -0.00892803
v -0.07079572 -0.03395407 -0.01006512
v -0.07049104 -0.03395330 -0.01077930
v -0.07070249 -0.03395510 -0.00929428
v -0.02311871 -0.03272615 -0.00936504
v -0.02410267 -0.03347578 -0.01013737
v -0.02358521 -0.03347552 -0.01052584
v -0.02435658 -0.03347642 -0.00954222
v -0.02427889 -0.03347728 -0.00889985
v -0.02234770 -0.03347632 -0.01034962
v -0.02195923 -0.03347717 -0.00983216
v -0.02294285 -0.03347572 -0.01060352
v -0.04279098 -0.03269718 -0.02479233
v -0.04395116 -0.03344831 -0.02432714
v -0.04402884 -0.03344745 -0.02496950
v -0.04356270 -0.03344915 -0.02380968
v -0.04296755 -0.03344976 -0.02355577
v -0.04325748 -0.03344655 -0.02595312
v -0.04261512 -0.03344675 -0.02603080
v -0.04377494 -0.03344680 -0.02556465
v -0.06598755 -0.03269831 -0.01546929
v -0.06616411 -0.03345089 -0.01423274
v -0.06675927 -0.03345028 -0.01448664
v -0.06552175 -0.03345109 -0.01431042
v -0.06500429 -0.03345083 -0.01469889
v -0.06722542 -0.03344858 -0.01564647
v -0.06697152 -0.03344793 -0.01624162
v -0.06714773 -0.03344944 -0.01500410
v -0.06951185 -0.03272841 0.00928103
v -0.06852859 -0.03348093 0.01005143
v -0.06904606 -0.03348119 0.01043990
v -0.06827469 -0.03348029 0.00945628
v -0.06835238 -0.03347943 0.00881392
v -0.07028357 -0.03348038 0.01026368
v -0.07067204 -0.03347954 0.00974622
v -0.06968842 -0.03348099 0.01051759
v -0.04983959 -0.03275738 0.02470831
v -0.04868011 -0.03350840 0.02424120
v -0.04860242 -0.03350926 0.02488357
v -0.04906857 -0.03350755 0.02372374
v -0.04966372 -0.03350695 0.02346984
v -0.04937379 -0.03351016 0.02586718
v -0.05001615 -0.03350996 0.02594487
v -0.04885633 -0.03350990 0.02547872
v -0.02664302 -0.03275625 0.01538528
v -0.02646715 -0.03350582 0.01414680
v -0.02587200 -0.03350642 0.01440070
v -0.02710952 -0.03350562 0.01422449
v -0.02762698 -0.03350588 0.01461295
v -0.02540585 -0.03350813 0.01556053
v -0.02565975 -0.03350877 0.01615568
v -0.02548354 -0.03350727 0.01491816
v -0.02332062 -0.03310038 0.00976760
v -0.02353249 -0.03400348 0.01125146
v -0.02424667 -0.03400275 0.01094678
v -0.02276165 -0.03400372 0.01115824
v -0.02214070 -0.03400341 0.01069208
v -0.02480606 -0.03400071 0.00955499
v -0.02450137 -0.03399993 0.00884081
v -0.02471283 -0.03400174 0.01032583
v -0.07225037 -0.03875872 -0.00591404
v -0.07224907 -0.03595872 -0.00591045
v -0.07396540 -0.03875761 -0.00615825
v -0.07396409 -0.03595761 -0.00615466
v -0.07122541 -0.03595976 -0.00547373
v -0.07122672 -0.03875976 -0.00547733
v -0.07055725 -0.03596121 -0.00458370
v -0.07055856 -0.03876121 -0.00458729
v -0.07042363 -0.03596269 -0.00347883
v -0.07042494 -0.03876269 -0.00348242
v -0.07086034 -0.03596380 -0.00245517
v -0.07086165 -0.03876380 -0.00245877
v -0.07175038 -0.03596424 -0.00178702
v -0.07175168 -0.03876424 -0.00179061
v -0.07285525 -0.03596390 -0.00165339
v -0.07285655 -0.03876390 -0.00165698
v -0.07455687 -0.03596279 -0.00189569
v -0.07455818 -0.03876279 -0.00189929
v -0.06436287 -0.03879497 0.01947608
v -0.06436156 -0.03599497 0.01947968
v -0.06543187 -0.03879622 0.02083923
v -0.06543057 -0.03599622 0.02084282
v -0.06347153 -0.03599453 0.01881152
v -0.06347283 -0.03879453 0.01880793
v -0.06236666 -0.03599488 0.01867790
v -0.06236796 -0.03879487 0.01867430
v -0.06134300 -0.03599591 0.01911461
v -0.06134430 -0.03879591 0.01911102
v -0.06067484 -0.03599737 0.02000464
v -0.06067615 -0.03879736 0.02000105
v -0.06054122 -0.03599885 0.02110951
v -0.06054252 -0.03879884 0.02110592
v -0.06097793 -0.03599995 0.02213317
v -0.06097924 -0.03879995 0.02212958
v -0.06203858 -0.03600119 0.02348567
v -0.06203989 -0.03880119 0.02348207
v -0.03843060 -0.03881460 0.02534036
v -0.03842929 -0.03601460 0.02534395
v -0.03778458 -0.03881696 0.02694771
v -0.03778327 -0.03601696 0.02695131
v -0.03857962 -0.03601332 0.02439899
v -0.03858092 -0.03881332 0.02439540
v -0.03830505 -0.03601227 0.02348239
v -0.03830636 -0.03881227 0.02347880
v -0.03765998 -0.03601167 0.02277569
v -0.03766128 -0.03881166 0.02277210
v -0.03677216 -0.03601162 0.02241887
v -0.03677347 -0.03881162 0.02241527
v -0.03581744 -0.03601215 0.02248259
v -0.03581875 -0.03881215 0.02247900
v -0.03498492 -0.03601314 0.02295423
v -0.03498623 -0.03881314 0.02295064
v -0.03443949 -0.03601441 0.02374039
v -0.03444079 -0.03881440 0.02373680
v -0.03379851 -0.03601675 0.02533518
v -0.03379982 -0.03881675 0.02533159
v -0.02038584 -0.03879798 0.00581450
v -0.02038454 -0.03599798 0.00581810
v -0.01867082 -0.03879909 0.00605871
v -0.01866951 -0.03599909 0.00606230
v -0.02140819 -0.03599694 0.00538138
v -0.02140950 -0.03879694 0.00537779
v -0.01977835 -0.03599280 0.00156104
v -0.01977966 -0.03879280 0.00155745
v -0.01807673 -0.03599391 0.00180334
v -0.01807804 -0.03879391 0.00179975
v -0.02827335 -0.03876173 -0.01957562
v -0.02827204 -0.03596173 -0.01957203
v -0.02720435 -0.03876048 -0.02093877
v -0.02720304 -0.03596048 -0.02093518
v -0.02916208 -0.03596217 -0.01890387
v -0.02916338 -0.03876217 -0.01890746
v -0.03026695 -0.03596183 -0.01877025
v -0.03026826 -0.03876182 -0.01877384
v -0.03129061 -0.03596079 -0.01920696
v -0.03129191 -0.03876079 -0.01921055
v -0.03165567 -0.03595675 -0.02222552
v -0.03165698 -0.03875674 -0.02222911
v -0.03059502 -0.03595551 -0.02357802
v -0.03059633 -0.03875551 -0.02358161
v -0.01902471 0.01181950 -0.00826793
v -0.02087734 0.01182627 -0.01287744
v -0.02350225 0.01183291 -0.01709521
v -0.02681969 0.01183920 -0.02079309
v -0.03072887 0.01184496 -0.02385872
v -0.03511100 0.01185001 -0.02619896
v -0.03983293 0.01185419 -0.02774270
v -0.04475120 0.01185739 -0.02844303
v -0.04971636 0.01185949 -0.02827867
v -0.05457754 0.01186045 -0.02725462
v -0.05918705 0.01186023 -0.02540199
v -0.06340483 0.01185883 -0.02277707
v -0.06710272 0.01185630 -0.01945963
v -0.07016835 0.01185272 -0.01555046
v -0.07250860 0.01184819 -0.01116833
v -0.07405233 0.01184285 -0.00644639
v -0.07475267 0.01183687 -0.00152813
v -0.07246708 0.00864830 -0.01127271
v -0.07247040 0.00154831 -0.01128181
v -0.06340632 0.00865883 -0.02278118
v -0.06217061 0.00865938 -0.02365846
v -0.06096681 0.00865760 -0.02271490
v -0.06710421 0.00865630 -0.01946373
v -0.07016984 0.00865272 -0.01555456
v -0.06452546 0.00865575 -0.01997366
v -0.06217392 0.00155939 -0.02366756
v -0.06097012 0.00155761 -0.02272401
v -0.06710752 0.00155631 -0.01947284
v -0.06452876 0.00155576 -0.01998276
v -0.06340963 0.00155884 -0.02279029
v -0.07017316 0.00155273 -0.01556367
v -0.07476792 -0.03894826 -0.00174214
v -0.07476652 -0.03596290 -0.00173831
v -0.07410511 -0.03595726 -0.00637542
v -0.07272132 -0.03596276 -0.00259390
v -0.07210466 -0.03596295 -0.00266849
v -0.07160789 -0.03596270 -0.00304141
v -0.07136414 -0.03596208 -0.00361275
v -0.07143872 -0.03596126 -0.00422943
v -0.07410637 -0.03895660 -0.00637991
v -0.05883509 -0.03593995 -0.02542754
v -0.05907622 -0.03593971 -0.02553040
v -0.05485033 -0.03593974 -0.02704366
v -0.05472965 -0.03593950 -0.02727617
v -0.05508578 -0.03594214 -0.02508202
v -0.05420431 -0.03594210 -0.02543630
v -0.05501120 -0.03594297 -0.02446535
v -0.05405237 -0.03594335 -0.02451810
v -0.05525495 -0.03594359 -0.02389401
v -0.05819412 -0.03594230 -0.02383274
v -0.05791863 -0.03594305 -0.02334374
v -0.05430271 -0.03594438 -0.02362171
v -0.05490843 -0.03594501 -0.02291511
v -0.05575171 -0.03594384 -0.02352108
v -0.05575603 -0.03594511 -0.02253070
v -0.05636838 -0.03594365 -0.02344650
v -0.05668666 -0.03594466 -0.02254051
v -0.05752596 -0.03594375 -0.02294270
v -0.03062789 -0.03894052 -0.02384210
v -0.03062650 -0.03595516 -0.02383827
v -0.02885042 -0.03595918 -0.02134628
v -0.02694134 -0.03596059 -0.02094692
v -0.03209238 -0.03595786 -0.02120186
v -0.03195876 -0.03595934 -0.02009699
v -0.03013302 -0.03596069 -0.01971076
v -0.02951635 -0.03596088 -0.01978534
v -0.02901959 -0.03596063 -0.02015826
v -0.02877584 -0.03596001 -0.02072961
v -0.02694225 -0.03895993 -0.02095032
v -0.02025061 -0.03599684 0.00487758
v -0.01963394 -0.03599703 0.00480300
v -0.01913718 -0.03599678 0.00443008
v -0.01889343 -0.03599616 0.00385874
v -0.02151717 -0.03599267 0.00208920
v -0.02070631 -0.03599246 0.00163238
v -0.01896801 -0.03599534 0.00324206
v -0.02199888 -0.03599574 0.00466217
v -0.02223027 -0.03599448 0.00376070
v -0.02205900 -0.03599339 0.00284590
v -0.03660356 -0.03601595 0.02573018
v -0.03598688 -0.03601614 0.02565560
v -0.03549012 -0.03601589 0.02528268
v -0.03524637 -0.03601528 0.02471133
v -0.03532095 -0.03601445 0.02409466
v -0.06283891 -0.03599891 0.02199444
v -0.06222224 -0.03599910 0.02191986
v -0.06172547 -0.03599885 0.02154693
v -0.06148173 -0.03599824 0.02097559
v -0.06155631 -0.03599741 0.02035892
v -0.05485164 -0.03873974 -0.02704725
v -0.05473042 -0.03893884 -0.02728021
v -0.05420562 -0.03874210 -0.02543989
v -0.05407199 -0.03874358 -0.02433502
v -0.05430402 -0.03874438 -0.02362530
v -0.05450871 -0.03874469 -0.02331136
v -0.05490974 -0.03874500 -0.02291870
v -0.05539874 -0.03874513 -0.02264321
v -0.05575733 -0.03874510 -0.02253429
v -0.05650361 -0.03874478 -0.02250958
v -0.05752727 -0.03874375 -0.02294630
v -0.05819543 -0.03874229 -0.02383633
v -0.05883640 -0.03873995 -0.02543113
v -0.05907761 -0.03892507 -0.02553423
v -0.07023867 -0.03895611 -0.00867974
v -0.07070483 -0.03895510 -0.00930070
v -0.07079805 -0.03895406 -0.01007154
v -0.07049337 -0.03895329 -0.01078571
v -0.06987008 -0.03395299 -0.01124546
v -0.06987242 -0.03895298 -0.01125187
v -0.06909924 -0.03395323 -0.01133868
v -0.06910157 -0.03895323 -0.01134510
v -0.06838506 -0.03395395 -0.01103400
v -0.06838740 -0.03895395 -0.01104041
v -0.02389043 -0.03347813 -0.00838239
v -0.02389299 -0.03897812 -0.00838945
v -0.02428146 -0.03897728 -0.00890691
v -0.02435915 -0.03897642 -0.00954928
v -0.02410524 -0.03897577 -0.01014443
v -0.02358778 -0.03897551 -0.01053289
v -0.02294542 -0.03897572 -0.01061058
v -0.02235026 -0.03897632 -0.01035667
v -0.04356526 -0.03894915 -0.02381673
v -0.04395373 -0.03894830 -0.02433419
v -0.04403142 -0.03894744 -0.02497656
v -0.04377751 -0.03894680 -0.02557171
v -0.04326005 -0.03894654 -0.02596017
v -0.04261768 -0.03894674 -0.02603786
v -0.04201996 -0.03344735 -0.02577690
v -0.04202253 -0.03894735 -0.02578396
v -0.06676184 -0.03895028 -0.01449369
v -0.06715029 -0.03894943 -0.01501115
v -0.06722799 -0.03894857 -0.01565352
v -0.06697408 -0.03894793 -0.01624867
v -0.06645405 -0.03344768 -0.01663008
v -0.06645662 -0.03894767 -0.01663713
v -0.06581169 -0.03344788 -0.01670777
v -0.06581426 -0.03894787 -0.01671482
v -0.06521653 -0.03344848 -0.01645387
v -0.06521910 -0.03894848 -0.01646092
v -0.07028614 -0.03898038 0.01025663
v -0.07067461 -0.03897953 0.00973917
v -0.07074972 -0.03347868 0.00910386
v -0.07075229 -0.03897867 0.00909680
v -0.07049582 -0.03347803 0.00850870
v -0.07049838 -0.03897803 0.00850165
v -0.06997836 -0.03347778 0.00812024
v -0.06998093 -0.03897777 0.00811319
v -0.06933599 -0.03347798 0.00804255
v -0.06933856 -0.03897797 0.00803550
v -0.06874084 -0.03347858 0.00829646
v -0.06874341 -0.03897858 0.00828940
v -0.05061131 -0.03350936 0.02569097
v -0.05061387 -0.03900935 0.02568391
v -0.05099977 -0.03350851 0.02517350
v -0.05100233 -0.03900851 0.02516645
v -0.05107746 -0.03350765 0.02453114
v -0.05108003 -0.03900765 0.02452408
v -0.05082355 -0.03350700 0.02393599
v -0.05082612 -0.03900700 0.02392893
v -0.05030609 -0.03350675 0.02354752
v -0.05030866 -0.03900674 0.02354047
v -0.04966629 -0.03900694 0.02346278
v -0.04907114 -0.03900755 0.02371668
v -0.02741473 -0.03350823 0.01636793
v -0.02741730 -0.03900822 0.01636087
v -0.02780320 -0.03350738 0.01585047
v -0.02780576 -0.03900738 0.01584341
v -0.02788088 -0.03350652 0.01520810
v -0.02788345 -0.03900652 0.01520104
v -0.02762955 -0.03900587 0.01460589
v -0.02711209 -0.03900561 0.01421743
v -0.02646972 -0.03900582 0.01413974
v -0.02587457 -0.03900642 0.01439365
v -0.02424901 -0.03900275 0.01094037
v -0.02471516 -0.03900173 0.01031941
v -0.02480839 -0.03900070 0.00954857
v -0.02450371 -0.03899993 0.00883439
v -0.02388042 -0.03399963 0.00837465
v -0.02388275 -0.03899962 0.00836824
v -0.02310958 -0.03399986 0.00828142
v -0.02311191 -0.03899986 0.00827501
v -0.02239540 -0.03400059 0.00858611
v -0.02239773 -0.03900059 0.00857969
v -0.07222227 -0.03895848 -0.00611230
v -0.07110339 -0.03895961 -0.00563496
v -0.07037308 -0.03896120 -0.00466213
v -0.07022703 -0.03896282 -0.00345448
v -0.07070436 -0.03896403 -0.00233560
v -0.07167719 -0.03896451 -0.00160529
v -0.07288484 -0.03896414 -0.00145924
v -0.07476879 -0.03896292 -0.00172750
v -0.06452034 -0.03899474 0.01935241
v -0.06354751 -0.03899426 0.01862210
v -0.06233986 -0.03899463 0.01847604
v -0.06122098 -0.03899577 0.01895338
v -0.06049067 -0.03899736 0.01992621
v -0.06034461 -0.03899897 0.02113386
v -0.06082195 -0.03900018 0.02225274
v -0.03861627 -0.03901461 0.02541468
v -0.03878057 -0.03901321 0.02438183
v -0.03848046 -0.03901206 0.02337996
v -0.03777538 -0.03901140 0.02260752
v -0.03680498 -0.03901135 0.02221750
v -0.03576145 -0.03901193 0.02228715
v -0.03485149 -0.03901301 0.02280267
v -0.03425531 -0.03901440 0.02366195
v -0.02041413 -0.03899822 0.00601225
v -0.02153301 -0.03899708 0.00553491
v -0.01975156 -0.03899256 0.00135919
v -0.02811607 -0.03896196 -0.01945246
v -0.03141543 -0.03896093 -0.01905343
v -0.03029654 -0.03896207 -0.01857609
v -0.02908889 -0.03896244 -0.01872215
v -0.02877957 -0.03896239 -0.01887367
v -0.03181445 -0.03895651 -0.02235279
v -0.03064016 -0.03895514 -0.02385020
v -0.05402014 -0.03894209 -0.02551473
v -0.05765078 -0.03894389 -0.02278917
v -0.05653190 -0.03894503 -0.02231184
v -0.05532425 -0.03894540 -0.02245789
v -0.05435142 -0.03894492 -0.02318820
v -0.05387408 -0.03894371 -0.02430708
v -0.05838109 -0.03894230 -0.02376200
v -0.05909074 -0.03893971 -0.02552767
v -0.05000575 -0.03894038 -0.02831043
v -0.05046266 -0.03894095 -0.02770038
v -0.05097320 -0.03894011 -0.02816727
v -0.04974007 -0.03894046 -0.02834383
v -0.04477492 -0.03894257 -0.02850819
v -0.04696172 -0.03894610 -0.02495490
v -0.03075259 -0.03895499 -0.02392388
v -0.01847701 -0.03898805 -0.00261676
v -0.02397981 -0.03900618 0.01351551
v -0.07464293 -0.03896917 0.00310589
v -0.07415939 -0.03896864 0.00251671
v -0.02682215 -0.03900883 0.01661477
v -0.02617978 -0.03900903 0.01653709
v -0.02781842 -0.03901066 0.01841034
v -0.07053442 -0.03894777 -0.01507747
v -0.06649264 -0.03895371 -0.01191855
v -0.07253231 -0.03895177 -0.01123349
v -0.07407605 -0.03895710 -0.00651155
v -0.06423033 -0.03895704 -0.01014442
v -0.06952449 -0.03895684 -0.00837506
v -0.06875365 -0.03895708 -0.00846829
v -0.06813270 -0.03895677 -0.00893444
v -0.06782801 -0.03895599 -0.00964862
v -0.06792124 -0.03895496 -0.01041946
v -0.03224468 -0.03900414 0.01493920
v -0.02840607 -0.03899966 0.01004437
v -0.02566232 -0.03900877 0.01614862
v -0.02540842 -0.03900813 0.01555347
v -0.02548611 -0.03900727 0.01491111
v -0.06616668 -0.03895088 -0.01423979
v -0.06552432 -0.03895108 -0.01431748
v -0.06265403 -0.03894922 -0.01681339
v -0.06500686 -0.03895082 -0.01470594
v -0.06475295 -0.03895018 -0.01530109
v -0.06483064 -0.03894932 -0.01594346
v -0.06342854 -0.03894113 -0.02284223
v -0.05921077 -0.03893973 -0.02546715
v -0.07019207 -0.03894724 -0.01561561
v -0.06712643 -0.03894366 -0.01952479
v -0.07473453 -0.03896788 0.00213219
v -0.07478787 -0.03896337 -0.00136447
v -0.07477638 -0.03896308 -0.00159329
v -0.05816657 -0.03899220 0.01505852
v -0.06853116 -0.03898093 0.01004438
v -0.06827725 -0.03898028 0.00944923
v -0.06835494 -0.03897942 0.00880686
v -0.07065846 -0.03897380 0.00526220
v -0.06969099 -0.03898098 0.01051053
v -0.06904862 -0.03898118 0.01043284
v -0.04217374 -0.03901575 0.02760033
v -0.04868268 -0.03900839 0.02423414
v -0.04860499 -0.03900925 0.02487651
v -0.04937636 -0.03901016 0.02586013
v -0.04885889 -0.03900990 0.02547166
v -0.05001872 -0.03900995 0.02593781
v -0.02183835 -0.03900263 0.00997149
v -0.02193158 -0.03900160 0.00920065
v -0.02226332 -0.03899549 0.00456209
v -0.02240938 -0.03899388 0.00335444
v -0.02095921 -0.03899218 0.00150524
v -0.02193204 -0.03899267 0.00223556
v -0.02353483 -0.03900347 0.01124505
v -0.02276399 -0.03900371 0.01115182
v -0.02214303 -0.03900341 0.01068567
v -0.01904842 -0.03898045 -0.00833309
v -0.02213802 -0.03897867 -0.00860170
v -0.02265548 -0.03897892 -0.00821324
v -0.03446984 -0.03896450 -0.01515857
v -0.02188411 -0.03897802 -0.00919685
v -0.02196180 -0.03897716 -0.00983921
v -0.02090105 -0.03897368 -0.01294260
v -0.02329785 -0.03897873 -0.00813555
v -0.02684341 -0.03896075 -0.02085825
v -0.02352596 -0.03896704 -0.01716037
v -0.04297011 -0.03894975 -0.02356283
v -0.04232775 -0.03894995 -0.02364052
v -0.04181029 -0.03894969 -0.02402898
v -0.04155638 -0.03894905 -0.02462413
v -0.03229179 -0.03895773 -0.02123391
v -0.03214573 -0.03895934 -0.02002626
v -0.03985665 -0.03894576 -0.02780786
v -0.04163407 -0.03894819 -0.02526650
v -0.03513472 -0.03894994 -0.02626412
v -0.05807997 -0.03894313 -0.02322751
v -0.06039172 -0.03895255 -0.01503925
v -0.05460126 -0.03893950 -0.02731978
v -0.05438177 -0.03893952 -0.02738548
v -0.04245609 -0.03895760 -0.01763080
v -0.04646501 -0.03895519 -0.01804941
v -0.05765543 -0.03895512 -0.01403097
v -0.05426012 -0.03895392 -0.01620321
v -0.05046657 -0.03895395 -0.01756546
v -0.03864083 -0.03896105 -0.01633061
v -0.03003760 -0.03899579 0.00762734
v -0.02873742 -0.03899151 0.00381208
v -0.02831880 -0.03898656 -0.00019685
v -0.02880275 -0.03898120 -0.00419841
v -0.03016500 -0.03897570 -0.00799195
v -0.03233724 -0.03897033 -0.01138725
v -0.03521054 -0.03896537 -0.01421405
v -0.05964855 -0.03538227 0.00786072
v -0.06069840 -0.03537905 0.00573488
v -0.05745781 -0.03538385 0.00829521
v -0.05242234 -0.03538021 0.00362947
v -0.05247858 -0.03538090 0.00418800
v -0.05257537 -0.03537945 0.00308937
v -0.05273622 -0.03538143 0.00468675
v -0.05301601 -0.03538164 0.00496070
v -0.06013100 -0.03537407 0.00164407
v -0.05461703 -0.03537579 0.00097720
v -0.05393194 -0.03537621 0.00105391
v -0.06117978 -0.03537439 0.00227306
v -0.06072240 -0.03537405 0.00184683
v -0.06142367 -0.03537501 0.00284871
v -0.06141173 -0.03537582 0.00347378
v -0.05300392 -0.03537788 0.00202310
v -0.05335351 -0.03537696 0.00142895
v -0.05802504 -0.03538392 0.00855811
v -0.05865016 -0.03538364 0.00856696
v -0.05922460 -0.03538306 0.00832021
v -0.03794616 -0.03539652 0.01107354
v -0.03411971 -0.03539632 0.00951951
v -0.03572122 -0.03539781 0.01126782
v -0.03625657 -0.03539797 0.01159070
v -0.03687705 -0.03539778 0.01166731
v -0.03747487 -0.03539727 0.01148432
v -0.04152120 -0.03538746 0.00531163
v -0.04118145 -0.03538685 0.00471179
v -0.04155678 -0.03538833 0.00600008
v -0.04128066 -0.03538927 0.00663174
v -0.04047230 -0.03538602 0.00380752
v -0.03997076 -0.03538565 0.00333457
v -0.03931064 -0.03538570 0.00313589
v -0.03269118 -0.03539289 0.00632965
v -0.03261765 -0.03539372 0.00695050
v -0.03301140 -0.03539205 0.00579270
v -0.03280360 -0.03539440 0.00754739
v -0.03352270 -0.03539135 0.00543292
v -0.03863136 -0.03538617 0.00325346
v -0.04649741 -0.03535839 -0.01554434
v -0.04413145 -0.03535969 -0.01539060
v -0.04796906 -0.03535986 -0.01386434
v -0.04730219 -0.03536724 -0.00835038
v -0.04476420 -0.03537032 -0.00687111
v -0.04087240 -0.03536446 -0.01285382
v -0.04367417 -0.03537061 -0.00703902
v -0.04420319 -0.03537061 -0.00685125
v -0.04325122 -0.03537034 -0.00740812
v -0.04305187 -0.03537000 -0.00774516
v -0.04089274 -0.03536289 -0.01407658
v -0.04075230 -0.03536373 -0.01346737
v -0.04126931 -0.03536207 -0.01457563
v -0.04181662 -0.03536143 -0.01487782
v -0.04706438 -0.03536818 -0.00770333
v -0.04656225 -0.03536902 -0.00723098
v -0.04590189 -0.03536958 -0.00703311
v -0.04791313 -0.03535908 -0.01448702
v -0.04760822 -0.03535853 -0.01503282
v -0.04710732 -0.03535828 -0.01540692
v -0.05376384 -0.03587568 0.00058246
v -0.05791993 -0.03874305 -0.02334733
v -0.03196007 -0.03875933 -0.02010058
v -0.03209369 -0.03875785 -0.02120546
v -0.02088453 -0.03879245 0.00169107
v -0.02151848 -0.03879267 0.00208561
v -0.02177457 -0.03879290 0.00235923
v -0.02206031 -0.03879339 0.00284231
v -0.02207766 -0.03879549 0.00448776
v -0.02223158 -0.03879448 0.00375711
v -0.02221128 -0.03879401 0.00338289
v -0.02192924 -0.03400160 0.00920706
v -0.02183602 -0.03400264 0.00997790
v -0.02617721 -0.03350903 0.01654414
v -0.02681958 -0.03350883 0.01662183
v -0.06482808 -0.03344933 -0.01593640
v -0.06475039 -0.03345019 -0.01529404
v -0.04163150 -0.03344820 -0.02525944
v -0.04155381 -0.03344906 -0.02461708
v -0.04180772 -0.03344970 -0.02402193
v -0.04232518 -0.03344996 -0.02363346
v -0.02188154 -0.03347803 -0.00918979
v -0.02213545 -0.03347867 -0.00859464
v -0.02265291 -0.03347893 -0.00820618
v -0.02329528 -0.03347873 -0.00812849
v -0.06791890 -0.03395497 -0.01041305
v -0.06782568 -0.03395600 -0.00964221
v -0.06214651 -0.03886139 -0.00751399
v -0.06341059 -0.03886555 -0.00380471
v -0.06381757 -0.03887036 0.00009285
v -0.06334706 -0.03887557 0.00398325
v -0.06202266 -0.03888092 0.00767142
v -0.05991076 -0.03888614 0.01097241
v -0.04674581 -0.03573066 0.00190756
v -0.04659863 -0.03573076 0.00193417
v -0.04585575 -0.03573106 0.00190030
v -0.04557084 -0.03573108 0.00180987
v -0.04505700 -0.03573093 0.00150758
v -0.04474290 -0.03573067 0.00118833
v -0.04450773 -0.03573029 0.00080718
v -0.04433666 -0.03572964 0.00023609
v -0.04431675 -0.03572926 -0.00006217
v -0.04446096 -0.03572826 -0.00079170
v -0.04452188 -0.03572806 -0.00092829
v -0.04884799 -0.03324090 0.00185849
v -0.04945928 -0.03323867 0.00033755
v -0.04922820 -0.03323669 -0.00128527
v -0.04821667 -0.03323551 -0.00257513
v -0.04669573 -0.03323544 -0.00318642
v -0.04507291 -0.03323649 -0.00295534
v -0.04692640 -0.03323139 0.00424741
v -0.04469952 -0.03323208 0.00397809
v -0.04290566 -0.03323119 0.00263142
v -0.04198233 -0.03324162 -0.00007801
v -0.04202546 -0.03322895 0.00056823
v -0.04229478 -0.03322597 -0.00165864
v -0.04224407 -0.03323964 -0.00152624
v -0.04201429 -0.03324098 -0.00056913
v -0.04585116 -0.03580609 0.00191976
v -0.04504437 -0.03580596 0.00152310
v -0.04445464 -0.03585795 -0.00096155
v -0.04424182 -0.03585920 -0.00006295
v -0.04450389 -0.03580305 -0.00093725
v -0.04429669 -0.03580427 -0.00006243
v -0.04443995 -0.03586027 0.00083901
v -0.04448959 -0.03580531 0.00081566
v -0.04500981 -0.03586093 0.00156567
v -0.04583853 -0.03586107 0.00197312
v -0.04675015 -0.03580568 0.00192710
v -0.04676196 -0.03586065 0.00198065
v -0.04886372 -0.03432818 0.00362223
v -0.04871520 -0.03413976 0.00373888
v -0.04866075 -0.03388216 0.00378181
v -0.04871496 -0.03362441 0.00373954
v -0.04886331 -0.03343555 0.00362337
v -0.04926884 -0.03343496 0.00330535
v -0.04941736 -0.03362337 0.00318870
v -0.04947181 -0.03388097 0.00314577
v -0.04941760 -0.03413873 0.00318804
v -0.04926926 -0.03432758 0.00330421
v -0.04856752 -0.03320636 0.00346100
v -0.04887433 -0.03310142 0.00322049
v -0.04918124 -0.03320546 0.00297971
v -0.04940601 -0.03349060 0.00280319
v -0.04948841 -0.03388044 0.00273821
v -0.04940637 -0.03427052 0.00280218
v -0.04918187 -0.03455633 0.00297798
v -0.04887506 -0.03466127 0.00321849
v -0.04856816 -0.03455723 0.00345927
v -0.04834339 -0.03427209 0.00363579
v -0.04826098 -0.03388225 0.00370077
v -0.04834302 -0.03349217 0.00363679
v -0.04201489 -0.03451839 -0.00057077
v -0.04224466 -0.03451706 -0.00152788
v -0.04229539 -0.03453035 -0.00166031
v -0.04198293 -0.03451904 -0.00007965
v -0.04202607 -0.03453333 0.00056656
v -0.04290627 -0.03453556 0.00262974
v -0.04470013 -0.03453645 0.00397642
v -0.04692701 -0.03453576 0.00424574
v -0.05054731 -0.03343189 0.00138016
v -0.05061774 -0.03362027 0.00120489
v -0.05064361 -0.03387785 0.00114050
v -0.05061799 -0.03413562 0.00120423
v -0.05054773 -0.03432452 0.00137901
v -0.05035554 -0.03432522 0.00185720
v -0.05028510 -0.03413684 0.00203246
v -0.05025924 -0.03387926 0.00209686
v -0.05028487 -0.03362149 0.00203312
v -0.05035512 -0.03343259 0.00185834
v -0.05001762 -0.03320364 0.00186560
v -0.05016299 -0.03309862 0.00150390
v -0.05030847 -0.03320257 0.00114193
v -0.05041506 -0.03348766 0.00087669
v -0.05045421 -0.03387748 0.00077924
v -0.05041542 -0.03426758 0.00087569
v -0.05030910 -0.03455344 0.00114020
v -0.05016372 -0.03465847 0.00150190
v -0.05001825 -0.03455451 0.00186386
v -0.04991166 -0.03426942 0.00212911
v -0.04987251 -0.03387960 0.00222656
v -0.04991129 -0.03348950 0.00213011
v -0.05069190 -0.03342886 -0.00092634
v -0.05066540 -0.03361727 -0.00111334
v -0.05065579 -0.03387487 -0.00118202
v -0.05066564 -0.03413263 -0.00111400
v -0.05069232 -0.03432149 -0.00092749
v -0.05076497 -0.03432211 -0.00041728
v -0.05079148 -0.03413370 -0.00023028
v -0.05080109 -0.03387611 -0.00016160
v -0.05079124 -0.03361835 -0.00022962
v -0.05076456 -0.03342948 -0.00041613
v -0.05047574 -0.03320072 -0.00024111
v -0.05042071 -0.03309576 -0.00062704
v -0.05036579 -0.03319978 -0.00101324
v -0.05032568 -0.03348491 -0.00129623
v -0.05031113 -0.03387475 -0.00140018
v -0.05032604 -0.03426484 -0.00129723
v -0.05036642 -0.03455065 -0.00101498
v -0.05042144 -0.03465561 -0.00062904
v -0.05047636 -0.03455159 -0.00024284
v -0.05051647 -0.03426646 0.00004014
v -0.05053102 -0.03387663 0.00014409
v -0.05051611 -0.03348654 0.00004114
v -0.04966388 -0.03342669 -0.00299613
v -0.04954756 -0.03361519 -0.00314481
v -0.04950507 -0.03387282 -0.00319947
v -0.04954780 -0.03413054 -0.00314547
v -0.04966429 -0.03431932 -0.00299728
v -0.04998231 -0.03431969 -0.00259174
v -0.05009863 -0.03413119 -0.00244307
v -0.05014112 -0.03387356 -0.00238841
v -0.05009839 -0.03361583 -0.00244241
v -0.04998190 -0.03342706 -0.00259060
v -0.04933847 -0.03454870 -0.00291008
v -0.04957916 -0.03465347 -0.00260335
v -0.04981975 -0.03454926 -0.00229636
v -0.04999578 -0.03426400 -0.00207136
v -0.05006008 -0.03387411 -0.00198864
v -0.04999541 -0.03348407 -0.00207036
v -0.04981912 -0.03319839 -0.00229463
v -0.04957843 -0.03309362 -0.00260135
v -0.04933783 -0.03319783 -0.00290834
v -0.04916181 -0.03348310 -0.00313335
v -0.04909751 -0.03387298 -0.00321607
v -0.04916217 -0.03426302 -0.00313435
v -0.04773868 -0.03342595 -0.00427460
v -0.04756374 -0.03361457 -0.00434519
v -0.04749980 -0.03387225 -0.00437127
v -0.04756398 -0.03412993 -0.00434585
v -0.04773910 -0.03431857 -0.00427575
v -0.04821728 -0.03431860 -0.00408356
v -0.04839222 -0.03412997 -0.00401297
v -0.04845616 -0.03387230 -0.00398689
v -0.04839198 -0.03361461 -0.00401231
v -0.04821686 -0.03342597 -0.00408242
v -0.04750068 -0.03454811 -0.00403731
v -0.04786256 -0.03465262 -0.00389202
v -0.04822435 -0.03454815 -0.00374646
v -0.04848909 -0.03426269 -0.00363963
v -0.04858586 -0.03387273 -0.00360016
v -0.04848873 -0.03348276 -0.00363863
v -0.04822372 -0.03319728 -0.00374472
v -0.04786184 -0.03309277 -0.00389001
v -0.04750006 -0.03319725 -0.00403557
v -0.04723531 -0.03348270 -0.00414240
v -0.04713854 -0.03387266 -0.00418187
v -0.04723567 -0.03426263 -0.00414340
v -0.04543218 -0.03342684 -0.00441920
v -0.04524551 -0.03361560 -0.00439285
v -0.04517728 -0.03387332 -0.00438345
v -0.04524576 -0.03413095 -0.00439351
v -0.04543259 -0.03431946 -0.00442034
v -0.04594281 -0.03431913 -0.00449299
v -0.04612947 -0.03413038 -0.00451934
v -0.04619770 -0.03387266 -0.00452875
v -0.04612923 -0.03361502 -0.00451868
v -0.04594239 -0.03342651 -0.00449185
v -0.04534550 -0.03454905 -0.00409463
v -0.04573162 -0.03465328 -0.00414973
v -0.04611764 -0.03454854 -0.00420457
v -0.04640013 -0.03426289 -0.00424445
v -0.04650339 -0.03387286 -0.00425868
v -0.04639976 -0.03348297 -0.00424345
v -0.04611701 -0.03319767 -0.00420284
v -0.04573089 -0.03309344 -0.00414773
v -0.04534487 -0.03319818 -0.00409289
v -0.04506239 -0.03348383 -0.00405302
v -0.04495912 -0.03387386 -0.00403879
v -0.04506275 -0.03426376 -0.00405402
v -0.04376834 -0.03432115 -0.00371034
v -0.04391668 -0.03413230 -0.00382650
v -0.04397089 -0.03387454 -0.00386878
v -0.04391644 -0.03361694 -0.00382584
v -0.04376792 -0.03342853 -0.00370919
v -0.04336239 -0.03342912 -0.00339117
v -0.04321404 -0.03361798 -0.00327501
v -0.04315983 -0.03387574 -0.00323273
v -0.04321428 -0.03413333 -0.00327567
v -0.04336280 -0.03432175 -0.00339232
v -0.04345040 -0.03455125 -0.00306668
v -0.04375731 -0.03465529 -0.00330745
v -0.04406412 -0.03455034 -0.00354796
v -0.04428862 -0.03426454 -0.00372376
v -0.04437066 -0.03387446 -0.00378774
v -0.04428826 -0.03348462 -0.00372276
v -0.04406349 -0.03319948 -0.00354623
v -0.04375658 -0.03309544 -0.00330545
v -0.04344977 -0.03320038 -0.00306495
v -0.04322527 -0.03348618 -0.00288915
v -0.04314323 -0.03387627 -0.00282517
v -0.04322563 -0.03426611 -0.00289015
v -0.04208392 -0.03343219 -0.00146598
v -0.04206290 -0.03349676 -0.00159263
v -0.04201366 -0.03362108 -0.00129119
v -0.04198962 -0.03374333 -0.00161969
v -0.04198803 -0.03387886 -0.00122746
v -0.04197972 -0.03387835 -0.00162349
v -0.04201390 -0.03413644 -0.00129185
v -0.04198974 -0.03401337 -0.00162003
v -0.04208433 -0.03432482 -0.00146712
v -0.04206325 -0.03425994 -0.00159361
v -0.04227652 -0.03432411 -0.00194530
v -0.04234678 -0.03413522 -0.00212009
v -0.04237241 -0.03387745 -0.00218382
v -0.04234654 -0.03361987 -0.00211943
v -0.04227610 -0.03343149 -0.00194416
v -0.04232318 -0.03455413 -0.00122890
v -0.04246865 -0.03465809 -0.00159086
v -0.04261402 -0.03455307 -0.00195256
v -0.04272035 -0.03426721 -0.00221707
v -0.04275914 -0.03387710 -0.00231352
v -0.04271999 -0.03348728 -0.00221607
v -0.04261339 -0.03320220 -0.00195083
v -0.04246792 -0.03309824 -0.00158886
v -0.04232254 -0.03320326 -0.00122717
v -0.04221622 -0.03348913 -0.00096265
v -0.04217744 -0.03387923 -0.00086620
v -0.04221658 -0.03426905 -0.00096365
v -0.04182325 -0.03426133 -0.00059388
v -0.04173501 -0.03387977 -0.00060417
v -0.04182289 -0.03349816 -0.00059290
v -0.04193932 -0.03343522 0.00084052
v -0.04196600 -0.03362408 0.00102703
v -0.04197586 -0.03388184 0.00109506
v -0.04196624 -0.03413944 0.00102637
v -0.04193974 -0.03432784 0.00083938
v -0.04186709 -0.03432722 0.00032917
v -0.04184041 -0.03413836 0.00014266
v -0.04183055 -0.03388060 0.00007463
v -0.04184017 -0.03362300 0.00014332
v -0.04186667 -0.03343460 0.00033031
v -0.04226585 -0.03455692 0.00092628
v -0.04221093 -0.03466094 0.00054008
v -0.04215591 -0.03455598 0.00015415
v -0.04211553 -0.03427017 -0.00012811
v -0.04210062 -0.03388008 -0.00023106
v -0.04211517 -0.03349024 -0.00012711
v -0.04215528 -0.03320512 0.00015588
v -0.04221020 -0.03310110 0.00054208
v -0.04226523 -0.03320606 0.00092801
v -0.04230560 -0.03349187 0.00121027
v -0.04232052 -0.03388196 0.00131321
v -0.04230596 -0.03427180 0.00120927
v -0.04296735 -0.03343739 0.00291031
v -0.04308384 -0.03362616 0.00305850
v -0.04312657 -0.03388389 0.00311250
v -0.04308408 -0.03414152 0.00305784
v -0.04296777 -0.03433002 0.00290917
v -0.04264975 -0.03432965 0.00250364
v -0.04253325 -0.03414088 0.00235544
v -0.04249052 -0.03388315 0.00230144
v -0.04253301 -0.03362552 0.00235610
v -0.04264933 -0.03343702 0.00250478
v -0.04281189 -0.03320744 0.00220940
v -0.04305248 -0.03310324 0.00251639
v -0.04329317 -0.03320801 0.00282311
v -0.04346947 -0.03349368 0.00304738
v -0.04353413 -0.03388372 0.00312910
v -0.04346984 -0.03427361 0.00304638
v -0.04329381 -0.03455887 0.00282138
v -0.04305321 -0.03466308 0.00251439
v -0.04281252 -0.03455831 0.00220767
v -0.04263623 -0.03427263 0.00198340
v -0.04257156 -0.03388260 0.00190167
v -0.04263586 -0.03349271 0.00198440
v -0.04489255 -0.03343813 0.00418878
v -0.04506766 -0.03362678 0.00425889
v -0.04513184 -0.03388446 0.00428431
v -0.04506790 -0.03414213 0.00425823
v -0.04489296 -0.03433076 0.00418764
v -0.04441478 -0.03433074 0.00399545
v -0.04423967 -0.03414209 0.00392535
v -0.04417548 -0.03388441 0.00389993
v -0.04423942 -0.03362674 0.00392601
v -0.04441436 -0.03343811 0.00399660
v -0.04440729 -0.03320856 0.00365949
v -0.04476908 -0.03310409 0.00380505
v -0.04513096 -0.03320859 0.00395034
v -0.04539597 -0.03349408 0.00405644
v -0.04549310 -0.03388404 0.00409490
v -0.04539634 -0.03427400 0.00405543
v -0.04513159 -0.03455946 0.00394861
v -0.04476980 -0.03466393 0.00380305
v -0.04440793 -0.03455942 0.00365776
v -0.04414291 -0.03427394 0.00355167
v -0.04404578 -0.03388397 0.00351320
v -0.04414255 -0.03349402 0.00355267
v -0.04719905 -0.03343724 0.00433338
v -0.04738589 -0.03362576 0.00430655
v -0.04745436 -0.03388339 0.00429648
v -0.04738613 -0.03414111 0.00430588
v -0.04719947 -0.03432987 0.00433223
v -0.04668925 -0.03433020 0.00440489
v -0.04650242 -0.03414169 0.00443172
v -0.04643394 -0.03388405 0.00444178
v -0.04650218 -0.03362633 0.00443238
v -0.04668884 -0.03343757 0.00440603
v -0.04651400 -0.03320816 0.00411761
v -0.04690002 -0.03310342 0.00406277
v -0.04728614 -0.03320766 0.00400766
v -0.04756889 -0.03349295 0.00396705
v -0.04767252 -0.03388285 0.00395182
v -0.04756926 -0.03427287 0.00396605
v -0.04728677 -0.03455853 0.00400593
v -0.04690075 -0.03466327 0.00406077
v -0.04651463 -0.03455903 0.00411588
v -0.04623188 -0.03427374 0.00415649
v -0.04612825 -0.03388385 0.00417172
v -0.04623152 -0.03349382 0.00415749
v -0.05325725 -0.03918802 0.01001336
v -0.05316402 -0.03918905 0.01078420
v -0.05346870 -0.03918982 0.01149838
v -0.05408966 -0.03919013 0.01196453
v -0.05486050 -0.03918989 0.01205776
v -0.04665059 -0.03919300 0.01149819
v -0.04655736 -0.03919404 0.01226903
v -0.04686205 -0.03919481 0.01298321
v -0.04748300 -0.03919512 0.01344937
v -0.04825385 -0.03919488 0.01354260
v -0.03989207 -0.03919670 0.01191647
v -0.03979884 -0.03919773 0.01268731
v -0.04010352 -0.03919850 0.01340149
v -0.04072448 -0.03919881 0.01386765
v -0.04149532 -0.03919857 0.01396088
v -0.03156132 -0.03918696 0.00129345
v -0.03146809 -0.03918799 0.00206429
v -0.03177278 -0.03918877 0.00277847
v -0.03239373 -0.03918907 0.00324463
v -0.03316457 -0.03918884 0.00333785
v -0.03357874 -0.03917773 -0.00517049
v -0.03348551 -0.03917876 -0.00439965
v -0.03379020 -0.03917953 -0.00368547
v -0.03441115 -0.03917984 -0.00321932
v -0.03518199 -0.03917960 -0.00312609
v -0.03659576 -0.03916854 -0.01123268
v -0.03650253 -0.03916958 -0.01046184
v -0.03680721 -0.03917035 -0.00974767
v -0.03742817 -0.03917066 -0.00928151
v -0.03819901 -0.03917042 -0.00918828
v -0.05829168 -0.03916960 -0.00251278
v -0.05819846 -0.03917063 -0.00174194
v -0.05850314 -0.03917141 -0.00102776
v -0.05912409 -0.03917171 -0.00056160
v -0.05989493 -0.03917147 -0.00046838
v -0.04996094 -0.03915986 -0.01313580
v -0.04986771 -0.03916090 -0.01236496
v -0.05017240 -0.03916167 -0.01165078
v -0.05079335 -0.03916198 -0.01118462
v -0.05156419 -0.03916174 -0.01109140
v -0.05455017 -0.03916411 -0.00815669
v -0.05445695 -0.03916514 -0.00738585
v -0.05476163 -0.03916591 -0.00667167
v -0.05538259 -0.03916622 -0.00620551
v -0.05615343 -0.03916598 -0.00611229
v -0.04868169 -0.03353050 0.00173317
v -0.04925280 -0.03352841 0.00031219
v -0.04903691 -0.03352657 -0.00120397
v -0.04809186 -0.03352546 -0.00240906
v -0.04667088 -0.03352539 -0.00298017
v -0.04515472 -0.03352638 -0.00276428
v -0.04394963 -0.03352815 -0.00181923
v -0.04337852 -0.03353024 -0.00039826
v -0.04359441 -0.03353208 0.00111790
v -0.04453946 -0.03353319 0.00232299
v -0.04596044 -0.03353326 0.00289410
v -0.04747660 -0.03353227 0.00267821
v -0.04292275 -0.03587439 -0.00437395
v -0.04292268 -0.03572439 -0.00437375
v -0.04383222 -0.03572322 -0.00495273
v -0.04589912 -0.03572151 -0.00552998
v -0.04697712 -0.03587104 -0.00550626
v -0.04483731 -0.03587225 -0.00534333
v -0.04483725 -0.03572225 -0.00534314
v -0.04989929 -0.03572133 -0.00421897
v -0.05064465 -0.03587198 -0.00344005
v -0.04901638 -0.03587094 -0.00483791
v -0.04697705 -0.03572104 -0.00550606
v -0.04802959 -0.03572085 -0.00527232
v -0.04901631 -0.03572094 -0.00483772
v -0.05180081 -0.03572525 -0.00046341
v -0.05177697 -0.03587665 0.00061432
v -0.05161404 -0.03587398 -0.00152548
v -0.05064458 -0.03572198 -0.00343986
v -0.05122356 -0.03572287 -0.00253031
v -0.05161397 -0.03572398 -0.00152529
v -0.04971069 -0.03573232 0.00428204
v -0.04971076 -0.03588232 0.00428185
v -0.05048981 -0.03573100 0.00353675
v -0.05110862 -0.03587958 0.00265358
v -0.05177690 -0.03572665 0.00061451
v -0.05154315 -0.03572811 0.00166705
v -0.05110855 -0.03572958 0.00265377
v -0.04980165 -0.03587152 -0.00410535
v -0.05108981 -0.03587302 -0.00246275
v -0.05052662 -0.03587215 -0.00334749
v -0.05165131 -0.03587534 -0.00045222
v -0.05146957 -0.03587410 -0.00148513
v -0.04591058 -0.03587170 -0.00538060
v -0.04894276 -0.03587115 -0.00470722
v -0.04798295 -0.03587105 -0.00512997
v -0.04695911 -0.03587124 -0.00535734
v -0.04487766 -0.03587241 -0.00519886
v -0.04390005 -0.03587336 -0.00481910
v -0.04085654 -0.03588006 -0.00070641
v -0.04152489 -0.03587713 -0.00274568
v -0.04123283 -0.03587859 -0.00171224
v -0.04154370 -0.03588368 0.00237065
v -0.04198886 -0.03588473 0.00334795
v -0.04101947 -0.03588272 0.00143339
v -0.05037607 -0.03588093 0.00343885
v -0.04301531 -0.03587449 -0.00425591
v -0.04225744 -0.03587577 -0.00353094
v -0.04165557 -0.03587716 -0.00267205
v -0.04100546 -0.03588001 -0.00068840
v -0.04098219 -0.03588136 0.00036012
v -0.04116394 -0.03588260 0.00139304
v -0.05097794 -0.03587954 0.00257995
v -0.05140068 -0.03587811 0.00162015
v -0.05162805 -0.03587670 0.00059631
v -0.04210689 -0.03588455 0.00325539
v -0.04283186 -0.03588519 0.00401326
v -0.04361713 -0.03588576 0.00474582
v -0.04369075 -0.03588556 0.00461513
v -0.04465056 -0.03588565 0.00503787
v -0.04565639 -0.03588566 0.00541416
v -0.04567440 -0.03588546 0.00526525
v -0.04672293 -0.03588500 0.00528851
v -0.04779619 -0.03588445 0.00525124
v -0.04775584 -0.03588429 0.00510677
v -0.04873346 -0.03588334 0.00472700
v -0.04961820 -0.03588221 0.00416382
v -0.04969833 -0.03580730 0.00426613
v -0.04879210 -0.03580847 0.00484300
v -0.04966447 -0.03586217 0.00422286
v -0.04876733 -0.03586332 0.00479394
v -0.04777601 -0.03586427 0.00517903
v -0.04672861 -0.03586500 0.00536332
v -0.04566539 -0.03586547 0.00533973
v -0.04462720 -0.03586566 0.00510917
v -0.04365393 -0.03586556 0.00468050
v -0.04278300 -0.03586518 0.00407019
v -0.04204786 -0.03586454 0.00330170
v -0.04147678 -0.03586366 0.00240456
v -0.04109170 -0.03586257 0.00141324
v -0.04090740 -0.03586131 0.00036584
v -0.04093099 -0.03585993 -0.00069738
v -0.04116155 -0.03585849 -0.00173557
v -0.04159022 -0.03585705 -0.00270884
v -0.04220053 -0.03585564 -0.00357977
v -0.04296902 -0.03585434 -0.00431490
v -0.04779075 -0.03580943 0.00523198
v -0.04673276 -0.03581017 0.00541813
v -0.04565877 -0.03581064 0.00539431
v -0.04461007 -0.03581083 0.00516141
v -0.04362696 -0.03581073 0.00472840
v -0.04274721 -0.03581035 0.00411192
v -0.04200463 -0.03580970 0.00333565
v -0.04142777 -0.03580881 0.00242943
v -0.04103879 -0.03580771 0.00142808
v -0.04085263 -0.03580644 0.00037008
v -0.04087646 -0.03580505 -0.00070390
v -0.04110935 -0.03580359 -0.00175260
v -0.04154236 -0.03580213 -0.00273572
v -0.04215885 -0.03580071 -0.00361546
v -0.04293511 -0.03579940 -0.00435804
v -0.04880115 -0.03573348 0.00486102
v -0.04779612 -0.03573446 0.00525143
v -0.04673425 -0.03573519 0.00543827
v -0.04565632 -0.03573566 0.00541435
v -0.04460378 -0.03573586 0.00518061
v -0.04361706 -0.03573576 0.00474601
v -0.04273408 -0.03573538 0.00412726
v -0.04198879 -0.03573472 0.00334815
v -0.04140981 -0.03573383 0.00243860
v -0.04101940 -0.03573272 0.00143358
v -0.04083256 -0.03573145 0.00037170
v -0.04085647 -0.03573005 -0.00070622
v -0.04109022 -0.03572860 -0.00175876
v -0.04152482 -0.03572712 -0.00274548
v -0.04214356 -0.03572571 -0.00362846
v -0.04384134 -0.03579824 -0.00493490
v -0.04386616 -0.03585319 -0.00488599
v -0.04485748 -0.03585223 -0.00527107
v -0.04590488 -0.03585151 -0.00545536
v -0.04696810 -0.03585104 -0.00543177
v -0.04800630 -0.03585085 -0.00520121
v -0.04897956 -0.03585095 -0.00477254
v -0.04985049 -0.03585133 -0.00416223
v -0.05058563 -0.03585197 -0.00339374
v -0.05115671 -0.03585285 -0.00249660
v -0.05154180 -0.03585394 -0.00150528
v -0.05172609 -0.03585520 -0.00045789
v -0.05170250 -0.03585657 0.00060534
v -0.05147194 -0.03585802 0.00164353
v -0.05104327 -0.03585947 0.00261679
v -0.05043296 -0.03586087 0.00348773
v -0.04484269 -0.03579727 -0.00532388
v -0.04590068 -0.03579654 -0.00551004
v -0.04697467 -0.03579606 -0.00548621
v -0.04802337 -0.03579587 -0.00525332
v -0.04900648 -0.03579597 -0.00482031
v -0.04988623 -0.03579635 -0.00420382
v -0.05062880 -0.03579700 -0.00342755
v -0.05120567 -0.03579789 -0.00252133
v -0.05159465 -0.03579900 -0.00151998
v -0.05178081 -0.03580027 -0.00046198
v -0.05175698 -0.03580166 0.00061200
v -0.05152409 -0.03580311 0.00166070
v -0.05109108 -0.03580457 0.00264381
v -0.05047460 -0.03580599 0.00352356
v -0.01961800 0.00261487 -0.00445068
v -0.01961804 0.00251487 -0.00445081
v -0.01914836 0.00261371 -0.00371841
v -0.01914841 0.00251371 -0.00371853
v -0.01904391 0.00261256 -0.00285476
v -0.01904396 0.00251255 -0.00285489
v -0.01932544 0.00261163 -0.00203164
v -0.01932548 0.00251163 -0.00203177
v -0.01944451 0.00251324 -0.00324458
v -0.01944447 0.00261324 -0.00324445
v -0.07297956 0.00262836 0.00445735
v -0.07297961 0.00252836 0.00445722
v -0.07344920 0.00262952 0.00372508
v -0.07344925 0.00252951 0.00372495
v -0.07355365 0.00263067 0.00286143
v -0.07355370 0.00253067 0.00286130
v -0.07327212 0.00263160 0.00203831
v -0.07327217 0.00253159 0.00203818
v -0.07315315 0.00252998 0.00325100
v -0.07315310 0.00262999 0.00325112
v -0.05075279 0.00265792 -0.02667743
v -0.05075283 0.00255791 -0.02667755
v -0.05002051 0.00265818 -0.02714707
v -0.05002055 0.00255817 -0.02714719
v -0.04915686 0.00265791 -0.02725152
v -0.04915691 0.00255791 -0.02725164
v -0.04833374 0.00265716 -0.02696999
v -0.04833379 0.00255716 -0.02697012
v -0.04954660 0.00255757 -0.02685109
v -0.04954656 0.00265758 -0.02685096
v -0.04184478 0.00258531 0.02668410
v -0.04184483 0.00248531 0.02668397
v -0.04257705 0.00258505 0.02715373
v -0.04257710 0.00248505 0.02715361
v -0.04344070 0.00258532 0.02725819
v -0.04344075 0.00248532 0.02725806
v -0.04426382 0.00258607 0.02697666
v -0.04426387 0.00248606 0.02697653
v -0.04305105 0.00248565 0.02685750
v -0.04305100 0.00258565 0.02685763
f 1 2 3
f 3 2 4
f 3 4 5
f 5 4 6
f 5 6 7
f 7 6 8
f 7 8 9
f 9 8 10
f 9 10 11
f 11 10 12
f 11 12 13
f 13 12 14
f 15 1 16
f 16 1 3
f 16 3 17
f 17 3 5
f 17 5 18
f 18 5 7
f 18 7 19
f 19 7 9
f 19 9 20
f 20 9 11
f 20 11 21
f 21 11 13
f 22 23 24
f 24 23 25
f 24 25 26
f 26 25 27
f 26 27 28
f 28 27 29
f 28 29 30
f 30 29 31
f 30 31 32
f 32 31 33
f 32 33 34
f 34 33 35
f 36 22 37
f 37 22 24
f 37 24 38
f 38 24 26
f 38 26 39
f 39 26 28
f 39 28 40
f 40 28 30
f 40 30 41
f 41 30 32
f 41 32 42
f 42 32 34
f 43 44 45
f 43 45 46
f 46 45 47
f 46 47 48
f 48 47 49
f 48 49 50
f 51 52 53
f 51 53 54
f 54 53 55
f 54 55 56
f 57 58 59
f 60 61 62
f 63 64 61
f 65 66 67
f 67 66 64
f 68 69 65
f 65 67 68
f 68 67 70
f 68 70 71
f 71 70 72
f 71 72 73
f 73 72 74
f 73 74 75
f 75 74 76
f 75 76 77
f 77 76 78
f 77 78 79
f 80 81 82
f 82 81 83
f 82 83 59
f 59 83 84
f 59 84 57
f 85 86 80
f 80 86 87
f 80 87 81
f 62 88 60
f 60 88 89
f 60 89 85
f 85 89 90
f 85 90 86
f 64 63 67
f 67 63 91
f 67 91 70
f 70 91 92
f 70 92 72
f 72 92 93
f 72 93 74
f 74 93 94
f 74 94 76
f 76 94 95
f 76 95 78
f 61 60 63
f 63 60 85
f 63 85 91
f 91 85 80
f 91 80 92
f 92 80 82
f 92 82 93
f 93 82 59
f 93 59 94
f 94 59 58
f 94 58 95
f 96 97 98
f 98 97 99
f 98 99 100
f 100 99 101
f 100 101 102
f 102 101 103
f 102 103 104
f 104 103 105
f 104 105 106
f 106 105 107
f 106 107 108
f 108 107 109
f 108 109 110
f 110 109 111
f 110 111 112
f 112 111 113
f 112 113 114
f 114 113 115
f 116 117 118
f 118 117 119
f 118 119 120
f 120 119 121
f 120 121 122
f 122 121 123
f 122 123 115
f 115 123 124
f 115 124 114
f 125 126 127
f 127 126 128
f 127 128 129
f 129 128 130
f 129 130 131
f 131 130 132
f 131 132 133
f 133 132 134
f 134 132 135
f 134 135 136
f 136 135 137
f 136 137 138
f 138 137 139
f 138 139 140
f 140 139 141
f 140 141 142
f 141 143 142
f 142 143 144
f 142 144 145
f 145 144 146
f 145 146 147
f 147 146 148
f 147 148 149
f 149 148 150
f 149 150 151
f 151 150 152
f 151 152 153
f 153 152 154
f 155 156 157
f 157 156 158
f 157 158 159
f 159 158 160
f 159 160 161
f 161 160 162
f 161 162 163
f 163 162 164
f 163 164 165
f 165 164 166
f 165 166 167
f 167 166 168
f 169 170 171
f 171 170 172
f 171 172 173
f 173 172 174
f 173 174 175
f 175 174 176
f 175 176 177
f 177 176 178
f 177 178 179
f 179 178 180
f 179 180 181
f 181 180 182
f 181 182 168
f 168 182 183
f 168 183 167
f 184 185 186
f 186 185 187
f 186 187 188
f 188 187 189
f 188 189 190
f 190 189 191
f 190 191 192
f 192 191 193
f 192 193 194
f 193 195 194
f 194 195 196
f 194 196 197
f 197 196 198
f 197 198 199
f 199 198 200
f 199 200 201
f 201 200 202
f 201 202 203
f 203 202 204
f 205 206 207
f 207 206 208
f 207 208 209
f 209 208 210
f 209 210 211
f 211 210 212
f 211 212 204
f 204 212 213
f 204 213 203
f 214 215 216
f 216 215 217
f 216 217 218
f 218 217 219
f 218 219 220
f 220 219 221
f 222 223 224
f 224 223 225
f 224 225 226
f 226 225 227
f 226 227 228
f 228 227 229
f 228 229 230
f 230 229 231
f 230 231 232
f 232 231 233
f 232 233 234
f 234 233 235
f 234 235 236
f 236 235 237
f 236 237 238
f 238 237 239
f 238 239 240
f 240 239 241
f 240 241 221
f 221 241 242
f 221 242 220
f 243 244 245
f 245 244 246
f 245 246 247
f 247 246 248
f 247 248 249
f 249 248 250
f 249 250 251
f 251 250 252
f 251 252 253
f 253 252 254
f 253 254 255
f 255 254 256
f 257 258 259
f 259 258 260
f 259 260 261
f 261 260 262
f 261 262 263
f 263 262 264
f 263 264 265
f 265 264 266
f 265 266 267
f 267 266 268
f 267 268 269
f 269 268 270
f 269 270 256
f 256 270 271
f 256 271 255
f 272 125 273
f 273 125 127
f 273 127 129
f 134 274 133
f 133 274 273
f 133 273 131
f 131 273 129
f 134 136 274
f 274 136 138
f 274 138 275
f 138 140 275
f 275 140 142
f 275 142 145
f 145 147 275
f 275 147 149
f 275 149 151
f 153 276 277
f 277 276 278
f 277 278 279
f 279 280 277
f 277 280 281
f 277 281 282
f 282 281 283
f 282 283 284
f 284 285 282
f 282 285 286
f 282 286 287
f 287 286 288
f 287 288 289
f 290 291 292
f 293 294 295
f 295 294 296
f 295 296 292
f 292 296 297
f 292 297 290
f 298 155 299
f 299 155 157
f 299 157 159
f 159 161 299
f 299 161 163
f 299 163 300
f 300 163 165
f 300 165 167
f 167 183 300
f 300 183 182
f 300 182 301
f 301 182 180
f 301 180 178
f 178 176 301
f 301 176 174
f 301 174 172
f 170 302 303
f 303 302 304
f 304 305 303
f 303 305 306
f 303 306 295
f 295 306 307
f 295 307 293
f 308 309 310
f 308 310 311
f 311 310 312
f 311 312 313
f 313 314 311
f 311 314 315
f 311 315 316
f 184 186 317
f 317 186 188
f 317 188 190
f 190 192 317
f 317 192 194
f 317 194 318
f 318 194 197
f 318 197 199
f 206 319 320
f 199 201 318
f 318 201 203
f 318 203 321
f 321 203 213
f 213 212 321
f 321 212 210
f 321 210 208
f 319 322 320
f 320 322 323
f 320 323 308
f 308 323 324
f 308 324 309
f 325 326 327
f 327 326 328
f 327 328 317
f 317 328 311
f 317 311 184
f 184 311 316
f 208 206 321
f 321 206 320
f 321 320 329
f 329 320 330
f 329 330 299
f 299 330 292
f 299 292 298
f 298 292 291
f 172 170 301
f 301 170 303
f 301 303 331
f 331 303 332
f 331 332 273
f 273 332 287
f 273 287 272
f 272 287 289
f 151 153 275
f 275 153 277
f 275 277 333
f 333 277 334
f 333 334 335
f 335 334 336
f 337 338 339
f 101 99 340
f 101 340 103
f 103 340 341
f 103 341 105
f 342 343 344
f 342 344 97
f 99 97 340
f 340 97 344
f 340 344 345
f 345 344 346
f 346 344 347
f 347 344 348
f 347 348 349
f 349 348 350
f 349 350 351
f 352 353 354
f 354 353 355
f 354 355 356
f 356 355 357
f 356 357 358
f 358 357 359
f 358 359 360
f 361 362 354
f 354 362 363
f 354 363 364
f 364 365 354
f 354 365 366
f 354 366 352
f 352 366 222
f 222 224 352
f 352 224 226
f 352 226 367
f 226 228 367
f 367 228 230
f 367 230 368
f 368 230 232
f 368 232 369
f 219 217 370
f 232 234 369
f 369 234 236
f 369 236 371
f 371 236 238
f 371 238 372
f 372 238 373
f 373 238 240
f 373 240 370
f 370 240 221
f 370 221 219
f 215 374 375
f 374 376 375
f 375 376 377
f 375 377 378
f 378 379 375
f 375 379 380
f 375 380 361
f 361 380 381
f 361 381 362
f 217 215 370
f 370 215 375
f 370 375 382
f 382 375 383
f 382 383 384
f 385 386 387
f 387 386 388
f 387 388 383
f 383 388 389
f 383 389 384
f 390 391 392
f 392 391 393
f 392 393 387
f 387 393 394
f 387 394 385
f 395 396 392
f 397 398 399
f 395 392 400
f 397 399 392
f 392 399 401
f 392 401 400
f 396 257 392
f 392 257 259
f 392 259 390
f 390 259 261
f 390 261 263
f 263 265 390
f 390 265 267
f 390 267 402
f 402 267 269
f 402 269 403
f 403 269 256
f 403 256 404
f 404 256 405
f 405 256 254
f 405 254 406
f 250 248 407
f 406 254 407
f 407 254 252
f 407 252 250
f 246 244 408
f 244 409 408
f 408 409 410
f 408 410 411
f 411 412 408
f 408 412 413
f 408 413 397
f 397 413 414
f 397 414 398
f 248 246 407
f 407 246 408
f 407 408 415
f 415 408 416
f 339 338 408
f 408 338 417
f 408 417 416
f 418 419 420
f 420 419 421
f 421 422 420
f 420 422 423
f 420 423 339
f 339 423 424
f 339 424 337
f 343 425 344
f 344 425 426
f 344 426 427
f 427 426 428
f 427 428 429
f 430 431 418
f 429 432 427
f 427 432 433
f 427 433 418
f 418 433 434
f 418 434 430
f 431 435 418
f 418 435 116
f 418 116 419
f 419 116 118
f 419 118 120
f 341 436 105
f 105 436 437
f 105 437 107
f 107 437 438
f 107 438 109
f 109 438 439
f 109 439 111
f 111 439 440
f 111 440 113
f 113 440 441
f 113 441 115
f 115 441 419
f 115 419 122
f 122 419 120
f 442 443 444
f 444 443 445
f 444 445 446
f 446 445 447
f 446 447 448
f 448 447 449
f 448 449 450
f 450 449 451
f 450 451 452
f 452 451 453
f 452 453 454
f 454 453 455
f 456 457 458
f 458 457 459
f 458 459 460
f 460 459 461
f 460 461 462
f 462 461 463
f 462 463 464
f 464 463 465
f 464 465 466
f 466 465 467
f 466 467 468
f 468 467 469
f 470 471 472
f 472 471 473
f 472 473 474
f 474 473 475
f 474 475 476
f 476 475 477
f 476 477 478
f 478 477 479
f 478 479 480
f 480 479 481
f 480 481 482
f 482 481 483
f 484 485 486
f 486 485 487
f 486 487 488
f 488 487 489
f 488 489 490
f 490 489 491
f 490 491 492
f 492 491 493
f 492 493 494
f 494 493 495
f 494 495 496
f 496 495 497
f 498 499 500
f 500 499 501
f 500 501 502
f 502 501 503
f 502 503 504
f 504 503 505
f 504 505 506
f 506 505 507
f 506 507 508
f 508 507 509
f 508 509 510
f 510 509 511
f 512 513 514
f 514 513 515
f 514 515 516
f 516 515 517
f 516 517 518
f 518 517 519
f 518 519 520
f 520 519 521
f 520 521 522
f 522 521 523
f 522 523 524
f 524 523 525
f 526 527 528
f 528 527 529
f 528 529 530
f 530 529 531
f 530 531 532
f 532 531 533
f 532 533 534
f 534 533 535
f 534 535 536
f 536 535 537
f 536 537 538
f 538 537 539
f 540 541 542
f 542 541 543
f 542 543 544
f 544 543 545
f 544 545 546
f 546 545 547
f 546 547 548
f 548 547 549
f 548 549 550
f 550 549 551
f 550 551 552
f 552 551 553
f 554 555 556
f 556 555 557
f 556 557 558
f 558 557 559
f 558 559 560
f 560 559 561
f 560 561 562
f 562 561 563
f 564 565 566
f 567 568 569
f 569 568 570
f 569 570 571
f 571 572 569
f 569 572 573
f 569 573 574
f 575 576 577
f 577 576 578
f 577 578 579
f 580 581 577
f 577 581 582
f 577 582 575
f 583 584 577
f 577 584 585
f 577 585 580
f 579 586 587
f 587 586 588
f 587 588 589
f 589 590 587
f 587 590 591
f 587 591 592
f 574 593 569
f 569 593 594
f 569 594 595
f 595 594 592
f 595 592 596
f 596 592 591
f 597 598 577
f 597 577 599
f 579 587 577
f 577 587 600
f 577 600 599
f 598 601 577
f 577 601 602
f 577 602 603
f 603 602 604
f 603 604 605
f 606 607 608
f 608 607 603
f 608 603 609
f 609 603 605
f 606 610 607
f 607 610 611
f 607 611 612
f 612 611 613
f 613 614 612
f 612 614 615
f 612 615 616
f 615 617 616
f 616 617 618
f 616 618 619
f 619 618 620
f 619 620 621
f 621 620 622
f 621 622 623
f 623 622 624
f 623 624 625
f 625 624 626
f 625 626 627
f 628 629 630
f 627 626 630
f 630 626 631
f 630 631 628
f 632 633 634
f 634 635 632
f 632 635 636
f 632 636 637
f 636 638 637
f 637 638 639
f 637 639 640
f 639 641 640
f 640 641 642
f 640 642 631
f 631 642 643
f 631 643 628
f 569 644 567
f 567 644 645
f 567 645 646
f 646 645 647
f 646 647 648
f 648 647 566
f 566 647 649
f 566 649 564
f 650 651 652
f 652 651 584
f 652 584 653
f 653 584 583
f 653 583 654
f 655 656 657
f 657 658 655
f 655 658 659
f 655 659 660
f 660 659 661
f 660 661 662
f 656 663 657
f 657 663 664
f 657 664 665
f 665 664 666
f 665 666 652
f 652 666 667
f 652 667 650
f 668 57 669
f 669 670 668
f 668 670 671
f 668 671 661
f 661 671 672
f 661 672 662
f 673 674 675
f 675 674 676
f 675 676 677
f 678 679 680
f 680 679 681
f 680 681 682
f 682 683 680
f 680 683 684
f 680 684 685
f 686 687 680
f 680 687 674
f 680 674 678
f 678 674 673
f 684 688 685
f 685 688 689
f 685 689 690
f 691 692 693
f 693 692 685
f 693 685 694
f 694 685 690
f 695 696 697
f 697 696 692
f 697 692 698
f 698 692 691
f 695 699 696
f 696 699 700
f 696 700 701
f 701 700 702
f 701 702 703
f 703 702 704
f 703 704 705
f 705 704 706
f 705 706 707
f 707 706 708
f 707 708 709
f 709 708 710
f 709 710 711
f 711 710 712
f 711 712 713
f 713 712 714
f 715 713 716
f 716 713 714
f 716 714 717
f 717 714 718
f 717 718 719
f 719 718 720
f 719 720 721
f 721 720 722
f 721 722 723
f 723 722 724
f 725 726 687
f 727 728 687
f 729 730 687
f 687 730 731
f 687 731 727
f 728 732 687
f 687 732 733
f 687 733 725
f 726 734 687
f 687 734 735
f 687 735 674
f 674 735 736
f 674 736 737
f 737 738 674
f 674 738 739
f 674 739 740
f 740 741 674
f 674 741 742
f 674 742 743
f 744 745 746
f 743 747 674
f 674 747 748
f 674 748 749
f 749 748 744
f 749 744 750
f 750 744 746
f 751 752 744
f 744 752 753
f 744 753 745
f 751 754 752
f 752 754 755
f 752 755 756
f 756 755 757
f 756 757 758
f 758 757 759
f 758 759 760
f 759 761 760
f 760 761 762
f 760 762 763
f 763 762 764
f 763 764 765
f 765 764 766
f 765 766 767
f 767 766 768
f 769 770 729
f 729 770 771
f 729 771 730
f 772 773 774
f 774 773 775
f 775 776 774
f 774 776 777
f 774 777 729
f 729 777 778
f 729 778 769
f 774 779 772
f 772 779 780
f 772 780 781
f 743 742 782
f 740 739 783
f 781 784 772
f 772 784 785
f 772 785 773
f 773 785 775
f 775 785 786
f 775 786 776
f 776 786 777
f 777 786 787
f 777 787 778
f 788 731 730
f 730 771 788
f 788 771 770
f 788 770 787
f 787 770 769
f 787 769 778
f 731 788 727
f 727 788 789
f 727 789 728
f 726 725 790
f 790 725 733
f 790 733 789
f 789 733 732
f 789 732 728
f 726 790 734
f 734 790 791
f 734 791 735
f 739 738 783
f 783 738 737
f 783 737 791
f 791 737 736
f 791 736 735
f 782 742 783
f 783 742 741
f 783 741 740
f 751 744 792
f 792 744 748
f 792 748 782
f 782 748 747
f 782 747 743
f 759 757 793
f 793 757 755
f 793 755 792
f 792 755 754
f 792 754 751
f 759 793 761
f 761 793 794
f 761 794 762
f 795 768 796
f 796 768 766
f 796 766 794
f 794 766 764
f 794 764 762
f 797 798 799
f 799 798 15
f 799 15 800
f 800 15 16
f 800 16 79
f 79 16 17
f 555 19 557
f 557 19 20
f 557 20 559
f 801 802 803
f 803 802 804
f 803 804 805
f 805 804 806
f 805 806 807
f 808 451 809
f 809 451 449
f 809 449 810
f 810 449 447
f 810 447 21
f 808 811 451
f 451 811 798
f 451 798 453
f 453 798 797
f 453 797 455
f 455 797 812
f 455 812 813
f 20 21 559
f 559 21 447
f 559 447 561
f 561 447 445
f 561 445 563
f 563 445 443
f 563 443 814
f 814 443 802
f 814 802 815
f 815 802 801
f 815 801 816
f 813 812 807
f 807 812 817
f 807 817 805
f 77 818 75
f 75 818 819
f 75 819 73
f 73 819 71
f 820 821 822
f 18 818 17
f 17 818 77
f 17 77 79
f 475 473 823
f 823 820 475
f 475 820 822
f 475 822 477
f 477 822 69
f 477 69 479
f 479 69 68
f 479 68 481
f 481 68 71
f 481 71 483
f 483 71 819
f 18 19 818
f 818 19 555
f 818 555 824
f 824 555 825
f 824 825 826
f 826 825 827
f 826 827 828
f 828 827 829
f 828 829 471
f 471 829 830
f 471 830 473
f 473 830 831
f 473 831 823
f 832 833 834
f 835 836 837
f 838 839 840
f 834 833 841
f 6 4 842
f 842 4 843
f 833 838 841
f 841 838 840
f 841 840 844
f 844 840 845
f 844 845 846
f 846 845 847
f 835 486 848
f 848 486 488
f 848 488 686
f 686 488 490
f 686 490 687
f 490 492 687
f 687 492 494
f 687 494 729
f 729 494 496
f 729 496 774
f 554 14 849
f 14 12 849
f 849 12 10
f 849 10 850
f 850 10 8
f 850 8 851
f 842 780 6
f 6 780 779
f 6 779 8
f 8 779 774
f 8 774 851
f 851 774 496
f 835 837 486
f 486 837 852
f 486 852 484
f 484 852 853
f 484 853 854
f 854 853 855
f 854 855 856
f 856 855 857
f 856 857 849
f 849 857 858
f 849 858 554
f 4 2 843
f 843 2 859
f 843 859 860
f 860 859 861
f 860 861 847
f 847 861 862
f 832 834 562
f 562 834 456
f 562 456 560
f 560 456 458
f 560 458 558
f 558 458 460
f 558 460 462
f 462 464 862
f 464 466 862
f 862 466 468
f 862 468 847
f 847 468 863
f 847 863 846
f 554 556 14
f 14 556 558
f 14 558 864
f 864 558 462
f 864 462 865
f 865 462 862
f 56 55 866
f 866 55 867
f 866 867 868
f 868 867 869
f 868 869 870
f 870 869 871
f 870 871 872
f 872 871 873
f 872 873 874
f 874 873 875
f 874 875 876
f 876 875 877
f 876 877 878
f 878 877 879
f 880 881 882
f 882 881 883
f 882 883 884
f 885 886 887
f 887 886 888
f 887 888 880
f 880 888 889
f 880 889 881
f 890 634 891
f 891 634 892
f 891 892 893
f 893 892 894
f 893 894 885
f 885 894 895
f 885 895 886
f 641 639 896
f 896 639 638
f 896 638 897
f 897 638 636
f 897 636 890
f 890 636 635
f 890 635 634
f 641 896 642
f 642 896 898
f 642 898 643
f 643 898 899
f 643 899 628
f 900 901 902
f 903 904 905
f 905 904 901
f 906 907 903
f 903 905 906
f 906 905 908
f 906 908 909
f 909 908 910
f 909 910 911
f 911 910 912
f 911 912 913
f 913 912 914
f 913 914 915
f 915 914 916
f 915 916 917
f 917 916 918
f 917 918 919
f 919 918 920
f 919 920 921
f 921 920 922
f 921 922 923
f 923 922 924
f 923 924 925
f 925 924 926
f 925 926 927
f 927 926 928
f 927 928 929
f 884 930 882
f 882 930 931
f 882 931 932
f 901 900 905
f 905 900 933
f 905 933 908
f 908 933 934
f 908 934 910
f 910 934 935
f 910 935 912
f 912 935 936
f 912 936 914
f 914 936 937
f 914 937 916
f 916 937 938
f 916 938 918
f 918 938 939
f 918 939 920
f 920 939 940
f 920 940 922
f 922 940 941
f 922 941 924
f 924 941 942
f 924 942 926
f 629 628 902
f 902 628 899
f 902 899 900
f 900 899 898
f 900 898 933
f 933 898 896
f 933 896 934
f 934 896 897
f 934 897 935
f 935 897 890
f 935 890 936
f 936 890 891
f 936 891 937
f 937 891 893
f 937 893 938
f 938 893 885
f 938 885 939
f 939 885 887
f 939 887 940
f 940 887 880
f 940 880 941
f 941 880 882
f 941 882 942
f 942 882 932
f 942 932 926
f 926 932 943
f 926 943 928
f 944 945 946
f 947 948 949
f 950 951 952
f 768 795 953
f 953 795 954
f 953 954 955
f 955 954 956
f 956 954 957
f 956 957 958
f 958 957 959
f 959 957 960
f 959 960 961
f 962 963 964
f 964 965 962
f 962 965 966
f 962 966 960
f 960 966 967
f 960 967 961
f 963 962 968
f 968 962 969
f 968 969 970
f 971 972 973
f 973 972 974
f 973 974 969
f 969 974 975
f 969 975 970
f 971 973 976
f 976 973 977
f 976 977 978
f 951 979 952
f 952 979 980
f 952 980 977
f 977 980 981
f 977 981 978
f 949 948 952
f 952 948 982
f 952 982 950
f 946 945 983
f 983 945 984
f 983 984 985
f 985 986 983
f 983 986 987
f 983 987 949
f 949 987 988
f 949 988 947
f 989 990 946
f 946 990 991
f 946 991 944
f 992 993 989
f 989 993 994
f 989 994 990
f 989 995 992
f 992 995 784
f 992 784 781
f 996 997 998
f 965 964 999
f 781 780 842
f 990 994 843
f 843 994 993
f 843 993 842
f 842 993 992
f 842 992 781
f 985 984 860
f 984 945 860
f 860 945 944
f 860 944 843
f 843 944 991
f 843 991 990
f 972 971 1000
f 968 970 1000
f 968 1000 963
f 1001 1002 964
f 1001 964 1003
f 963 1000 964
f 964 1000 1004
f 964 1004 1003
f 1002 1005 964
f 964 1005 1006
f 964 1006 999
f 970 975 1000
f 1000 975 974
f 1000 974 972
f 971 976 1000
f 1000 976 978
f 1000 978 981
f 980 979 847
f 847 979 951
f 847 951 950
f 950 982 847
f 847 982 948
f 847 948 947
f 947 988 847
f 847 988 987
f 847 987 860
f 860 987 986
f 860 986 985
f 961 967 999
f 999 967 966
f 999 966 965
f 953 955 1007
f 1007 955 956
f 1007 956 1008
f 999 1009 961
f 961 1009 1010
f 961 1010 959
f 959 1010 1008
f 959 1008 958
f 958 1008 956
f 1007 1011 953
f 953 1011 767
f 953 767 768
f 847 845 1012
f 1013 1014 1012
f 1015 1016 1012
f 1012 1016 1017
f 1012 1017 1013
f 1014 1018 1012
f 1012 1018 1000
f 1012 1000 847
f 847 1000 981
f 847 981 980
f 1018 1019 1000
f 1000 1019 1020
f 1000 1020 1021
f 1021 1020 1022
f 1023 1024 1025
f 1023 1025 1026
f 1024 1027 1025
f 1025 1027 1028
f 1025 1028 1012
f 1012 1028 1029
f 1012 1029 1015
f 1030 1031 1032
f 1032 1033 1030
f 1030 1033 1034
f 1030 1034 1025
f 1025 1034 1035
f 1025 1035 1026
f 1036 1037 1038
f 1037 1039 1038
f 1038 1039 1040
f 1038 1040 1030
f 1030 1040 1041
f 1030 1041 1031
f 1036 1038 1042
f 1042 1038 1043
f 1042 1043 1044
f 1044 1043 1045
f 1044 1045 1046
f 1046 1045 1047
f 1046 1047 1048
f 1048 1047 1049
f 1048 1049 1050
f 1050 1049 1051
f 1050 1051 1052
f 1052 1051 1053
f 1052 1053 1054
f 723 724 1055
f 1055 724 1056
f 1055 1056 1057
f 1057 1056 1058
f 1057 1058 1059
f 1059 1058 1060
f 1059 1060 998
f 998 1060 1054
f 998 1054 996
f 996 1054 1053
f 875 1061 1062
f 869 535 533
f 40 499 39
f 39 499 38
f 1063 1064 1065
f 875 1062 877
f 877 1062 1066
f 877 1066 879
f 879 1066 511
f 879 511 1067
f 1067 511 509
f 1067 509 44
f 44 509 45
f 45 509 507
f 45 507 47
f 1068 1069 52
f 501 925 503
f 503 925 927
f 503 927 505
f 505 927 929
f 505 929 507
f 507 929 49
f 507 49 47
f 501 499 925
f 925 499 40
f 925 40 923
f 923 40 41
f 923 41 921
f 921 41 42
f 921 42 919
f 919 42 1070
f 919 1070 917
f 917 1070 1071
f 909 911 1072
f 1072 911 913
f 1072 913 1071
f 1071 913 915
f 1071 915 917
f 52 1063 1068
f 1068 1063 1065
f 1068 1065 1073
f 1073 1065 907
f 1073 907 1074
f 1074 907 906
f 1074 906 1075
f 1075 906 909
f 535 869 537
f 537 869 867
f 537 867 539
f 539 867 55
f 539 55 1069
f 1069 55 53
f 1069 53 52
f 531 873 533
f 533 873 871
f 533 871 869
f 499 1076 38
f 38 1076 1077
f 38 1077 37
f 37 1077 1061
f 37 1061 36
f 36 1061 875
f 36 875 1078
f 1078 875 873
f 1078 873 1079
f 1079 873 531
f 1079 531 1072
f 1072 531 529
f 1072 529 909
f 909 529 527
f 909 527 1075
f 669 57 84
f 1080 1081 83
f 83 1081 1082
f 83 1082 84
f 84 1082 1083
f 84 1083 669
f 86 1084 1085
f 1085 1086 86
f 86 1086 1087
f 86 1087 87
f 87 1087 1080
f 87 1080 81
f 81 1080 83
f 89 1088 1089
f 1089 1090 89
f 89 1090 1091
f 89 1091 1092
f 1084 86 1092
f 1092 86 90
f 1092 90 89
f 88 62 1093
f 1094 1095 1096
f 1097 1098 1096
f 1096 1098 1099
f 1096 1099 1094
f 1100 1101 1102
f 1097 1096 1102
f 1102 1096 1103
f 1102 1103 1100
f 1104 1105 1106
f 1101 1100 1107
f 1107 1100 1108
f 1107 1108 1106
f 1106 1108 1109
f 1106 1109 1110
f 1104 1106 1111
f 1110 1112 1106
f 1106 1112 1113
f 1106 1113 1111
f 1105 1114 1106
f 1106 1114 1115
f 1106 1115 1116
f 1117 1118 1119
f 1119 1118 1120
f 1120 1121 1119
f 1119 1121 1122
f 1119 1122 1123
f 89 88 1088
f 1088 88 1093
f 1088 1093 1124
f 1124 1093 1119
f 1124 1119 1125
f 1125 1119 1123
f 1126 1127 1128
f 1128 1127 1129
f 1128 1129 1116
f 1116 1129 1130
f 1116 1130 1106
f 1126 1131 1127
f 1127 1131 1132
f 1127 1132 1133
f 1133 1132 1134
f 1133 1134 1135
f 1135 1134 1136
f 1137 1138 1119
f 1138 1139 1119
f 1119 1139 1140
f 1119 1140 1141
f 1095 1117 1096
f 1096 1117 1119
f 1096 1119 1142
f 1142 1119 1141
f 1143 1144 1145
f 1145 1144 1146
f 1146 1147 1145
f 1145 1147 1148
f 1145 1148 1119
f 1119 1148 1149
f 1119 1149 1137
f 1150 1151 1152
f 1152 1151 1153
f 1152 1153 1145
f 1145 1153 1154
f 1145 1154 1143
f 1155 1156 1157
f 1157 1156 1158
f 1157 1158 1152
f 1152 1158 1159
f 1152 1159 1150
f 1157 1160 1155
f 1155 1160 1161
f 1155 1161 1162
f 1162 1161 1163
f 1162 1163 1164
f 1164 1163 1165
f 1164 1165 1166
f 1166 1165 1167
f 1166 1167 1168
f 1168 1167 1169
f 884 883 1170
f 1170 883 1171
f 1170 1171 1169
f 1169 1171 1172
f 1169 1172 1168
f 888 1173 889
f 889 1173 1171
f 889 1171 881
f 881 1171 883
f 888 886 1173
f 1173 886 895
f 1173 895 1174
f 895 894 1174
f 1174 894 892
f 1174 892 1175
f 1175 892 634
f 1175 634 633
f 1176 1177 997
f 997 1177 1178
f 997 1178 998
f 1178 1179 998
f 998 1179 1180
f 998 1180 1059
f 1059 1180 540
f 1059 540 1057
f 46 48 50
f 1181 1182 721
f 721 1182 719
f 1176 1183 1177
f 1177 1183 1184
f 1177 1184 1185
f 520 522 43
f 43 46 520
f 520 46 50
f 520 50 518
f 518 50 715
f 518 715 516
f 516 715 716
f 1182 35 719
f 719 35 33
f 719 33 717
f 717 33 31
f 1186 874 1187
f 1187 874 876
f 1187 876 524
f 524 876 878
f 524 878 522
f 522 878 1188
f 522 1188 43
f 23 874 25
f 25 874 1186
f 25 1186 27
f 27 1186 1189
f 27 1189 29
f 29 1189 1190
f 29 1190 31
f 31 1190 1191
f 31 1191 717
f 717 1191 512
f 717 512 716
f 716 512 514
f 716 514 516
f 23 1192 546
f 546 1192 1193
f 546 1193 544
f 544 1193 1194
f 544 1194 542
f 721 723 1181
f 1181 723 1055
f 1181 1055 1194
f 1194 1055 1057
f 1194 1057 542
f 542 1057 540
f 1184 51 1185
f 1185 51 54
f 1185 54 552
f 552 54 56
f 552 56 550
f 550 56 866
f 550 866 548
f 548 866 868
f 548 868 546
f 546 868 870
f 546 870 23
f 23 870 872
f 23 872 874
f 853 830 855
f 855 830 829
f 855 829 857
f 857 829 827
f 857 827 858
f 858 827 825
f 858 825 554
f 554 825 555
f 552 553 1185
f 1185 553 1195
f 1185 1195 1177
f 1177 1195 1196
f 1177 1196 1178
f 1178 1196 1197
f 1178 1197 1179
f 1179 1197 1198
f 1179 1198 1180
f 1180 1198 1199
f 1180 1199 540
f 540 1199 541
f 1196 1200 1197
f 1197 1200 1201
f 1197 1201 1198
f 1198 1201 1202
f 1198 1202 1199
f 1199 1202 1203
f 1199 1203 541
f 541 1203 526
f 541 526 543
f 543 526 528
f 543 528 545
f 545 528 530
f 545 530 547
f 547 530 532
f 547 532 549
f 549 532 534
f 549 534 551
f 551 534 536
f 551 536 553
f 553 536 538
f 553 538 1195
f 1195 538 1204
f 1195 1204 1196
f 1196 1204 1200
f 538 539 1204
f 1204 539 1069
f 1204 1069 1200
f 1200 1069 1068
f 1200 1068 1201
f 1201 1068 1073
f 1201 1073 1202
f 1202 1073 1074
f 1202 1074 1203
f 1203 1074 1075
f 1203 1075 526
f 526 1075 527
f 524 525 1187
f 1187 525 1205
f 1187 1205 1186
f 1186 1205 1206
f 1186 1206 1189
f 1189 1206 1207
f 1189 1207 1190
f 1190 1207 1208
f 1190 1208 1191
f 1191 1208 1209
f 1191 1209 512
f 512 1209 513
f 1206 1210 1207
f 1207 1210 1211
f 1207 1211 1208
f 1208 1211 1212
f 1208 1212 1209
f 1209 1212 1213
f 1209 1213 513
f 513 1213 498
f 513 498 515
f 515 498 500
f 515 500 517
f 517 500 502
f 517 502 519
f 519 502 504
f 519 504 521
f 521 504 506
f 521 506 523
f 523 506 508
f 523 508 525
f 525 508 510
f 525 510 1205
f 1205 510 1214
f 1205 1214 1206
f 1206 1214 1210
f 510 511 1214
f 1214 511 1066
f 1214 1066 1210
f 1210 1066 1062
f 1210 1062 1211
f 1211 1062 1061
f 1211 1061 1212
f 1212 1061 1077
f 1212 1077 1213
f 1213 1077 1076
f 1213 1076 498
f 498 1076 499
f 496 497 851
f 851 497 1215
f 851 1215 850
f 850 1215 1216
f 850 1216 849
f 849 1216 1217
f 849 1217 856
f 856 1217 1218
f 856 1218 854
f 854 1218 1219
f 854 1219 484
f 484 1219 485
f 1216 1220 1217
f 1217 1220 1221
f 1217 1221 1218
f 1218 1221 1222
f 1218 1222 1219
f 1219 1222 1223
f 1219 1223 485
f 485 1223 470
f 485 470 487
f 487 470 472
f 487 472 489
f 489 472 474
f 489 474 491
f 491 474 476
f 491 476 493
f 493 476 478
f 493 478 495
f 495 478 480
f 495 480 497
f 497 480 482
f 497 482 1215
f 1215 482 1224
f 1215 1224 1216
f 1216 1224 1220
f 482 483 1224
f 1224 483 819
f 1224 819 1220
f 1220 819 818
f 1220 818 1221
f 1221 818 824
f 1221 824 1222
f 1222 824 826
f 1222 826 1223
f 1223 826 828
f 1223 828 470
f 470 828 471
f 468 469 863
f 863 469 1225
f 863 1225 846
f 846 1225 1226
f 846 1226 844
f 844 1226 1227
f 844 1227 841
f 841 1227 1228
f 841 1228 834
f 834 1228 1229
f 834 1229 456
f 456 1229 457
f 1226 1230 1227
f 1227 1230 1231
f 1227 1231 1228
f 1228 1231 1232
f 1228 1232 1229
f 1229 1232 1233
f 1229 1233 457
f 457 1233 442
f 457 442 459
f 459 442 444
f 459 444 461
f 461 444 446
f 461 446 463
f 463 446 448
f 463 448 465
f 465 448 450
f 465 450 467
f 467 450 452
f 467 452 469
f 469 452 454
f 469 454 1225
f 1225 454 1234
f 1225 1234 1226
f 1226 1234 1230
f 454 455 1234
f 1234 455 813
f 1234 813 1230
f 1230 813 807
f 1230 807 1231
f 1231 807 806
f 1231 806 1232
f 1232 806 804
f 1232 804 1233
f 1233 804 802
f 1233 802 442
f 442 802 443
f 1235 1236 1237
f 1235 1237 1238
f 1239 1240 1241
f 1241 1240 1242
f 1241 1242 1237
f 1237 1242 1243
f 1237 1243 1238
f 207 209 1244
f 207 1244 205
f 209 211 1244
f 1244 211 204
f 1244 204 1245
f 1245 204 202
f 1245 202 1246
f 1246 202 200
f 1246 200 1247
f 1247 200 198
f 1247 198 1248
f 198 196 1248
f 1248 196 195
f 1248 195 1249
f 1249 195 193
f 1249 193 1250
f 187 1251 189
f 189 1251 1250
f 189 1250 191
f 191 1250 193
f 185 1252 1253
f 1253 1252 1254
f 1253 1254 1255
f 1255 1256 1253
f 1253 1256 1257
f 1253 1257 1241
f 1241 1257 1258
f 1241 1258 1239
f 1259 1260 1261
f 1259 1261 1262
f 1263 1264 1265
f 1265 1264 1266
f 1265 1266 1261
f 1261 1266 1267
f 1261 1267 1262
f 1260 169 1261
f 1261 169 171
f 1261 171 1268
f 1268 171 173
f 1268 173 175
f 175 177 1268
f 1268 177 179
f 1268 179 1269
f 1269 179 181
f 1269 181 1270
f 1270 181 168
f 1270 168 1271
f 1271 168 1272
f 1272 168 166
f 1272 166 1273
f 162 160 1274
f 1273 166 1274
f 1274 166 164
f 1274 164 162
f 158 156 1275
f 156 1276 1275
f 1275 1276 1277
f 1275 1277 1278
f 1278 1279 1275
f 1275 1279 1280
f 1275 1280 1265
f 1265 1280 1281
f 1265 1281 1263
f 1282 1283 1284
f 1284 1283 1285
f 1285 1286 1284
f 1284 1286 1287
f 1284 1287 1288
f 154 152 1289
f 152 150 1289
f 1289 150 148
f 1289 148 1290
f 1290 148 146
f 1290 146 1291
f 1291 146 144
f 1291 144 1292
f 130 128 1293
f 144 143 1292
f 1292 143 141
f 1292 141 1294
f 1294 141 139
f 1294 139 1295
f 1295 139 137
f 1295 137 1296
f 1296 137 135
f 1296 135 1293
f 1293 135 132
f 1293 132 130
f 126 1297 1298
f 1297 1299 1298
f 1298 1299 1300
f 1298 1300 1301
f 1301 1302 1298
f 1298 1302 1303
f 1298 1303 1282
f 1282 1303 1304
f 1282 1304 1283
f 1305 1306 350
f 350 1306 1307
f 350 1307 351
f 1288 154 1284
f 1284 154 1289
f 1284 1289 1305
f 1305 1289 1308
f 1305 1308 1306
f 128 126 1293
f 1293 126 1298
f 1293 1298 1309
f 1309 1298 1310
f 1309 1310 1311
f 1311 1310 1312
f 1312 1310 1313
f 1313 1310 1314
f 1313 1314 1315
f 1268 1316 1261
f 1261 1316 1317
f 1261 1317 1314
f 1314 1317 1318
f 1314 1318 1315
f 1319 1275 1320
f 1320 1275 1321
f 1320 1321 1322
f 160 158 1274
f 1274 158 1275
f 1274 1275 1323
f 1323 1275 1319
f 1236 205 1237
f 1237 205 1244
f 1237 1244 1324
f 1324 1244 1325
f 1325 1326 1324
f 1324 1326 1327
f 1324 1327 1321
f 1321 1327 1328
f 1321 1328 1322
f 187 185 1251
f 1251 185 1253
f 1251 1253 1329
f 1329 1253 1330
f 1253 1331 1330
f 1330 1331 358
f 1330 358 360
f 1332 375 1333
f 1333 375 361
f 1333 361 1334
f 1334 361 354
f 1334 354 1335
f 1335 354 356
f 1335 356 326
f 326 356 358
f 326 358 328
f 328 358 1331
f 328 1331 311
f 311 1331 1253
f 311 1253 308
f 287 1298 282
f 282 1298 1282
f 282 1282 277
f 277 1282 1284
f 277 1284 334
f 334 1284 1305
f 334 1305 336
f 336 1305 350
f 336 350 1336
f 1336 350 348
f 1336 348 1337
f 1337 348 344
f 1337 344 1338
f 1253 1241 308
f 308 1241 1237
f 308 1237 320
f 320 1237 1324
f 320 1324 330
f 330 1324 1321
f 330 1321 292
f 292 1321 1275
f 292 1275 295
f 295 1275 1265
f 295 1265 303
f 303 1265 1261
f 303 1261 332
f 332 1261 1314
f 332 1314 287
f 287 1314 1310
f 287 1310 1298
f 344 427 1338
f 1338 427 418
f 1338 418 1339
f 1339 418 420
f 1339 420 1340
f 1340 420 339
f 1340 339 1341
f 1341 339 408
f 1341 408 1342
f 1342 408 397
f 1342 397 1343
f 1343 397 392
f 1343 392 1344
f 1344 392 387
f 1344 387 1332
f 1332 387 383
f 1332 383 375
f 954 1345 957
f 957 1345 1346
f 957 1346 960
f 960 1346 1347
f 960 1347 962
f 962 1347 1348
f 962 1348 969
f 969 1348 1349
f 969 1349 973
f 973 1349 1350
f 973 1350 977
f 977 1350 1351
f 977 1351 952
f 952 1351 1352
f 952 1352 949
f 949 1352 1353
f 949 1353 983
f 983 1353 1354
f 983 1354 946
f 946 1354 1355
f 946 1355 989
f 989 1355 1356
f 989 1356 995
f 995 1356 1357
f 995 1357 784
f 784 1357 325
f 784 325 785
f 785 325 327
f 785 327 786
f 786 327 317
f 786 317 787
f 787 317 318
f 787 318 788
f 788 318 321
f 788 321 789
f 789 321 329
f 789 329 790
f 790 329 299
f 790 299 791
f 791 299 300
f 791 300 783
f 783 300 301
f 783 301 782
f 782 301 331
f 782 331 792
f 792 331 273
f 792 273 793
f 793 273 274
f 793 274 794
f 794 274 275
f 794 275 796
f 796 275 333
f 796 333 795
f 795 333 335
f 795 335 954
f 954 335 1345
f 1358 1359 1341
f 1360 1361 1342
f 1342 1361 1362
f 1342 1362 1341
f 1341 1362 1363
f 1341 1363 1358
f 1364 243 1350
f 1350 243 245
f 1350 245 247
f 247 249 1350
f 1350 249 251
f 1350 251 1351
f 1351 251 253
f 1351 253 255
f 255 271 1351
f 1351 271 270
f 1351 270 1352
f 1352 270 268
f 1352 268 266
f 266 264 1352
f 1352 264 262
f 1352 262 260
f 258 1365 1343
f 1343 1365 1366
f 1366 1367 1343
f 1343 1367 1368
f 1343 1368 1342
f 1342 1368 1369
f 1342 1369 1360
f 1370 214 1354
f 1354 214 216
f 1354 216 218
f 241 1355 242
f 242 1355 1354
f 242 1354 220
f 220 1354 218
f 241 239 1355
f 1355 239 237
f 1355 237 1356
f 237 235 1356
f 1356 235 233
f 1356 233 231
f 231 229 1356
f 1356 229 227
f 1356 227 225
f 223 1371 1334
f 1334 1371 1372
f 1334 1372 1373
f 1373 1374 1334
f 1334 1374 1375
f 1334 1375 1333
f 1333 1375 1376
f 1333 1376 1377
f 1377 1378 1333
f 1333 1378 1379
f 1333 1379 1332
f 1332 1379 1380
f 1332 1380 1381
f 1338 1382 1383
f 1338 1383 1337
f 1337 1383 1384
f 1337 1384 1385
f 1385 1386 1337
f 1337 1386 1387
f 1337 1387 1388
f 96 98 1346
f 1346 98 100
f 1346 100 102
f 102 104 1346
f 1346 104 106
f 1346 106 1347
f 1347 106 108
f 1347 108 110
f 117 1389 1339
f 110 112 1347
f 1347 112 114
f 1347 114 1348
f 1348 114 124
f 124 123 1348
f 1348 123 121
f 1348 121 119
f 1389 1390 1339
f 1339 1390 1391
f 1339 1391 1338
f 1338 1391 1392
f 1338 1392 1382
f 335 336 1345
f 1345 336 1336
f 1345 1336 1346
f 1346 1336 1337
f 1346 1337 96
f 96 1337 1388
f 119 117 1348
f 1348 117 1339
f 1348 1339 1349
f 1349 1339 1340
f 1349 1340 1350
f 1350 1340 1341
f 1350 1341 1364
f 1364 1341 1359
f 260 258 1352
f 1352 258 1343
f 1352 1343 1353
f 1353 1343 1344
f 1353 1344 1354
f 1354 1344 1332
f 1354 1332 1370
f 1370 1332 1381
f 225 223 1356
f 1356 223 1334
f 1356 1334 1357
f 1357 1334 1335
f 1357 1335 325
f 325 1335 326
f 1110 1109 675
f 675 1109 673
f 1020 1019 593
f 593 1019 594
f 702 700 1156
f 1044 617 1042
f 1042 617 615
f 1042 615 1036
f 702 1156 704
f 1156 1155 704
f 704 1155 1162
f 704 1162 706
f 706 1162 1164
f 706 1164 708
f 708 1164 1166
f 708 1166 710
f 710 1166 1168
f 710 1168 712
f 712 1168 1172
f 712 1172 714
f 714 1172 1171
f 714 1171 718
f 718 1171 1173
f 718 1173 720
f 720 1173 1174
f 720 1174 722
f 722 1174 1175
f 722 1175 724
f 724 1175 633
f 724 633 1056
f 1056 633 632
f 1056 632 1058
f 1058 632 637
f 1058 637 1060
f 1060 637 640
f 1060 640 1054
f 1054 640 631
f 1054 631 1052
f 1052 631 626
f 1052 626 1050
f 1050 626 624
f 1050 624 1048
f 1048 624 622
f 1048 622 1046
f 1046 622 620
f 1046 620 1044
f 1044 620 618
f 1044 618 617
f 1393 1394 763
f 1393 763 1395
f 1394 1136 763
f 763 1136 1134
f 763 1134 1132
f 648 566 1007
f 1007 566 565
f 1007 565 1396
f 1396 1397 1007
f 1007 1397 1398
f 1007 1398 1011
f 1011 1398 1399
f 1011 1399 767
f 767 1399 351
f 767 351 765
f 765 351 1400
f 765 1400 763
f 763 1400 1401
f 763 1401 1395
f 257 396 258
f 258 396 1365
f 1365 396 1366
f 1366 396 395
f 1366 395 1367
f 1367 395 400
f 1367 400 1368
f 1368 400 401
f 1368 401 1369
f 1369 401 399
f 1369 399 1360
f 1360 399 398
f 1360 398 1361
f 1361 398 1362
f 1362 398 414
f 1362 414 1363
f 1363 414 413
f 1363 413 1358
f 244 243 409
f 409 243 1364
f 409 1364 410
f 410 1364 1359
f 410 1359 411
f 411 1359 1358
f 411 1358 412
f 412 1358 413
f 223 222 366
f 215 214 374
f 374 214 1370
f 374 1370 376
f 376 1370 1381
f 376 1381 377
f 377 1381 1380
f 377 1380 378
f 378 1380 1379
f 378 1379 379
f 379 1379 1378
f 379 1378 380
f 380 1378 1377
f 380 1377 381
f 381 1377 1376
f 381 1376 362
f 362 1376 1375
f 362 1375 363
f 363 1375 1374
f 363 1374 364
f 364 1374 1373
f 364 1373 365
f 365 1373 1372
f 365 1372 366
f 366 1372 1371
f 366 1371 223
f 205 1236 206
f 206 1236 319
f 319 1236 322
f 322 1236 1235
f 322 1235 323
f 323 1235 1238
f 323 1238 324
f 324 1238 1243
f 324 1243 309
f 309 1243 1242
f 309 1242 310
f 310 1242 1240
f 310 1240 312
f 1240 1239 312
f 312 1239 1258
f 312 1258 313
f 313 1258 1257
f 313 1257 314
f 185 184 1252
f 1252 184 316
f 1252 316 1254
f 1254 316 315
f 1254 315 1255
f 1255 315 314
f 1255 314 1256
f 1256 314 1257
f 169 1260 170
f 170 1260 302
f 302 1260 304
f 304 1260 1259
f 304 1259 305
f 305 1259 1262
f 305 1262 306
f 306 1262 1267
f 306 1267 307
f 307 1267 1266
f 307 1266 293
f 293 1266 1264
f 293 1264 294
f 294 1264 1263
f 294 1263 296
f 296 1263 1281
f 296 1281 297
f 297 1281 1280
f 297 1280 290
f 156 155 1276
f 1276 155 298
f 1276 298 1277
f 1277 298 291
f 1277 291 1278
f 1278 291 290
f 1278 290 1279
f 1279 290 1280
f 153 154 1288
f 126 125 1297
f 1297 125 272
f 1297 272 1299
f 1299 272 289
f 1299 289 1300
f 1300 289 288
f 1300 288 1301
f 1301 288 286
f 1301 286 1302
f 1302 286 285
f 1302 285 1303
f 1303 285 284
f 1303 284 1304
f 1304 284 283
f 1304 283 1283
f 1283 283 281
f 1283 281 1285
f 1285 281 280
f 1285 280 1286
f 1286 280 279
f 1286 279 1287
f 1287 279 278
f 1287 278 1288
f 1288 278 276
f 1288 276 153
f 116 435 117
f 117 435 1389
f 1389 435 1390
f 1390 435 431
f 1390 431 1391
f 1391 431 430
f 1391 430 1392
f 1392 430 434
f 1392 434 1382
f 1382 434 433
f 1382 433 1383
f 1383 433 432
f 1383 432 1384
f 1384 432 429
f 1384 429 1385
f 1385 429 428
f 1385 428 1386
f 97 96 342
f 342 96 1388
f 342 1388 343
f 343 1388 1387
f 343 1387 425
f 425 1387 1386
f 425 1386 426
f 426 1386 428
f 652 653 1402
f 79 78 1403
f 79 1403 800
f 800 1403 1404
f 800 1404 799
f 799 1404 1405
f 799 1405 797
f 797 1405 1406
f 797 1406 812
f 812 1406 1407
f 812 1407 817
f 817 1407 1408
f 817 1408 805
f 1402 1409 1410
f 653 654 1402
f 1402 654 1411
f 1402 1411 1409
f 652 1402 665
f 665 1402 1412
f 665 1412 657
f 657 1412 1413
f 657 1413 658
f 658 1413 1414
f 658 1414 659
f 58 57 668
f 95 58 1415
f 1415 58 668
f 1415 668 1414
f 1414 668 661
f 1414 661 659
f 78 95 1416
f 78 1416 1403
f 1403 1416 1417
f 1403 1417 1404
f 1404 1417 1418
f 1404 1418 1405
f 1405 1418 1419
f 1405 1419 1406
f 1406 1419 1420
f 1406 1420 1407
f 95 1415 1416
f 1416 1415 1414
f 1416 1414 1417
f 1417 1414 1413
f 1417 1413 1418
f 1418 1413 1412
f 1418 1412 1419
f 1419 1412 1402
f 1419 1402 1420
f 1420 1402 1410
f 1420 1410 1407
f 1407 1410 1421
f 1407 1421 1408
f 1012 583 1025
f 1025 583 577
f 1025 577 1030
f 1030 577 603
f 1030 603 1038
f 1038 603 607
f 1038 607 1043
f 1043 607 612
f 1043 612 1045
f 630 996 627
f 627 996 1053
f 627 1053 625
f 625 1053 1051
f 625 1051 623
f 623 1051 1049
f 623 1049 621
f 621 1049 1047
f 621 1047 619
f 619 1047 1045
f 619 1045 616
f 616 1045 612
f 840 803 845
f 845 803 805
f 845 805 1408
f 1408 1421 845
f 845 1421 1410
f 845 1410 1409
f 583 1012 654
f 654 1012 845
f 654 845 1411
f 1411 845 1409
f 996 630 997
f 997 630 629
f 1065 1176 907
f 907 1176 997
f 907 997 903
f 903 997 904
f 629 902 997
f 997 902 901
f 997 901 904
f 1093 680 1119
f 1119 680 685
f 1119 685 1145
f 1145 685 692
f 1145 692 1152
f 1152 692 696
f 1152 696 1157
f 1157 696 701
f 1157 701 1160
f 1160 701 703
f 713 1170 711
f 711 1170 1169
f 711 1169 709
f 709 1169 1167
f 709 1167 707
f 707 1167 1165
f 707 1165 705
f 705 1165 1163
f 705 1163 703
f 703 1163 1161
f 703 1161 1160
f 50 49 715
f 715 49 929
f 715 929 928
f 928 943 715
f 715 943 932
f 715 932 931
f 1170 713 884
f 884 713 715
f 884 715 930
f 930 715 931
f 680 1093 686
f 686 1093 62
f 822 848 69
f 69 848 686
f 69 686 65
f 65 686 66
f 62 61 686
f 686 61 64
f 686 64 66
f 673 1109 1108
f 673 1108 678
f 678 1108 1100
f 678 1100 679
f 679 1100 1103
f 679 1103 681
f 1103 1096 681
f 681 1096 1142
f 681 1142 682
f 1142 1141 682
f 682 1141 1140
f 682 1140 683
f 683 1140 1139
f 683 1139 684
f 684 1139 1138
f 684 1138 688
f 688 1138 1137
f 688 1137 689
f 689 1137 1149
f 689 1149 690
f 1149 1148 690
f 690 1148 1147
f 690 1147 694
f 694 1147 1146
f 694 1146 693
f 693 1146 1144
f 693 1144 691
f 691 1144 1143
f 691 1143 698
f 1156 700 1158
f 1158 700 699
f 1143 1154 698
f 698 1154 1153
f 698 1153 697
f 697 1153 1151
f 697 1151 695
f 695 1151 1150
f 695 1150 699
f 699 1150 1159
f 699 1159 1158
f 594 1019 1018
f 601 598 1028
f 594 1018 592
f 592 1018 1014
f 592 1014 587
f 587 1014 1013
f 587 1013 600
f 600 1013 1017
f 600 1017 599
f 599 1017 1016
f 599 1016 597
f 597 1016 1015
f 597 1015 598
f 598 1015 1029
f 598 1029 1028
f 1028 1027 601
f 601 1027 1024
f 601 1024 602
f 602 1024 1023
f 602 1023 604
f 604 1023 1026
f 604 1026 605
f 1026 1035 605
f 605 1035 1034
f 605 1034 609
f 609 1034 1033
f 609 1033 608
f 1033 1032 608
f 608 1032 1031
f 608 1031 606
f 606 1031 1041
f 606 1041 610
f 610 1041 1040
f 610 1040 611
f 1040 1039 611
f 611 1039 1037
f 611 1037 613
f 613 1037 1036
f 613 1036 614
f 614 1036 615
f 756 1132 752
f 752 1132 1131
f 756 758 1132
f 1132 758 760
f 1132 760 763
f 745 1128 746
f 746 1128 1116
f 746 1116 1115
f 1131 1126 752
f 752 1126 1128
f 752 1128 753
f 753 1128 745
f 1115 1114 746
f 746 1114 1105
f 746 1105 750
f 750 1105 749
f 1111 1113 674
f 749 1105 674
f 674 1105 1104
f 674 1104 1111
f 1110 675 1112
f 1112 675 677
f 1112 677 1113
f 1113 677 676
f 1113 676 674
f 648 1007 1008
f 1008 1010 648
f 648 1010 1009
f 648 1009 646
f 646 1009 999
f 646 999 567
f 567 999 1006
f 1006 1005 567
f 567 1005 1002
f 567 1002 568
f 568 1002 1001
f 568 1001 570
f 570 1001 1003
f 1003 1004 570
f 570 1004 1000
f 570 1000 571
f 571 1000 1021
f 571 1021 572
f 572 1021 1022
f 572 1022 573
f 573 1022 1020
f 573 1020 574
f 574 1020 593
f 1176 1065 1064
f 1176 1064 1183
f 1183 1064 1063
f 1183 1063 1184
f 1184 1063 52
f 1184 52 51
f 562 563 814
f 562 814 832
f 832 814 815
f 832 815 833
f 833 815 816
f 833 816 838
f 838 816 801
f 838 801 839
f 839 801 803
f 839 803 840
f 878 879 1067
f 878 1067 1188
f 1188 1067 44
f 1188 44 43
f 848 822 821
f 848 821 835
f 835 821 820
f 835 820 836
f 836 820 823
f 836 823 837
f 837 823 831
f 837 831 852
f 852 831 830
f 852 830 853
f 1422 1308 1423
f 1423 1308 1289
f 1423 1289 1424
f 1424 1289 1290
f 1424 1290 1425
f 1425 1290 1291
f 1425 1291 1426
f 351 1307 1422
f 1422 1307 1306
f 1422 1306 1308
f 1427 1428 1429
f 1429 1428 1430
f 1429 1430 1431
f 1430 1432 1431
f 1431 1432 1433
f 1431 1433 1434
f 1434 1433 1435
f 1434 1435 1400
f 1428 1136 1430
f 1430 1136 1394
f 1430 1394 1432
f 1432 1394 1393
f 1432 1393 1433
f 1433 1393 1395
f 1433 1395 1435
f 1435 1395 1401
f 1435 1401 1400
f 1426 1427 1425
f 1425 1427 1429
f 1425 1429 1424
f 1424 1429 1431
f 1424 1431 1423
f 1423 1431 1434
f 1423 1434 1422
f 1422 1434 1400
f 1422 1400 351
f 1427 1426 1436
f 1437 1438 1439
f 1438 565 564
f 1437 1439 1440
f 438 1441 439
f 439 1441 1442
f 439 1442 440
f 440 1442 1443
f 421 419 1443
f 1443 419 441
f 1443 441 440
f 1443 1444 421
f 421 1444 1445
f 421 1445 422
f 422 1445 1446
f 422 1446 423
f 423 1446 1447
f 423 1447 424
f 424 1447 1448
f 407 415 1449
f 1449 415 416
f 1449 416 1450
f 1450 416 417
f 1450 417 1451
f 1451 417 338
f 1451 338 1448
f 1448 338 337
f 1448 337 424
f 407 1449 406
f 406 1449 1452
f 406 1452 1453
f 1454 391 1455
f 1455 391 390
f 1455 390 1456
f 1456 390 402
f 1456 402 1457
f 1457 402 403
f 1457 403 1458
f 1458 403 404
f 1458 404 1453
f 1453 404 405
f 1453 405 406
f 389 388 1459
f 1459 388 386
f 1459 386 1460
f 1460 386 385
f 1460 385 1461
f 1461 385 394
f 1461 394 1454
f 1454 394 393
f 1454 393 391
f 1438 564 1439
f 1439 564 649
f 1439 649 1462
f 1462 649 647
f 1462 647 1463
f 1463 647 645
f 1463 645 1464
f 1464 645 644
f 1464 644 1465
f 1465 644 569
f 1465 569 1466
f 1466 569 595
f 1466 595 1467
f 1467 595 596
f 1467 596 1468
f 1468 596 591
f 1468 591 1469
f 1469 591 590
f 1469 590 1470
f 1470 590 589
f 1470 589 1471
f 1471 589 588
f 1471 588 1472
f 1472 588 586
f 1472 586 1473
f 1473 586 579
f 1473 579 1474
f 1474 579 578
f 1474 578 1475
f 1475 578 576
f 1475 576 1476
f 1476 576 575
f 1476 575 1477
f 1477 575 582
f 1477 582 1478
f 1478 582 581
f 1478 581 1479
f 1479 581 580
f 1479 580 1480
f 1480 580 585
f 1480 585 1481
f 1481 585 584
f 1481 584 1482
f 389 1459 384
f 384 1459 1483
f 384 1483 1484
f 584 651 1482
f 1482 651 650
f 1482 650 1485
f 1485 650 667
f 1485 667 1486
f 1486 667 666
f 1486 666 1487
f 1487 666 664
f 1487 664 1488
f 369 371 1489
f 1489 371 372
f 1489 372 1490
f 1490 372 373
f 1490 373 1491
f 1491 373 370
f 1491 370 1484
f 1484 370 382
f 1484 382 384
f 664 663 1488
f 1488 663 656
f 1488 656 1492
f 1492 656 655
f 369 1489 368
f 368 1489 1493
f 368 1493 1494
f 660 1495 655
f 655 1495 1496
f 655 1496 1492
f 1497 357 1498
f 1498 357 355
f 1498 355 1499
f 1499 355 353
f 1499 353 1500
f 1500 353 352
f 1500 352 1494
f 1494 352 367
f 1494 367 368
f 660 662 1495
f 1495 662 672
f 1495 672 1501
f 1501 672 671
f 1501 671 1502
f 1502 671 670
f 1502 670 1503
f 1503 670 669
f 1503 669 1504
f 669 1083 1504
f 1504 1083 1082
f 1504 1082 1505
f 1505 1082 1081
f 1505 1081 1506
f 1506 1081 1080
f 1506 1080 1507
f 1508 1250 1509
f 1509 1250 1251
f 1509 1251 1510
f 1510 1251 1329
f 1510 1329 1511
f 1511 1329 1330
f 1511 1330 1512
f 1512 1330 360
f 1512 360 1497
f 1497 360 359
f 1497 359 357
f 1080 1087 1507
f 1507 1087 1086
f 1507 1086 1513
f 1513 1086 1085
f 1513 1085 1514
f 1514 1085 1084
f 1514 1084 1515
f 1516 1246 1517
f 1517 1246 1247
f 1517 1247 1518
f 1518 1247 1248
f 1518 1248 1508
f 1508 1248 1249
f 1508 1249 1250
f 1325 1244 1516
f 1516 1244 1245
f 1516 1245 1246
f 1084 1092 1515
f 1515 1092 1091
f 1515 1091 1519
f 1519 1091 1090
f 1519 1090 1520
f 1520 1090 1089
f 1088 1521 1089
f 1089 1521 1522
f 1089 1522 1520
f 1516 1523 1325
f 1325 1523 1524
f 1325 1524 1326
f 1326 1524 1525
f 1326 1525 1327
f 1327 1525 1526
f 1327 1526 1328
f 1328 1526 1527
f 1319 1320 1527
f 1527 1320 1322
f 1527 1322 1328
f 1527 1528 1319
f 1319 1528 1529
f 1319 1529 1323
f 1323 1529 1530
f 1323 1530 1274
f 1274 1530 1531
f 1274 1531 1273
f 1273 1531 1532
f 1270 1271 1532
f 1532 1271 1272
f 1532 1272 1273
f 1532 1533 1270
f 1270 1533 1534
f 1270 1534 1269
f 1269 1534 1535
f 1269 1535 1268
f 1268 1535 1536
f 1268 1536 1316
f 1316 1536 1537
f 1315 1318 1537
f 1537 1318 1317
f 1537 1317 1316
f 1088 1124 1521
f 1521 1124 1125
f 1521 1125 1538
f 1538 1125 1123
f 1538 1123 1539
f 1539 1123 1122
f 1539 1122 1540
f 1540 1122 1121
f 1540 1121 1541
f 1541 1121 1120
f 1541 1120 1542
f 1542 1120 1118
f 1542 1118 1543
f 1543 1118 1117
f 1543 1117 1544
f 1544 1117 1095
f 1544 1095 1545
f 1545 1095 1094
f 1545 1094 1546
f 1546 1094 1099
f 1546 1099 1547
f 1547 1099 1098
f 1547 1098 1548
f 1548 1098 1097
f 1548 1097 1549
f 1549 1097 1102
f 1549 1102 1550
f 1550 1102 1101
f 1550 1101 1551
f 1551 1101 1107
f 1551 1107 1552
f 1552 1107 1106
f 1552 1106 1553
f 1537 1554 1315
f 1315 1554 1555
f 1315 1555 1313
f 1313 1555 1556
f 1313 1556 1312
f 1312 1556 1557
f 1312 1557 1311
f 1311 1557 1558
f 1311 1558 1309
f 1309 1558 1293
f 1293 1558 1559
f 1293 1559 1296
f 1296 1559 1560
f 1296 1560 1295
f 1295 1560 1436
f 1295 1436 1294
f 1106 1130 1553
f 1553 1130 1129
f 1553 1129 1561
f 1561 1129 1127
f 1561 1127 1562
f 1562 1127 1133
f 1562 1133 1563
f 1563 1133 1135
f 1563 1135 1564
f 1564 1135 1136
f 1136 1428 1564
f 1564 1428 1565
f 1564 1565 1563
f 1563 1565 1566
f 1563 1566 1562
f 1562 1566 1567
f 1562 1567 1561
f 1561 1567 1568
f 1561 1568 1553
f 1553 1568 1569
f 1553 1569 1552
f 1552 1569 1570
f 1552 1570 1551
f 1551 1570 1571
f 1551 1571 1550
f 1550 1571 1572
f 1550 1572 1549
f 1549 1572 1573
f 1549 1573 1548
f 1548 1573 1574
f 1548 1574 1547
f 1547 1574 1575
f 1547 1575 1546
f 1546 1575 1576
f 1546 1576 1545
f 1545 1576 1577
f 1545 1577 1544
f 1544 1577 1578
f 1544 1578 1543
f 1543 1578 1579
f 1543 1579 1542
f 1542 1579 1580
f 1542 1580 1541
f 1541 1580 1581
f 1541 1581 1540
f 1540 1581 1582
f 1540 1582 1539
f 1539 1582 1583
f 1539 1583 1538
f 1538 1583 1584
f 1538 1584 1521
f 1521 1584 1585
f 1521 1585 1522
f 1522 1585 1586
f 1522 1586 1520
f 1520 1586 1587
f 1520 1587 1519
f 1519 1587 1588
f 1519 1588 1515
f 1515 1588 1589
f 1515 1589 1514
f 1514 1589 1590
f 1514 1590 1513
f 1513 1590 1591
f 1513 1591 1507
f 1507 1591 1592
f 1507 1592 1506
f 1506 1592 1593
f 1506 1593 1505
f 1505 1593 1594
f 1505 1594 1504
f 1504 1594 1595
f 1504 1595 1503
f 1503 1595 1596
f 1503 1596 1502
f 1502 1596 1597
f 1502 1597 1501
f 1501 1597 1598
f 1501 1598 1495
f 1495 1598 1599
f 1495 1599 1496
f 1496 1599 1600
f 1496 1600 1492
f 1492 1600 1601
f 1492 1601 1488
f 1488 1601 1602
f 1488 1602 1487
f 1487 1602 1603
f 1487 1603 1486
f 1486 1603 1604
f 1486 1604 1485
f 1485 1604 1605
f 1485 1605 1482
f 1482 1605 1606
f 1482 1606 1481
f 1481 1606 1607
f 1481 1607 1480
f 1480 1607 1608
f 1480 1608 1479
f 1479 1608 1609
f 1479 1609 1478
f 1478 1609 1610
f 1478 1610 1477
f 1477 1610 1611
f 1477 1611 1476
f 1476 1611 1612
f 1476 1612 1475
f 1475 1612 1613
f 1475 1613 1474
f 1474 1613 1614
f 1474 1614 1473
f 1473 1614 1615
f 1473 1615 1472
f 1472 1615 1616
f 1472 1616 1471
f 1471 1616 1617
f 1471 1617 1470
f 1470 1617 1618
f 1470 1618 1469
f 1469 1618 1619
f 1469 1619 1468
f 1468 1619 1620
f 1468 1620 1467
f 1467 1620 1621
f 1467 1621 1466
f 1466 1621 1622
f 1466 1622 1465
f 1465 1622 1623
f 1465 1623 1464
f 1464 1623 1624
f 1464 1624 1463
f 1463 1624 1625
f 1463 1625 1462
f 1462 1625 1626
f 1462 1626 1439
f 1439 1626 1627
f 1439 1627 1440
f 1440 1627 1628
f 1428 1427 1565
f 1565 1427 1436
f 1565 1436 1566
f 1566 1436 1560
f 1566 1560 1567
f 1567 1560 1559
f 1567 1559 1568
f 1568 1559 1558
f 1568 1558 1569
f 1569 1558 1557
f 1569 1557 1570
f 1570 1557 1556
f 1570 1556 1571
f 1571 1556 1555
f 1571 1555 1572
f 1572 1555 1554
f 1572 1554 1573
f 1573 1554 1537
f 1573 1537 1574
f 1574 1537 1536
f 1574 1536 1575
f 1575 1536 1535
f 1575 1535 1576
f 1576 1535 1534
f 1576 1534 1577
f 1577 1534 1533
f 1577 1533 1578
f 1578 1533 1532
f 1578 1532 1579
f 1579 1532 1531
f 1579 1531 1580
f 1580 1531 1530
f 1580 1530 1581
f 1581 1530 1529
f 1581 1529 1582
f 1582 1529 1528
f 1582 1528 1583
f 1583 1528 1527
f 1583 1527 1584
f 1584 1527 1526
f 1584 1526 1585
f 1585 1526 1525
f 1585 1525 1586
f 1586 1525 1524
f 1586 1524 1587
f 1587 1524 1523
f 1587 1523 1588
f 1588 1523 1516
f 1588 1516 1589
f 1589 1516 1517
f 1589 1517 1590
f 1590 1517 1518
f 1590 1518 1591
f 1591 1518 1508
f 1591 1508 1592
f 1592 1508 1509
f 1592 1509 1593
f 1593 1509 1510
f 1593 1510 1594
f 1594 1510 1511
f 1594 1511 1595
f 1595 1511 1512
f 1595 1512 1596
f 1596 1512 1497
f 1596 1497 1597
f 1597 1497 1498
f 1597 1498 1598
f 1598 1498 1499
f 1598 1499 1599
f 1599 1499 1500
f 1599 1500 1600
f 1600 1500 1494
f 1600 1494 1601
f 1601 1494 1493
f 1601 1493 1602
f 1602 1493 1489
f 1602 1489 1603
f 1603 1489 1490
f 1603 1490 1604
f 1604 1490 1491
f 1604 1491 1605
f 1605 1491 1484
f 1605 1484 1606
f 1606 1484 1483
f 1606 1483 1607
f 1607 1483 1459
f 1607 1459 1608
f 1608 1459 1460
f 1608 1460 1609
f 1609 1460 1461
f 1609 1461 1610
f 1610 1461 1454
f 1610 1454 1611
f 1611 1454 1455
f 1611 1455 1612
f 1612 1455 1456
f 1612 1456 1613
f 1613 1456 1457
f 1613 1457 1614
f 1614 1457 1458
f 1614 1458 1615
f 1615 1458 1453
f 1615 1453 1616
f 1616 1453 1452
f 1616 1452 1617
f 1617 1452 1449
f 1617 1449 1618
f 1618 1449 1450
f 1618 1450 1619
f 1619 1450 1451
f 1619 1451 1620
f 1620 1451 1448
f 1620 1448 1621
f 1621 1448 1447
f 1621 1447 1622
f 1622 1447 1446
f 1622 1446 1623
f 1623 1446 1445
f 1623 1445 1624
f 1624 1445 1444
f 1624 1444 1625
f 1625 1444 1443
f 1625 1443 1626
f 1626 1443 1442
f 1626 1442 1627
f 1627 1442 1441
f 1627 1441 1628
f 1628 1441 438
f 1628 438 437
f 1426 1291 1436
f 1436 1291 1292
f 1436 1292 1294
f 1629 1398 1397
f 1630 1631 1632
f 436 341 1630
f 351 1633 349
f 1634 1635 1633
f 1633 1635 1636
f 349 1633 347
f 347 1633 1636
f 347 1636 346
f 1630 341 1631
f 1631 341 340
f 1631 340 345
f 1398 1629 1399
f 565 1438 1396
f 1396 1438 1637
f 437 436 1628
f 1628 436 1630
f 1628 1630 1440
f 1440 1630 1632
f 1440 1632 1437
f 1437 1632 1638
f 1437 1638 1438
f 1438 1638 1639
f 1438 1639 1637
f 1397 1640 1629
f 1629 1640 1634
f 1629 1634 1399
f 1399 1634 1633
f 1399 1633 351
f 345 346 1631
f 1631 346 1636
f 1631 1636 1632
f 1632 1636 1635
f 1632 1635 1638
f 1638 1635 1634
f 1638 1634 1639
f 1639 1634 1640
f 1639 1640 1637
f 1637 1640 1397
f 1637 1397 1396
f 42 34 1070
f 1070 34 1641
f 1070 1641 1071
f 1071 1641 1642
f 1071 1642 1072
f 1072 1642 1643
f 1072 1643 1079
f 1079 1643 1644
f 1079 1644 1078
f 1078 1644 1645
f 1078 1645 36
f 36 1645 22
f 34 35 1641
f 1641 35 1182
f 1641 1182 1642
f 1642 1182 1181
f 1642 1181 1643
f 1643 1181 1194
f 1643 1194 1644
f 1644 1194 1193
f 1644 1193 1645
f 1645 1193 1192
f 1645 1192 22
f 22 1192 23
f 21 13 810
f 810 13 1646
f 810 1646 809
f 809 1646 1647
f 809 1647 808
f 808 1647 1648
f 808 1648 811
f 811 1648 1649
f 811 1649 798
f 798 1649 1650
f 798 1650 15
f 15 1650 1
f 13 14 1646
f 1646 14 864
f 1646 864 1647
f 1647 864 865
f 1647 865 1648
f 1648 865 862
f 1648 862 1649
f 1649 862 861
f 1649 861 1650
f 1650 861 859
f 1650 859 1
f 1 859 2
f 1651 1652 1653
f 1654 1655 1656
f 1657 1658 1659
f 1660 1661 1662
f 1662 1661 1654
f 1662 1654 1663
f 1663 1654 1656
f 1664 1665 1666
f 1667 1668 1669
f 1669 1668 1670
f 1671 1672 1659
f 1659 1672 1669
f 1659 1669 1657
f 1657 1669 1670
f 1657 1670 1673
f 1669 1674 1667
f 1667 1674 1675
f 1667 1675 1676
f 1676 1675 1677
f 1676 1677 1678
f 1678 1677 1679
f 1678 1679 1680
f 1680 1679 1681
f 1681 1679 1662
f 1681 1662 1682
f 1682 1662 1663
f 1682 1663 1683
f 1663 1684 1683
f 1683 1684 1685
f 1683 1685 1686
f 1686 1685 1687
f 1686 1687 1688
f 1688 1687 1673
f 1688 1673 1689
f 1689 1673 1670
f 1690 1691 1671
f 1671 1691 1692
f 1671 1692 1672
f 1672 1692 1693
f 1672 1693 1694
f 1694 1693 1695
f 1694 1695 1696
f 1697 1661 1698
f 1698 1661 1660
f 1698 1660 1699
f 1699 1660 1700
f 1699 1700 1701
f 1701 1700 1702
f 1701 1702 1703
f 1703 1702 1704
f 1703 1704 1705
f 1705 1704 1706
f 1705 1706 1707
f 1707 1706 1708
f 1707 1708 1709
f 1653 1709 1651
f 1651 1709 1708
f 1651 1708 1666
f 1666 1708 1710
f 1666 1710 1664
f 1664 1710 1711
f 1664 1711 1712
f 1712 1711 1713
f 1712 1713 1714
f 1714 1713 1715
f 1714 1715 1716
f 1716 1715 1717
f 1716 1717 1718
f 1719 1720 1721
f 1721 1720 1722
f 1719 1721 1723
f 1723 1721 1724
f 1723 1724 1725
f 1726 1727 1724
f 1724 1727 1728
f 1724 1728 1725
f 1729 1730 1731
f 1731 1730 1732
f 1731 1732 1733
f 1733 1732 1734
f 1733 1734 1735
f 1735 1734 1736
f 1735 1736 1737
f 1737 1736 1738
f 1730 1729 1739
f 1739 1729 1740
f 1739 1740 1741
f 1741 1740 1742
f 1743 1744 1745
f 1743 1745 1746
f 1746 1745 1747
f 1746 1747 1748
f 1749 1750 1751
f 1751 1750 1748
f 1751 1748 1752
f 1752 1748 1747
f 1743 1727 1744
f 1744 1727 1726
f 1753 1754 1755
f 1755 1754 1756
f 1755 1756 1757
f 1758 1759 1760
f 1760 1759 1761
f 1760 1761 1753
f 1753 1761 1762
f 1753 1762 1754
f 1763 1764 1765
f 1765 1764 1766
f 1765 1766 1767
f 1767 1766 1768
f 1767 1768 1769
f 1769 1768 1770
f 1763 1771 1764
f 1764 1771 1772
f 1773 1774 1775
f 1775 1774 1776
f 1775 1776 1777
f 1777 1776 1778
f 1777 1778 1771
f 1771 1778 1772
f 1779 1780 1781
f 1781 1780 1782
f 1781 1782 1783
f 1783 1782 1784
f 1783 1784 1785
f 1785 1784 1786
f 1785 1786 1787
f 1787 1786 1788
f 1787 1788 1789
f 1790 1791 1792
f 1792 1791 1793
f 1792 1793 1788
f 1788 1793 1789
f 1791 1790 1794
f 1795 1796 1797
f 1797 1796 1798
f 1797 1798 1799
f 1799 1798 1800
f 1799 1800 1801
f 1801 1800 1802
f 1801 1802 1794
f 1794 1802 1803
f 1794 1803 1791
f 1804 1805 1806
f 1804 1806 1807
f 1807 1806 1808
f 1807 1808 1809
f 1809 1808 1810
f 1809 1810 1811
f 1811 1810 1812
f 1811 1812 1813
f 1805 1804 1814
f 1814 1804 1815
f 1814 1815 1816
f 1816 1815 1817
f 1818 1819 1820
f 1820 1819 1821
f 1820 1821 1822
f 1822 1821 1823
f 1822 1823 1824
f 1824 1823 1825
f 1824 1825 1817
f 1817 1825 1816
f 1826 1827 1828
f 1826 1828 1829
f 1829 1828 1830
f 1829 1830 1831
f 1826 1832 1827
f 1827 1832 1833
f 1834 1835 1836
f 1836 1835 1837
f 1835 1838 1837
f 1837 1838 1839
f 1837 1839 1840
f 1833 1832 1841
f 1841 1832 1840
f 1841 1840 1842
f 1842 1840 1839
f 1843 1844 1845
f 1843 1845 1846
f 1846 1845 1847
f 1846 1847 1848
f 1849 1850 1851
f 1849 1851 1847
f 1847 1851 1852
f 1847 1852 1848
f 1850 1849 1853
f 1853 1849 1854
f 1853 1854 1855
f 1855 1854 1856
f 1855 1856 1857
f 1857 1856 1858
f 1858 1856 1859
f 1858 1859 1860
f 1860 1859 1861
f 1860 1861 1862
f 1862 1861 1863
f 1862 1863 1864
f 1865 1866 1867
f 1867 1866 1868
f 1867 1869 1865
f 1865 1869 1870
f 1865 1870 1863
f 1863 1870 1871
f 1863 1871 1864
f 1868 1866 1872
f 1872 1866 1873
f 1872 1873 1874
f 1874 1873 1875
f 1874 1875 1876
f 1876 1875 1877
f 1876 1877 1878
f 1878 1877 1879
f 1878 1879 1880
f 1867 1881 1869
f 1882 1883 1884
f 1885 1886 1887
f 1888 1889 1890
f 1891 1892 1893
f 1894 1895 1896
f 1897 1898 1899
f 1899 1898 1900
f 1899 1901 1897
f 1897 1901 1902
f 1897 1902 1903
f 1903 1902 1904
f 1903 1904 1905
f 1906 1907 1908
f 1908 1907 1909
f 1908 1909 1910
f 1910 1909 1911
f 1911 1909 1912
f 1911 1912 1913
f 1913 1912 1914
f 1913 1914 1915
f 1915 1914 1916
f 1915 1916 1917
f 1917 1916 1918
f 1917 1918 1919
f 1920 1895 1921
f 1921 1895 1894
f 1921 1894 1922
f 1922 1894 1919
f 1922 1919 1923
f 1924 1925 1926
f 1927 1928 1926
f 1926 1928 1929
f 1926 1929 1930
f 1926 1931 1927
f 1927 1931 1890
f 1927 1890 1904
f 1904 1890 1889
f 1904 1889 1905
f 1932 1860 1933
f 1933 1860 1862
f 1933 1862 1934
f 1934 1862 1864
f 1934 1864 1935
f 1935 1864 1871
f 1935 1871 1936
f 1937 1938 1939
f 1939 1938 1940
f 1940 1941 1939
f 1939 1941 1942
f 1939 1942 1943
f 1944 1945 1946
f 1946 1945 1947
f 1944 1948 1945
f 1945 1948 1949
f 1945 1949 1950
f 1950 1949 1951
f 1952 1953 1954
f 1954 1953 1955
f 1954 1955 1956
f 1954 1858 1952
f 1952 1858 1860
f 1952 1860 1957
f 1957 1860 1932
f 1958 1959 1882
f 1882 1959 1883
f 1883 1959 1960
f 1883 1960 1961
f 1962 1963 1964
f 1964 1963 1965
f 1966 1967 1965
f 1965 1967 1968
f 1965 1968 1969
f 1970 1971 1968
f 1968 1971 1972
f 1968 1972 1969
f 1973 1974 1975
f 1975 1974 1976
f 1975 1976 1977
f 1978 1979 1980
f 1981 1982 1983
f 1981 1983 1961
f 1984 1985 1888
f 1985 1984 1986
f 1986 1984 1878
f 1986 1878 1987
f 1906 1899 1907
f 1907 1899 1900
f 1907 1900 1880
f 1880 1900 1988
f 1880 1988 1878
f 1878 1988 1989
f 1878 1989 1987
f 1876 1878 1990
f 1991 1992 1984
f 1984 1992 1993
f 1984 1993 1878
f 1878 1993 1994
f 1878 1994 1990
f 1990 1995 1876
f 1876 1995 1996
f 1876 1996 1874
f 1874 1996 1997
f 1874 1997 1998
f 1998 1997 1999
f 1998 1999 2000
f 2000 1999 2001
f 2000 2001 2002
f 2003 2004 2005
f 2005 2004 2006
f 2006 2007 2008
f 2008 2007 2009
f 2008 2009 2010
f 2010 2009 2011
f 2012 2013 2014
f 2014 2013 2015
f 2014 2015 2016
f 2016 2015 2017
f 2016 2017 2018
f 2018 2017 2019
f 2018 2019 2020
f 2021 2022 2023
f 2023 2022 2024
f 2025 2010 2014
f 2014 2010 2011
f 2014 2011 2012
f 1970 2026 1971
f 1971 2026 2027
f 1971 2027 1892
f 1892 2027 2028
f 1892 2028 1893
f 1893 2028 2029
f 1893 2029 2014
f 2014 2029 2030
f 2014 2030 2025
f 1920 2031 1895
f 1895 2031 2032
f 1895 2032 2033
f 2033 2032 2034
f 2033 2034 2035
f 2035 2034 2036
f 2035 2036 2037
f 2037 2036 2038
f 2037 2038 2039
f 2039 2038 2040
f 2039 2040 2041
f 1983 2042 1961
f 1961 2042 2043
f 1961 2043 1883
f 1883 2043 2044
f 1883 2044 1884
f 1884 2044 2045
f 2044 2046 2045
f 2045 2046 2047
f 2045 2047 2048
f 2048 2047 2049
f 2048 2049 2050
f 2051 2052 2053
f 2053 2052 2054
f 2053 2054 2055
f 2055 2054 2056
f 2055 2056 2057
f 2058 2059 2060
f 2060 2061 2058
f 2058 2061 2062
f 2058 2062 2063
f 2056 2064 2057
f 2057 2064 2065
f 2057 2065 2066
f 2066 2065 2067
f 2066 2067 2059
f 2059 2067 2068
f 2059 2068 2060
f 1930 2069 1926
f 1926 2069 2070
f 1926 2070 1924
f 1924 2070 2059
f 1924 2059 2071
f 2071 2059 2072
f 2072 2059 2073
f 2073 2059 2058
f 2073 2058 2074
f 2074 2058 2075
f 2075 2058 2076
f 2075 2076 2077
f 2078 2079 1975
f 1975 2079 2080
f 1975 2080 1973
f 1973 2080 2077
f 1973 2077 2081
f 2081 2077 2076
f 2081 2076 2082
f 2082 2076 1980
f 2082 1980 1981
f 1981 1980 1979
f 1981 1979 1982
f 1955 1947 1956
f 1956 1947 1945
f 1956 1945 2083
f 2083 1945 2084
f 2083 2084 2085
f 2086 2087 1950
f 1950 2087 2088
f 1950 2088 1945
f 1945 2088 2089
f 1945 2089 2084
f 2063 2051 2090
f 2090 2051 2053
f 2090 2053 2091
f 2091 2053 2048
f 2091 2048 2092
f 2092 2048 2050
f 2092 2050 2093
f 1914 2094 1916
f 1916 2094 2039
f 1916 2039 1918
f 1918 2039 2041
f 1918 2041 1919
f 1919 2041 2095
f 1919 2095 1923
f 1881 1867 2000
f 2000 1867 1868
f 2000 1868 1998
f 1998 1868 1872
f 1998 1872 1874
f 1941 1936 1942
f 1942 1936 1871
f 1942 1871 1943
f 1943 1871 1870
f 1943 1870 1869
f 1851 1850 2005
f 2005 1850 2018
f 2005 2018 2003
f 2003 2018 2020
f 1850 1853 2018
f 2018 1853 1855
f 2018 1855 2096
f 2096 1855 1857
f 2096 1857 2097
f 2006 2008 2005
f 2005 2008 1852
f 2005 1852 1851
f 1848 2098 1846
f 1846 2098 2023
f 1846 2023 1966
f 1966 2023 2024
f 1966 2024 1967
f 1958 1882 2099
f 2099 1882 2100
f 2099 2100 1962
f 1962 2100 2101
f 1962 2101 1963
f 1963 2101 2102
f 1963 2102 1965
f 1965 2102 2103
f 1965 2103 1966
f 1966 2103 1843
f 1966 1843 1846
f 1848 1852 2098
f 2098 1852 2008
f 2098 2008 2023
f 2023 2008 2010
f 2023 2010 2021
f 2021 2010 2025
f 2104 2096 2105
f 2105 2096 2097
f 2105 2097 2106
f 2107 2108 2109
f 2104 2110 2096
f 2096 2110 2111
f 2096 2111 2018
f 2018 2111 2112
f 2018 2112 2113
f 1977 1891 1975
f 1975 1891 1893
f 1975 1893 2078
f 2078 1893 2014
f 2078 2014 2114
f 2114 2014 2016
f 2114 2016 2107
f 2107 2016 2018
f 2107 2018 2108
f 2108 2018 2113
f 2109 2115 2107
f 2107 2115 2116
f 2107 2116 2097
f 2097 2116 2117
f 2097 2117 2106
f 1857 1858 2097
f 2097 1858 1954
f 2097 1954 2107
f 2107 1954 1956
f 2107 1956 2114
f 2114 1956 2083
f 2114 2083 2078
f 2078 2083 2085
f 2078 2085 2079
f 2079 2085 2084
f 2063 2090 2058
f 2058 2090 2091
f 2058 2091 2076
f 2076 2091 2092
f 2076 2092 1980
f 1980 2092 2093
f 1980 2093 1978
f 2070 1896 2059
f 2059 1896 1895
f 2059 1895 2066
f 2066 1895 2033
f 2066 2033 2057
f 2057 2033 2035
f 2118 1887 1991
f 1991 1887 1886
f 1991 1886 1992
f 2119 2120 2118
f 2118 2120 2121
f 2118 2121 1887
f 1887 2121 2000
f 1887 2000 1885
f 1885 2000 2002
f 2122 2123 1943
f 1943 2123 2124
f 1951 1937 1950
f 1950 1937 1939
f 1950 1939 2125
f 2125 1939 1943
f 2125 1943 2126
f 2126 1943 2124
f 1869 1881 1943
f 1943 1881 2127
f 1943 2127 2122
f 2126 2128 2125
f 2125 2128 2129
f 2125 2129 2130
f 2131 2132 2000
f 2000 2132 2133
f 2000 2133 1881
f 1881 2133 2134
f 1881 2134 2127
f 2119 2086 2120
f 2120 2086 1950
f 2120 1950 2121
f 2121 1950 2125
f 2121 2125 2000
f 2000 2125 2130
f 2000 2130 2131
f 1888 1890 1984
f 1984 1890 1931
f 1984 1931 1991
f 1991 1931 1926
f 1991 1926 2118
f 2118 1926 1925
f 2118 1925 2119
f 2135 1925 2136
f 2136 1925 1924
f 2136 1924 2137
f 2137 1924 2071
f 2137 2071 2138
f 2138 2071 2072
f 2138 2072 2139
f 2139 2072 2073
f 2139 2073 2140
f 2140 2073 2074
f 2140 2074 2141
f 2141 2074 2075
f 2141 2075 2142
f 2142 2075 2077
f 2142 2077 2143
f 2143 2077 2080
f 2144 2067 2145
f 2145 2067 2065
f 2145 2065 2146
f 2146 2065 2064
f 2146 2064 2147
f 2147 2064 2056
f 2147 2056 2148
f 2148 2056 2054
f 2148 2054 2149
f 2149 2054 2052
f 2149 2052 2150
f 2150 2052 2051
f 2151 2144 2152
f 2152 2144 2145
f 2152 2145 2153
f 2153 2145 2146
f 2153 2146 2154
f 2154 2146 2147
f 2154 2147 2155
f 2155 2147 2148
f 2155 2148 2156
f 2156 2148 2149
f 2156 2149 2157
f 2157 2149 2150
f 2158 2093 2159
f 2159 2093 2050
f 2159 2050 2160
f 2160 2050 2049
f 2160 2049 2161
f 2161 2049 2047
f 2161 2047 2162
f 2162 2047 2046
f 2162 2046 2163
f 2163 2046 2044
f 2163 2044 2164
f 2164 2044 2043
f 2165 2166 2167
f 2168 2169 2165
f 2167 2170 2171
f 2171 2170 2172
f 2167 2171 2165
f 2165 2171 2173
f 2165 2173 2168
f 2172 2174 2171
f 2171 2174 2175
f 2171 2175 2176
f 2168 2158 2169
f 2169 2158 2159
f 2169 2159 2165
f 2165 2159 2160
f 2165 2160 2166
f 2166 2160 2161
f 2166 2161 2167
f 2167 2161 2162
f 2167 2162 2170
f 2170 2162 2163
f 2170 2163 2172
f 2172 2163 2164
f 2177 2095 2178
f 2178 2095 2041
f 2178 2041 2179
f 2179 2041 2040
f 2179 2040 2180
f 2180 2040 2038
f 2180 2038 2181
f 2181 2038 2036
f 2181 2036 2182
f 2182 2036 2034
f 2182 2034 2183
f 2183 2034 2032
f 2184 2185 2186
f 2187 2188 2189
f 2190 2191 2187
f 2186 2192 2190
f 2189 2193 2194
f 2190 2187 2186
f 2186 2187 2189
f 2186 2189 2184
f 2184 2189 2194
f 2184 2194 2195
f 2194 2177 2195
f 2195 2177 2178
f 2195 2178 2184
f 2184 2178 2179
f 2184 2179 2185
f 2185 2179 2180
f 2185 2180 2186
f 2186 2180 2181
f 2186 2181 2192
f 2192 2181 2182
f 2192 2182 2190
f 2190 2182 2183
f 2196 2029 2197
f 2197 2029 2028
f 2197 2028 2198
f 2198 2028 2027
f 2198 2027 2199
f 2199 2027 2026
f 2199 2026 2200
f 2200 2026 1970
f 2200 1970 2201
f 2201 1970 1968
f 2201 1968 2202
f 2202 1968 1967
f 2203 2204 2205
f 2206 2203 2207
f 2207 2203 2205
f 2207 2205 2208
f 2208 2205 2209
f 2210 2211 2212
f 2212 2211 2213
f 2212 2213 2208
f 2208 2213 2214
f 2208 2214 2207
f 2207 2196 2206
f 2206 2196 2197
f 2206 2197 2203
f 2203 2197 2198
f 2203 2198 2204
f 2204 2198 2199
f 2204 2199 2205
f 2205 2199 2200
f 2205 2200 2209
f 2209 2200 2201
f 2209 2201 2208
f 2208 2201 2202
f 2215 2017 2216
f 2216 2017 2015
f 2216 2015 2217
f 2217 2015 2013
f 2217 2013 2218
f 2218 2013 2012
f 2218 2012 2219
f 2219 2012 2011
f 2219 2011 2220
f 2220 2011 2009
f 2220 2009 2221
f 2221 2009 2007
f 2222 2215 2223
f 2223 2215 2216
f 2223 2216 2224
f 2224 2216 2217
f 2224 2217 2225
f 2225 2217 2218
f 2225 2218 2226
f 2226 2218 2219
f 2226 2219 2227
f 2227 2219 2220
f 2227 2220 2228
f 2228 2220 2221
f 2229 2116 2230
f 2230 2116 2115
f 2230 2115 2231
f 2231 2115 2109
f 2231 2109 2232
f 2232 2109 2108
f 2232 2108 2233
f 2233 2108 2113
f 2233 2113 2234
f 2234 2113 2112
f 2234 2112 2235
f 2235 2112 2111
f 2236 2237 2238
f 2239 2240 2241
f 2241 2240 2242
f 2241 2242 2243
f 2244 2236 2245
f 2245 2236 2242
f 2245 2242 2246
f 2236 2238 2242
f 2242 2238 2247
f 2242 2247 2243
f 2242 2229 2246
f 2246 2229 2230
f 2246 2230 2245
f 2245 2230 2231
f 2245 2231 2244
f 2244 2231 2232
f 2244 2232 2236
f 2236 2232 2233
f 2236 2233 2237
f 2237 2233 2234
f 2237 2234 2238
f 2238 2234 2235
f 2248 2133 2249
f 2249 2133 2132
f 2249 2132 2250
f 2250 2132 2131
f 2250 2131 2251
f 2251 2131 2130
f 2251 2130 2252
f 2252 2130 2129
f 2252 2129 2253
f 2253 2129 2128
f 2253 2128 2254
f 2254 2128 2126
f 2255 2256 2257
f 2256 2258 2259
f 2260 2257 2261
f 2261 2257 2256
f 2261 2256 2262
f 2262 2256 2259
f 2263 2264 2265
f 2265 2264 2255
f 2265 2255 2266
f 2266 2255 2257
f 2263 2248 2264
f 2264 2248 2249
f 2264 2249 2255
f 2255 2249 2250
f 2255 2250 2256
f 2256 2250 2251
f 2256 2251 2258
f 2258 2251 2252
f 2258 2252 2259
f 2259 2252 2253
f 2259 2253 2262
f 2262 2253 2254
f 2267 1995 2268
f 2268 1995 1990
f 2268 1990 2269
f 2269 1990 1994
f 2269 1994 2270
f 2270 1994 1993
f 2270 1993 2271
f 2271 1993 1992
f 2271 1992 2272
f 2272 1992 1886
f 2272 1886 2273
f 2273 1886 1885
f 2274 2267 2275
f 2275 2267 2268
f 2275 2268 2276
f 2276 2268 2269
f 2276 2269 2277
f 2277 2269 2270
f 2277 2270 2278
f 2278 2270 2271
f 2278 2271 2279
f 2279 2271 2272
f 2279 2272 2280
f 2280 2272 2273
f 2281 1988 2282
f 2282 1988 1900
f 2282 1900 2283
f 2283 1900 1898
f 2283 1898 2284
f 2284 1898 1897
f 2284 1897 2285
f 2285 1897 1903
f 2285 1903 2286
f 2286 1903 1905
f 2286 1905 2287
f 2287 1905 1889
f 2288 2289 2290
f 2291 2292 2293
f 2293 2292 2294
f 2293 2294 2295
f 2295 2294 2296
f 2292 2297 2294
f 2294 2297 2288
f 2294 2288 2298
f 2298 2288 2290
f 2298 2290 2299
f 2296 2281 2295
f 2295 2281 2282
f 2295 2282 2293
f 2293 2282 2283
f 2293 2283 2291
f 2291 2283 2284
f 2291 2284 2292
f 2292 2284 2285
f 2292 2285 2297
f 2297 2285 2286
f 2297 2286 2288
f 2288 2286 2287
f 1737 1961 1735
f 1735 1961 1960
f 1735 1960 1733
f 1733 1960 1959
f 1733 1959 1731
f 1731 1959 1958
f 1731 1958 1729
f 1729 1958 2099
f 1720 1981 1737
f 1737 1981 1961
f 1757 1756 1749
f 1749 1756 1750
f 1727 1743 1974
f 1974 1743 1976
f 1727 1974 1728
f 1728 1974 1973
f 1728 1973 1725
f 1725 1973 2081
f 1725 2081 1723
f 1750 1892 1748
f 1748 1892 1891
f 1748 1891 1746
f 1746 1891 1977
f 1746 1977 1743
f 1743 1977 1976
f 1892 1750 1971
f 1971 1750 1756
f 1971 1756 1972
f 1972 1756 1754
f 1972 1754 1969
f 1969 1754 1762
f 1969 1762 1965
f 1742 1964 1759
f 1759 1964 1965
f 1759 1965 1761
f 1761 1965 1762
f 1729 2099 1740
f 1740 2099 1962
f 1740 1962 1742
f 1742 1962 1964
f 1722 1720 1738
f 1738 1720 1737
f 1932 1791 1957
f 1957 1791 1803
f 1957 1803 1952
f 1803 1802 1952
f 1952 1802 1800
f 1952 1800 1953
f 2300 1955 1796
f 1796 1955 1953
f 1796 1953 1798
f 1798 1953 1800
f 1773 1947 2300
f 2300 1947 1955
f 1771 1948 1777
f 1777 1948 1944
f 1777 1944 1775
f 1775 1944 1946
f 1775 1946 1773
f 1773 1946 1947
f 1771 1763 1948
f 1948 1763 1949
f 1769 1938 1767
f 1767 1938 1937
f 1767 1937 1765
f 1765 1937 1951
f 1765 1951 1763
f 1763 1951 1949
f 1938 1769 1940
f 1940 1769 1779
f 1780 1779 1770
f 1770 1779 1769
f 1774 1773 2301
f 2301 1773 2300
f 1789 1934 1787
f 1787 1934 1935
f 1787 1935 1785
f 1785 1935 1936
f 1785 1936 1783
f 1783 1936 1941
f 1783 1941 1781
f 1791 1932 1793
f 1793 1932 1933
f 1793 1933 1789
f 1789 1933 1934
f 1813 1902 1811
f 1811 1902 1901
f 1811 1901 1809
f 1809 1901 1899
f 1809 1899 1807
f 1807 1899 1906
f 1819 1818 2302
f 2302 1818 2303
f 2070 2069 1826
f 1826 1829 2070
f 2070 1829 1831
f 2070 1831 1896
f 2303 1894 2304
f 2304 1894 1896
f 2304 1896 2305
f 2305 1896 1831
f 1894 2303 1919
f 1919 2303 1818
f 1817 1911 1824
f 1824 1911 1913
f 1824 1913 1822
f 1822 1913 1915
f 1822 1915 1820
f 1820 1915 1917
f 1820 1917 1818
f 1818 1917 1919
f 1804 1908 1815
f 1815 1908 1910
f 1815 1910 1817
f 1817 1910 1911
f 1834 1836 1812
f 1812 1836 1813
f 1902 1813 1904
f 1904 1813 1836
f 1904 1836 1927
f 1832 1930 1840
f 1840 1930 1929
f 1840 1929 1837
f 1837 1929 1928
f 1837 1928 1836
f 1836 1928 1927
f 1832 1826 1930
f 1930 1826 2069
f 2306 2307 2308
f 2275 2276 2277
f 2279 2280 2309
f 2309 2280 2306
f 2309 2306 2310
f 2310 2306 2308
f 2309 2274 2279
f 2279 2274 2275
f 2279 2275 2278
f 2278 2275 2277
f 2223 2224 2225
f 2311 2312 2313
f 2314 2222 2227
f 2227 2222 2223
f 2227 2223 2226
f 2226 2223 2225
f 2227 2228 2314
f 2314 2228 2311
f 2314 2311 2315
f 2315 2311 2313
f 2316 2151 2152
f 2156 2157 2317
f 2154 2155 2156
f 2318 2319 2316
f 2154 2156 2153
f 2153 2156 2152
f 2152 2156 2317
f 2152 2317 2316
f 2316 2317 2320
f 2316 2320 2318
f 2321 2322 2323
f 2321 2323 2324
f 2323 2325 2324
f 2324 2325 2326
f 2324 2326 2327
f 2328 2326 2329
f 2329 2326 2325
f 2329 2325 2330
f 2330 2325 2323
f 2330 2323 2331
f 2332 2333 2334
f 2332 2334 2335
f 2334 2336 2335
f 2335 2336 2337
f 2335 2337 2338
f 2339 2337 2340
f 2340 2337 2336
f 2340 2336 2341
f 2341 2336 2334
f 2341 2334 2342
f 2343 2344 2345
f 2343 2345 2346
f 2345 2347 2346
f 2346 2347 2348
f 2346 2348 2349
f 2350 2348 2351
f 2351 2348 2347
f 2351 2347 2352
f 2352 2347 2345
f 2352 2345 2353
f 2354 2355 2356
f 2354 2356 2357
f 2356 2358 2357
f 2357 2358 2359
f 2357 2359 2360
f 2361 2359 2362
f 2362 2359 2358
f 2362 2358 2363
f 2363 2358 2356
f 2363 2356 2364
f 2365 2366 2367
f 2365 2367 2368
f 2367 2369 2368
f 2368 2369 2370
f 2368 2370 2371
f 2372 2370 2373
f 2373 2370 2369
f 2373 2369 2374
f 2374 2369 2367
f 2374 2367 2375
f 2376 2377 2378
f 2376 2378 2379
f 2380 2381 2382
f 2382 2381 2383
f 2384 2381 2385
f 2385 2381 2380
f 2385 2380 2386
f 2387 2386 2388
f 2388 2386 2380
f 2388 2380 2378
f 2378 2380 2382
f 2378 2382 2379
f 2379 2382 2383
f 2379 2383 2389
f 2390 2391 2392
f 2390 2392 2393
f 2392 2394 2393
f 2393 2394 2395
f 2393 2395 2396
f 2397 2395 2398
f 2398 2395 2394
f 2398 2394 2399
f 2399 2394 2392
f 2399 2392 2400
f 2401 2402 2403
f 2401 2403 2404
f 2403 2405 2404
f 2404 2405 2406
f 2404 2406 2407
f 2408 2406 2409
f 2409 2406 2405
f 2409 2405 2410
f 2410 2405 2403
f 2410 2403 2411
f 2412 2413 2414
f 2412 2414 2415
f 2414 2416 2415
f 2415 2416 2417
f 2415 2417 2418
f 2419 2417 2420
f 2420 2417 2416
f 2420 2416 2421
f 2421 2416 2414
f 2421 2414 2422
f 2423 2424 2425
f 2423 2425 2426
f 2425 2427 2426
f 2426 2427 2428
f 2426 2428 2429
f 2430 2428 2431
f 2431 2428 2427
f 2431 2427 2432
f 2432 2427 2425
f 2432 2425 2433
f 2434 2435 2436
f 2434 2436 2437
f 2436 2438 2437
f 2437 2438 2439
f 2437 2439 2440
f 2441 2439 2442
f 2442 2439 2438
f 2442 2438 2443
f 2443 2438 2436
f 2443 2436 2444
f 2445 2446 2447
f 2445 2447 2448
f 2447 2449 2448
f 2448 2449 2450
f 2448 2450 2451
f 2452 2450 2453
f 2453 2450 2449
f 2453 2449 2454
f 2454 2449 2447
f 2454 2447 2455
f 2456 2457 2458
f 2459 2460 2461
f 2462 2463 2464
f 2464 2463 2465
f 2465 2463 2466
f 2466 2463 2467
f 2466 2467 2468
f 2468 2467 2469
f 2469 2467 2458
f 2469 2458 2470
f 2470 2458 2457
f 2470 2457 2471
f 2472 2456 2473
f 2473 2456 2458
f 2473 2458 2474
f 2474 2458 2467
f 2474 2467 2475
f 2475 2467 2476
f 2476 2467 2463
f 2476 2463 2461
f 2461 2463 2462
f 2461 2462 2459
f 2339 2340 2477
f 2477 2340 2341
f 2477 2341 2478
f 2478 2341 2342
f 2478 2342 2479
f 2479 2342 2480
f 2479 2480 2481
f 2481 2480 2482
f 2481 2482 2483
f 2483 2482 2484
f 2485 2486 2487
f 2487 2486 2322
f 2487 2322 2488
f 2488 2322 2321
f 2488 2321 2489
f 2489 2321 2324
f 2489 2324 2490
f 2490 2324 2327
f 2491 2492 2493
f 2493 2492 2494
f 2493 2494 2495
f 2495 2494 2496
f 2495 2496 2497
f 2497 2496 2498
f 2497 2498 2499
f 2499 2498 2500
f 2499 2500 2501
f 2501 2500 2502
f 2501 2502 2503
f 2503 2502 2504
f 2503 2504 2505
f 2505 2504 2506
f 2505 2506 2507
f 2507 2506 2508
f 2507 2508 2509
f 2509 2508 2510
f 2509 2510 2511
f 2511 2510 2512
f 2511 2512 2513
f 2513 2512 2514
f 2513 2514 2491
f 2491 2514 2492
f 2339 2492 2515
f 2515 2492 2514
f 2515 2514 2327
f 2327 2514 2512
f 2327 2512 2490
f 2490 2512 2510
f 2490 2510 2489
f 2489 2510 2508
f 2489 2508 2488
f 2488 2508 2506
f 2488 2506 2487
f 2487 2506 2504
f 2487 2504 2485
f 2339 2477 2492
f 2492 2477 2478
f 2492 2478 2494
f 2494 2478 2479
f 2494 2479 2496
f 2496 2479 2481
f 2496 2481 2498
f 2498 2481 2483
f 2498 2483 2500
f 2500 2483 2484
f 2500 2484 2502
f 2502 2484 2516
f 2502 2516 2504
f 2504 2516 2517
f 2504 2517 2485
f 2485 2517 2518
f 2485 2518 2486
f 2519 2520 2521
f 2522 2523 2524
f 2524 2523 2525
f 2524 2525 2526
f 2522 2524 2527
f 2527 2524 2528
f 2527 2528 2529
f 2529 2528 2530
f 2530 2528 2519
f 2530 2519 2531
f 2532 2531 2533
f 2533 2531 2519
f 2533 2519 2534
f 2534 2519 2521
f 2520 2519 2535
f 2535 2519 2528
f 2535 2528 2536
f 2536 2528 2537
f 2537 2528 2524
f 2537 2524 2538
f 2538 2524 2526
f 2538 2526 2539
f 2350 2351 2540
f 2540 2351 2352
f 2540 2352 2541
f 2541 2352 2353
f 2541 2353 2542
f 2542 2353 2543
f 2542 2543 2544
f 2544 2543 2545
f 2544 2545 2546
f 2546 2545 2547
f 2548 2549 2550
f 2550 2549 2333
f 2550 2333 2551
f 2551 2333 2332
f 2551 2332 2552
f 2552 2332 2335
f 2552 2335 2553
f 2553 2335 2338
f 2554 2555 2556
f 2556 2555 2557
f 2556 2557 2558
f 2558 2557 2559
f 2558 2559 2560
f 2560 2559 2561
f 2560 2561 2562
f 2562 2561 2563
f 2562 2563 2564
f 2564 2563 2565
f 2564 2565 2566
f 2566 2565 2567
f 2566 2567 2568
f 2568 2567 2569
f 2568 2569 2570
f 2570 2569 2571
f 2570 2571 2572
f 2572 2571 2573
f 2572 2573 2574
f 2574 2573 2575
f 2574 2575 2576
f 2576 2575 2577
f 2576 2577 2554
f 2554 2577 2555
f 2350 2555 2578
f 2578 2555 2577
f 2578 2577 2338
f 2338 2577 2575
f 2338 2575 2553
f 2553 2575 2573
f 2553 2573 2552
f 2552 2573 2571
f 2552 2571 2551
f 2551 2571 2569
f 2551 2569 2550
f 2550 2569 2567
f 2550 2567 2548
f 2350 2540 2555
f 2555 2540 2541
f 2555 2541 2557
f 2557 2541 2542
f 2557 2542 2559
f 2559 2542 2544
f 2559 2544 2561
f 2561 2544 2546
f 2561 2546 2563
f 2563 2546 2547
f 2563 2547 2565
f 2565 2547 2579
f 2565 2579 2567
f 2567 2579 2580
f 2567 2580 2548
f 2548 2580 2581
f 2548 2581 2549
f 2582 2583 2584
f 2585 2586 2587
f 2587 2586 2588
f 2587 2588 2589
f 2585 2587 2590
f 2590 2587 2591
f 2590 2591 2592
f 2592 2591 2593
f 2593 2591 2582
f 2593 2582 2594
f 2595 2594 2596
f 2596 2594 2582
f 2596 2582 2597
f 2597 2582 2584
f 2583 2582 2598
f 2598 2582 2591
f 2598 2591 2599
f 2599 2591 2600
f 2600 2591 2587
f 2600 2587 2601
f 2601 2587 2589
f 2601 2589 2602
f 2361 2362 2603
f 2603 2362 2363
f 2603 2363 2604
f 2604 2363 2364
f 2604 2364 2605
f 2605 2364 2606
f 2605 2606 2607
f 2607 2606 2608
f 2607 2608 2609
f 2609 2608 2610
f 2611 2612 2613
f 2613 2612 2344
f 2613 2344 2614
f 2614 2344 2343
f 2614 2343 2615
f 2615 2343 2346
f 2615 2346 2616
f 2616 2346 2349
f 2617 2618 2619
f 2619 2618 2620
f 2619 2620 2621
f 2621 2620 2622
f 2621 2622 2623
f 2623 2622 2624
f 2623 2624 2625
f 2625 2624 2626
f 2625 2626 2627
f 2627 2626 2628
f 2627 2628 2629
f 2629 2628 2630
f 2629 2630 2631
f 2631 2630 2632
f 2631 2632 2633
f 2633 2632 2634
f 2633 2634 2635
f 2635 2634 2636
f 2635 2636 2637
f 2637 2636 2638
f 2637 2638 2639
f 2639 2638 2640
f 2639 2640 2617
f 2617 2640 2618
f 2361 2618 2641
f 2641 2618 2640
f 2641 2640 2349
f 2349 2640 2638
f 2349 2638 2616
f 2616 2638 2636
f 2616 2636 2615
f 2615 2636 2634
f 2615 2634 2614
f 2614 2634 2632
f 2614 2632 2613
f 2613 2632 2630
f 2613 2630 2611
f 2361 2603 2618
f 2618 2603 2604
f 2618 2604 2620
f 2620 2604 2605
f 2620 2605 2622
f 2622 2605 2607
f 2622 2607 2624
f 2624 2607 2609
f 2624 2609 2626
f 2626 2609 2610
f 2626 2610 2628
f 2628 2610 2642
f 2628 2642 2630
f 2630 2642 2643
f 2630 2643 2611
f 2611 2643 2644
f 2611 2644 2612
f 2645 2646 2647
f 2647 2646 2648
f 2647 2648 2649
f 2649 2648 2650
f 2650 2648 2651
f 2650 2651 2652
f 2651 2653 2654
f 2655 2652 2656
f 2656 2652 2651
f 2656 2651 2657
f 2657 2651 2654
f 2653 2651 2658
f 2658 2651 2648
f 2658 2648 2659
f 2645 2660 2646
f 2646 2660 2661
f 2646 2661 2662
f 2659 2648 2663
f 2663 2648 2646
f 2663 2646 2664
f 2664 2646 2662
f 2664 2662 2665
f 2666 2374 2667
f 2667 2374 2375
f 2667 2375 2668
f 2668 2375 2669
f 2668 2669 2670
f 2670 2669 2671
f 2670 2671 2672
f 2672 2671 2673
f 2674 2675 2676
f 2676 2675 2677
f 2676 2677 2678
f 2678 2677 2355
f 2678 2355 2679
f 2679 2355 2354
f 2679 2354 2680
f 2680 2354 2357
f 2680 2357 2681
f 2681 2357 2360
f 2682 2683 2684
f 2684 2683 2685
f 2684 2685 2686
f 2686 2685 2687
f 2686 2687 2688
f 2688 2687 2689
f 2688 2689 2690
f 2690 2689 2691
f 2690 2691 2692
f 2692 2691 2693
f 2692 2693 2694
f 2694 2693 2695
f 2694 2695 2696
f 2696 2695 2697
f 2696 2697 2698
f 2698 2697 2699
f 2698 2699 2700
f 2700 2699 2701
f 2700 2701 2702
f 2702 2701 2703
f 2702 2703 2704
f 2704 2703 2705
f 2704 2705 2682
f 2682 2705 2683
f 2674 2683 2706
f 2706 2683 2705
f 2706 2705 2673
f 2673 2705 2703
f 2673 2703 2672
f 2672 2703 2701
f 2672 2701 2670
f 2670 2701 2699
f 2670 2699 2668
f 2668 2699 2697
f 2668 2697 2667
f 2667 2697 2695
f 2667 2695 2666
f 2674 2676 2683
f 2683 2676 2678
f 2683 2678 2685
f 2685 2678 2679
f 2685 2679 2687
f 2687 2679 2680
f 2687 2680 2689
f 2689 2680 2681
f 2689 2681 2691
f 2691 2681 2360
f 2691 2360 2693
f 2693 2360 2707
f 2693 2707 2695
f 2695 2707 2372
f 2695 2372 2666
f 2666 2372 2373
f 2666 2373 2374
f 2708 2709 2710
f 2710 2709 2711
f 2708 2710 2712
f 2712 2710 2713
f 2712 2713 2714
f 2714 2713 2715
f 2715 2713 2716
f 2715 2716 2717
f 2717 2716 2718
f 2717 2718 2719
f 2720 2386 2721
f 2721 2386 2387
f 2721 2387 2722
f 2722 2387 2723
f 2722 2723 2724
f 2724 2723 2725
f 2724 2725 2726
f 2726 2725 2727
f 2728 2729 2730
f 2730 2729 2731
f 2730 2731 2732
f 2732 2731 2366
f 2732 2366 2733
f 2733 2366 2365
f 2733 2365 2734
f 2734 2365 2368
f 2734 2368 2735
f 2735 2368 2371
f 2736 2737 2738
f 2738 2737 2739
f 2738 2739 2740
f 2740 2739 2741
f 2740 2741 2742
f 2742 2741 2743
f 2742 2743 2744
f 2744 2743 2745
f 2744 2745 2746
f 2746 2745 2747
f 2746 2747 2748
f 2748 2747 2749
f 2748 2749 2750
f 2750 2749 2751
f 2750 2751 2752
f 2752 2751 2753
f 2752 2753 2754
f 2754 2753 2755
f 2754 2755 2756
f 2756 2755 2757
f 2756 2757 2758
f 2758 2757 2759
f 2758 2759 2736
f 2736 2759 2737
f 2728 2737 2760
f 2760 2737 2759
f 2760 2759 2727
f 2727 2759 2757
f 2727 2757 2726
f 2726 2757 2755
f 2726 2755 2724
f 2724 2755 2753
f 2724 2753 2722
f 2722 2753 2751
f 2722 2751 2721
f 2721 2751 2749
f 2721 2749 2720
f 2728 2730 2737
f 2737 2730 2732
f 2737 2732 2739
f 2739 2732 2733
f 2739 2733 2741
f 2741 2733 2734
f 2741 2734 2743
f 2743 2734 2735
f 2743 2735 2745
f 2745 2735 2371
f 2745 2371 2747
f 2747 2371 2761
f 2747 2761 2749
f 2749 2761 2384
f 2749 2384 2720
f 2720 2384 2385
f 2720 2385 2386
f 2762 2763 2764
f 2765 2766 2767
f 2768 2769 2770
f 2770 2769 2771
f 2771 2769 2772
f 2772 2769 2773
f 2772 2773 2774
f 2774 2773 2775
f 2775 2773 2767
f 2775 2767 2776
f 2776 2767 2766
f 2776 2766 2777
f 2778 2765 2779
f 2779 2765 2767
f 2779 2767 2780
f 2780 2767 2773
f 2780 2773 2781
f 2781 2773 2782
f 2782 2773 2769
f 2782 2769 2764
f 2764 2769 2768
f 2764 2768 2762
f 2783 2784 2785
f 2785 2784 2786
f 2785 2786 2787
f 2787 2786 2377
f 2787 2377 2788
f 2788 2377 2376
f 2788 2376 2789
f 2789 2376 2379
f 2789 2379 2790
f 2790 2379 2389
f 2791 2399 2792
f 2792 2399 2400
f 2792 2400 2793
f 2793 2400 2794
f 2793 2794 2795
f 2795 2794 2796
f 2795 2796 2797
f 2797 2796 2798
f 2799 2800 2801
f 2801 2800 2802
f 2801 2802 2803
f 2803 2802 2804
f 2803 2804 2805
f 2805 2804 2806
f 2805 2806 2807
f 2807 2806 2808
f 2807 2808 2809
f 2809 2808 2810
f 2809 2810 2811
f 2811 2810 2812
f 2811 2812 2813
f 2813 2812 2814
f 2813 2814 2815
f 2815 2814 2816
f 2815 2816 2817
f 2817 2816 2818
f 2817 2818 2819
f 2819 2818 2820
f 2819 2820 2821
f 2821 2820 2822
f 2821 2822 2799
f 2799 2822 2800
f 2783 2800 2823
f 2823 2800 2822
f 2823 2822 2798
f 2798 2822 2820
f 2798 2820 2797
f 2797 2820 2818
f 2797 2818 2795
f 2795 2818 2816
f 2795 2816 2793
f 2793 2816 2814
f 2793 2814 2792
f 2792 2814 2812
f 2792 2812 2791
f 2783 2785 2800
f 2800 2785 2787
f 2800 2787 2802
f 2802 2787 2788
f 2802 2788 2804
f 2804 2788 2789
f 2804 2789 2806
f 2806 2789 2790
f 2806 2790 2808
f 2808 2790 2389
f 2808 2389 2810
f 2810 2389 2824
f 2810 2824 2812
f 2812 2824 2397
f 2812 2397 2791
f 2791 2397 2398
f 2791 2398 2399
f 2825 2826 2827
f 2828 2825 2829
f 2829 2825 2827
f 2829 2827 2830
f 2830 2827 2831
f 2830 2831 2832
f 2832 2831 2833
f 2833 2831 2834
f 2833 2834 2835
f 2836 2837 2834
f 2834 2837 2838
f 2834 2838 2835
f 2835 2838 2839
f 2835 2839 2840
f 2836 2834 2841
f 2841 2834 2831
f 2841 2831 2842
f 2842 2831 2843
f 2843 2831 2827
f 2843 2827 2844
f 2844 2827 2826
f 2844 2826 2845
f 2846 2410 2847
f 2847 2410 2411
f 2847 2411 2848
f 2848 2411 2849
f 2848 2849 2850
f 2850 2849 2851
f 2850 2851 2852
f 2852 2851 2853
f 2854 2855 2856
f 2856 2855 2857
f 2856 2857 2858
f 2858 2857 2391
f 2858 2391 2859
f 2859 2391 2390
f 2859 2390 2860
f 2860 2390 2393
f 2860 2393 2861
f 2861 2393 2396
f 2862 2863 2864
f 2864 2863 2865
f 2864 2865 2866
f 2866 2865 2867
f 2866 2867 2868
f 2868 2867 2869
f 2868 2869 2870
f 2870 2869 2871
f 2870 2871 2872
f 2872 2871 2873
f 2872 2873 2874
f 2874 2873 2875
f 2874 2875 2876
f 2876 2875 2877
f 2876 2877 2878
f 2878 2877 2879
f 2878 2879 2880
f 2880 2879 2881
f 2880 2881 2882
f 2882 2881 2883
f 2882 2883 2884
f 2884 2883 2885
f 2884 2885 2862
f 2862 2885 2863
f 2854 2863 2886
f 2886 2863 2885
f 2886 2885 2853
f 2853 2885 2883
f 2853 2883 2852
f 2852 2883 2881
f 2852 2881 2850
f 2850 2881 2879
f 2850 2879 2848
f 2848 2879 2877
f 2848 2877 2847
f 2847 2877 2875
f 2847 2875 2846
f 2854 2856 2863
f 2863 2856 2858
f 2863 2858 2865
f 2865 2858 2859
f 2865 2859 2867
f 2867 2859 2860
f 2867 2860 2869
f 2869 2860 2861
f 2869 2861 2871
f 2871 2861 2396
f 2871 2396 2873
f 2873 2396 2887
f 2873 2887 2875
f 2875 2887 2408
f 2875 2408 2846
f 2846 2408 2409
f 2846 2409 2410
f 2888 2889 2890
f 2891 2892 2893
f 2893 2892 2894
f 2893 2894 2895
f 2891 2893 2896
f 2896 2893 2897
f 2896 2897 2898
f 2898 2897 2899
f 2899 2897 2888
f 2899 2888 2900
f 2901 2900 2902
f 2902 2900 2888
f 2902 2888 2903
f 2903 2888 2890
f 2889 2888 2904
f 2904 2888 2897
f 2904 2897 2905
f 2905 2897 2906
f 2906 2897 2893
f 2906 2893 2907
f 2907 2893 2895
f 2907 2895 2908
f 2909 2421 2910
f 2910 2421 2422
f 2910 2422 2911
f 2911 2422 2912
f 2911 2912 2913
f 2913 2912 2914
f 2913 2914 2915
f 2915 2914 2916
f 2917 2918 2919
f 2919 2918 2920
f 2919 2920 2921
f 2921 2920 2402
f 2921 2402 2922
f 2922 2402 2401
f 2922 2401 2923
f 2923 2401 2404
f 2923 2404 2924
f 2924 2404 2407
f 2925 2926 2927
f 2927 2926 2928
f 2927 2928 2929
f 2929 2928 2930
f 2929 2930 2931
f 2931 2930 2932
f 2931 2932 2933
f 2933 2932 2934
f 2933 2934 2935
f 2935 2934 2936
f 2935 2936 2937
f 2937 2936 2938
f 2937 2938 2939
f 2939 2938 2940
f 2939 2940 2941
f 2941 2940 2942
f 2941 2942 2943
f 2943 2942 2944
f 2943 2944 2945
f 2945 2944 2946
f 2945 2946 2947
f 2947 2946 2948
f 2947 2948 2925
f 2925 2948 2926
f 2917 2926 2949
f 2949 2926 2948
f 2949 2948 2916
f 2916 2948 2946
f 2916 2946 2915
f 2915 2946 2944
f 2915 2944 2913
f 2913 2944 2942
f 2913 2942 2911
f 2911 2942 2940
f 2911 2940 2910
f 2910 2940 2938
f 2910 2938 2909
f 2917 2919 2926
f 2926 2919 2921
f 2926 2921 2928
f 2928 2921 2922
f 2928 2922 2930
f 2930 2922 2923
f 2930 2923 2932
f 2932 2923 2924
f 2932 2924 2934
f 2934 2924 2407
f 2934 2407 2936
f 2936 2407 2950
f 2936 2950 2938
f 2938 2950 2419
f 2938 2419 2909
f 2909 2419 2420
f 2909 2420 2421
f 2951 2952 2953
f 2954 2955 2956
f 2956 2955 2957
f 2956 2957 2958
f 2954 2956 2959
f 2959 2956 2960
f 2959 2960 2961
f 2961 2960 2962
f 2962 2960 2951
f 2962 2951 2963
f 2964 2963 2965
f 2965 2963 2951
f 2965 2951 2966
f 2966 2951 2953
f 2952 2951 2967
f 2967 2951 2960
f 2967 2960 2968
f 2968 2960 2969
f 2969 2960 2956
f 2969 2956 2970
f 2970 2956 2958
f 2970 2958 2971
f 2972 2432 2973
f 2973 2432 2433
f 2973 2433 2974
f 2974 2433 2975
f 2974 2975 2976
f 2976 2975 2977
f 2976 2977 2978
f 2978 2977 2979
f 2980 2981 2982
f 2982 2981 2983
f 2982 2983 2984
f 2984 2983 2413
f 2984 2413 2985
f 2985 2413 2412
f 2985 2412 2986
f 2986 2412 2415
f 2986 2415 2987
f 2987 2415 2418
f 2988 2989 2990
f 2990 2989 2991
f 2990 2991 2992
f 2992 2991 2993
f 2992 2993 2994
f 2994 2993 2995
f 2994 2995 2996
f 2996 2995 2997
f 2996 2997 2998
f 2998 2997 2999
f 2998 2999 3000
f 3000 2999 3001
f 3000 3001 3002
f 3002 3001 3003
f 3002 3003 3004
f 3004 3003 3005
f 3004 3005 3006
f 3006 3005 3007
f 3006 3007 3008
f 3008 3007 3009
f 3008 3009 3010
f 3010 3009 3011
f 3010 3011 2988
f 2988 3011 2989
f 2980 2989 3012
f 3012 2989 3011
f 3012 3011 2979
f 2979 3011 3009
f 2979 3009 2978
f 2978 3009 3007
f 2978 3007 2976
f 2976 3007 3005
f 2976 3005 2974
f 2974 3005 3003
f 2974 3003 2973
f 2973 3003 3001
f 2973 3001 2972
f 2980 2982 2989
f 2989 2982 2984
f 2989 2984 2991
f 2991 2984 2985
f 2991 2985 2993
f 2993 2985 2986
f 2993 2986 2995
f 2995 2986 2987
f 2995 2987 2997
f 2997 2987 2418
f 2997 2418 2999
f 2999 2418 3013
f 2999 3013 3001
f 3001 3013 2430
f 3001 2430 2972
f 2972 2430 2431
f 2972 2431 2432
f 3014 3015 3016
f 3016 3015 3017
f 3016 3017 3018
f 3018 3017 3019
f 3019 3017 3020
f 3019 3020 3021
f 3020 3022 3023
f 3024 3021 3025
f 3025 3021 3020
f 3025 3020 3026
f 3026 3020 3023
f 3022 3020 3027
f 3027 3020 3017
f 3027 3017 3028
f 3014 3029 3015
f 3015 3029 3030
f 3015 3030 3031
f 3028 3017 3032
f 3032 3017 3015
f 3032 3015 3033
f 3033 3015 3031
f 3033 3031 3034
f 2441 2442 3035
f 3035 2442 2443
f 3035 2443 3036
f 3036 2443 2444
f 3036 2444 3037
f 3037 2444 3038
f 3037 3038 3039
f 3039 3038 3040
f 3039 3040 3041
f 3041 3040 3042
f 3043 3044 3045
f 3045 3044 2424
f 3045 2424 3046
f 3046 2424 2423
f 3046 2423 3047
f 3047 2423 2426
f 3047 2426 3048
f 3048 2426 2429
f 3049 3050 3051
f 3051 3050 3052
f 3051 3052 3053
f 3053 3052 3054
f 3053 3054 3055
f 3055 3054 3056
f 3055 3056 3057
f 3057 3056 3058
f 3057 3058 3059
f 3059 3058 3060
f 3059 3060 3061
f 3061 3060 3062
f 3061 3062 3063
f 3063 3062 3064
f 3063 3064 3065
f 3065 3064 3066
f 3065 3066 3067
f 3067 3066 3068
f 3067 3068 3069
f 3069 3068 3070
f 3069 3070 3071
f 3071 3070 3072
f 3071 3072 3049
f 3049 3072 3050
f 2441 3050 3073
f 3073 3050 3072
f 3073 3072 2429
f 2429 3072 3070
f 2429 3070 3048
f 3048 3070 3068
f 3048 3068 3047
f 3047 3068 3066
f 3047 3066 3046
f 3046 3066 3064
f 3046 3064 3045
f 3045 3064 3062
f 3045 3062 3043
f 2441 3035 3050
f 3050 3035 3036
f 3050 3036 3052
f 3052 3036 3037
f 3052 3037 3054
f 3054 3037 3039
f 3054 3039 3056
f 3056 3039 3041
f 3056 3041 3058
f 3058 3041 3042
f 3058 3042 3060
f 3060 3042 3074
f 3060 3074 3062
f 3062 3074 3075
f 3062 3075 3043
f 3043 3075 3076
f 3043 3076 3044
f 3077 3078 3079
f 3079 3078 3080
f 3079 3080 3081
f 3081 3080 3082
f 3082 3080 3083
f 3082 3083 3084
f 3083 3085 3086
f 3087 3084 3088
f 3088 3084 3083
f 3088 3083 3089
f 3089 3083 3086
f 3085 3083 3090
f 3090 3083 3080
f 3090 3080 3091
f 3077 3092 3078
f 3078 3092 3093
f 3078 3093 3094
f 3091 3080 3095
f 3095 3080 3078
f 3095 3078 3096
f 3096 3078 3094
f 3096 3094 3097
f 2452 2453 3098
f 3098 2453 2454
f 3098 2454 3099
f 3099 2454 2455
f 3099 2455 3100
f 3100 2455 3101
f 3100 3101 3102
f 3102 3101 3103
f 3102 3103 3104
f 3104 3103 3105
f 3106 3107 3108
f 3108 3107 2435
f 3108 2435 3109
f 3109 2435 2434
f 3109 2434 3110
f 3110 2434 2437
f 3110 2437 3111
f 3111 2437 2440
f 3112 3113 3114
f 3114 3113 3115
f 3114 3115 3116
f 3116 3115 3117
f 3116 3117 3118
f 3118 3117 3119
f 3118 3119 3120
f 3120 3119 3121
f 3120 3121 3122
f 3122 3121 3123
f 3122 3123 3124
f 3124 3123 3125
f 3124 3125 3126
f 3126 3125 3127
f 3126 3127 3128
f 3128 3127 3129
f 3128 3129 3130
f 3130 3129 3131
f 3130 3131 3132
f 3132 3131 3133
f 3132 3133 3134
f 3134 3133 3135
f 3134 3135 3112
f 3112 3135 3113
f 2452 3113 3136
f 3136 3113 3135
f 3136 3135 2440
f 2440 3135 3133
f 2440 3133 3111
f 3111 3133 3131
f 3111 3131 3110
f 3110 3131 3129
f 3110 3129 3109
f 3109 3129 3127
f 3109 3127 3108
f 3108 3127 3125
f 3108 3125 3106
f 2452 3098 3113
f 3113 3098 3099
f 3113 3099 3115
f 3115 3099 3100
f 3115 3100 3117
f 3117 3100 3102
f 3117 3102 3119
f 3119 3102 3104
f 3119 3104 3121
f 3121 3104 3105
f 3121 3105 3123
f 3123 3105 3137
f 3123 3137 3125
f 3125 3137 3138
f 3125 3138 3106
f 3106 3138 3139
f 3106 3139 3107
f 3034 3031 3140
f 3097 3094 3141
f 2460 2459 3142
f 3142 2459 2462
f 3142 2462 3143
f 3143 2462 2464
f 3143 2464 3144
f 3094 3093 3141
f 3141 3093 3092
f 3141 3092 3142
f 3142 3092 3145
f 3142 3145 2460
f 3031 3030 3140
f 3140 3030 3029
f 3140 3029 3141
f 3141 3029 3146
f 3141 3146 3097
f 3147 2957 2955
f 3147 2955 3140
f 3140 2955 3148
f 3140 3148 3034
f 3149 2894 2892
f 2892 3150 3149
f 3149 3150 2971
f 3149 2971 3147
f 3147 2971 2958
f 3147 2958 2957
f 2826 2825 3151
f 3151 2825 2828
f 2828 3152 3151
f 3151 3152 2908
f 3151 2908 3149
f 3149 2908 2895
f 3149 2895 2894
f 2826 3151 2845
f 2845 3151 3153
f 2845 3153 3154
f 3155 3156 3157
f 3158 3155 3159
f 3159 3155 3157
f 3159 3157 3160
f 3160 3157 3161
f 3160 3161 3162
f 3162 3161 3163
f 3163 3161 3164
f 3163 3164 3165
f 3166 3167 3164
f 3164 3167 3168
f 3164 3168 3165
f 3165 3168 3169
f 3165 3169 3170
f 3166 3164 3171
f 3171 3164 3161
f 3171 3161 3172
f 3172 3161 3173
f 3173 3161 3157
f 3173 3157 3174
f 3174 3157 3156
f 3174 3156 3175
f 3176 3177 3178
f 3178 3177 2446
f 3178 2446 3179
f 3179 2446 2445
f 3179 2445 3180
f 3180 2445 2448
f 3180 2448 3181
f 3181 2448 2451
f 2328 2329 3182
f 3182 2329 2330
f 3182 2330 3183
f 3183 2330 2331
f 3183 2331 3184
f 3184 2331 3185
f 3184 3185 3186
f 3186 3185 3187
f 3186 3187 3188
f 3188 3187 3189
f 3190 3191 3192
f 3192 3191 3193
f 3192 3193 3194
f 3194 3193 3195
f 3194 3195 3196
f 3196 3195 3197
f 3196 3197 3198
f 3198 3197 3199
f 3198 3199 3200
f 3200 3199 3201
f 3200 3201 3202
f 3202 3201 3203
f 3202 3203 3204
f 3204 3203 3205
f 3204 3205 3206
f 3206 3205 3207
f 3206 3207 3208
f 3208 3207 3209
f 3208 3209 3210
f 3210 3209 3211
f 3210 3211 3212
f 3212 3211 3213
f 3212 3213 3190
f 3190 3213 3191
f 2328 3191 3214
f 3214 3191 3213
f 3214 3213 2451
f 2451 3213 3211
f 2451 3211 3181
f 3181 3211 3209
f 3181 3209 3180
f 3180 3209 3207
f 3180 3207 3179
f 3179 3207 3205
f 3179 3205 3178
f 3178 3205 3203
f 3178 3203 3176
f 2328 3182 3191
f 3191 3182 3183
f 3191 3183 3193
f 3193 3183 3184
f 3193 3184 3195
f 3195 3184 3186
f 3195 3186 3197
f 3197 3186 3188
f 3197 3188 3199
f 3199 3188 3189
f 3199 3189 3201
f 3201 3189 3215
f 3201 3215 3203
f 3203 3215 3216
f 3203 3216 3176
f 3176 3216 3217
f 3176 3217 3177
f 3218 3219 3220
f 3221 3222 3223
f 3224 3225 3226
f 3226 3225 3227
f 3226 3227 3228
f 3228 3227 3229
f 3225 3230 3227
f 3227 3230 3231
f 3227 3231 3229
f 3229 3231 3232
f 3233 3224 3234
f 3234 3224 3226
f 3234 3226 3235
f 3235 3226 3228
f 3235 3228 3236
f 3236 3228 3237
f 3238 3239 3232
f 3232 3239 3240
f 3232 3240 3229
f 3229 3240 3241
f 3229 3241 3228
f 3228 3241 3242
f 3228 3242 3237
f 3222 3238 3223
f 3223 3238 3232
f 3223 3232 3243
f 3243 3232 3231
f 3243 3231 3244
f 3244 3231 3230
f 3219 3221 3220
f 3220 3221 3223
f 3220 3223 3245
f 3245 3223 3243
f 3245 3243 3246
f 3246 3243 3244
f 3247 3218 3248
f 3248 3218 3220
f 3248 3220 3249
f 3249 3220 3245
f 3249 3245 3250
f 3250 3245 3246
f 3250 3251 3249
f 3249 3251 3252
f 3249 3252 3248
f 3248 3252 3253
f 3248 3253 3247
f 3247 3253 3254
f 3246 3244 3255
f 3255 3244 3230
f 3255 3230 3256
f 3256 3230 3225
f 3256 3225 3257
f 3257 3225 3224
f 3257 3224 3258
f 3258 3224 3233
f 3258 3233 3259
f 3259 3233 3260
f 3259 3260 3261
f 3261 3260 3262
f 3261 3262 3263
f 3263 3262 3264
f 3263 3264 3265
f 3265 3264 3266
f 3265 3266 3267
f 3267 3266 3268
f 3267 3268 3269
f 3269 3268 3270
f 3269 3270 3271
f 3271 3270 3251
f 3271 3251 3272
f 3272 3251 3250
f 3272 3250 3273
f 3273 3250 3246
f 3273 3246 3255
f 3214 3258 2328
f 2328 3258 3259
f 2328 3259 2326
f 2326 3259 2327
f 3261 2339 3259
f 3259 2339 2515
f 3259 2515 2327
f 2578 3261 2350
f 2350 3261 3263
f 2578 2338 3261
f 3261 2338 2337
f 3261 2337 2339
f 2641 3263 2361
f 2361 3263 3265
f 2641 2349 3263
f 3263 2349 2348
f 3263 2348 2350
f 2372 2707 3267
f 3267 2707 2360
f 3267 2360 3265
f 3265 2360 2359
f 3265 2359 2361
f 2383 2381 3269
f 3269 2381 2384
f 2384 2761 3269
f 3269 2761 2371
f 3269 2371 3267
f 3267 2371 2370
f 3267 2370 2372
f 2383 3269 2389
f 2389 3269 3271
f 2389 3271 2824
f 3274 2838 3275
f 3275 2838 2837
f 3275 2837 3276
f 3277 2903 3274
f 3274 2903 2890
f 3274 2890 3278
f 3278 2840 3274
f 3274 2840 2839
f 3274 2839 2838
f 3279 2965 2966
f 3279 2966 3277
f 3277 2966 2953
f 3277 2953 3280
f 3280 2901 3277
f 3277 2901 2902
f 3277 2902 2903
f 3026 3023 3281
f 3281 3023 3282
f 3281 3282 3279
f 3279 3282 2964
f 3279 2964 2965
f 3283 3089 3086
f 3086 3284 3283
f 3283 3284 3024
f 3283 3024 3281
f 3281 3024 3025
f 3281 3025 3026
f 2457 2456 3285
f 3285 2456 2472
f 2472 3286 3285
f 3285 3286 3087
f 3285 3087 3283
f 3283 3087 3088
f 3283 3088 3089
f 2457 3285 2471
f 2471 3285 3287
f 2471 3287 3288
f 2783 2823 3289
f 2728 2760 3290
f 3290 2760 2727
f 3290 2727 3289
f 3289 2727 3291
f 3289 3291 2783
f 2674 2706 3292
f 3292 2706 2673
f 3292 2673 3290
f 3290 2673 3293
f 3290 3293 2728
f 2643 2642 3294
f 3294 2642 2610
f 3294 2610 3292
f 3292 2610 3295
f 3292 3295 2674
f 2580 2579 3296
f 3296 2579 2547
f 3296 2547 3294
f 3294 2547 3297
f 3294 3297 2643
f 2517 2516 3298
f 3298 2516 2484
f 3298 2484 3296
f 3296 2484 3299
f 3296 3299 2580
f 3300 3215 3189
f 3300 3189 3298
f 3298 3189 3301
f 3298 3301 2517
f 3254 3302 3247
f 3247 3302 3303
f 3247 3303 3218
f 3218 3303 3219
f 3219 3303 3304
f 3219 3304 3221
f 3221 3304 3222
f 3222 3304 3305
f 3222 3305 3238
f 3238 3305 3239
f 3239 3305 3306
f 3239 3306 3240
f 3240 3306 3241
f 3241 3306 3307
f 3241 3307 3242
f 3242 3307 3237
f 3237 3307 3308
f 3237 3308 3236
f 3140 2139 3147
f 3147 2139 2140
f 3147 2140 3149
f 3149 2140 2141
f 3149 2141 3151
f 3151 2141 2142
f 3151 2142 3153
f 3153 2142 2143
f 3153 2143 3309
f 3309 2143 3310
f 3309 3310 3311
f 3311 3310 3312
f 3311 3312 3313
f 3312 3314 3313
f 3313 3314 3315
f 3313 3315 3316
f 3316 3315 3317
f 3316 3317 3318
f 3318 3317 3319
f 3318 3319 3320
f 3320 3319 3321
f 3320 3321 3143
f 3143 3321 2135
f 3143 2135 3142
f 3142 2135 2136
f 3142 2136 3141
f 3141 2136 2137
f 3141 2137 3140
f 3140 2137 2138
f 3140 2138 2139
f 3322 3279 3323
f 3323 3279 3277
f 3323 3277 3324
f 3324 3277 3274
f 3324 3274 3289
f 3289 3274 3275
f 3289 3275 3290
f 3290 3275 3325
f 3290 3325 3292
f 3292 3325 3326
f 3292 3326 3294
f 3326 3327 3294
f 3294 3327 3328
f 3294 3328 3296
f 3296 3328 3329
f 3296 3329 3298
f 3298 3329 3330
f 3298 3330 3300
f 3300 3330 3287
f 3300 3287 3331
f 3331 3287 3285
f 3331 3285 3332
f 3332 3285 3283
f 3332 3283 3322
f 3322 3283 3281
f 3322 3281 3279
f 3303 3302 3333
f 3303 3334 3308
f 3335 3334 3336
f 3336 3334 3303
f 3336 3303 3337
f 3337 3303 3333
f 3305 3304 3306
f 3306 3304 3303
f 3306 3303 3307
f 3307 3303 3308
f 3338 1861 1859
f 3338 1859 3339
f 3339 1859 1856
f 3339 1856 3340
f 3340 1856 1854
f 3340 1854 3341
f 3341 1854 1849
f 3341 1849 3342
f 3342 1849 1847
f 3342 1847 3343
f 3343 1847 1845
f 3343 1845 3344
f 3344 1845 1844
f 3344 1844 3345
f 3345 1844 3346
f 3345 3346 3347
f 3347 3346 3348
f 3347 3348 3349
f 3349 3348 3350
f 3349 3350 3351
f 3351 3350 3352
f 3351 3352 3353
f 3353 3352 3354
f 3353 3354 3355
f 3355 3354 3356
f 3355 3356 3357
f 3357 3356 3358
f 3357 3358 3359
f 3360 3361 3362
f 3362 3361 3363
f 3362 3363 3364
f 3364 3363 3365
f 3364 3365 3366
f 3366 3365 3367
f 3366 3367 3368
f 3368 3367 3369
f 3368 3369 3370
f 3370 3369 3371
f 3370 3371 3372
f 3372 3371 3373
f 3372 3373 3374
f 3374 3373 3375
f 3374 3375 3376
f 3376 3375 3377
f 3376 3377 3378
f 3378 3377 3379
f 3378 3379 3380
f 3380 3379 3381
f 3380 3381 3382
f 3382 3381 3383
f 3382 3383 3384
f 3384 3383 3385
f 3384 3385 3386
f 3386 3385 3387
f 3386 3387 3388
f 3388 3387 3389
f 3359 3388 3357
f 3357 3388 3390
f 3357 3390 3355
f 3355 3390 3391
f 3355 3391 3353
f 3353 3391 3392
f 3353 3392 3351
f 3351 3392 3393
f 3351 3393 3349
f 3349 3393 3394
f 3349 3394 3347
f 3347 3394 3395
f 3347 3395 3345
f 3345 3395 3396
f 3345 3396 3344
f 3344 3396 3397
f 3344 3397 3343
f 3343 3397 3398
f 3343 3398 3342
f 3342 3398 3399
f 3342 3399 3341
f 3341 3399 3400
f 3341 3400 3340
f 3340 3400 3401
f 3340 3401 3339
f 3339 3401 3402
f 3339 3402 3338
f 3338 3402 3360
f 3338 3360 3403
f 3403 3360 3362
f 3403 3362 3404
f 3404 3362 3364
f 3404 3364 3405
f 3405 3364 3366
f 3405 3366 3406
f 3406 3366 3368
f 3406 3368 3407
f 3407 3368 3370
f 3407 3370 3408
f 3408 3370 3372
f 3408 3372 3409
f 3409 3372 3374
f 3409 3374 3410
f 3410 3374 3376
f 3410 3376 3411
f 3411 3376 3378
f 3411 3378 3412
f 3412 3378 3380
f 3412 3380 3413
f 3413 3380 3382
f 3413 3382 3414
f 3414 3382 3384
f 3414 3384 3415
f 3415 3384 3386
f 3415 3386 3359
f 3359 3386 3388
f 3416 3417 3418
f 3419 3420 3421
f 3421 3420 3422
f 3421 3422 3416
f 3423 3424 3425
f 3425 3424 3421
f 3425 3421 3426
f 3416 3418 3421
f 3421 3418 3427
f 3421 3427 3426
f 3428 3429 3430
f 3431 3432 3433
f 3433 3432 3434
f 3433 3434 3428
f 3435 3436 3437
f 3437 3436 3433
f 3437 3433 3438
f 3428 3430 3433
f 3433 3430 3439
f 3433 3439 3438
f 3440 3441 3442
f 3442 3441 3443
f 3444 3445 3446
f 3446 3445 3447
f 3446 3447 3448
f 3449 3442 3450
f 3450 3442 3443
f 3450 3443 3447
f 3447 3443 3451
f 3447 3451 3448
f 3452 3453 3454
f 3454 3453 3455
f 3456 3457 3458
f 3458 3457 3459
f 3458 3459 3460
f 3461 3454 3462
f 3462 3454 3455
f 3462 3455 3459
f 3459 3455 3463
f 3459 3463 3460
f 3420 3464 3422
f 3422 3464 3465
f 3422 3465 3416
f 3416 3465 3466
f 3416 3466 3417
f 3417 3466 3467
f 3417 3467 3418
f 3418 3467 3468
f 3418 3468 3427
f 3427 3468 3469
f 3427 3469 3426
f 3426 3469 3470
f 3432 3471 3434
f 3434 3471 3472
f 3434 3472 3428
f 3428 3472 3473
f 3428 3473 3429
f 3429 3473 3474
f 3429 3474 3430
f 3430 3474 3475
f 3430 3475 3439
f 3439 3475 3476
f 3439 3476 3438
f 3438 3476 3477
f 3441 3478 3443
f 3443 3478 3479
f 3443 3479 3451
f 3451 3479 3480
f 3451 3480 3448
f 3448 3480 3481
f 3448 3481 3446
f 3446 3481 3482
f 3446 3482 3444
f 3444 3482 3483
f 3444 3483 3445
f 3445 3483 3484
f 3453 3485 3455
f 3455 3485 3486
f 3455 3486 3463
f 3463 3486 3487
f 3463 3487 3460
f 3460 3487 3488
f 3460 3488 3458
f 3458 3488 3489
f 3458 3489 3456
f 3456 3489 3490
f 3456 3490 3457
f 3457 3490 3491
f 3492 3493 3494
f 3495 3496 3492
f 3497 3498 3495
f 3495 3498 3499
f 3495 3499 3496
f 3492 3494 3495
f 3495 3494 3500
f 3495 3500 3501
f 3502 3503 3504
f 3504 3503 3495
f 3504 3495 3505
f 3505 3495 3501
f 3506 3500 3494
f 3493 3507 3494
f 3494 3507 3508
f 3494 3508 3506
f 3509 3510 3511
f 3511 3510 3512
f 3512 3510 3470
f 3512 3470 3513
f 3513 3470 3469
f 3513 3469 3514
f 3514 3469 3468
f 3514 3468 3515
f 3515 3468 3467
f 3515 3467 3516
f 3511 3517 3509
f 3509 3517 3518
f 3509 3518 3519
f 3519 3518 3520
f 3519 3520 3521
f 3521 3520 3522
f 3521 3522 3523
f 3523 3522 3524
f 3523 3524 3464
f 3464 3524 3525
f 3464 3525 3465
f 3465 3525 3516
f 3465 3516 3466
f 3466 3516 3467
f 3526 3527 3528
f 3528 3527 3529
f 3528 3529 3530
f 3530 3529 3531
f 3530 3531 3532
f 3532 3531 3533
f 3532 3533 3471
f 3471 3533 3534
f 3471 3534 3472
f 3472 3534 3535
f 3472 3535 3473
f 3473 3535 3474
f 3474 3535 3536
f 3474 3536 3475
f 3475 3536 3537
f 3475 3537 3476
f 3476 3537 3538
f 3476 3538 3477
f 3477 3538 3539
f 3477 3539 3540
f 3540 3539 3541
f 3540 3541 3526
f 3526 3541 3542
f 3526 3542 3527
f 3543 3544 3545
f 3545 3544 3546
f 3545 3546 3547
f 3547 3546 3548
f 3547 3548 3549
f 3549 3548 3550
f 3549 3550 3478
f 3478 3550 3551
f 3478 3551 3479
f 3479 3551 3552
f 3479 3552 3480
f 3480 3552 3481
f 3481 3552 3553
f 3481 3553 3482
f 3482 3553 3554
f 3482 3554 3483
f 3483 3554 3555
f 3483 3555 3484
f 3484 3555 3556
f 3484 3556 3557
f 3557 3556 3558
f 3557 3558 3543
f 3543 3558 3559
f 3543 3559 3544
f 3560 3561 3562
f 3562 3561 3563
f 3562 3563 3564
f 3564 3563 3565
f 3564 3565 3566
f 3566 3565 3567
f 3566 3567 3485
f 3485 3567 3568
f 3485 3568 3486
f 3486 3568 3569
f 3486 3569 3487
f 3487 3569 3488
f 3488 3569 3570
f 3488 3570 3489
f 3489 3570 3571
f 3489 3571 3490
f 3490 3571 3572
f 3490 3572 3491
f 3491 3572 3573
f 3491 3573 3574
f 3574 3573 3575
f 3574 3575 3560
f 3560 3575 3576
f 3560 3576 3561
f 3577 3578 3579
f 3580 3581 3577
f 3582 3583 3580
f 3580 3583 3584
f 3580 3584 3581
f 3577 3579 3580
f 3580 3579 3585
f 3580 3585 3586
f 3587 3588 3589
f 3589 3588 3580
f 3589 3580 3590
f 3590 3580 3586
f 3591 3585 3579
f 3578 3592 3579
f 3579 3592 3593
f 3579 3593 3591
f 3594 3595 3596
f 3597 3598 3594
f 3599 3600 3597
f 3597 3600 3601
f 3597 3601 3598
f 3594 3596 3597
f 3597 3596 3602
f 3597 3602 3603
f 3604 3605 3606
f 3606 3605 3597
f 3606 3597 3607
f 3607 3597 3603
f 3608 3602 3596
f 3595 3609 3596
f 3596 3609 3610
f 3596 3610 3608
f 3611 3612 3613
f 3614 3615 3611
f 3616 3617 3614
f 3614 3617 3618
f 3614 3618 3615
f 3611 3613 3614
f 3614 3613 3619
f 3614 3619 3620
f 3621 3622 3623
f 3623 3622 3614
f 3623 3614 3624
f 3624 3614 3620
f 3625 3619 3613
f 3612 3626 3613
f 3613 3626 3627
f 3613 3627 3625
f 3504 3628 3502
f 3502 3628 3629
f 3502 3629 3503
f 3503 3629 3630
f 3503 3630 3495
f 3495 3630 3631
f 3495 3631 3497
f 3497 3631 3632
f 3497 3632 3498
f 3498 3632 3633
f 3498 3633 3499
f 3499 3633 3634
f 3522 3635 3524
f 3524 3635 3636
f 3524 3636 3525
f 3525 3636 3637
f 3525 3637 3516
f 3516 3637 3638
f 3516 3638 3515
f 3515 3638 3639
f 3515 3639 3514
f 3514 3639 3640
f 3514 3640 3513
f 3513 3640 3641
f 3531 3642 3533
f 3533 3642 3643
f 3533 3643 3534
f 3534 3643 3644
f 3534 3644 3535
f 3535 3644 3645
f 3535 3645 3536
f 3536 3645 3646
f 3536 3646 3537
f 3537 3646 3647
f 3537 3647 3538
f 3538 3647 3648
f 3548 3649 3550
f 3550 3649 3650
f 3550 3650 3551
f 3551 3650 3651
f 3551 3651 3552
f 3552 3651 3652
f 3552 3652 3553
f 3553 3652 3653
f 3553 3653 3554
f 3554 3653 3654
f 3554 3654 3555
f 3555 3654 3655
f 3565 3656 3567
f 3567 3656 3657
f 3567 3657 3568
f 3568 3657 3658
f 3568 3658 3569
f 3569 3658 3659
f 3569 3659 3570
f 3570 3659 3660
f 3570 3660 3571
f 3571 3660 3661
f 3571 3661 3572
f 3572 3661 3662
f 3589 3663 3587
f 3587 3663 3664
f 3587 3664 3588
f 3588 3664 3665
f 3588 3665 3580
f 3580 3665 3666
f 3580 3666 3582
f 3582 3666 3667
f 3582 3667 3583
f 3583 3667 3668
f 3583 3668 3584
f 3584 3668 3669
f 3606 3670 3604
f 3604 3670 3671
f 3604 3671 3605
f 3605 3671 3672
f 3605 3672 3597
f 3597 3672 3673
f 3597 3673 3599
f 3599 3673 3674
f 3599 3674 3600
f 3600 3674 3675
f 3600 3675 3601
f 3601 3675 3676
f 3623 3677 3621
f 3621 3677 3678
f 3621 3678 3622
f 3622 3678 3679
f 3622 3679 3614
f 3614 3679 3680
f 3614 3680 3616
f 3616 3680 3681
f 3616 3681 3617
f 3617 3681 3682
f 3617 3682 3618
f 3618 3682 3683
f 3684 3685 3686
f 3686 3685 3687
f 3688 3689 3690
f 3690 3689 3685
f 3690 3685 3691
f 3691 3685 3684
f 3692 3693 3694
f 3694 3693 3686
f 3694 3686 3695
f 3695 3686 3687
f 3696 3697 3698
f 3698 3697 3699
f 3700 3701 3702
f 3702 3701 3697
f 3702 3697 3703
f 3703 3697 3696
f 3704 3705 3706
f 3706 3705 3698
f 3706 3698 3707
f 3707 3698 3699
f 3708 3709 3710
f 3711 3712 3713
f 3710 3711 3714
f 3714 3711 3713
f 3714 3713 3715
f 3715 3713 3716
f 3717 3708 3718
f 3718 3708 3710
f 3718 3710 3719
f 3719 3710 3714
f 3720 3721 3722
f 3722 3721 3723
f 3724 3725 3726
f 3726 3725 3721
f 3726 3721 3727
f 3727 3721 3720
f 3728 3729 3730
f 3730 3729 3722
f 3730 3722 3731
f 3731 3722 3723
f 3732 3733 3734
f 3734 3733 3735
f 3736 3737 3738
f 3738 3737 3733
f 3738 3733 3739
f 3739 3733 3732
f 3740 3741 3742
f 3742 3741 3734
f 3742 3734 3743
f 3743 3734 3735
f 3744 3745 3746
f 3747 3748 3749
f 3746 3747 3750
f 3750 3747 3749
f 3750 3749 3751
f 3751 3749 3752
f 3753 3744 3754
f 3754 3744 3746
f 3754 3746 3755
f 3755 3746 3750
f 3756 3757 3758
f 3756 3758 3759
f 3759 3758 3760
f 3759 3760 3761
f 3761 3760 3762
f 3761 3762 3763
f 3763 3762 3764
f 3763 3764 3765
f 3766 3767 3768
f 3769 3770 3771
f 3673 3672 3772
f 3772 3672 3671
f 3673 3772 3674
f 3674 3772 3773
f 3674 3773 3675
f 3774 3670 3775
f 3774 3775 3776
f 3777 3778 3773
f 3773 3778 3676
f 3773 3676 3675
f 3775 3779 3776
f 3776 3779 3780
f 3776 3780 3781
f 3781 3780 3782
f 3781 3782 3777
f 3777 3782 3783
f 3777 3783 3778
f 3784 3785 3786
f 3786 3785 3787
f 3681 3680 3788
f 3788 3680 3679
f 3679 3678 3788
f 3788 3678 3789
f 3788 3789 3790
f 3678 3677 3789
f 3789 3677 3791
f 3789 3791 3792
f 3793 3794 3795
f 3795 3794 3683
f 3795 3683 3682
f 3791 3796 3792
f 3792 3796 3797
f 3792 3797 3798
f 3798 3797 3799
f 3798 3799 3793
f 3793 3799 3800
f 3793 3800 3794
f 3682 3681 3795
f 3795 3681 3788
f 3795 3788 3801
f 3801 3788 3802
f 3801 3802 3803
f 3803 3802 3804
f 3632 3631 3768
f 3633 3632 3805
f 3805 3632 3768
f 3805 3768 3806
f 3631 3630 3768
f 3768 3630 3807
f 3768 3807 3802
f 3802 3807 3808
f 3802 3808 3804
f 3809 3810 3805
f 3805 3810 3634
f 3805 3634 3633
f 3630 3629 3807
f 3807 3629 3628
f 3807 3628 3811
f 3811 3628 3812
f 3812 3813 3811
f 3811 3813 3814
f 3811 3814 3815
f 3815 3814 3816
f 3815 3816 3809
f 3809 3816 3817
f 3809 3817 3810
f 3666 3818 3667
f 3667 3818 3819
f 3667 3819 3668
f 3666 3665 3818
f 3818 3665 3820
f 3818 3820 3771
f 3771 3820 3821
f 3771 3821 3769
f 3665 3664 3820
f 3820 3664 3663
f 3820 3663 3822
f 3822 3663 3823
f 3824 3825 3819
f 3819 3825 3669
f 3819 3669 3668
f 3823 3826 3822
f 3822 3826 3827
f 3822 3827 3828
f 3828 3827 3829
f 3828 3829 3824
f 3824 3829 3830
f 3824 3830 3825
f 3831 3832 3833
f 3833 3832 3834
f 3835 3772 3774
f 3774 3772 3671
f 3774 3671 3670
f 3836 3662 3771
f 3770 3806 3771
f 3771 3806 3768
f 3771 3768 3836
f 3836 3768 3767
f 3662 3661 3771
f 3771 3661 3660
f 3771 3660 3837
f 3837 3660 3659
f 3837 3659 3802
f 3802 3659 3658
f 3802 3658 3657
f 3657 3656 3802
f 3802 3656 3838
f 3802 3838 3768
f 3768 3838 3839
f 3768 3839 3766
f 3840 3841 3788
f 3651 3842 3652
f 3652 3842 3837
f 3652 3837 3653
f 3653 3837 3802
f 3653 3802 3654
f 3651 3650 3842
f 3842 3650 3649
f 3842 3649 3843
f 3784 3786 3790
f 3790 3786 3842
f 3790 3842 3788
f 3788 3842 3843
f 3788 3843 3840
f 3841 3844 3788
f 3788 3844 3845
f 3788 3845 3802
f 3802 3845 3655
f 3802 3655 3654
f 3846 3641 3847
f 3818 3848 3849
f 3636 3635 3771
f 3771 3635 3850
f 3771 3850 3818
f 3818 3850 3851
f 3818 3851 3848
f 3641 3640 3847
f 3847 3640 3639
f 3847 3639 3837
f 3837 3639 3638
f 3837 3638 3771
f 3771 3638 3637
f 3771 3637 3636
f 3834 3852 3833
f 3833 3852 3819
f 3833 3819 3847
f 3847 3819 3818
f 3847 3818 3846
f 3846 3818 3849
f 3853 3648 3842
f 3854 3855 3772
f 3772 3855 3856
f 3643 3642 3847
f 3847 3642 3857
f 3648 3647 3842
f 3842 3647 3646
f 3842 3646 3837
f 3837 3646 3645
f 3837 3645 3847
f 3847 3645 3644
f 3847 3644 3643
f 3831 3833 3835
f 3835 3833 3847
f 3835 3847 3772
f 3772 3847 3857
f 3772 3857 3854
f 3787 3858 3786
f 3786 3858 3773
f 3786 3773 3842
f 3842 3773 3772
f 3842 3772 3853
f 3853 3772 3856
f 3859 3860 3861
f 3859 3861 3862
f 3862 3861 3863
f 3862 3863 3864
f 3693 3865 3686
f 3686 3865 3866
f 3686 3866 3684
f 3684 3866 3867
f 3684 3867 3691
f 3691 3867 3868
f 3691 3868 3690
f 3690 3868 3869
f 3690 3869 3688
f 3688 3869 3870
f 3688 3870 3689
f 3689 3870 3871
f 3705 3872 3698
f 3698 3872 3873
f 3698 3873 3696
f 3696 3873 3874
f 3696 3874 3703
f 3703 3874 3875
f 3703 3875 3702
f 3702 3875 3876
f 3702 3876 3700
f 3700 3876 3877
f 3700 3877 3701
f 3701 3877 3878
f 3709 3879 3710
f 3710 3879 3880
f 3710 3880 3711
f 3711 3880 3881
f 3711 3881 3712
f 3712 3881 3882
f 3712 3882 3713
f 3713 3882 3883
f 3713 3883 3716
f 3716 3883 3884
f 3716 3884 3715
f 3715 3884 3885
f 3729 3886 3722
f 3722 3886 3887
f 3722 3887 3720
f 3720 3887 3888
f 3720 3888 3727
f 3727 3888 3889
f 3727 3889 3726
f 3726 3889 3890
f 3726 3890 3724
f 3724 3890 3891
f 3724 3891 3725
f 3725 3891 3892
f 3741 3893 3734
f 3734 3893 3894
f 3734 3894 3732
f 3732 3894 3895
f 3732 3895 3739
f 3739 3895 3896
f 3739 3896 3738
f 3738 3896 3897
f 3738 3897 3736
f 3736 3897 3898
f 3736 3898 3737
f 3737 3898 3899
f 3745 3900 3746
f 3746 3900 3901
f 3746 3901 3747
f 3747 3901 3902
f 3747 3902 3748
f 3748 3902 3903
f 3748 3903 3749
f 3749 3903 3904
f 3749 3904 3752
f 3752 3904 3905
f 3752 3905 3751
f 3751 3905 3906
f 3907 3908 3909
f 3910 3908 3907
f 3911 3910 3907
f 3907 3912 3913
f 3914 3912 3907
f 3909 3914 3907
f 3915 3916 3917
f 3918 3916 3915
f 3919 3918 3915
f 3915 3920 3921
f 3922 3920 3915
f 3917 3922 3915
f 3923 3924 3925
f 3926 3924 3923
f 3927 3926 3923
f 3923 3928 3929
f 3930 3928 3923
f 3925 3930 3923
f 3931 3932 3933
f 3934 3932 3931
f 3935 3934 3931
f 3931 3936 3937
f 3938 3936 3931
f 3933 3938 3931
f 3939 3940 3941
f 3942 3940 3939
f 3943 3942 3939
f 3939 3944 3945
f 3946 3944 3939
f 3941 3946 3939
f 3947 3948 3949
f 3950 3948 3947
f 3951 3950 3947
f 3947 3952 3953
f 3954 3952 3947
f 3949 3954 3947
f 3955 3956 3957
f 3958 3956 3955
f 3959 3958 3955
f 3955 3960 3961
f 3962 3960 3955
f 3957 3962 3955
f 3963 3964 3965
f 3966 3964 3963
f 3967 3966 3963
f 3963 3968 3969
f 3970 3968 3963
f 3965 3970 3963
f 3971 3972 3973
f 3973 3972 3974
f 3972 3971 3975
f 3975 3971 3976
f 3975 3976 3977
f 3977 3976 3978
f 3977 3978 3979
f 3979 3978 3980
f 3979 3980 3981
f 3981 3980 3982
f 3981 3982 3983
f 3983 3982 3984
f 3983 3984 3985
f 3985 3984 3986
f 3985 3986 3987
f 3987 3986 3988
f 3989 3990 3991
f 3991 3990 3992
f 3990 3989 3993
f 3993 3989 3994
f 3993 3994 3995
f 3995 3994 3996
f 3995 3996 3997
f 3997 3996 3998
f 3997 3998 3999
f 3999 3998 4000
f 3999 4000 4001
f 4001 4000 4002
f 4001 4002 4003
f 4003 4002 4004
f 4003 4004 4005
f 4005 4004 4006
f 4007 4008 4009
f 4009 4008 4010
f 4008 4007 4011
f 4011 4007 4012
f 4011 4012 4013
f 4013 4012 4014
f 4013 4014 4015
f 4015 4014 4016
f 4015 4016 4017
f 4017 4016 4018
f 4017 4018 4019
f 4019 4018 4020
f 4019 4020 4021
f 4021 4020 4022
f 4021 4022 4023
f 4023 4022 4024
f 4023 4024 4025
f 4025 4024 4026
f 4027 4028 4029
f 4029 4028 4030
f 4028 4027 4031
f 4031 4027 4032
f 4033 4034 4035
f 4035 4034 4036
f 4037 4038 4039
f 4039 4038 4040
f 4038 4037 4041
f 4041 4037 4042
f 4041 4042 4043
f 4043 4042 4044
f 4043 4044 4045
f 4045 4044 4046
f 4047 4048 4049
f 4049 4048 4050
f 1680 1681 3764
f 1680 3764 1678
f 3764 3762 1678
f 1678 3762 3760
f 1678 3760 1676
f 1676 3760 3758
f 1676 3758 1667
f 1667 3758 3757
f 1667 3757 1668
f 1681 1682 3764
f 3764 1682 3765
f 1686 1688 3759
f 3759 1688 3756
f 3756 1688 1689
f 3756 1689 1670
f 3759 3761 1686
f 1686 3761 3763
f 1686 3763 1683
f 1683 3763 3765
f 1683 3765 1682
f 3757 3756 1668
f 1668 3756 1670
f 1694 4051 3781
f 3781 4051 3776
f 3776 4051 3774
f 3774 4051 4052
f 3774 4052 3835
f 3835 4052 4053
f 3835 4053 3831
f 3831 4053 4054
f 3831 4054 3832
f 3832 4054 4055
f 3832 4055 3834
f 3834 4055 4056
f 3834 4056 3852
f 3852 4056 4057
f 3852 4057 3819
f 3819 4057 4058
f 3819 4058 3824
f 3824 4058 4059
f 3824 4059 3828
f 3828 4059 4060
f 3828 4060 3822
f 3822 4060 4061
f 3822 4061 3820
f 3820 4061 4062
f 3820 4062 3821
f 3821 4062 4063
f 3821 4063 3769
f 3769 4063 4064
f 3769 4064 3770
f 3770 4064 4065
f 3770 4065 3806
f 3806 4065 4066
f 3806 4066 3805
f 3805 4066 4067
f 3805 4067 3809
f 3809 4067 1717
f 3809 1717 3815
f 3860 3859 4068
f 4068 3859 4069
f 4070 4071 4072
f 4070 4072 4073
f 3860 4068 3861
f 3861 4068 4074
f 3861 4074 3863
f 3863 4074 4073
f 3863 4073 4075
f 4075 4073 4072
f 4071 4076 4072
f 4072 4076 4077
f 4078 4079 4080
f 4080 4079 4077
f 4080 4077 4076
f 4069 3859 4081
f 4081 3859 3862
f 4081 3862 4078
f 4078 3862 3864
f 4078 3864 4079
f 4082 4083 3988
f 3988 4083 3987
f 3974 3868 3867
f 3867 3987 3974
f 3974 3987 4083
f 3974 4083 4084
f 3867 3866 3987
f 3987 3866 3865
f 3987 3865 3985
f 3985 3865 4085
f 3985 4085 3983
f 3983 4085 4086
f 3983 4086 3981
f 3981 4086 4087
f 3981 4087 3979
f 3979 4087 4088
f 3979 4088 3977
f 3977 4088 4089
f 3977 4089 3975
f 3975 4089 3871
f 3975 3871 3972
f 3972 3871 3870
f 3972 3870 3974
f 3974 3870 3869
f 3974 3869 3868
f 3973 3974 4090
f 4090 3974 4084
f 4091 4092 4093
f 4093 4092 4094
f 3878 4093 4095
f 4095 4093 4096
f 4095 4096 4097
f 4097 4096 4098
f 4097 4098 4099
f 3878 3877 4093
f 4093 3877 3876
f 4093 3876 4091
f 3876 3875 4091
f 4091 3875 3874
f 4091 3874 4100
f 4100 3874 3873
f 4100 3873 4101
f 4101 3873 3872
f 4098 4102 4099
f 4099 4102 4103
f 4099 4103 4104
f 4104 4103 4105
f 4104 4105 4106
f 4106 4105 4107
f 4106 4107 3872
f 3872 4107 4108
f 3872 4108 4101
f 4109 4110 4050
f 4050 4110 4049
f 4040 4111 3885
f 3885 4049 4040
f 4040 4049 4110
f 4040 4110 4112
f 3885 3884 4049
f 4049 3884 3883
f 4049 3883 4047
f 4047 3883 3882
f 4047 3882 4113
f 4113 3882 3881
f 4113 3881 4114
f 4114 3881 3880
f 4114 3880 4045
f 4045 3880 3879
f 4045 3879 4043
f 4043 3879 4115
f 4043 4115 4041
f 4041 4115 4116
f 4041 4116 4038
f 4038 4116 4117
f 4038 4117 4040
f 4040 4117 4118
f 4040 4118 4111
f 4039 4040 4119
f 4119 4040 4112
f 1690 1671 4036
f 4036 1671 4035
f 4035 1671 1659
f 4030 3886 4120
f 4120 4121 4030
f 4030 4121 4122
f 4030 4122 1659
f 1659 4122 4123
f 1659 4123 4035
f 3889 4124 3890
f 3890 4124 4125
f 3890 4125 3891
f 3891 4125 4033
f 3891 4033 3892
f 3892 4033 4035
f 3892 4035 4126
f 4126 4035 4123
f 4030 4028 3886
f 3886 4028 4031
f 3886 4031 3887
f 3887 4031 4127
f 3887 4127 3888
f 3888 4127 4128
f 3888 4128 3889
f 3889 4128 4129
f 3889 4129 4124
f 4029 4030 1658
f 1658 4030 1659
f 1655 1654 4026
f 4026 1654 4025
f 4010 3895 3894
f 4010 4008 3895
f 3895 4008 4011
f 3895 4011 3896
f 3896 4011 4013
f 3896 4013 3897
f 3894 3893 4010
f 4010 3893 4130
f 4010 4130 1661
f 1661 4130 4131
f 1661 4131 1654
f 1654 4131 4132
f 1654 4132 4025
f 4025 4132 4133
f 4025 4133 4023
f 4023 4133 4134
f 4023 4134 4021
f 4021 4134 3899
f 4021 3899 4019
f 4019 3899 3898
f 4019 3898 4017
f 4017 3898 3897
f 4017 3897 4015
f 4015 3897 4013
f 4009 4010 1697
f 1697 4010 1661
f 1652 1651 4006
f 4006 1651 4005
f 3901 3900 3992
f 3900 4005 3992
f 3992 4005 1651
f 3992 1651 1666
f 3900 4135 4005
f 4005 4135 4136
f 4005 4136 4003
f 4003 4136 4137
f 4003 4137 4001
f 4001 4137 4138
f 4001 4138 3999
f 3999 4138 4139
f 3999 4139 3997
f 3997 4139 3906
f 3997 3906 3995
f 3995 3906 3905
f 3995 3905 3993
f 3993 3905 3904
f 3993 3904 3990
f 3990 3904 3903
f 3990 3903 3992
f 3992 3903 3902
f 3992 3902 3901
f 3991 3992 1665
f 1665 3992 1666
f 4140 4093 4141
f 4141 4093 4094
f 4142 4096 4140
f 4140 4096 4093
f 4096 4142 4143
f 4096 4143 4098
f 4098 4143 4144
f 4098 4144 4102
f 4102 4144 4145
f 4102 4145 4103
f 4145 4146 4103
f 4103 4146 4147
f 4103 4147 4105
f 4147 4148 4105
f 4105 4148 4149
f 4105 4149 4107
f 4107 4149 4150
f 4107 4150 4108
f 4100 4151 4091
f 4091 4151 4152
f 4153 4092 4152
f 4152 4092 4091
f 3909 4154 3914
f 3914 4154 4155
f 3914 4155 3912
f 3912 4155 4156
f 3912 4156 3913
f 3913 4156 4157
f 3913 4157 4158
f 4158 4157 4159
f 4158 4159 4160
f 4160 4159 4161
f 4160 4161 4162
f 4162 4161 4163
f 4164 4165 3919
f 3919 4165 4166
f 3919 4166 3918
f 3918 4166 4167
f 3918 4167 3916
f 3916 4167 4168
f 3916 4168 3917
f 3917 4168 4169
f 3917 4169 3922
f 3922 4169 4170
f 3922 4170 3920
f 3920 4170 4171
f 3926 4172 3924
f 3924 4172 4173
f 3924 4173 3925
f 3925 4173 4174
f 3925 4174 3930
f 3930 4174 4175
f 3930 4175 3928
f 3928 4175 4176
f 3928 4176 3929
f 3929 4176 4177
f 3929 4177 4178
f 4178 4177 4179
f 3933 4180 3938
f 3938 4180 4181
f 3938 4181 3936
f 3936 4181 4182
f 3936 4182 3937
f 3937 4182 4183
f 3937 4183 4184
f 4184 4183 4185
f 4184 4185 4186
f 4186 4185 4187
f 4186 4187 4188
f 4188 4187 4189
f 3944 4190 3945
f 3945 4190 4191
f 3945 4191 4192
f 4192 4191 4193
f 4192 4193 4194
f 4194 4193 4195
f 4194 4195 4196
f 4196 4195 4197
f 4196 4197 4198
f 4198 4197 4199
f 4198 4199 4200
f 4200 4199 4201
f 4202 4203 4204
f 4204 4203 4205
f 4204 4205 4206
f 4206 4205 4207
f 4206 4207 4208
f 4208 4207 4209
f 4208 4209 4210
f 4210 4209 4211
f 4210 4211 3951
f 3951 4211 4212
f 3951 4212 3950
f 3950 4212 4213
f 4214 4215 4216
f 4216 4215 4217
f 4216 4217 4218
f 4218 4217 4219
f 4218 4219 3959
f 3959 4219 4220
f 3959 4220 3958
f 3958 4220 4221
f 3958 4221 3956
f 3956 4221 4222
f 3956 4222 3957
f 3957 4222 4223
f 3965 4224 3970
f 3970 4224 4225
f 3970 4225 3968
f 3968 4225 4226
f 3968 4226 3969
f 3969 4226 4227
f 3969 4227 4228
f 4228 4227 4229
f 4228 4229 4230
f 4230 4229 4231
f 4230 4231 4232
f 4232 4231 4233
f 3973 4090 3971
f 3971 4090 4234
f 3971 4234 3976
f 3976 4234 4235
f 3976 4235 3978
f 3978 4235 4236
f 3978 4236 3980
f 3980 4236 4237
f 3980 4237 3982
f 3982 4237 4238
f 3982 4238 3984
f 3984 4238 4239
f 3984 4239 3986
f 3986 4239 4240
f 3988 3986 4082
f 4082 3986 4240
f 4082 4240 4241
f 3991 1665 3989
f 3989 1665 4242
f 3989 4242 3994
f 3994 4242 4243
f 3994 4243 3996
f 3996 4243 4244
f 3996 4244 3998
f 3998 4244 4245
f 3998 4245 4000
f 4000 4245 4246
f 4000 4246 4002
f 4002 4246 4247
f 4002 4247 4004
f 4004 4247 4248
f 4006 4004 1652
f 1652 4004 4248
f 1652 4248 1653
f 4009 1697 4007
f 4007 1697 4249
f 4007 4249 4012
f 4012 4249 4250
f 4012 4250 4014
f 4014 4250 4251
f 4014 4251 4016
f 4016 4251 4252
f 4016 4252 4018
f 4018 4252 4253
f 4018 4253 4020
f 4020 4253 4254
f 4020 4254 4022
f 4022 4254 4255
f 4022 4255 4024
f 4024 4255 4256
f 4026 4024 1655
f 1655 4024 4256
f 1655 4256 1656
f 4029 1658 4027
f 4027 1658 4257
f 4027 4257 4032
f 4032 4257 4258
f 4036 4034 1690
f 1690 4034 4259
f 1690 4259 1691
f 4039 4119 4037
f 4037 4119 4260
f 4042 4037 4260
f 4261 4046 4262
f 4262 4046 4044
f 4262 4044 4263
f 4263 4044 4042
f 4263 4042 4264
f 4264 4042 4260
f 4050 4048 4109
f 4109 4048 4265
f 4109 4265 4266
f 4140 4141 4142
f 4142 4141 4267
f 4268 4150 4269
f 4269 4150 4149
f 4269 4149 4270
f 4270 4149 4148
f 4148 4147 4270
f 4270 4147 4146
f 4270 4146 4271
f 4142 4267 4143
f 4143 4267 4272
f 4143 4272 4144
f 4144 4272 4271
f 4144 4271 4145
f 4145 4271 4146
f 4152 4151 4153
f 4153 4151 4273
f 4153 4273 4274
f 4275 4276 4277
f 4278 4279 4280
f 4281 4266 4265
f 1693 4282 1695
f 1687 4283 1673
f 1718 4284 4285
f 4286 4287 4288
f 4289 4290 4163
f 4163 4161 4289
f 4289 4161 4159
f 4289 4159 4291
f 4159 4157 4291
f 4291 4157 4156
f 4291 4156 4292
f 4292 4156 4155
f 4292 4155 4154
f 4240 4239 4285
f 4285 4239 4238
f 4285 4238 4293
f 4293 4238 4237
f 4090 4292 4234
f 4234 4292 4154
f 4234 4154 4235
f 4235 4154 4294
f 4235 4294 4236
f 4236 4294 4295
f 4236 4295 4237
f 4237 4295 4296
f 4237 4296 4293
f 4293 4296 4297
f 4293 4297 4290
f 4290 4297 4298
f 4290 4298 4163
f 4219 4217 4299
f 4299 4217 4288
f 4288 4217 4215
f 4288 4215 4286
f 4223 4222 4300
f 4300 4222 4221
f 4300 4221 4299
f 4299 4221 4220
f 4299 4220 4219
f 4287 4301 1685
f 1685 4301 1687
f 1687 4301 4302
f 1687 4302 4283
f 4283 4302 4303
f 4283 4303 4223
f 4304 4305 4290
f 4306 4307 4308
f 4308 4309 4306
f 4306 4309 4310
f 4306 4310 4273
f 4273 4310 4311
f 4273 4311 4274
f 4312 4182 4289
f 4289 4182 4181
f 4289 4181 4290
f 4290 4181 4180
f 4290 4180 4304
f 4309 4189 4310
f 4310 4189 4187
f 4310 4187 4313
f 4313 4187 4185
f 4313 4185 4312
f 4312 4185 4183
f 4312 4183 4182
f 4284 4314 4285
f 4285 4314 4315
f 4285 4315 4240
f 4240 4315 4316
f 4240 4316 4241
f 4317 4318 4319
f 4319 4320 4317
f 4317 4320 4201
f 4317 4201 4321
f 4201 4199 4321
f 4321 4199 4197
f 4321 4197 1716
f 1716 4197 4195
f 4317 4245 4244
f 4195 4193 1716
f 1716 4193 4191
f 1716 4191 1714
f 1714 4191 4190
f 1714 4190 1712
f 1712 4190 4322
f 1712 4322 1664
f 1664 4322 4323
f 1664 4323 1665
f 4317 4244 4318
f 4318 4244 4243
f 4318 4243 4323
f 4323 4243 4242
f 4323 4242 1665
f 4212 4211 4317
f 4213 4324 4325
f 4325 4324 4326
f 4212 4317 4213
f 1698 1699 4324
f 4324 1699 1701
f 4324 1701 4326
f 4245 4317 4246
f 4246 4317 4211
f 4246 4211 4209
f 1703 4327 1701
f 1701 4327 4328
f 1701 4328 4326
f 1709 4207 1707
f 1707 4207 4205
f 1707 4205 1705
f 1705 4205 4203
f 1705 4203 1703
f 1703 4203 4329
f 1703 4329 4327
f 1709 1653 4207
f 4207 1653 4248
f 4207 4248 4209
f 4209 4248 4247
f 4209 4247 4246
f 4253 4252 4299
f 4299 4252 4251
f 4299 4251 4324
f 4288 1663 1656
f 4251 4250 4324
f 4324 4250 4249
f 4324 4249 1698
f 1698 4249 1697
f 1656 4256 4288
f 4288 4256 4255
f 4288 4255 4299
f 4299 4255 4254
f 4299 4254 4253
f 4287 1685 4288
f 4288 1685 1684
f 4288 1684 1663
f 4223 4300 4283
f 4283 4300 4225
f 4283 4225 4224
f 1673 4330 1657
f 1657 4330 4331
f 1657 4331 4233
f 1658 1657 4257
f 4257 1657 4233
f 4257 4233 4258
f 4258 4233 4231
f 4258 4231 4332
f 4332 4231 4333
f 4334 4335 4282
f 4224 4336 4283
f 4283 4336 4337
f 4283 4337 1673
f 1673 4337 4338
f 1673 4338 4330
f 4334 4282 4259
f 4231 4229 4333
f 4333 4229 4227
f 4333 4227 4300
f 4300 4227 4226
f 4300 4226 4225
f 4282 1693 4259
f 4259 1693 1692
f 4259 1692 1691
f 4339 1696 4340
f 1695 4282 1696
f 1696 4282 4341
f 1696 4341 4340
f 4168 4167 4342
f 4340 4343 4339
f 4339 4343 4344
f 4339 4344 4345
f 4345 4344 4171
f 4345 4171 4170
f 4167 4166 4342
f 4342 4166 4165
f 4342 4165 4282
f 4282 4165 4346
f 4282 4346 4341
f 4264 4169 4263
f 4263 4169 4168
f 4263 4168 4262
f 4262 4168 4342
f 4262 4342 4261
f 4260 4119 4347
f 4347 4348 4260
f 4260 4348 4345
f 4260 4345 4264
f 4264 4345 4170
f 4264 4170 4169
f 4173 4172 4280
f 4172 4349 4342
f 4342 4349 4350
f 4342 4350 4351
f 4352 4265 4351
f 4351 4265 4353
f 4351 4353 4342
f 4342 4353 4354
f 4342 4354 4261
f 4177 4279 4179
f 4179 4279 4355
f 4179 4355 4356
f 4356 4355 4352
f 4177 4176 4279
f 4279 4176 4175
f 4279 4175 4280
f 4280 4175 4174
f 4280 4174 4173
f 4352 4355 4265
f 4265 4355 4357
f 4265 4357 4281
f 4273 4358 4306
f 4306 4358 4268
f 4306 4268 4359
f 4359 4268 4269
f 4359 4269 4270
f 4271 4272 4276
f 4276 4272 4267
f 4276 4267 4277
f 4141 4360 4267
f 4267 4360 4361
f 4267 4361 4277
f 4270 4271 4359
f 4359 4271 4276
f 4359 4276 4280
f 4280 4276 4275
f 4280 4275 4278
f 4362 4363 4280
f 4364 4359 4365
f 4365 4359 4280
f 4365 4280 4366
f 4366 4280 4363
f 4172 4342 4280
f 4280 4342 4367
f 4280 4367 4362
f 4368 4282 4300
f 4300 4282 4335
f 4300 4335 4333
f 4368 4369 4282
f 4282 4369 4370
f 4282 4370 4371
f 4371 4372 4282
f 4282 4372 4373
f 4282 4373 4342
f 4342 4373 4374
f 4342 4374 4367
f 4213 4317 4324
f 4324 4317 3373
f 4324 3373 3371
f 4324 3365 4299
f 4299 3365 3363
f 4299 3363 4300
f 4300 3363 3361
f 4300 3361 4368
f 3371 3369 4324
f 4324 3369 3367
f 4324 3367 3365
f 3381 4321 3383
f 3383 4321 3385
f 3381 3379 4321
f 4321 3379 3377
f 4321 3377 4317
f 4317 3377 3375
f 4317 3375 3373
f 1716 1718 4321
f 4321 1718 4285
f 4321 4285 3385
f 3385 4285 4293
f 3385 4293 3387
f 3387 4293 3389
f 4364 3389 4359
f 4359 3389 4293
f 4359 4293 4306
f 4306 4293 4290
f 4306 4290 4307
f 4307 4290 4305
f 4375 4376 4377
f 4378 4379 4380
f 4380 4379 4381
f 4377 4376 4382
f 4383 4384 4376
f 4376 4384 4385
f 4386 4387 4388
f 4388 4387 4383
f 4388 4383 4389
f 4389 4383 4376
f 4381 4382 4380
f 4380 4382 4376
f 4380 4376 4390
f 4390 4376 4385
f 4390 4385 4391
f 4392 4393 4377
f 4377 4393 4394
f 4377 4394 4375
f 4395 4396 4397
f 4398 4399 4397
f 4397 4399 4400
f 4397 4400 4395
f 4401 4402 4403
f 4403 4402 4396
f 4403 4396 4404
f 4404 4396 4395
f 4402 4405 4396
f 4396 4405 4406
f 4396 4406 4407
f 4408 4409 4410
f 4410 4409 4411
f 4410 4411 4412
f 4412 4411 4396
f 4412 4396 4413
f 4413 4396 4407
f 4414 4415 4416
f 4416 4415 4417
f 4418 4415 4419
f 4420 4421 4422
f 4422 4421 4418
f 4422 4418 4423
f 4423 4418 4419
f 4424 4425 4426
f 4426 4425 4419
f 4426 4419 4427
f 4427 4419 4415
f 4428 4417 4429
f 4429 4417 4415
f 4429 4415 4430
f 4430 4415 4418
f 4431 4432 4416
f 4416 4432 4433
f 4416 4433 4414
f 1757 4419 1755
f 1755 4419 4425
f 1755 4425 1753
f 1753 4425 4424
f 1753 4424 1760
f 1760 4424 4426
f 1760 4426 1758
f 1758 4426 4427
f 1758 4427 1741
f 1749 4423 1757
f 1757 4423 4419
f 4414 1730 4415
f 4415 1730 1739
f 4415 1739 4427
f 4427 1739 1741
f 4423 1749 4422
f 4422 1749 1751
f 4416 1738 4431
f 4431 1738 1736
f 4431 1736 4432
f 4432 1736 1734
f 4432 1734 4433
f 4433 1734 1732
f 4433 1732 4414
f 4414 1732 1730
f 4430 4418 1726
f 1726 4418 1744
f 4417 1722 4416
f 4416 1722 1738
f 4430 1726 4429
f 4429 1726 1724
f 4429 1724 4428
f 4428 1724 1721
f 4428 1721 4417
f 4417 1721 1722
f 4413 1774 4412
f 4412 1774 2301
f 4405 1772 4406
f 4406 1772 1778
f 4406 1778 4407
f 4407 1778 1776
f 4407 1776 4413
f 4413 1776 1774
f 1790 4411 1794
f 1794 4411 4409
f 1794 4409 1801
f 1801 4409 4408
f 1801 4408 1799
f 1799 4408 4410
f 1799 4410 1797
f 1797 4410 1795
f 1795 4410 4412
f 1795 4412 2301
f 4405 4402 1772
f 1772 4402 1764
f 4411 1790 4396
f 4396 1790 1792
f 4404 1770 4403
f 4403 1770 1768
f 4403 1768 4401
f 4401 1768 1766
f 4401 1766 4402
f 4402 1766 1764
f 4397 1788 4398
f 4398 1788 1786
f 4398 1786 4399
f 4399 1786 1784
f 4399 1784 4400
f 4400 1784 1782
f 4400 1782 4395
f 4395 1782 1780
f 4395 1780 4404
f 4404 1780 1770
f 4385 4384 2302
f 1827 4390 1828
f 1828 4390 4391
f 1828 4391 1830
f 1830 4391 4385
f 1830 4385 4434
f 4434 4385 2302
f 4380 4390 1833
f 1833 4390 1827
f 4383 1819 4384
f 4384 1819 2302
f 4378 4380 1833
f 1835 4381 1838
f 1838 4381 4379
f 1833 1841 4378
f 4378 1841 1842
f 4378 1842 4379
f 4379 1842 1839
f 4379 1839 1838
f 4389 1816 4388
f 4388 1816 1825
f 4388 1825 4386
f 4386 1825 1823
f 4386 1823 4387
f 4387 1823 1821
f 4387 1821 4383
f 4383 1821 1819
f 1812 4377 1834
f 1834 4377 4382
f 4375 1805 4376
f 4376 1805 1814
f 4376 1814 4389
f 4389 1814 1816
f 4377 1812 4392
f 4392 1812 1810
f 4392 1810 4393
f 4393 1810 1808
f 4393 1808 4394
f 4394 1808 1806
f 4394 1806 4375
f 4375 1806 1805
f 4381 1835 4382
f 4382 1835 1834
f 4396 1792 4397
f 4397 1792 1788
f 1744 4418 1745
f 1745 4418 4421
f 1745 4421 1747
f 1747 4421 4420
f 1747 4420 1752
f 1752 4420 4422
f 1752 4422 1751
f 4150 4268 4435
f 4435 4268 4358
f 4435 4358 4151
f 4151 4358 4273
f 4046 4261 4436
f 4436 4261 4354
f 4436 4354 4437
f 4437 4354 4353
f 4437 4353 4048
f 4048 4353 4265
f 4259 4034 4334
f 4334 4034 4438
f 4334 4438 4335
f 4335 4438 4439
f 4439 4440 4335
f 4335 4440 4441
f 4335 4441 4333
f 4032 4258 4442
f 4442 4258 4332
f 4442 4332 4443
f 4443 4332 4333
f 4443 4333 4444
f 4444 4333 4441
f 4232 4233 4445
f 4445 4233 4331
f 4445 4331 4446
f 4446 4331 4330
f 4446 4330 3967
f 3967 4330 4338
f 3967 4338 3966
f 3966 4338 4337
f 3966 4337 3964
f 3964 4337 4336
f 3964 4336 3965
f 3965 4336 4224
f 3957 4223 3962
f 3962 4223 4303
f 3962 4303 3960
f 3960 4303 4302
f 3960 4302 3961
f 3961 4302 4301
f 3961 4301 4447
f 4447 4301 4287
f 4447 4287 4448
f 4448 4287 4286
f 4448 4286 4214
f 4214 4286 4215
f 3950 4213 3948
f 3948 4213 4325
f 3948 4325 3949
f 3949 4325 4326
f 3949 4326 3954
f 3954 4326 4328
f 3954 4328 3952
f 3952 4328 4327
f 3952 4327 3953
f 3953 4327 4329
f 3953 4329 4202
f 4202 4329 4203
f 4200 4201 3943
f 3943 4201 4320
f 3943 4320 3942
f 3942 4320 4319
f 3942 4319 3940
f 3940 4319 4318
f 3940 4318 3941
f 3941 4318 4323
f 3941 4323 3946
f 3946 4323 4322
f 3946 4322 3944
f 3944 4322 4190
f 4188 4189 4449
f 4449 4189 4309
f 4449 4309 4450
f 4450 4309 4308
f 4450 4308 3935
f 3935 4308 4307
f 3935 4307 3934
f 3934 4307 4305
f 3934 4305 3932
f 3932 4305 4304
f 3932 4304 3933
f 3933 4304 4180
f 4178 4179 4451
f 4451 4179 4356
f 4451 4356 4452
f 4452 4356 4352
f 4452 4352 4453
f 4453 4352 4351
f 4453 4351 4454
f 4454 4351 4350
f 4454 4350 3927
f 3927 4350 4349
f 3927 4349 3926
f 3926 4349 4172
f 3920 4171 3921
f 3921 4171 4344
f 3921 4344 4455
f 4455 4344 4343
f 4455 4343 4456
f 4456 4343 4340
f 4456 4340 4457
f 4457 4340 4341
f 4457 4341 4458
f 4458 4341 4346
f 4458 4346 4164
f 4164 4346 4165
f 4162 4163 4459
f 4459 4163 4298
f 4459 4298 4460
f 4460 4298 4297
f 4460 4297 3911
f 3911 4297 4296
f 3911 4296 3910
f 3910 4296 4295
f 3910 4295 3908
f 3908 4295 4294
f 3908 4294 3909
f 3909 4294 4154
f 4108 4150 4101
f 4101 4150 4435
f 4101 4435 4100
f 4100 4435 4151
f 3815 1717 1715
f 3815 1715 3811
f 3811 1715 1713
f 3811 1713 3807
f 3807 1713 1711
f 3807 1711 3808
f 3808 1711 1710
f 3808 1710 3804
f 3804 1710 1708
f 3804 1708 3803
f 3803 1708 1706
f 3803 1706 3801
f 3801 1706 1704
f 3801 1704 3795
f 3795 1704 1702
f 3795 1702 3793
f 3793 1702 1700
f 3793 1700 3798
f 3798 1700 1660
f 3798 1660 3792
f 3792 1660 3789
f 3789 1660 1662
f 3789 1662 3790
f 3790 1662 1679
f 3790 1679 3784
f 3784 1679 1677
f 3784 1677 3785
f 3785 1677 1675
f 3785 1675 3787
f 3787 1675 1674
f 3787 1674 3858
f 3858 1674 1669
f 3858 1669 3773
f 3773 1669 1672
f 3773 1672 3777
f 3777 1672 1694
f 3777 1694 3781
f 4045 4046 4114
f 4114 4046 4436
f 4114 4436 4113
f 4113 4436 4437
f 4113 4437 4047
f 4047 4437 4048
f 4031 4032 4442
f 4031 4442 4127
f 4127 4442 4443
f 4127 4443 4128
f 4128 4443 4444
f 4128 4444 4129
f 4444 4441 4129
f 4129 4441 4440
f 4129 4440 4124
f 4440 4439 4124
f 4124 4439 4438
f 4124 4438 4125
f 4125 4438 4034
f 4125 4034 4033
f 3963 4230 4232
f 4228 4230 3963
f 3969 4228 3963
f 3963 4446 3967
f 4445 4446 3963
f 4232 4445 3963
f 3955 4448 4214
f 4447 4448 3955
f 3961 4447 3955
f 3955 4218 3959
f 4216 4218 3955
f 4214 4216 3955
f 3947 4204 4206
f 4202 4204 3947
f 3953 4202 3947
f 3947 4210 3951
f 4208 4210 3947
f 4206 4208 3947
f 3939 4194 4196
f 4192 4194 3939
f 3945 4192 3939
f 3939 4200 3943
f 4198 4200 3939
f 4196 4198 3939
f 3931 4186 4188
f 4184 4186 3931
f 3937 4184 3931
f 3931 4450 3935
f 4449 4450 3931
f 4188 4449 3931
f 3923 4451 4452
f 4178 4451 3923
f 3929 4178 3923
f 3923 4454 3927
f 4453 4454 3923
f 4452 4453 3923
f 3915 4456 4457
f 4455 4456 3915
f 3921 4455 3915
f 3915 4164 3919
f 4458 4164 3915
f 4457 4458 3915
f 3907 4160 4162
f 4158 4160 3907
f 3913 4158 3907
f 3907 4460 3911
f 4459 4460 3907
f 4162 4459 3907
f 3751 3906 3750
f 3750 3906 4139
f 3750 4139 3755
f 3755 4139 4138
f 3755 4138 3754
f 3754 4138 4137
f 3754 4137 3753
f 3753 4137 4136
f 3753 4136 3744
f 3744 4136 4135
f 3744 4135 3745
f 3745 4135 3900
f 3737 3899 3733
f 3733 3899 4134
f 3733 4134 3735
f 3735 4134 4133
f 3735 4133 3743
f 3743 4133 4132
f 3743 4132 3742
f 3742 4132 4131
f 3742 4131 3740
f 3740 4131 4130
f 3740 4130 3741
f 3741 4130 3893
f 3725 3892 3721
f 3721 3892 4126
f 3721 4126 3723
f 3723 4126 4123
f 3723 4123 3731
f 3731 4123 4122
f 3731 4122 3730
f 3730 4122 4121
f 3730 4121 3728
f 3728 4121 4120
f 3728 4120 3729
f 3729 4120 3886
f 3715 3885 3714
f 3714 3885 4111
f 3714 4111 3719
f 3719 4111 4118
f 3719 4118 3718
f 3718 4118 4117
f 3718 4117 3717
f 3717 4117 4116
f 3717 4116 3708
f 3708 4116 4115
f 3708 4115 3709
f 3709 4115 3879
f 3701 3878 3697
f 3697 3878 4095
f 3697 4095 3699
f 3699 4095 4097
f 3699 4097 3707
f 3707 4097 4099
f 3707 4099 3706
f 3706 4099 4104
f 3706 4104 3704
f 3704 4104 4106
f 3704 4106 3705
f 3705 4106 3872
f 3689 3871 3685
f 3685 3871 4089
f 3685 4089 3687
f 3687 4089 4088
f 3687 4088 3695
f 3695 4088 4087
f 3695 4087 3694
f 3694 4087 4086
f 3694 4086 3692
f 3692 4086 4085
f 3692 4085 3693
f 3693 4085 3865
f 3864 3863 4075
f 3864 4075 4079
f 4079 4075 4072
f 4079 4072 4077
f 3797 3625 3627
f 3797 3627 3799
f 3677 3623 3791
f 3791 3623 3624
f 3791 3624 3796
f 3796 3624 3620
f 3796 3620 3797
f 3797 3620 3619
f 3797 3619 3625
f 3618 3683 3615
f 3615 3683 3794
f 3615 3794 3611
f 3611 3794 3800
f 3611 3800 3612
f 3612 3800 3799
f 3612 3799 3626
f 3626 3799 3627
f 3780 3608 3610
f 3780 3610 3782
f 3670 3606 3775
f 3775 3606 3607
f 3775 3607 3779
f 3779 3607 3603
f 3779 3603 3780
f 3780 3603 3602
f 3780 3602 3608
f 3601 3676 3598
f 3598 3676 3778
f 3598 3778 3594
f 3594 3778 3783
f 3594 3783 3595
f 3595 3783 3782
f 3595 3782 3609
f 3609 3782 3610
f 3827 3591 3593
f 3827 3593 3829
f 3663 3589 3823
f 3823 3589 3590
f 3823 3590 3826
f 3826 3590 3586
f 3826 3586 3827
f 3827 3586 3585
f 3827 3585 3591
f 3584 3669 3581
f 3581 3669 3825
f 3581 3825 3577
f 3577 3825 3830
f 3577 3830 3578
f 3578 3830 3829
f 3578 3829 3592
f 3592 3829 3593
f 3572 3662 3573
f 3573 3662 3836
f 3573 3836 3575
f 3575 3836 3767
f 3575 3767 3576
f 3576 3767 3766
f 3576 3766 3561
f 3561 3766 3839
f 3561 3839 3563
f 3563 3839 3838
f 3563 3838 3565
f 3565 3838 3656
f 3555 3655 3556
f 3556 3655 3845
f 3556 3845 3558
f 3558 3845 3844
f 3558 3844 3559
f 3559 3844 3841
f 3559 3841 3544
f 3544 3841 3840
f 3544 3840 3546
f 3546 3840 3843
f 3546 3843 3548
f 3548 3843 3649
f 3538 3648 3539
f 3539 3648 3853
f 3539 3853 3541
f 3541 3853 3856
f 3541 3856 3542
f 3542 3856 3855
f 3542 3855 3527
f 3527 3855 3854
f 3527 3854 3529
f 3529 3854 3857
f 3529 3857 3531
f 3531 3857 3642
f 3513 3641 3512
f 3512 3641 3846
f 3512 3846 3511
f 3511 3846 3849
f 3511 3849 3517
f 3517 3849 3848
f 3517 3848 3518
f 3518 3848 3851
f 3518 3851 3520
f 3520 3851 3850
f 3520 3850 3522
f 3522 3850 3635
f 3814 3506 3508
f 3814 3508 3816
f 3628 3504 3812
f 3812 3504 3505
f 3812 3505 3813
f 3813 3505 3501
f 3813 3501 3814
f 3814 3501 3500
f 3814 3500 3506
f 3499 3634 3496
f 3496 3634 3810
f 3496 3810 3492
f 3492 3810 3817
f 3492 3817 3493
f 3493 3817 3816
f 3493 3816 3507
f 3507 3816 3508
f 3457 3491 3459
f 3459 3491 3574
f 3459 3574 3462
f 3462 3574 3560
f 3462 3560 3461
f 3461 3560 3562
f 3461 3562 3454
f 3454 3562 3564
f 3454 3564 3452
f 3452 3564 3566
f 3452 3566 3453
f 3453 3566 3485
f 3445 3484 3447
f 3447 3484 3557
f 3447 3557 3450
f 3450 3557 3543
f 3450 3543 3449
f 3449 3543 3545
f 3449 3545 3442
f 3442 3545 3547
f 3442 3547 3440
f 3440 3547 3549
f 3440 3549 3441
f 3441 3549 3478
f 3438 3477 3437
f 3437 3477 3540
f 3437 3540 3435
f 3435 3540 3526
f 3435 3526 3436
f 3436 3526 3528
f 3436 3528 3433
f 3433 3528 3530
f 3433 3530 3431
f 3431 3530 3532
f 3431 3532 3432
f 3432 3532 3471
f 3426 3470 3425
f 3425 3470 3510
f 3425 3510 3423
f 3423 3510 3509
f 3423 3509 3424
f 3424 3509 3519
f 3424 3519 3421
f 3421 3519 3521
f 3421 3521 3419
f 3419 3521 3523
f 3419 3523 3420
f 3420 3523 3464
f 3388 3389 3390
f 3390 3389 4364
f 3390 4364 3391
f 3391 4364 4365
f 3391 4365 3392
f 3392 4365 4366
f 3392 4366 3393
f 3393 4366 4363
f 3393 4363 3394
f 3394 4363 4362
f 3394 4362 3395
f 3395 4362 4367
f 3395 4367 3396
f 3396 4367 4374
f 3396 4374 3397
f 3397 4374 4373
f 3397 4373 3398
f 3398 4373 4372
f 3398 4372 3399
f 3399 4372 4371
f 3399 4371 3400
f 3400 4371 4370
f 3400 4370 3401
f 3401 4370 4369
f 3401 4369 3402
f 3402 4369 4368
f 3402 4368 3360
f 3360 4368 3361
f 3359 3358 4461
f 3359 4461 3415
f 3415 4461 4462
f 3415 4462 3414
f 3414 4462 4463
f 3414 4463 3413
f 3413 4463 4464
f 3413 4464 3412
f 3412 4464 4465
f 3412 4465 3411
f 3411 4465 4466
f 3411 4466 3410
f 3410 4466 1879
f 3410 1879 3409
f 3409 1879 1877
f 3409 1877 3408
f 3408 1877 1875
f 3408 1875 3407
f 3407 1875 1873
f 3407 1873 3406
f 3406 1873 1866
f 3406 1866 3405
f 3405 1866 1865
f 3405 1865 3404
f 3404 1865 1863
f 3404 1863 3403
f 3403 1863 1861
f 3403 1861 3338
f 3236 3308 4467
f 4467 3308 3334
f 4467 3334 4468
f 4468 3334 4469
f 4469 3334 3335
f 4469 3335 4470
f 4470 3335 4471
f 4471 3335 3336
f 4471 3336 4472
f 4472 3336 4473
f 4473 3336 3337
f 4473 3337 4474
f 4474 3337 4475
f 4475 3337 3333
f 4475 3333 4476
f 4476 3333 4477
f 4477 3333 3302
f 4477 3302 3254
f 2917 2949 3323
f 3216 3215 3300
f 3138 3137 3331
f 3331 3137 3105
f 3331 3105 3300
f 3300 3105 4478
f 3300 4478 3216
f 3075 3074 3332
f 3332 3074 3042
f 3332 3042 3331
f 3331 3042 4479
f 3331 4479 3138
f 3322 3012 2979
f 3322 2979 3332
f 3332 2979 4480
f 3332 4480 3075
f 2949 2916 3323
f 3323 2916 4481
f 3323 4481 3322
f 3322 4481 2980
f 3322 2980 3012
f 2854 2886 3324
f 3324 2886 2853
f 3324 2853 3323
f 3323 2853 4482
f 3323 4482 2917
f 3289 2823 2798
f 3289 2798 3324
f 3324 2798 4483
f 3324 4483 2854
f 3330 3329 2534
f 2534 2521 3330
f 3330 2521 4484
f 3330 4484 3170
f 2595 2596 3328
f 3328 2596 2597
f 3328 2597 3329
f 3329 2597 2584
f 3329 2584 4485
f 4485 2532 3329
f 3329 2532 2533
f 3329 2533 2534
f 3327 2657 2654
f 3327 2654 3328
f 3328 2654 4486
f 3328 4486 2595
f 4487 2711 3326
f 3326 2711 2709
f 2709 4488 3326
f 3326 4488 2655
f 3326 2655 3327
f 3327 2655 2656
f 3327 2656 2657
f 2766 2765 3325
f 3325 2765 2778
f 2778 4489 3325
f 3325 4489 4490
f 3325 4490 3326
f 3326 4490 4491
f 3326 4491 4487
f 2766 3325 2777
f 2777 3325 3275
f 2777 3275 3276
f 3170 3169 3330
f 3330 3169 3168
f 3330 3168 3287
f 3287 3168 3167
f 3287 3167 3288
f 2397 2824 3271
f 2408 2887 3272
f 3272 2887 2396
f 3272 2396 3271
f 3271 2396 2395
f 3271 2395 2397
f 2419 2950 3273
f 3273 2950 2407
f 3273 2407 3272
f 3272 2407 2406
f 3272 2406 2408
f 2430 3013 3255
f 3255 3013 2418
f 3255 2418 3273
f 3273 2418 2417
f 3273 2417 2419
f 2441 3073 3256
f 3256 3073 2429
f 3256 2429 3255
f 3255 2429 2428
f 3255 2428 2430
f 3257 3136 2440
f 3257 2440 3256
f 3256 2440 2439
f 3256 2439 2441
f 3214 2451 3258
f 3258 2451 2450
f 3258 2450 3257
f 3257 2450 2452
f 3257 2452 3136
f 4468 4469 4492
f 4470 4471 4493
f 3270 3268 4494
f 4494 3268 4495
f 4494 4495 4496
f 4496 4495 4497
f 3268 3266 4495
f 4495 3266 4498
f 4495 4498 4497
f 4497 4498 4499
f 3251 3270 3252
f 3252 3270 4494
f 3252 4494 3253
f 3253 4494 4496
f 3253 4496 3254
f 3254 4496 4477
f 4472 4473 4499
f 4499 4473 4474
f 4499 4474 4497
f 4497 4474 4475
f 4497 4475 4496
f 4496 4475 4476
f 4496 4476 4477
f 4471 4472 4493
f 4493 4472 4499
f 4493 4499 4500
f 4500 4499 4498
f 4500 4498 3264
f 3264 4498 3266
f 4469 4470 4492
f 4492 4470 4493
f 4492 4493 4501
f 4501 4493 4500
f 4501 4500 3262
f 3262 4500 3264
f 4467 4468 4502
f 4502 4468 4492
f 4502 4492 4503
f 4503 4492 4501
f 4503 4501 3260
f 3260 4501 3262
f 3260 3233 4503
f 4503 3233 3234
f 4503 3234 4502
f 4502 3234 3235
f 4502 3235 4467
f 4467 3235 3236
f 3175 4504 3174
f 3174 4504 4505
f 3174 4505 3173
f 3173 4505 4506
f 3173 4506 3172
f 3172 4506 4507
f 3172 4507 3171
f 3171 4507 4508
f 3171 4508 3166
f 2471 4509 2470
f 2470 4509 4510
f 2470 4510 2469
f 2469 4510 4511
f 2469 4511 2468
f 2468 4511 4512
f 2468 4512 2466
f 2466 4512 4513
f 2466 4513 2465
f 3167 4514 3288
f 3288 4514 4515
f 3288 4515 2471
f 2471 4515 4516
f 2471 4516 4509
f 4509 4516 4517
f 4509 4517 4510
f 4510 4517 4518
f 4510 4518 4511
f 4511 4518 4519
f 4511 4519 4512
f 4512 4519 4520
f 4512 4520 4513
f 2465 4513 2464
f 2464 4513 4520
f 2464 4520 3144
f 3144 4520 4521
f 3144 4521 3175
f 3175 4521 4522
f 3175 4522 4504
f 4504 4522 4523
f 4504 4523 4505
f 4505 4523 4524
f 4505 4524 4506
f 4506 4524 4525
f 4506 4525 4507
f 4507 4525 4514
f 4507 4514 4508
f 4508 4514 3167
f 4508 3167 3166
f 4521 3192 4522
f 4522 3192 3194
f 4522 3194 4523
f 4523 3194 3196
f 4523 3196 4524
f 4524 3196 3198
f 4524 3198 4525
f 4525 3198 3200
f 4525 3200 4514
f 4514 3200 3202
f 4514 3202 4515
f 4515 3202 3204
f 4515 3204 4516
f 4516 3204 3206
f 4516 3206 4517
f 4517 3206 3208
f 4517 3208 4518
f 4518 3208 3210
f 4518 3210 4519
f 4519 3210 3212
f 4519 3212 4520
f 4520 3212 3190
f 4520 3190 4521
f 4521 3190 3192
f 2665 2662 3313
f 2763 2762 3309
f 3309 2762 2768
f 3309 2768 3153
f 3153 2768 2770
f 3153 2770 3154
f 3311 4526 4527
f 3311 4527 3309
f 3309 4527 4528
f 3309 4528 2763
f 2719 2718 3311
f 3311 2718 4529
f 3311 4529 4526
f 2662 2661 3313
f 3313 2661 2660
f 3313 2660 3311
f 3311 2660 4530
f 3311 4530 2719
f 3316 2588 2586
f 3316 2586 3313
f 3313 2586 4531
f 3313 4531 2665
f 3318 2525 2523
f 2523 4532 3318
f 3318 4532 2602
f 3318 2602 3316
f 3316 2602 2589
f 3316 2589 2588
f 3156 3155 3320
f 3320 3155 3158
f 3158 4533 3320
f 3320 4533 2539
f 3320 2539 3318
f 3318 2539 2526
f 3318 2526 2525
f 3156 3320 3175
f 3175 3320 3143
f 3175 3143 3144
f 3087 4534 3084
f 3084 4534 4535
f 3084 4535 3082
f 3082 4535 4536
f 3082 4536 3081
f 3081 4536 4537
f 3081 4537 3079
f 3079 4537 4538
f 3079 4538 3077
f 2460 4539 2461
f 2461 4539 4540
f 2461 4540 2476
f 2476 4540 4541
f 2476 4541 2475
f 2475 4541 4542
f 2475 4542 2474
f 2474 4542 4543
f 2474 4543 2473
f 2472 4544 3286
f 3286 4544 4545
f 3286 4545 3087
f 3087 4545 4546
f 3087 4546 4534
f 4534 4546 4547
f 4534 4547 4535
f 4535 4547 4548
f 4535 4548 4536
f 4536 4548 4549
f 4536 4549 4537
f 4537 4549 4550
f 4537 4550 4538
f 3077 4538 3092
f 3092 4538 4550
f 3092 4550 3145
f 3145 4550 4551
f 3145 4551 2460
f 2460 4551 4552
f 2460 4552 4539
f 4539 4552 4553
f 4539 4553 4540
f 4540 4553 4554
f 4540 4554 4541
f 4541 4554 4555
f 4541 4555 4542
f 4542 4555 4544
f 4542 4544 4543
f 4543 4544 2472
f 4543 2472 2473
f 4551 3114 4552
f 4552 3114 3116
f 4552 3116 4553
f 4553 3116 3118
f 4553 3118 4554
f 4554 3118 3120
f 4554 3120 4555
f 4555 3120 3122
f 4555 3122 4544
f 4544 3122 3124
f 4544 3124 4545
f 4545 3124 3126
f 4545 3126 4546
f 4546 3126 3128
f 4546 3128 4547
f 4547 3128 3130
f 4547 3130 4548
f 4548 3130 3132
f 4548 3132 4549
f 4549 3132 3134
f 4549 3134 4550
f 4550 3134 3112
f 4550 3112 4551
f 4551 3112 3114
f 3024 4556 3021
f 3021 4556 4557
f 3021 4557 3019
f 3019 4557 4558
f 3019 4558 3018
f 3018 4558 4559
f 3018 4559 3016
f 3016 4559 4560
f 3016 4560 3014
f 3097 4561 3096
f 3096 4561 4562
f 3096 4562 3095
f 3095 4562 4563
f 3095 4563 3091
f 3091 4563 4564
f 3091 4564 3090
f 3090 4564 4565
f 3090 4565 3085
f 3086 4566 3284
f 3284 4566 4567
f 3284 4567 3024
f 3024 4567 4568
f 3024 4568 4556
f 4556 4568 4569
f 4556 4569 4557
f 4557 4569 4570
f 4557 4570 4558
f 4558 4570 4571
f 4558 4571 4559
f 4559 4571 4572
f 4559 4572 4560
f 3014 4560 3029
f 3029 4560 4572
f 3029 4572 3146
f 3146 4572 4573
f 3146 4573 3097
f 3097 4573 4574
f 3097 4574 4561
f 4561 4574 4575
f 4561 4575 4562
f 4562 4575 4576
f 4562 4576 4563
f 4563 4576 4577
f 4563 4577 4564
f 4564 4577 4566
f 4564 4566 4565
f 4565 4566 3086
f 4565 3086 3085
f 4573 3051 4574
f 4574 3051 3053
f 4574 3053 4575
f 4575 3053 3055
f 4575 3055 4576
f 4576 3055 3057
f 4576 3057 4577
f 4577 3057 3059
f 4577 3059 4566
f 4566 3059 3061
f 4566 3061 4567
f 4567 3061 3063
f 4567 3063 4568
f 4568 3063 3065
f 4568 3065 4569
f 4569 3065 3067
f 4569 3067 4570
f 4570 3067 3069
f 4570 3069 4571
f 4571 3069 3071
f 4571 3071 4572
f 4572 3071 3049
f 4572 3049 4573
f 4573 3049 3051
f 2964 4578 2963
f 2963 4578 4579
f 2963 4579 2962
f 2962 4579 4580
f 2962 4580 2961
f 2961 4580 4581
f 2961 4581 2959
f 2959 4581 4582
f 2959 4582 2954
f 3034 4583 3033
f 3033 4583 4584
f 3033 4584 3032
f 3032 4584 4585
f 3032 4585 3028
f 3028 4585 4586
f 3028 4586 3027
f 3027 4586 4587
f 3027 4587 3022
f 2955 4588 3148
f 3148 4588 4589
f 3148 4589 3034
f 3034 4589 4590
f 3034 4590 4583
f 4583 4590 4591
f 4583 4591 4584
f 4584 4591 4592
f 4584 4592 4585
f 4585 4592 4593
f 4585 4593 4586
f 4586 4593 4594
f 4586 4594 4587
f 3022 4587 3023
f 3023 4587 4594
f 3023 4594 3282
f 3282 4594 4595
f 3282 4595 2964
f 2964 4595 4596
f 2964 4596 4578
f 4578 4596 4597
f 4578 4597 4579
f 4579 4597 4598
f 4579 4598 4580
f 4580 4598 4599
f 4580 4599 4581
f 4581 4599 4588
f 4581 4588 4582
f 4582 4588 2955
f 4582 2955 2954
f 4595 2990 4596
f 4596 2990 2992
f 4596 2992 4597
f 4597 2992 2994
f 4597 2994 4598
f 4598 2994 2996
f 4598 2996 4599
f 4599 2996 2998
f 4599 2998 4588
f 4588 2998 3000
f 4588 3000 4589
f 4589 3000 3002
f 4589 3002 4590
f 4590 3002 3004
f 4590 3004 4591
f 4591 3004 3006
f 4591 3006 4592
f 4592 3006 3008
f 4592 3008 4593
f 4593 3008 3010
f 4593 3010 4594
f 4594 3010 2988
f 4594 2988 4595
f 4595 2988 2990
f 2901 4600 2900
f 2900 4600 4601
f 2900 4601 2899
f 2899 4601 4602
f 2899 4602 2898
f 2898 4602 4603
f 2898 4603 2896
f 2896 4603 4604
f 2896 4604 2891
f 2971 4605 2970
f 2970 4605 4606
f 2970 4606 2969
f 2969 4606 4607
f 2969 4607 2968
f 2968 4607 4608
f 2968 4608 2967
f 2967 4608 4609
f 2967 4609 2952
f 2892 4610 3150
f 3150 4610 4611
f 3150 4611 2971
f 2971 4611 4612
f 2971 4612 4605
f 4605 4612 4613
f 4605 4613 4606
f 4606 4613 4614
f 4606 4614 4607
f 4607 4614 4615
f 4607 4615 4608
f 4608 4615 4616
f 4608 4616 4609
f 2952 4609 2953
f 2953 4609 4616
f 2953 4616 3280
f 3280 4616 4617
f 3280 4617 2901
f 2901 4617 4618
f 2901 4618 4600
f 4600 4618 4619
f 4600 4619 4601
f 4601 4619 4620
f 4601 4620 4602
f 4602 4620 4621
f 4602 4621 4603
f 4603 4621 4610
f 4603 4610 4604
f 4604 4610 2892
f 4604 2892 2891
f 4617 2927 4618
f 4618 2927 2929
f 4618 2929 4619
f 4619 2929 2931
f 4619 2931 4620
f 4620 2931 2933
f 4620 2933 4621
f 4621 2933 2935
f 4621 2935 4610
f 4610 2935 2937
f 4610 2937 4611
f 4611 2937 2939
f 4611 2939 4612
f 4612 2939 2941
f 4612 2941 4613
f 4613 2941 2943
f 4613 2943 4614
f 4614 2943 2945
f 4614 2945 4615
f 4615 2945 2947
f 4615 2947 4616
f 4616 2947 2925
f 4616 2925 4617
f 4617 2925 2927
f 2840 4622 2835
f 2835 4622 4623
f 2835 4623 2833
f 2833 4623 4624
f 2833 4624 2832
f 2832 4624 4625
f 2832 4625 2830
f 2830 4625 4626
f 2830 4626 2829
f 2908 4627 2907
f 2907 4627 4628
f 2907 4628 2906
f 2906 4628 4629
f 2906 4629 2905
f 2905 4629 4630
f 2905 4630 2904
f 2904 4630 4631
f 2904 4631 2889
f 2828 4632 3152
f 3152 4632 4633
f 3152 4633 2908
f 2908 4633 4634
f 2908 4634 4627
f 4627 4634 4635
f 4627 4635 4628
f 4628 4635 4636
f 4628 4636 4629
f 4629 4636 4637
f 4629 4637 4630
f 4630 4637 4638
f 4630 4638 4631
f 2889 4631 2890
f 2890 4631 4638
f 2890 4638 3278
f 3278 4638 4639
f 3278 4639 2840
f 2840 4639 4640
f 2840 4640 4622
f 4622 4640 4641
f 4622 4641 4623
f 4623 4641 4642
f 4623 4642 4624
f 4624 4642 4643
f 4624 4643 4625
f 4625 4643 4632
f 4625 4632 4626
f 4626 4632 2828
f 4626 2828 2829
f 4639 2864 4640
f 4640 2864 2866
f 4640 2866 4641
f 4641 2866 2868
f 4641 2868 4642
f 4642 2868 2870
f 4642 2870 4643
f 4643 2870 2872
f 4643 2872 4632
f 4632 2872 2874
f 4632 2874 4633
f 4633 2874 2876
f 4633 2876 4634
f 4634 2876 2878
f 4634 2878 4635
f 4635 2878 2880
f 4635 2880 4636
f 4636 2880 2882
f 4636 2882 4637
f 4637 2882 2884
f 4637 2884 4638
f 4638 2884 2862
f 4638 2862 4639
f 4639 2862 2864
f 2845 4644 2844
f 2844 4644 4645
f 2844 4645 2843
f 2843 4645 4646
f 2843 4646 2842
f 2842 4646 4647
f 2842 4647 2841
f 2841 4647 4648
f 2841 4648 2836
f 2777 4649 2776
f 2776 4649 4650
f 2776 4650 2775
f 2775 4650 4651
f 2775 4651 2774
f 2774 4651 4652
f 2774 4652 2772
f 2772 4652 4653
f 2772 4653 2771
f 2770 4654 3154
f 3154 4654 4655
f 3154 4655 2845
f 2845 4655 4656
f 2845 4656 4644
f 4644 4656 4657
f 4644 4657 4645
f 4645 4657 4658
f 4645 4658 4646
f 4646 4658 4659
f 4646 4659 4647
f 4647 4659 4660
f 4647 4660 4648
f 2836 4648 2837
f 2837 4648 4660
f 2837 4660 3276
f 3276 4660 4661
f 3276 4661 2777
f 2777 4661 4662
f 2777 4662 4649
f 4649 4662 4663
f 4649 4663 4650
f 4650 4663 4664
f 4650 4664 4651
f 4651 4664 4665
f 4651 4665 4652
f 4652 4665 4654
f 4652 4654 4653
f 4653 4654 2770
f 4653 2770 2771
f 4661 2801 4662
f 4662 2801 2803
f 4662 2803 4663
f 4663 2803 2805
f 4663 2805 4664
f 4664 2805 2807
f 4664 2807 4665
f 4665 2807 2809
f 4665 2809 4654
f 4654 2809 2811
f 4654 2811 4655
f 4655 2811 2813
f 4655 2813 4656
f 4656 2813 2815
f 4656 2815 4657
f 4657 2815 2817
f 4657 2817 4658
f 4658 2817 2819
f 4658 2819 4659
f 4659 2819 2821
f 4659 2821 4660
f 4660 2821 2799
f 4660 2799 4661
f 4661 2799 2801
f 4490 4666 4667
f 4667 4666 4668
f 4667 4668 4669
f 4669 4668 4670
f 4669 4670 4671
f 4671 4670 4672
f 4671 4672 4673
f 4673 4672 4674
f 4673 4674 4675
f 2763 4676 2764
f 2764 4676 4677
f 2764 4677 2782
f 2782 4677 4678
f 2782 4678 2781
f 2781 4678 4679
f 2781 4679 2780
f 2780 4679 4680
f 2780 4680 2779
f 4527 4681 4528
f 4528 4681 4682
f 4528 4682 2763
f 2763 4682 4683
f 2763 4683 4676
f 4676 4683 4684
f 4676 4684 4677
f 4677 4684 4685
f 4677 4685 4678
f 4678 4685 4686
f 4678 4686 4679
f 4679 4686 4687
f 4679 4687 4680
f 2779 4680 2778
f 2778 4680 4687
f 2778 4687 4489
f 4489 4687 4688
f 4489 4688 4490
f 4490 4688 4689
f 4490 4689 4666
f 4666 4689 4690
f 4666 4690 4668
f 4668 4690 4691
f 4668 4691 4670
f 4670 4691 4692
f 4670 4692 4672
f 4672 4692 4681
f 4672 4681 4674
f 4674 4681 4527
f 4674 4527 4675
f 4688 2738 4689
f 4689 2738 2740
f 4689 2740 4690
f 4690 2740 2742
f 4690 2742 4691
f 4691 2742 2744
f 4691 2744 4692
f 4692 2744 2746
f 4692 2746 4681
f 4681 2746 2748
f 4681 2748 4682
f 4682 2748 2750
f 4682 2750 4683
f 4683 2750 2752
f 4683 2752 4684
f 4684 2752 2754
f 4684 2754 4685
f 4685 2754 2756
f 4685 2756 4686
f 4686 2756 2758
f 4686 2758 4687
f 4687 2758 2736
f 4687 2736 4688
f 4688 2736 2738
f 4675 4693 4673
f 4673 4693 4694
f 4673 4694 4671
f 4671 4694 4669
f 4669 4694 4695
f 4669 4695 4667
f 4490 4667 4491
f 4491 4667 4695
f 4491 4695 4487
f 4487 4695 2711
f 4675 4527 4693
f 4693 4527 4526
f 4693 4526 4529
f 2711 4695 2710
f 2710 4695 4694
f 2710 4694 2713
f 2713 4694 4693
f 2713 4693 2716
f 2716 4693 4529
f 2716 4529 2718
f 2655 4696 2652
f 2652 4696 4697
f 2652 4697 2650
f 2650 4697 4698
f 2650 4698 2649
f 2649 4698 4699
f 2649 4699 2647
f 2647 4699 4700
f 2647 4700 2645
f 2719 4701 2717
f 2717 4701 4702
f 2717 4702 2715
f 2715 4702 4703
f 2715 4703 2714
f 2714 4703 4704
f 2714 4704 2712
f 2712 4704 4705
f 2712 4705 2708
f 2660 4706 4530
f 4530 4706 4707
f 4530 4707 2719
f 2719 4707 4708
f 2719 4708 4701
f 4701 4708 4709
f 4701 4709 4702
f 4702 4709 4710
f 4702 4710 4703
f 4703 4710 4711
f 4703 4711 4704
f 4704 4711 4712
f 4704 4712 4705
f 2708 4705 2709
f 2709 4705 4712
f 2709 4712 4488
f 4488 4712 4713
f 4488 4713 2655
f 2655 4713 4714
f 2655 4714 4696
f 4696 4714 4715
f 4696 4715 4697
f 4697 4715 4716
f 4697 4716 4698
f 4698 4716 4717
f 4698 4717 4699
f 4699 4717 4706
f 4699 4706 4700
f 4700 4706 2660
f 4700 2660 2645
f 4713 2684 4714
f 4714 2684 2686
f 4714 2686 4715
f 4715 2686 2688
f 4715 2688 4716
f 4716 2688 2690
f 4716 2690 4717
f 4717 2690 2692
f 4717 2692 4706
f 4706 2692 2694
f 4706 2694 4707
f 4707 2694 2696
f 4707 2696 4708
f 4708 2696 2698
f 4708 2698 4709
f 4709 2698 2700
f 4709 2700 4710
f 4710 2700 2702
f 4710 2702 4711
f 4711 2702 2704
f 4711 2704 4712
f 4712 2704 2682
f 4712 2682 4713
f 4713 2682 2684
f 2595 4718 2594
f 2594 4718 4719
f 2594 4719 2593
f 2593 4719 4720
f 2593 4720 2592
f 2592 4720 4721
f 2592 4721 2590
f 2590 4721 4722
f 2590 4722 2585
f 2665 4723 2664
f 2664 4723 4724
f 2664 4724 2663
f 2663 4724 4725
f 2663 4725 2659
f 2659 4725 4726
f 2659 4726 2658
f 2658 4726 4727
f 2658 4727 2653
f 2654 4728 4486
f 4486 4728 4729
f 4486 4729 2595
f 2595 4729 4730
f 2595 4730 4718
f 4718 4730 4731
f 4718 4731 4719
f 4719 4731 4732
f 4719 4732 4720
f 4720 4732 4733
f 4720 4733 4721
f 4721 4733 4734
f 4721 4734 4722
f 2585 4722 2586
f 2586 4722 4734
f 2586 4734 4531
f 4531 4734 4735
f 4531 4735 2665
f 2665 4735 4736
f 2665 4736 4723
f 4723 4736 4737
f 4723 4737 4724
f 4724 4737 4738
f 4724 4738 4725
f 4725 4738 4739
f 4725 4739 4726
f 4726 4739 4728
f 4726 4728 4727
f 4727 4728 2654
f 4727 2654 2653
f 4735 2619 4736
f 4736 2619 2621
f 4736 2621 4737
f 4737 2621 2623
f 4737 2623 4738
f 4738 2623 2625
f 4738 2625 4739
f 4739 2625 2627
f 4739 2627 4728
f 4728 2627 2629
f 4728 2629 4729
f 4729 2629 2631
f 4729 2631 4730
f 4730 2631 2633
f 4730 2633 4731
f 4731 2633 2635
f 4731 2635 4732
f 4732 2635 2637
f 4732 2637 4733
f 4733 2637 2639
f 4733 2639 4734
f 4734 2639 2617
f 4734 2617 4735
f 4735 2617 2619
f 2532 4740 2531
f 2531 4740 4741
f 2531 4741 2530
f 2530 4741 4742
f 2530 4742 2529
f 2529 4742 4743
f 2529 4743 2527
f 2527 4743 4744
f 2527 4744 2522
f 2602 4745 2601
f 2601 4745 4746
f 2601 4746 2600
f 2600 4746 4747
f 2600 4747 2599
f 2599 4747 4748
f 2599 4748 2598
f 2598 4748 4749
f 2598 4749 2583
f 2584 4750 4485
f 4485 4750 4751
f 4485 4751 2532
f 2532 4751 4752
f 2532 4752 4740
f 4740 4752 4753
f 4740 4753 4741
f 4741 4753 4754
f 4741 4754 4742
f 4742 4754 4755
f 4742 4755 4743
f 4743 4755 4756
f 4743 4756 4744
f 2522 4744 2523
f 2523 4744 4756
f 2523 4756 4532
f 4532 4756 4757
f 4532 4757 2602
f 2602 4757 4758
f 2602 4758 4745
f 4745 4758 4759
f 4745 4759 4746
f 4746 4759 4760
f 4746 4760 4747
f 4747 4760 4761
f 4747 4761 4748
f 4748 4761 4750
f 4748 4750 4749
f 4749 4750 2584
f 4749 2584 2583
f 4757 2556 4758
f 4758 2556 2558
f 4758 2558 4759
f 4759 2558 2560
f 4759 2560 4760
f 4760 2560 2562
f 4760 2562 4761
f 4761 2562 2564
f 4761 2564 4750
f 4750 2564 2566
f 4750 2566 4751
f 4751 2566 2568
f 4751 2568 4752
f 4752 2568 2570
f 4752 2570 4753
f 4753 2570 2572
f 4753 2572 4754
f 4754 2572 2574
f 4754 2574 4755
f 4755 2574 2576
f 4755 2576 4756
f 4756 2576 2554
f 4756 2554 4757
f 4757 2554 2556
f 3170 4762 3165
f 3165 4762 4763
f 3165 4763 3163
f 3163 4763 4764
f 3163 4764 3162
f 3162 4764 4765
f 3162 4765 3160
f 3160 4765 4766
f 3160 4766 3159
f 2539 4767 2538
f 2538 4767 4768
f 2538 4768 2537
f 2537 4768 4769
f 2537 4769 2536
f 2536 4769 4770
f 2536 4770 2535
f 2535 4770 4771
f 2535 4771 2520
f 2521 4772 4484
f 4484 4772 4773
f 4484 4773 3170
f 3170 4773 4774
f 3170 4774 4762
f 4762 4774 4775
f 4762 4775 4763
f 4763 4775 4776
f 4763 4776 4764
f 4764 4776 4777
f 4764 4777 4765
f 4765 4777 4778
f 4765 4778 4766
f 3159 4766 3158
f 3158 4766 4778
f 3158 4778 4533
f 4533 4778 4779
f 4533 4779 2539
f 2539 4779 4780
f 2539 4780 4767
f 4767 4780 4781
f 4767 4781 4768
f 4768 4781 4782
f 4768 4782 4769
f 4769 4782 4783
f 4769 4783 4770
f 4770 4783 4772
f 4770 4772 4771
f 4771 4772 2521
f 4771 2521 2520
f 4779 2493 4780
f 4780 2493 2495
f 4780 2495 4781
f 4781 2495 2497
f 4781 2497 4782
f 4782 2497 2499
f 4782 2499 4783
f 4783 2499 2501
f 4783 2501 4772
f 4772 2501 2503
f 4772 2503 4773
f 4773 2503 2505
f 4773 2505 4774
f 4774 2505 2507
f 4774 2507 4775
f 4775 2507 2509
f 4775 2509 4776
f 4776 2509 2511
f 4776 2511 4777
f 4777 2511 2513
f 4777 2513 4778
f 4778 2513 2491
f 4778 2491 4779
f 4779 2491 2493
f 1807 1906 1804
f 1804 1906 1908
f 1781 1941 1779
f 1779 1941 1940
f 1723 2081 1719
f 1719 2081 2082
f 1719 2082 1720
f 1720 2082 1981
f 2288 2287 2289
f 2289 2287 4784
f 2289 4784 2290
f 2290 4784 4785
f 2290 4785 2299
f 2299 4785 4786
f 2299 4786 2298
f 2298 4786 4787
f 2298 4787 2294
f 2294 4787 4788
f 2294 4788 2296
f 2296 4788 2281
f 2287 1889 4784
f 4784 1889 1888
f 4784 1888 4785
f 4785 1888 1985
f 4785 1985 4786
f 4786 1985 1986
f 4786 1986 4787
f 4787 1986 1987
f 4787 1987 4788
f 4788 1987 1989
f 4788 1989 2281
f 2281 1989 1988
f 2280 2273 2306
f 2306 2273 4789
f 2306 4789 2307
f 2307 4789 4790
f 2307 4790 2308
f 2308 4790 4791
f 2308 4791 2310
f 2310 4791 4792
f 2310 4792 2309
f 2309 4792 4793
f 2309 4793 2274
f 2274 4793 2267
f 2273 1885 4789
f 4789 1885 2002
f 4789 2002 4790
f 4790 2002 2001
f 4790 2001 4791
f 4791 2001 1999
f 4791 1999 4792
f 4792 1999 1997
f 4792 1997 4793
f 4793 1997 1996
f 4793 1996 2267
f 2267 1996 1995
f 2262 2254 2261
f 2261 2254 4794
f 2261 4794 2260
f 2260 4794 4795
f 2260 4795 2257
f 2257 4795 4796
f 2257 4796 2266
f 2266 4796 4797
f 2266 4797 2265
f 2265 4797 4798
f 2265 4798 2263
f 2263 4798 2248
f 2254 2126 4794
f 4794 2126 2124
f 4794 2124 4795
f 4795 2124 2123
f 4795 2123 4796
f 4796 2123 2122
f 4796 2122 4797
f 4797 2122 2127
f 4797 2127 4798
f 4798 2127 2134
f 4798 2134 2248
f 2248 2134 2133
f 2238 2235 2247
f 2247 2235 4799
f 2247 4799 2243
f 2243 4799 4800
f 2243 4800 2241
f 2241 4800 4801
f 2241 4801 2239
f 2239 4801 4802
f 2239 4802 2240
f 2240 4802 4803
f 2240 4803 2242
f 2242 4803 2229
f 2235 2111 4799
f 4799 2111 2110
f 4799 2110 4800
f 4800 2110 2104
f 4800 2104 4801
f 4801 2104 2105
f 4801 2105 4802
f 4802 2105 2106
f 4802 2106 4803
f 4803 2106 2117
f 4803 2117 2229
f 2229 2117 2116
f 2228 2221 2311
f 2311 2221 4804
f 2311 4804 2312
f 2312 4804 4805
f 2312 4805 2313
f 2313 4805 4806
f 2313 4806 2315
f 2315 4806 4807
f 2315 4807 2314
f 2314 4807 4808
f 2314 4808 2222
f 2222 4808 2215
f 2221 2007 4804
f 4804 2007 2006
f 4804 2006 4805
f 4805 2006 2004
f 4805 2004 4806
f 4806 2004 2003
f 4806 2003 4807
f 4807 2003 2020
f 4807 2020 4808
f 4808 2020 2019
f 4808 2019 2215
f 2215 2019 2017
f 2208 2202 2212
f 2212 2202 4809
f 2212 4809 2210
f 2210 4809 4810
f 2210 4810 2211
f 2211 4810 4811
f 2211 4811 2213
f 2213 4811 4812
f 2213 4812 2214
f 2214 4812 4813
f 2214 4813 2207
f 2207 4813 2196
f 2202 1967 4809
f 4809 1967 2024
f 4809 2024 4810
f 4810 2024 2022
f 4810 2022 4811
f 4811 2022 2021
f 4811 2021 4812
f 4812 2021 2025
f 4812 2025 4813
f 4813 2025 2030
f 4813 2030 2196
f 2196 2030 2029
f 2190 2183 2191
f 2191 2183 4814
f 2191 4814 2187
f 2187 4814 4815
f 2187 4815 2188
f 2188 4815 4816
f 2188 4816 2189
f 2189 4816 4817
f 2189 4817 2193
f 2193 4817 4818
f 2193 4818 2194
f 2194 4818 2177
f 2183 2032 4814
f 4814 2032 2031
f 4814 2031 4815
f 4815 2031 1920
f 4815 1920 4816
f 4816 1920 1921
f 4816 1921 4817
f 4817 1921 1922
f 4817 1922 4818
f 4818 1922 1923
f 4818 1923 2177
f 2177 1923 2095
f 2172 2164 2174
f 2174 2164 4819
f 2174 4819 2175
f 2175 4819 4820
f 2175 4820 2176
f 2176 4820 4821
f 2176 4821 2171
f 2171 4821 4822
f 2171 4822 2173
f 2173 4822 4823
f 2173 4823 2168
f 2168 4823 2158
f 2164 2043 4819
f 4819 2043 2042
f 4819 2042 4820
f 4820 2042 1983
f 4820 1983 4821
f 4821 1983 1982
f 4821 1982 4822
f 4822 1982 1979
f 4822 1979 4823
f 4823 1979 1978
f 4823 1978 2158
f 2158 1978 2093
f 2157 2150 2317
f 2317 2150 4824
f 2317 4824 2320
f 2320 4824 4825
f 2320 4825 2318
f 2318 4825 4826
f 2318 4826 2319
f 2319 4826 4827
f 2319 4827 2316
f 2316 4827 4828
f 2316 4828 2151
f 2151 4828 2144
f 2150 2051 4824
f 4824 2051 2063
f 4824 2063 4825
f 4825 2063 2062
f 4825 2062 4826
f 4826 2062 2061
f 4826 2061 4827
f 4827 2061 2060
f 4827 2060 4828
f 4828 2060 2068
f 4828 2068 2144
f 2144 2068 2067
f 2143 2080 3310
f 3310 2080 2079
f 3310 2079 3312
f 3312 2079 2084
f 3312 2084 3314
f 3314 2084 2089
f 3314 2089 3315
f 3315 2089 2088
f 3315 2088 3317
f 3317 2088 2087
f 3317 2087 3319
f 3319 2087 2086
f 3319 2086 3321
f 3321 2086 2119
f 3321 2119 2135
f 2135 2119 1925
f 2045 3354 3352
f 1880 1879 4466
f 1880 4466 1907
f 1907 4466 4465
f 1907 4465 1909
f 1909 4465 4464
f 1909 4464 1912
f 1912 4464 4463
f 1912 4463 1914
f 4462 2037 2039
f 4462 2039 4463
f 4463 2039 2094
f 4463 2094 1914
f 2037 4462 2035
f 2035 4462 4461
f 2035 4461 2057
f 2057 4461 3358
f 2057 3358 2055
f 2055 3358 3356
f 2055 3356 2053
f 3354 2045 3356
f 3356 2045 2048
f 3356 2048 2053
f 3348 2100 3350
f 3350 2100 1882
f 3350 1882 3352
f 3352 1882 1884
f 3352 1884 2045
f 2103 2102 3348
f 3348 2102 2101
f 3348 2101 2100
f 3348 3346 2103
f 2103 3346 1844
f 2103 1844 1843
f 1831 1830 2305
f 2305 1830 4434
f 2305 4434 2304
f 2304 4434 2302
f 2304 2302 2303
f 1796 1795 2300
f 2300 1795 2301
f 1759 1758 1742
f 1742 1758 1741
f 4110 4109 4266
f 4083 4082 4241
f 4068 4069 4065
f 4068 4065 4074
f 4062 4073 4063
f 4063 4073 4074
f 4063 4074 4064
f 4064 4074 4065
f 4080 4076 4311
f 4061 4071 4062
f 4062 4071 4070
f 4062 4070 4073
f 4311 4310 4080
f 4080 4310 4313
f 4080 4313 4078
f 4078 4313 4312
f 4078 4312 4081
f 4081 4312 4069
f 4292 4090 4084
f 4092 4061 4094
f 4094 4061 4060
f 4153 4274 4092
f 4092 4274 4311
f 4092 4311 4061
f 4061 4311 4076
f 4061 4076 4071
f 4347 4119 4112
f 4067 4316 1717
f 1717 4316 4315
f 4315 4314 1717
f 1717 4314 4284
f 1717 4284 1718
f 4312 4289 4069
f 4069 4289 4291
f 4069 4291 4065
f 4065 4291 4292
f 4065 4292 4066
f 4066 4292 4084
f 4066 4084 4067
f 4067 4084 4083
f 4067 4083 4316
f 4316 4083 4241
f 4141 4094 4360
f 4360 4094 4060
f 4360 4060 4361
f 4361 4060 4059
f 4361 4059 4277
f 4277 4059 4275
f 4275 4059 4278
f 4278 4059 4058
f 4278 4058 4279
f 4279 4058 4057
f 4279 4057 4355
f 4355 4057 4056
f 4355 4056 4357
f 4357 4056 4055
f 4357 4055 4281
f 4266 4281 4110
f 4110 4281 4055
f 4110 4055 4112
f 4112 4055 4054
f 4112 4054 4347
f 4347 4054 4053
f 4347 4053 4348
f 4348 4053 4052
f 4348 4052 4345
f 4345 4052 4051
f 4345 4051 4339
f 4339 4051 1694
f 4339 1694 1696
f 3216 4478 3217
f 3217 4478 4829
f 3217 4829 3177
f 3177 4829 2447
f 3177 2447 2446
f 4478 3105 4829
f 4829 3105 3103
f 4829 3103 2447
f 2447 3103 3101
f 2447 3101 2455
f 3138 4479 3139
f 3139 4479 4830
f 3139 4830 3107
f 3107 4830 2436
f 3107 2436 2435
f 4479 3042 4830
f 4830 3042 3040
f 4830 3040 2436
f 2436 3040 3038
f 2436 3038 2444
f 3075 4480 3076
f 3076 4480 4831
f 3076 4831 3044
f 3044 4831 2425
f 3044 2425 2424
f 4480 2979 4831
f 4831 2979 2977
f 4831 2977 2425
f 2425 2977 2975
f 2425 2975 2433
f 2980 4481 2981
f 2981 4481 4832
f 2981 4832 2983
f 2983 4832 2414
f 2983 2414 2413
f 4481 2916 4832
f 4832 2916 2914
f 4832 2914 2414
f 2414 2914 2912
f 2414 2912 2422
f 2917 4482 2918
f 2918 4482 4833
f 2918 4833 2920
f 2920 4833 2403
f 2920 2403 2402
f 4482 2853 4833
f 4833 2853 2851
f 4833 2851 2403
f 2403 2851 2849
f 2403 2849 2411
f 2854 4483 2855
f 2855 4483 4834
f 2855 4834 2857
f 2857 4834 2392
f 2857 2392 2391
f 4483 2798 4834
f 4834 2798 2796
f 4834 2796 2392
f 2392 2796 2794
f 2392 2794 2400
f 2783 3291 2784
f 2784 3291 4835
f 2784 4835 2786
f 2786 4835 2378
f 2786 2378 2377
f 3291 2727 4835
f 4835 2727 2725
f 4835 2725 2378
f 2378 2725 2723
f 2378 2723 2388
f 2388 2723 2387
f 4836 3293 2673
f 2728 3293 2729
f 2729 3293 4836
f 2729 4836 2731
f 2731 4836 2367
f 2731 2367 2366
f 2375 2367 2669
f 2669 2367 4836
f 2669 4836 2671
f 2671 4836 2673
f 2674 3295 2675
f 2675 3295 4837
f 2675 4837 2677
f 2677 4837 2356
f 2677 2356 2355
f 3295 2610 4837
f 4837 2610 2608
f 4837 2608 2356
f 2356 2608 2606
f 2356 2606 2364
f 2643 3297 2644
f 2644 3297 4838
f 2644 4838 2612
f 2612 4838 2345
f 2612 2345 2344
f 3297 2547 4838
f 4838 2547 2545
f 4838 2545 2345
f 2345 2545 2543
f 2345 2543 2353
f 4839 2334 2333
f 2580 3299 2581
f 2581 3299 4839
f 2581 4839 2549
f 2549 4839 2333
f 3299 2484 4839
f 4839 2484 2482
f 4839 2482 2334
f 2334 2482 2480
f 2334 2480 2342
f 2517 3301 2518
f 2518 3301 4840
f 2518 4840 2486
f 2486 4840 2323
f 2486 2323 2322
f 3301 3189 4840
f 4840 3189 3187
f 4840 3187 2323
f 2323 3187 3185
f 2323 3185 2331
f 4841 4842 4843
f 4844 4845 4846
f 4841 4843 4846
f 4846 4843 4847
f 4846 4847 4844
f 4848 4849 4850
f 4844 4851 4845
f 4845 4851 4852
f 4845 4852 4850
f 4850 4852 4853
f 4850 4853 4848
f 4854 4855 4856
f 4848 4857 4849
f 4849 4857 4858
f 4849 4858 4856
f 4856 4858 4859
f 4856 4859 4854
f 4860 4861 4862
f 4862 4861 4863
f 4854 4864 4855
f 4855 4864 4865
f 4855 4865 4863
f 4863 4865 4866
f 4863 4866 4862
f 4867 4850 4849
f 4856 4868 4849
f 4849 4868 4869
f 4849 4869 4867
f 4855 4870 4856
f 4856 4870 4871
f 4856 4871 4868
f 4846 4845 4872
f 4867 4873 4850
f 4850 4873 4874
f 4850 4874 4845
f 4845 4874 4875
f 4845 4875 4872
f 4872 4876 4846
f 4846 4876 4877
f 4846 4877 4841
f 4878 4879 4880
f 4881 4882 4883
f 4884 4863 4861
f 4877 4885 4841
f 4841 4885 4886
f 4841 4886 4879
f 4879 4886 4887
f 4879 4887 4880
f 4880 4888 4878
f 4878 4888 4889
f 4878 4889 4883
f 4883 4889 4890
f 4883 4890 4881
f 4884 4891 4863
f 4863 4891 4892
f 4863 4892 4855
f 4855 4892 4893
f 4855 4893 4870
f 4881 4894 4882
f 4882 4894 4895
f 4882 4895 4896
f 4895 4897 4896
f 4896 4897 4898
f 4896 4898 4899
f 4898 4900 4899
f 4899 4900 4901
f 4899 4901 4902
f 4901 4903 4902
f 4902 4903 4904
f 4902 4904 4861
f 4861 4904 4905
f 4861 4905 4884
f 4860 4906 4907
f 4906 4908 4909
f 4908 4905 4904
f 4908 4904 4909
f 4909 4904 4903
f 4909 4903 4910
f 4910 4903 4901
f 4910 4901 4911
f 4911 4901 4900
f 4911 4900 4912
f 4912 4900 4898
f 4912 4898 4913
f 4913 4898 4897
f 4913 4897 4914
f 4914 4897 4895
f 4914 4895 4915
f 4915 4895 4894
f 4915 4894 4916
f 4916 4894 4881
f 4916 4881 4917
f 4917 4881 4890
f 4917 4890 4918
f 4918 4890 4889
f 4918 4889 4919
f 4919 4889 4888
f 4919 4888 4920
f 4920 4888 4880
f 4920 4880 4921
f 4921 4880 4887
f 4921 4887 4922
f 4922 4887 4886
f 4922 4886 4923
f 4923 4886 4885
f 4923 4885 4924
f 4906 4909 4907
f 4907 4909 4910
f 4907 4910 4925
f 4925 4910 4911
f 4925 4911 4926
f 4926 4911 4912
f 4926 4912 4927
f 4927 4912 4913
f 4927 4913 4928
f 4928 4913 4914
f 4928 4914 4929
f 4929 4914 4915
f 4929 4915 4930
f 4930 4915 4916
f 4930 4916 4931
f 4931 4916 4917
f 4931 4917 4932
f 4932 4917 4918
f 4932 4918 4933
f 4933 4918 4919
f 4933 4919 4934
f 4934 4919 4920
f 4934 4920 4935
f 4935 4920 4921
f 4935 4921 4936
f 4936 4921 4922
f 4936 4922 4937
f 4937 4922 4923
f 4937 4923 4938
f 4938 4923 4924
f 4938 4924 4939
f 4860 4907 4940
f 4940 4907 4925
f 4940 4925 4941
f 4941 4925 4926
f 4941 4926 4942
f 4942 4926 4927
f 4942 4927 4943
f 4943 4927 4928
f 4943 4928 4944
f 4944 4928 4929
f 4944 4929 4945
f 4945 4929 4930
f 4945 4930 4946
f 4946 4930 4931
f 4946 4931 4947
f 4947 4931 4932
f 4947 4932 4948
f 4948 4932 4933
f 4948 4933 4949
f 4949 4933 4934
f 4949 4934 4950
f 4950 4934 4935
f 4950 4935 4951
f 4951 4935 4936
f 4951 4936 4952
f 4952 4936 4937
f 4952 4937 4953
f 4953 4937 4938
f 4953 4938 4954
f 4954 4938 4939
f 4954 4939 4842
f 4842 4939 4955
f 4939 4924 4956
f 4924 4885 4877
f 4924 4877 4956
f 4956 4877 4876
f 4956 4876 4957
f 4957 4876 4872
f 4957 4872 4958
f 4958 4872 4875
f 4958 4875 4959
f 4959 4875 4874
f 4959 4874 4960
f 4960 4874 4873
f 4960 4873 4961
f 4961 4873 4867
f 4961 4867 4962
f 4962 4867 4869
f 4962 4869 4963
f 4963 4869 4868
f 4963 4868 4964
f 4964 4868 4871
f 4964 4871 4965
f 4965 4871 4870
f 4965 4870 4966
f 4966 4870 4893
f 4966 4893 4967
f 4967 4893 4892
f 4967 4892 4968
f 4968 4892 4891
f 4968 4891 4969
f 4969 4891 4884
f 4969 4884 4970
f 4970 4884 4905
f 4970 4905 4908
f 4939 4956 4955
f 4955 4956 4957
f 4955 4957 4971
f 4971 4957 4958
f 4971 4958 4972
f 4972 4958 4959
f 4972 4959 4973
f 4973 4959 4960
f 4973 4960 4974
f 4974 4960 4961
f 4974 4961 4975
f 4975 4961 4962
f 4975 4962 4976
f 4976 4962 4963
f 4976 4963 4977
f 4977 4963 4964
f 4977 4964 4978
f 4978 4964 4965
f 4978 4965 4979
f 4979 4965 4966
f 4979 4966 4980
f 4980 4966 4967
f 4980 4967 4981
f 4981 4967 4968
f 4981 4968 4982
f 4982 4968 4969
f 4982 4969 4983
f 4983 4969 4970
f 4983 4970 4984
f 4984 4970 4908
f 4984 4908 4906
f 4842 4955 4843
f 4843 4955 4971
f 4843 4971 4847
f 4847 4971 4972
f 4847 4972 4844
f 4844 4972 4973
f 4844 4973 4851
f 4851 4973 4974
f 4851 4974 4852
f 4852 4974 4975
f 4852 4975 4853
f 4853 4975 4976
f 4853 4976 4848
f 4848 4976 4977
f 4848 4977 4857
f 4857 4977 4978
f 4857 4978 4858
f 4858 4978 4979
f 4858 4979 4859
f 4859 4979 4980
f 4859 4980 4854
f 4854 4980 4981
f 4854 4981 4864
f 4864 4981 4982
f 4864 4982 4865
f 4865 4982 4983
f 4865 4983 4866
f 4866 4983 4984
f 4866 4984 4862
f 4862 4984 4906
f 4862 4906 4860
f 4902 4861 4940
f 4940 4861 4860
f 4944 4896 4899
f 4940 4941 4902
f 4902 4941 4942
f 4902 4942 4899
f 4899 4942 4943
f 4899 4943 4944
f 4944 4945 4896
f 4896 4945 4946
f 4896 4946 4882
f 4946 4947 4882
f 4882 4947 4948
f 4882 4948 4883
f 4948 4949 4883
f 4883 4949 4950
f 4883 4950 4878
f 4842 4841 4954
f 4954 4841 4879
f 4950 4951 4878
f 4878 4951 4952
f 4878 4952 4879
f 4879 4952 4953
f 4879 4953 4954
f 4985 4986 4987
f 4987 4986 4988
f 4987 4988 4989
f 4989 4988 4990
f 4989 4990 4991
f 4991 4990 4992
f 4986 4985 4993
f 4993 4985 4994
f 4993 4994 4992
f 4992 4994 4991
f 4985 4987 4994
f 4994 4987 4989
f 4994 4989 4991
f 4988 4986 4990
f 4990 4986 4993
f 4990 4993 4992
f 4995 4996 4997
f 4997 4996 4998
f 4997 4998 4999
f 4999 4998 5000
f 4999 5000 5001
f 5001 5000 5002
f 4996 4995 5003
f 5003 4995 5004
f 5003 5004 5002
f 5002 5004 5001
f 4999 5001 4997
f 4997 5001 5004
f 4997 5004 4995
f 5002 5000 5003
f 5003 5000 4998
f 5003 4998 4996
f 5005 5006 5007
f 5007 5006 5008
f 5007 5008 5009
f 5009 5008 5010
f 5009 5010 5011
f 5011 5010 5012
f 5006 5005 5013
f 5013 5005 5014
f 5013 5014 5012
f 5012 5014 5011
f 5008 5006 5010
f 5010 5006 5013
f 5010 5013 5012
f 5009 5011 5007
f 5007 5011 5014
f 5007 5014 5005
f 5015 5016 5017
f 5017 5016 5018
f 5017 5018 5019
f 5019 5018 5020
f 5019 5020 5021
f 5021 5020 5022
f 5016 5015 5023
f 5023 5015 5024
f 5023 5024 5022
f 5022 5024 5021
f 5022 5020 5023
f 5023 5020 5018
f 5023 5018 5016
f 5015 5017 5024
f 5024 5017 5019
f 5024 5019 5021

