# https://github.com/mikedh/trimesh
v -0.00503323 0.00011812 -0.08653299
v -0.00503323 -0.00286725 -0.08653706
v -0.00504637 -0.00288189 -0.08653054
v -0.02077729 0.00008569 -0.06277644
v -0.02077729 -0.00289968 -0.06278051
v -0.02077819 -0.00291433 -0.06276588
v -0.01185326 -0.00294505 -0.04025994
v -0.01175462 -0.00294452 -0.04016764
v -0.01175414 0.00005482 -0.04016310
v -0.02007464 0.04789215 -0.06747901
v -0.02010540 0.00009202 -0.06741205
v -0.02078609 0.04788544 -0.06256235
v -0.02078609 -0.00291451 -0.06263169
v -0.00055285 -0.00287946 -0.08831248
v -0.00068209 -0.00287885 -0.08827320
v -0.00068273 0.00012049 -0.08826891
v -0.01516233 0.04465996 -0.04390034
v -0.01506937 0.04465979 -0.04377662
v -0.01185326 0.04785490 -0.04019060
v -0.01506937 0.03755980 -0.04378631
v -0.00807553 0.00005086 -0.03726342
v -0.00795102 0.04785071 -0.03711613
v -0.01516233 -0.00293999 -0.04396531
v -0.01516233 0.04785996 -0.04389597
v -0.01777771 0.04786573 -0.04811967
v -0.01777771 0.04466573 -0.04812404
v -0.01961991 0.04787203 -0.05273335
v -0.01961991 0.04467203 -0.05273772
v -0.02063296 0.04787866 -0.05759684
v -0.02063296 0.04467867 -0.05760121
v -0.02075282 0.04468036 -0.05884325
v -0.02075282 0.03758037 -0.05885294
v -0.02063296 0.03757867 -0.05761090
v -0.02063296 -0.00292129 -0.05766618
v -0.01961991 -0.00292793 -0.05280269
v -0.01961991 0.03757203 -0.05274741
v -0.01777771 -0.00293423 -0.04818901
v -0.01777771 0.03756574 -0.04813373
v -0.01516233 0.03755997 -0.04391003
v -0.00807553 -0.00293450 -0.03726749
v -0.00806329 -0.00294914 -0.03725941
v -0.00795102 -0.00294925 -0.03718548
v -0.00470787 -0.00295175 -0.03535164
v -0.00357420 0.04784750 -0.03476599
v -0.00381975 -0.00295231 -0.03494211
v -0.00357420 -0.00295245 -0.03483533
v -0.02010525 -0.00290732 -0.06741679
v -0.02007464 -0.00290780 -0.06754836
v -0.01862470 -0.00290170 -0.07202024
v -0.01852022 0.04789859 -0.07219744
v -0.01852022 -0.00290136 -0.07226678
v -0.01617008 0.04790457 -0.07657427
v -0.01617008 -0.00289539 -0.07664361
v -0.01309561 0.04790989 -0.08047650
v -0.01309561 -0.00289006 -0.08054584
v -0.00939023 0.04791441 -0.08378557
v -0.00939023 -0.00288554 -0.08385491
v -0.00516653 0.04791798 -0.08640094
v -0.00516653 -0.00288197 -0.08647028
v -0.00055285 0.04792050 -0.08824313
v 0.00431064 0.04792188 -0.08925619
v 0.00431064 -0.00287808 -0.08932553
v 0.00927616 0.04792209 -0.08940932
v 0.00927616 -0.00287787 -0.08947866
v 0.01419283 0.04792112 -0.08869787
v 0.01419283 -0.00287884 -0.08876721
v 0.01891126 0.04791899 -0.08714346
v 0.01891126 -0.00288096 -0.08721280
v 0.01478010 -0.00312038 -0.05832958
v 0.01554345 -0.00312061 -0.05816755
v 0.01463811 0.00017961 -0.05832185
v 0.01554345 0.00017939 -0.05816305
v 0.01401284 -0.00312058 -0.05818715
v 0.01375735 0.00017925 -0.05805894
v 0.01375735 -0.00312075 -0.05806345
v 0.01308721 0.00017839 -0.05742985
v 0.01308721 -0.00312161 -0.05743436
v 0.01349258 -0.00312100 -0.05788139
v 0.02159960 -0.00312745 -0.05315508
v 0.02159960 0.00017255 -0.05315058
v 0.02184933 -0.00312636 -0.05395038
v 0.02184933 0.00017364 -0.05394588
v 0.02175317 -0.00312523 -0.05477840
v 0.02175317 0.00017477 -0.05477390
v 0.02132782 -0.00312425 -0.05549530
v 0.02132782 0.00017574 -0.05549080
v 0.02064718 -0.00312360 -0.05597654
v 0.02064718 0.00017640 -0.05597204
v 0.02023643 0.00016977 -0.05111792
v 0.02023643 -0.00313022 -0.05112243
v 0.01857919 0.00016732 -0.04931696
v 0.01857919 -0.00313268 -0.04932146
v 0.01242682 -0.00312275 -0.05659617
v 0.01242682 0.00017725 -0.05659166
v 0.01202844 0.00017638 -0.05595801
v 0.01197201 -0.00312384 -0.05579742
v 0.01189092 0.00017538 -0.05522228
v 0.01192249 -0.00312509 -0.05487959
v 0.01228874 0.00017375 -0.05403204
v 0.01228874 -0.00312624 -0.05403655
v 0.01203350 0.00017437 -0.05448750
v 0.01192249 0.00017490 -0.05487509
v 0.01703687 0.00016659 -0.04878780
v 0.01624034 -0.00313307 -0.04903809
v 0.01624034 0.00016693 -0.04903358
v 0.01561319 -0.00313232 -0.04958722
v 0.01561319 0.00016768 -0.04958271
v 0.01795700 0.00016678 -0.04892241
v 0.01795700 -0.00313322 -0.04892692
v 0.01786441 0.00016673 -0.04888806
v 0.01786441 -0.00313327 -0.04889257
v 0.01703687 -0.00313340 -0.04879230
v 0.00145448 -0.00311931 -0.05911763
v 0.00145448 0.00018069 -0.05911313
v 0.00099014 -0.00311823 -0.05991089
v 0.00099014 0.00018177 -0.05990638
v 0.00022004 -0.00311754 -0.06041268
v 0.00022004 0.00018246 -0.06040817
v -0.00069318 -0.00311740 -0.06051702
v -0.00069318 0.00018260 -0.06051252
v 0.00185018 -0.00312066 -0.05812662
v 0.00185018 0.00017934 -0.05812212
v 0.00125702 -0.00312407 -0.05563286
v 0.00125702 0.00017593 -0.05562835
v 0.00184722 -0.00312310 -0.05633750
v 0.00184722 0.00017689 -0.05633299
v 0.00205991 -0.00312188 -0.05723171
v 0.00205991 0.00017811 -0.05722721
v -0.00620864 -0.00311829 -0.05986263
v -0.00620864 0.00018171 -0.05985812
v -0.00671465 -0.00311847 -0.05973396
v -0.00699778 0.00018134 -0.05958956
v -0.00699778 -0.00311866 -0.05959406
v -0.00760890 0.00018056 -0.05902264
v -0.00747880 -0.00311921 -0.05919283
v -0.00793583 0.00017952 -0.05825584
v -0.00791290 -0.00312034 -0.05836319
v -0.00792179 0.00017838 -0.05742237
v -0.00792179 -0.00312162 -0.05742688
v -0.00611198 0.00017219 -0.05288981
v -0.00611198 -0.00312780 -0.05289432
v -0.00719073 0.00017519 -0.05508668
v -0.00719073 -0.00312480 -0.05509118
v -0.00554810 0.00017136 -0.05227589
v -0.00364777 0.00017105 -0.05204866
v -0.00364777 -0.00312895 -0.05205316
v -0.00394940 0.00017092 -0.05195507
v -0.00394940 -0.00312908 -0.05195957
v -0.00457449 0.00017086 -0.05191465
v -0.00457449 -0.00312913 -0.05191915
v -0.00478293 0.00017090 -0.05194516
v -0.00478293 -0.00312909 -0.05194966
v -0.00554810 -0.00312864 -0.05228040
v 0.00751798 -0.00309487 -0.07702362
v 0.00751798 0.00020513 -0.07701911
v 0.00670437 0.00020488 -0.07683773
v 0.00679515 -0.00309506 -0.07688111
v 0.00603536 0.00020420 -0.07634044
v 0.00607967 -0.00309573 -0.07639366
v 0.00562718 0.00020321 -0.07561363
v 0.00563722 -0.00309674 -0.07564949
v 0.00555073 0.00020208 -0.07478356
v 0.00555073 -0.00309792 -0.07478806
v 0.00995990 0.00020491 -0.07685489
v 0.00995990 -0.00309509 -0.07685940
v 0.01234820 0.00020418 -0.07632017
v 0.01234820 -0.00309582 -0.07632467
v 0.01360105 -0.00309951 -0.07362317
v 0.01360105 0.00020049 -0.07361867
v 0.01376304 -0.00309839 -0.07444086
v 0.01376304 0.00020160 -0.07443636
v 0.01357763 -0.00309728 -0.07525357
v 0.01357763 0.00020271 -0.07524906
v 0.01307703 -0.00309637 -0.07592010
v 0.01307703 0.00020362 -0.07591560
v 0.00912430 -0.00310806 -0.06735922
v 0.00912430 0.00019194 -0.06735471
v 0.01004345 0.00019195 -0.06736021
v 0.01004345 -0.00310805 -0.06736472
v 0.01031388 0.00019206 -0.06744649
v 0.01031388 -0.00310793 -0.06745100
v 0.00806821 -0.00310785 -0.06751203
v 0.00806821 0.00019215 -0.06750753
v 0.00620512 0.00019455 -0.06926810
v 0.00633379 0.00019386 -0.06876209
v 0.00620512 -0.00310545 -0.06927264
v 0.00652024 -0.00310663 -0.06840920
v 0.00651416 0.00019338 -0.06841399
v 0.00673650 0.00019300 -0.06813119
v 0.00718831 -0.00310749 -0.06777786
v 0.00734296 0.00019240 -0.06769253
v 0.00718351 0.00019251 -0.06777615
v 0.01409044 -0.00333866 -0.04494132
v 0.01415792 -0.00283889 -0.04477163
v 0.01037874 -0.00284031 -0.04373508
v 0.01035056 -0.00334006 -0.04391555
v 0.00646366 -0.00284054 -0.04356547
v 0.00647619 -0.00334029 -0.04374771
v 0.00260899 -0.00283957 -0.04427130
v 0.00303536 -0.00333948 -0.04433788
v 0.00484323 -0.00334003 -0.04393863
v 0.00576570 -0.00334020 -0.04381147
v 0.00266160 -0.00333934 -0.04444620
v -0.00099197 -0.00283746 -0.04581718
v -0.00090191 -0.00333725 -0.04597600
v -0.00415866 -0.00283431 -0.04812558
v -0.00403566 -0.00333413 -0.04826040
v -0.00615338 -0.00333095 -0.05059062
v -0.00673228 -0.00283028 -0.05108077
v -0.00658252 -0.00333014 -0.05118485
v -0.00858378 -0.00282556 -0.05453454
v -0.00841477 -0.00332547 -0.05460271
v -0.00962033 -0.00282041 -0.05831372
v -0.00944054 -0.00332037 -0.05834259
v -0.00978994 -0.00281506 -0.06222880
v -0.00908411 -0.00280980 -0.06608347
v -0.00943714 -0.00331302 -0.06372825
v -0.00905695 -0.00331058 -0.06551593
v -0.00946011 -0.00331322 -0.06357865
v -0.00960839 -0.00331508 -0.06221696
v -0.00953871 -0.00331938 -0.05906898
v -0.00890990 -0.00330987 -0.06603153
v -0.00753823 -0.00280488 -0.06968442
v -0.00738009 -0.00330501 -0.06959505
v -0.00522982 -0.00280056 -0.07285111
v -0.00509569 -0.00330073 -0.07272880
v -0.00227464 -0.00279705 -0.07542472
v -0.00217124 -0.00329725 -0.07527565
v 0.00117914 -0.00279452 -0.07727623
v 0.00124662 -0.00329475 -0.07710790
v -0.00928757 -0.00331320 -0.06359059
v 0.02358804 -0.00332601 -0.05420678
v 0.02219481 -0.00332153 -0.05748842
v 0.02424696 -0.00332354 -0.05601769
v -0.00130766 -0.00330853 -0.06701459
v -0.00060271 -0.00330781 -0.06754130
v -0.00066454 -0.00330850 -0.06703369
v 0.00241897 -0.00330189 -0.07187963
v 0.00329283 -0.00330175 -0.07198331
v 0.00370738 -0.00330366 -0.07058293
v 0.01172565 -0.00332514 -0.05484446
v 0.01212852 -0.00332641 -0.05391711
v 0.01075912 -0.00332777 -0.05292227
v 0.01159382 -0.00330658 -0.06844082
v 0.01268972 -0.00330674 -0.06832588
v 0.01099215 -0.00330769 -0.06762825
v 0.00424123 -0.00329873 -0.07419249
v 0.00371451 -0.00329777 -0.07489744
v 0.00593395 -0.00329554 -0.07653092
v 0.00290589 -0.00329730 -0.07524458
v 0.00544726 -0.00329666 -0.07571234
v 0.00535212 -0.00329795 -0.07476477
v 0.00434491 -0.00329993 -0.07331865
v 0.00575145 -0.00330255 -0.07139911
v 0.00399777 -0.00330103 -0.07251002
v 0.00672099 -0.00329481 -0.07706712
v 0.00498651 -0.00329335 -0.07813367
v 0.00751610 -0.00329459 -0.07722387
v 0.00886088 -0.00329312 -0.07830151
v 0.00998854 -0.00329482 -0.07705761
v 0.01240670 -0.00329556 -0.07651620
v 0.01267546 -0.00329408 -0.07760303
v 0.01320840 -0.00329617 -0.07607117
v 0.01623897 -0.00329617 -0.07607322
v 0.01375906 -0.00329717 -0.07533798
v 0.01514307 -0.00329743 -0.07514909
v 0.01396301 -0.00329839 -0.07444401
v 0.01576419 -0.00329955 -0.07359351
v 0.01378483 -0.00329962 -0.07354455
v 0.01497120 -0.00330405 -0.07029343
v 0.01444448 -0.00330309 -0.07099836
v 0.01434080 -0.00330190 -0.07187222
v 0.01468794 -0.00330080 -0.07268084
v 0.00772935 -0.00331022 -0.06577422
v 0.00590713 -0.00331068 -0.06543595
v 0.00571983 -0.00331054 -0.06554288
v 0.00600651 -0.00330548 -0.06924938
v 0.00635314 -0.00330678 -0.06829956
v 0.00708802 -0.00330772 -0.06760510
v 0.00805592 -0.00330812 -0.06731268
v 0.00432851 -0.00330578 -0.06902736
v -0.00628424 -0.00332794 -0.05279296
v -0.00737647 -0.00332491 -0.05501729
v -0.00811667 -0.00332168 -0.05738218
v -0.00810689 -0.00332027 -0.05841212
v -0.00762938 -0.00331903 -0.05932473
v 0.00028780 -0.00331728 -0.06060112
v -0.00071674 -0.00331713 -0.06071590
v -0.00228438 -0.00331545 -0.06194186
v -0.00623221 -0.00331802 -0.06006151
v -0.00678881 -0.00331821 -0.05991998
v -0.00775677 -0.00331844 -0.05975679
v -0.00789625 -0.00331796 -0.06010612
v 0.00225991 -0.00332188 -0.05723165
v 0.00366976 -0.00332332 -0.05617867
v 0.00202595 -0.00332323 -0.05624802
v 0.00137673 -0.00332428 -0.05547291
v 0.00202920 -0.00332054 -0.05821606
v 0.00164568 -0.00331923 -0.05917657
v 0.00086626 -0.00331374 -0.06319988
v 0.00113491 -0.00331804 -0.06004915
v -0.00482228 -0.00332936 -0.05175385
v -0.00390540 -0.00332935 -0.05176475
v -0.00438776 -0.00332995 -0.05131931
v -0.00307260 -0.00332882 -0.05214846
v 0.00108463 -0.00332697 -0.05350438
v -0.00566396 -0.00332886 -0.05211765
v 0.02204844 -0.00332639 -0.05393182
v 0.02194266 -0.00332514 -0.05484264
v 0.02147478 -0.00332407 -0.05563123
v 0.02072608 -0.00332335 -0.05616060
v 0.02039353 -0.00333039 -0.05099893
v 0.02015950 -0.00333228 -0.04961826
v 0.01871557 -0.00333288 -0.04917545
v 0.01792931 -0.00333352 -0.04870367
v 0.01318961 -0.00333607 -0.04683525
v 0.01330503 -0.00333597 -0.04690833
v 0.01400997 -0.00333526 -0.04743504
v 0.01701902 -0.00333367 -0.04859338
v 0.01435711 -0.00333415 -0.04824366
v 0.01545298 -0.00333248 -0.04946778
v 0.01614284 -0.00333331 -0.04886374
v 0.01336639 -0.00332078 -0.05803682
v 0.01292048 -0.00332146 -0.05754509
v 0.00936780 -0.00332301 -0.05640675
v 0.01228041 -0.00332256 -0.05673269
v 0.01178012 -0.00332376 -0.05585406
v 0.01969404 -0.00331791 -0.06014335
v 0.01934690 -0.00331901 -0.05933473
v 0.01633769 -0.00331921 -0.05918975
v 0.01562235 -0.00332035 -0.05835161
v 0.01945058 -0.00332021 -0.05846088
v 0.01997730 -0.00332117 -0.05775594
v 0.00099259 -0.00330514 -0.06949895
v 0.00161035 -0.00330142 -0.07222676
v 0.00108363 -0.00330045 -0.07293170
v 0.00097995 -0.00329926 -0.07380556
v 0.00203203 -0.00329744 -0.07514089
v 0.00132709 -0.00329816 -0.07461417
v -0.00169460 -0.00330408 -0.07027586
v 0.00161371 -0.00330726 -0.06794337
v -0.00025558 -0.00330671 -0.06834993
v -0.00035926 -0.00330551 -0.06922378
v -0.00088597 -0.00330455 -0.06992872
v -0.00256845 -0.00330422 -0.07017218
v -0.00327339 -0.00330494 -0.06964546
v -0.00362053 -0.00330604 -0.06883684
v -0.00443631 -0.00330810 -0.06733124
v -0.00351685 -0.00330724 -0.06796298
v -0.00381518 -0.00331022 -0.06577566
v -0.00299013 -0.00330820 -0.06725805
v -0.00218151 -0.00330867 -0.06691091
v 0.00433827 -0.00333409 -0.04829029
v 0.00486499 -0.00333505 -0.04758535
v 0.00449735 -0.00333864 -0.04495740
v 0.00567361 -0.00333552 -0.04723821
v 0.00654747 -0.00333538 -0.04734189
v 0.00764799 -0.00333692 -0.04621542
v 0.00725241 -0.00333466 -0.04786861
v 0.00992625 -0.00333568 -0.04712511
v 0.00759955 -0.00333356 -0.04867723
v 0.00749587 -0.00333237 -0.04955108
v 0.00696915 -0.00333140 -0.05025602
v 0.00804433 -0.00332925 -0.05183828
v 0.00616053 -0.00333093 -0.05060316
v 0.00576607 -0.00333049 -0.05092859
v 0.00528667 -0.00333107 -0.05049948
v 0.00261543 -0.00333220 -0.04967057
v 0.00458173 -0.00333179 -0.04997276
v 0.00423459 -0.00333290 -0.04916414
v 0.01109584 -0.00333468 -0.04785672
v 0.01162256 -0.00333564 -0.04715178
v 0.01047482 -0.00333755 -0.04575126
v 0.01243118 -0.00333612 -0.04680464
v 0.01099216 -0.00333349 -0.04873058
v 0.01425343 -0.00333296 -0.04911752
v 0.01372671 -0.00333200 -0.04982246
v 0.01291809 -0.00333152 -0.05016959
v 0.01204424 -0.00333166 -0.05006592
v 0.01133930 -0.00333238 -0.04953920
v 0.01577982 -0.00330453 -0.06994629
v 0.01665367 -0.00330439 -0.07004997
v 0.01715552 -0.00330431 -0.07010903
v 0.01735861 -0.00330367 -0.07057668
v 0.02124628 -0.00330203 -0.07177441
v 0.01770575 -0.00330256 -0.07138531
v 0.01937273 -0.00329928 -0.07378882
v 0.01760207 -0.00330137 -0.07225916
v 0.01832734 -0.00329807 -0.07467390
v 0.01707535 -0.00330041 -0.07296410
v 0.01626673 -0.00329994 -0.07331124
v 0.02078592 -0.00332164 -0.05740880
v 0.02165978 -0.00332150 -0.05751248
v 0.02236472 -0.00332078 -0.05803920
v 0.02494545 -0.00331833 -0.05983226
v 0.02271185 -0.00331968 -0.05884781
v 0.02260817 -0.00331848 -0.05972167
v 0.02491628 -0.00331458 -0.06258312
v 0.02208146 -0.00331752 -0.06042661
v 0.02127284 -0.00331705 -0.06077375
v 0.01965698 -0.00331267 -0.06398097
v 0.02036192 -0.00331195 -0.06450769
v 0.02477761 -0.00331305 -0.06370664
v 0.02070906 -0.00331085 -0.06531630
v 0.02375184 -0.00330794 -0.06744651
v 0.02060538 -0.00330966 -0.06619016
v 0.02191959 -0.00330327 -0.07086437
v 0.01563270 -0.00331680 -0.06095535
v 0.01282920 -0.00330722 -0.06797656
v 0.01734410 -0.00331018 -0.06580322
v 0.01744778 -0.00331138 -0.06492937
v 0.01797450 -0.00331234 -0.06422443
v 0.01878312 -0.00331281 -0.06387729
v 0.02007866 -0.00330869 -0.06689510
v 0.01927004 -0.00330822 -0.06724224
v 0.01729500 -0.00330478 -0.06975970
v 0.01839618 -0.00330836 -0.06713856
v 0.01769124 -0.00330908 -0.06661184
v 0.00907951 -0.00330833 -0.06716457
v 0.01009057 -0.00330832 -0.06717061
v 0.00954232 -0.00331075 -0.06538940
v 0.01107002 -0.00331218 -0.06434008
v 0.01207987 -0.00331430 -0.06278601
v 0.01241814 -0.00331679 -0.06096379
v 0.01203333 -0.00331926 -0.05915082
v 0.01619821 -0.00331873 -0.05953908
v 0.01098401 -0.00332135 -0.05762313
v 0.00665301 -0.00332449 -0.05532276
v 0.00760771 -0.00332319 -0.05627500
v 0.00942994 -0.00332273 -0.05661327
v 0.01393868 -0.00332033 -0.05837317
v 0.01478266 -0.00332011 -0.05852984
v 0.00423527 -0.00332525 -0.05476240
v 0.00579474 -0.00332266 -0.05665982
v 0.00651352 -0.00332401 -0.05567208
v 0.00330374 -0.00331415 -0.06289840
v 0.00291892 -0.00331662 -0.06108543
v 0.00325719 -0.00331911 -0.05926321
v 0.00426704 -0.00332123 -0.05770914
v 0.02009850 -0.00331437 -0.06273850
v 0.02066400 -0.00331630 -0.06132223
v 0.02080349 -0.00331678 -0.06097290
v 0.02039898 -0.00331719 -0.06067007
v 0.01670071 -0.00329654 -0.07580070
v 0.01539288 -0.00330008 -0.07320756
v -0.00285696 -0.00333519 -0.04748550
v -0.00424828 -0.00333043 -0.05096998
v 0.00819656 -0.00333880 -0.04484158
v 0.02177374 -0.00332758 -0.05305699
v 0.02271716 -0.00332840 -0.05245418
v 0.02043276 -0.00333268 -0.04932043
v 0.02032903 -0.00333283 -0.04920830
v 0.01750830 -0.00333616 -0.04677357
v -0.00173829 -0.00333300 -0.04908512
v -0.00226501 -0.00333204 -0.04979006
v -0.00236869 -0.00333085 -0.05066391
v 0.00122411 -0.00332745 -0.05315505
v 0.00089259 -0.00333032 -0.05105086
v 0.00036587 -0.00332936 -0.05175579
v -0.00092967 -0.00333348 -0.04873798
v -0.00005581 -0.00333334 -0.04884166
v 0.00064913 -0.00333262 -0.04936838
v 0.00099627 -0.00333151 -0.05017700
v 0.00437475 -0.00332573 -0.05441307
v -0.00044275 -0.00332888 -0.05210293
v -0.00131661 -0.00332903 -0.05199925
v -0.00202155 -0.00332974 -0.05147254
v 0.00300503 -0.00331202 -0.06445889
v 0.00435306 -0.00331206 -0.06442609
v 0.00314452 -0.00331250 -0.06410956
v 0.00072678 -0.00331326 -0.06354921
v -0.00727111 -0.00331493 -0.06232755
v -0.00674439 -0.00331589 -0.06162261
v -0.00593577 -0.00331636 -0.06127547
v -0.00242386 -0.00331498 -0.06229119
v -0.00506192 -0.00331622 -0.06137915
v -0.00737479 -0.00331373 -0.06320141
v -0.00435697 -0.00331550 -0.06190587
v -0.00400984 -0.00331440 -0.06271449
v -0.00411352 -0.00331321 -0.06358834
v -0.00464023 -0.00331224 -0.06429329
v -0.00544886 -0.00331177 -0.06464043
v -0.00632271 -0.00331191 -0.06453674
v -0.00702765 -0.00331263 -0.06401002
v 0.00590713 0.00018931 -0.06543117
v 0.00772935 0.00018977 -0.06576944
v 0.00954232 0.00018925 -0.06538462
v 0.01107002 0.00018782 -0.06433530
v 0.01207987 0.00018570 -0.06278124
v 0.01241814 0.00018321 -0.06095901
v 0.01203333 0.00018073 -0.05914605
v 0.01098401 0.00017865 -0.05761835
v 0.00942994 0.00017727 -0.05660849
v 0.01847035 -0.00310861 -0.06695255
v 0.01924140 -0.00310849 -0.06704403
v 0.01995488 -0.00310891 -0.06673773
v 0.02041963 -0.00310976 -0.06611572
v 0.02051112 -0.00311081 -0.06534468
v 0.02020482 -0.00311178 -0.06463119
v 0.01958281 -0.00311242 -0.06416643
v 0.01847035 -0.00000862 -0.06694832
v 0.01924140 -0.00000849 -0.06703980
v 0.01995488 -0.00000891 -0.06673350
v 0.02041963 -0.00000976 -0.06611149
v 0.02051112 -0.00001081 -0.06534044
v 0.02020482 -0.00001179 -0.06462695
v 0.01958281 -0.00001242 -0.06416220
v 0.02047314 -0.00311744 -0.06048406
v 0.02124419 -0.00311732 -0.06057554
v 0.02195768 -0.00311774 -0.06026924
v 0.02242243 -0.00311859 -0.05964723
v 0.02251392 -0.00311964 -0.05887619
v 0.02220762 -0.00312061 -0.05816270
v 0.02158561 -0.00312125 -0.05769794
v 0.02195768 0.00168226 -0.06026269
v 0.02242243 0.00168141 -0.05964068
v 0.02251392 0.00168036 -0.05886963
v 0.02047314 0.00168255 -0.06047750
v 0.02124419 0.00168268 -0.06056898
v 0.02220762 0.00167938 -0.05815614
v 0.01954484 0.00168094 -0.05929926
v 0.02158561 0.00167875 -0.05769140
v 0.01985114 0.00168192 -0.06001275
v 0.02081456 0.00167862 -0.05759991
v 0.02010107 0.00167904 -0.05790621
v 0.01963632 0.00167989 -0.05852821
v 0.01546704 -0.00310033 -0.07302155
v 0.01623809 -0.00310021 -0.07311302
v 0.01695158 -0.00310062 -0.07280673
v 0.01741633 -0.00310147 -0.07218473
v 0.01750781 -0.00310252 -0.07141367
v 0.01720152 -0.00310350 -0.07070018
v 0.01657951 -0.00310413 -0.07023544
v 0.01695158 0.00169937 -0.07280017
v 0.01741633 0.00169852 -0.07217817
v 0.01750781 0.00169747 -0.07140712
v 0.01509497 0.00169616 -0.07044370
v 0.01463022 0.00169700 -0.07106570
v 0.01453874 0.00169806 -0.07183675
v 0.01657951 0.00169586 -0.07022888
v 0.01580846 0.00169574 -0.07013740
v 0.01720152 0.00169650 -0.07069363
v 0.01484504 0.00169903 -0.07255024
v 0.01546704 0.00169967 -0.07301499
v 0.01623809 0.00169979 -0.07310648
v 0.01211840 -0.00313192 -0.04987990
v 0.01288945 -0.00313179 -0.04997138
v 0.01360294 -0.00313221 -0.04966509
v 0.01406769 -0.00313306 -0.04904308
v 0.01415917 -0.00313411 -0.04827203
v 0.01385287 -0.00313509 -0.04755854
v 0.01323087 -0.00313572 -0.04709379
v 0.01360294 0.00166778 -0.04965854
v 0.01406769 0.00166694 -0.04903653
v 0.01415917 0.00166588 -0.04826548
v 0.01288945 0.00166820 -0.04996483
v 0.01211840 0.00166808 -0.04987335
v 0.01323087 0.00166427 -0.04708724
v 0.01385287 0.00166491 -0.04755199
v 0.01174633 0.00166457 -0.04730206
v 0.01128158 0.00166542 -0.04792406
v 0.01245982 0.00166415 -0.04699576
v 0.01119010 0.00166647 -0.04869511
v 0.01149639 0.00166744 -0.04940860
v 0.00536084 -0.00313133 -0.05031347
v 0.00613189 -0.00313120 -0.05040495
v 0.00684538 -0.00313162 -0.05009865
v 0.00731013 -0.00313247 -0.04947665
v 0.00740161 -0.00313352 -0.04870560
v 0.00709531 -0.00313449 -0.04799211
v 0.00647330 -0.00313513 -0.04752736
v 0.00536084 -0.00003133 -0.05030923
v 0.00613189 -0.00003120 -0.05040072
v 0.00684538 -0.00003162 -0.05009442
v 0.00731013 -0.00003247 -0.04947241
v 0.00740161 -0.00003352 -0.04870136
v 0.00709531 -0.00003450 -0.04798788
v 0.00647330 -0.00003513 -0.04752313
v -0.00124244 -0.00312928 -0.05181324
v -0.00047140 -0.00312915 -0.05190472
v 0.00024209 -0.00312957 -0.05159842
v 0.00070685 -0.00313042 -0.05097642
v 0.00079833 -0.00313147 -0.05020537
v 0.00049203 -0.00313245 -0.04949188
v -0.00012998 -0.00313308 -0.04902713
v 0.00079833 0.00166852 -0.05019882
v 0.00049203 0.00166755 -0.04948533
v -0.00012998 0.00166691 -0.04902058
v -0.00217075 0.00166911 -0.05062845
v -0.00186445 0.00167008 -0.05134194
v -0.00207927 0.00166806 -0.04985740
v -0.00124244 0.00167072 -0.05180669
v -0.00161452 0.00166721 -0.04923539
v 0.00070685 0.00166957 -0.05096987
v 0.00024209 0.00167042 -0.05159187
v -0.00047140 0.00167084 -0.05189817
v -0.00090103 0.00166679 -0.04892910
v -0.00624855 -0.00311217 -0.06435073
v -0.00547750 -0.00311204 -0.06444221
v -0.00476401 -0.00311246 -0.06413592
v -0.00429926 -0.00311331 -0.06351390
v -0.00420777 -0.00311436 -0.06274286
v -0.00451407 -0.00311533 -0.06202937
v -0.00513608 -0.00311597 -0.06156462
v -0.00476401 0.00168754 -0.06412936
v -0.00429926 0.00168669 -0.06350736
v -0.00708537 0.00168517 -0.06239489
v -0.00420777 0.00168564 -0.06273631
v -0.00451407 0.00168466 -0.06202282
v -0.00662062 0.00168432 -0.06177288
v -0.00590713 0.00168390 -0.06146659
v -0.00513608 0.00168403 -0.06155807
v -0.00624855 0.00168783 -0.06434418
v -0.00547750 0.00168795 -0.06443566
v -0.00687055 0.00168720 -0.06387943
v -0.00717685 0.00168622 -0.06316594
v -0.00249429 -0.00310447 -0.06998616
v -0.00172324 -0.00310435 -0.07007764
v -0.00100975 -0.00310477 -0.06977135
v -0.00054500 -0.00310562 -0.06914935
v -0.00045351 -0.00310667 -0.06837829
v -0.00075981 -0.00310764 -0.06766480
v -0.00138182 -0.00310828 -0.06720006
v -0.00249429 -0.00000448 -0.06998193
v -0.00172324 -0.00000435 -0.07007341
v -0.00100975 -0.00000477 -0.06976712
v -0.00054500 -0.00000562 -0.06914511
v -0.00045351 -0.00000667 -0.06837406
v -0.00075981 -0.00000764 -0.06766057
v -0.00138182 -0.00000828 -0.06719583
v 0.00210620 -0.00309769 -0.07495488
v 0.00287725 -0.00309757 -0.07504636
v 0.00359073 -0.00309798 -0.07474007
v 0.00405549 -0.00309883 -0.07411806
v 0.00414697 -0.00309989 -0.07334701
v 0.00384067 -0.00310086 -0.07263352
v 0.00321866 -0.00310149 -0.07216877
v 0.00321866 0.00169850 -0.07216222
v 0.00244761 0.00169838 -0.07207074
v 0.00173413 0.00169879 -0.07237703
v 0.00405549 0.00170116 -0.07411151
v 0.00414697 0.00170011 -0.07334046
v 0.00359073 0.00170201 -0.07473351
v 0.00148419 0.00170167 -0.07448358
v 0.00287725 0.00170243 -0.07503981
v 0.00210620 0.00170230 -0.07494833
v 0.00384067 0.00169914 -0.07262697
v 0.00117789 0.00170070 -0.07377009
v 0.00126937 0.00169964 -0.07299905
v -0.00319231 -0.00312860 -0.05230840
v -0.00319231 0.00017139 -0.05230390
v 0.01141004 0.00019352 -0.06851494
v 0.01141004 -0.00310648 -0.06851944
v 0.01096822 -0.00310735 -0.06787620
v 0.01086306 -0.00310748 -0.06778075
v -0.00215287 -0.00000840 -0.06710434
v -0.00286636 -0.00000799 -0.06741064
v -0.00333111 -0.00000714 -0.06803264
v -0.00311629 -0.00000511 -0.06951718
v -0.00342259 -0.00000608 -0.06880369
v 0.00570226 -0.00003526 -0.04743164
v 0.00498877 -0.00003484 -0.04773794
v 0.00452402 -0.00003399 -0.04835995
v 0.00473883 -0.00003196 -0.04984448
v 0.00443253 -0.00003294 -0.04913099
v 0.01784834 -0.00000925 -0.06648356
v 0.01881176 -0.00001254 -0.06407072
v 0.01763352 -0.00001128 -0.06499903
v 0.01754204 -0.00001023 -0.06577007
v 0.01809828 -0.00001213 -0.06437702
v 0.00546961 0.00206581 -0.06289793
v 0.00547580 0.00218585 -0.06289198
v 0.00601396 0.00218651 -0.06338049
v 0.00541104 0.00181441 -0.06294579
v 0.00597178 0.00183757 -0.06344121
v 0.00585242 0.00154812 -0.06361210
v 0.00525796 0.00154739 -0.06307149
v 0.00638257 0.00154853 -0.06391177
v 0.00646842 0.00186844 -0.06370778
v 0.00648966 0.00207751 -0.06365796
v 0.00649214 0.00218688 -0.06365136
v 0.00482388 0.00206396 -0.06154651
v 0.00483213 0.00218401 -0.06154442
v 0.00490674 0.00218443 -0.06185120
v 0.00474939 0.00181252 -0.06155872
v 0.00483550 0.00183346 -0.06187320
v 0.00463710 0.00154583 -0.06193351
v 0.00455416 0.00154536 -0.06159109
v 0.00510796 0.00154713 -0.06288110
v 0.00528408 0.00186713 -0.06274730
v 0.00532724 0.00207622 -0.06271474
v 0.00533261 0.00218560 -0.06271024
v 0.00494037 0.00206193 -0.06005327
v 0.00494848 0.00218198 -0.06005558
v 0.00481834 0.00218268 -0.06057031
v 0.00486993 0.00181042 -0.06002665
v 0.00474568 0.00183364 -0.06055939
v 0.00454007 0.00154391 -0.06052756
v 0.00468485 0.00154313 -0.05995712
v 0.00451945 0.00154504 -0.06135120
v 0.00473866 0.00186519 -0.06132333
v 0.00479217 0.00207431 -0.06131668
v 0.00479900 0.00218370 -0.06131544
v 0.00578787 0.00206024 -0.05881834
v 0.00579366 0.00218030 -0.05882437
v 0.00529446 0.00218105 -0.05937790
v 0.00574035 0.00180870 -0.05876011
v 0.00523322 0.00182999 -0.05933610
v 0.00506267 0.00154213 -0.05921873
v 0.00561502 0.00154129 -0.05860741
v 0.00477473 0.00154283 -0.05973201
v 0.00497829 0.00186313 -0.05981743
v 0.00502782 0.00207229 -0.05983838
v 0.00503427 0.00218168 -0.05984071
v 0.00713929 0.00205936 -0.05817261
v 0.00714121 0.00217942 -0.05818070
v 0.00624079 0.00217987 -0.05851016
v 0.00712743 0.00180779 -0.05809847
v 0.00620396 0.00182878 -0.05844598
v 0.00610139 0.00154083 -0.05826628
v 0.00709542 0.00154033 -0.05790360
v 0.00580541 0.00154109 -0.05845740
v 0.00593877 0.00186151 -0.05863309
v 0.00597104 0.00207071 -0.05867597
v 0.00597540 0.00218010 -0.05868119
v 0.00863252 0.00205952 -0.05828911
v 0.00863006 0.00217958 -0.05829705
v 0.00809682 0.00217939 -0.05816408
v 0.00865949 0.00180796 -0.05821901
v 0.00746478 0.00182826 -0.05806519
v 0.00745051 0.00154027 -0.05785882
v 0.00810787 0.00182829 -0.05809096
v 0.00813864 0.00154031 -0.05788640
v 0.00733531 0.00154028 -0.05786889
v 0.00736274 0.00186077 -0.05808767
v 0.00736911 0.00206998 -0.05814089
v 0.00737019 0.00217937 -0.05814757
v 0.00746990 0.00217936 -0.05813895
v 0.00872939 0.00154051 -0.05803430
v 0.00986746 0.00206067 -0.05913661
v 0.00986127 0.00218073 -0.05914223
v 0.00939536 0.00218013 -0.05870598
v 0.00992603 0.00180914 -0.05908943
v 0.00943938 0.00183103 -0.05864754
v 0.00956395 0.00154112 -0.05848121
v 0.01007910 0.00154178 -0.05896446
v 0.00895450 0.00154063 -0.05812418
v 0.00886865 0.00186110 -0.05832730
v 0.00884740 0.00207030 -0.05837654
v 0.00884493 0.00217969 -0.05838285
v 0.01051319 0.00206252 -0.06048803
v 0.01050493 0.00218257 -0.06048978
v 0.01031957 0.00218174 -0.05987902
v 0.01058767 0.00181104 -0.06047650
v 0.01038795 0.00183070 -0.05985015
v 0.01057839 0.00154288 -0.05976878
v 0.01078291 0.00154380 -0.06044486
v 0.01022911 0.00154204 -0.05915485
v 0.01005298 0.00186241 -0.05928778
v 0.01000982 0.00207158 -0.05931976
v 0.01000445 0.00218098 -0.05932397
v 0.01039670 0.00206456 -0.06198126
v 0.01038859 0.00218460 -0.06197863
v 0.01053344 0.00218375 -0.06135701
v 0.01046714 0.00181313 -0.06200857
v 0.01060647 0.00183474 -0.06136616
v 0.01081314 0.00154509 -0.06139107
v 0.01065221 0.00154603 -0.06207883
v 0.01081762 0.00154413 -0.06068475
v 0.01059841 0.00186435 -0.06071175
v 0.01054489 0.00207349 -0.06071782
v 0.01053807 0.00218288 -0.06071876
v 0.00954920 0.00206624 -0.06321619
v 0.00954340 0.00218628 -0.06320984
v 0.00997966 0.00218565 -0.06274392
v 0.00959672 0.00181486 -0.06327511
v 0.01003857 0.00183668 -0.06278842
v 0.01020530 0.00154717 -0.06291339
v 0.00972205 0.00154787 -0.06342854
v 0.01056233 0.00154634 -0.06230394
v 0.01035878 0.00186641 -0.06221765
v 0.01030925 0.00207551 -0.06219612
v 0.01030279 0.00218489 -0.06219350
v 0.00819777 0.00206712 -0.06386192
v 0.00819585 0.00218716 -0.06385350
v 0.00880661 0.00218691 -0.06366814
v 0.00820964 0.00181576 -0.06393675
v 0.00883597 0.00183600 -0.06373700
v 0.00891772 0.00154855 -0.06392784
v 0.00824164 0.00154883 -0.06413235
v 0.00953165 0.00154808 -0.06357855
v 0.00939829 0.00186802 -0.06340199
v 0.00936602 0.00207710 -0.06335854
v 0.00936167 0.00218648 -0.06335302
v 0.00670454 0.00206696 -0.06374543
v 0.00670700 0.00218700 -0.06373715
v 0.00732862 0.00218720 -0.06388201
v 0.00667757 0.00181559 -0.06381621
v 0.00731995 0.00183827 -0.06395552
v 0.00729543 0.00154887 -0.06416258
v 0.00660767 0.00154865 -0.06400166
v 0.00800175 0.00154888 -0.06416706
v 0.00797432 0.00186877 -0.06394741
v 0.00796796 0.00207783 -0.06389361
v 0.00796687 0.00218721 -0.06388664
v 0.00796688 0.00282790 -0.06533927
v 0.00715798 0.00282787 -0.06531938
v 0.00713524 0.00257101 -0.06551133
v 0.00796688 0.00155048 -0.06534102
v 0.00814846 0.00155046 -0.06532464
v 0.00816983 0.00180784 -0.06551605
v 0.00715798 0.00155046 -0.06532113
v 0.00713524 0.00180783 -0.06551237
v 0.00619417 0.00155014 -0.06509277
v 0.00612852 0.00180751 -0.06527386
v 0.00610194 0.00205418 -0.06534698
v 0.00712479 0.00218954 -0.06559996
v 0.00609833 0.00218921 -0.06535676
v 0.00610194 0.00232422 -0.06534661
v 0.00612852 0.00257069 -0.06527282
v 0.00619417 0.00282756 -0.06509103
v 0.00814846 0.00282787 -0.06532290
v 0.00816983 0.00257102 -0.06551501
v 0.00817848 0.00232456 -0.06559298
v 0.00817966 0.00218955 -0.06560371
v 0.00817848 0.00205451 -0.06559335
v 0.00513348 0.00175382 -0.06269763
v 0.00502055 0.00193611 -0.06255405
v 0.00497921 0.00218531 -0.06250124
v 0.00532553 0.00230565 -0.06271473
v 0.00502055 0.00243467 -0.06255336
v 0.00526563 0.00255717 -0.06276022
v 0.00513348 0.00261735 -0.06269646
v 0.00510795 0.00282454 -0.06287935
v 0.00544203 0.00261788 -0.06308807
v 0.00547031 0.00229524 -0.06289602
v 0.00555496 0.00243559 -0.06323166
v 0.00559630 0.00218638 -0.06328447
v 0.00555496 0.00193703 -0.06323234
v 0.00544203 0.00175435 -0.06308925
v 0.00472293 0.00131146 -0.06333905
v 0.00480183 0.00151436 -0.06278317
v 0.00445218 0.00142822 -0.06299525
v 0.00462623 0.00179780 -0.06255991
v 0.00425397 0.00174814 -0.06274324
v 0.00456196 0.00218528 -0.06247780
v 0.00418142 0.00218552 -0.06265055
v 0.00462623 0.00257299 -0.06255885
v 0.00425397 0.00262314 -0.06274204
v 0.00480183 0.00285704 -0.06278134
v 0.00445218 0.00294376 -0.06299318
v 0.00504170 0.00296131 -0.06308565
v 0.00472293 0.00306146 -0.06333667
v 0.00528158 0.00285787 -0.06339025
v 0.00499369 0.00294470 -0.06368048
v 0.00545718 0.00257443 -0.06361352
v 0.00519189 0.00262477 -0.06393249
v 0.00552145 0.00218695 -0.06369562
v 0.00526444 0.00218740 -0.06402517
v 0.00545718 0.00179923 -0.06361458
v 0.00519189 0.00174977 -0.06393369
v 0.00528158 0.00151519 -0.06339209
v 0.00499369 0.00142915 -0.06368255
v 0.00504170 0.00141092 -0.06308777
v 0.00518114 0.00153378 -0.06297775
v 0.00518114 0.00283815 -0.06297597
v 0.00525796 0.00282480 -0.06306975
v 0.00542883 0.00250442 -0.06293015
v 0.00350931 0.00256732 -0.06280211
v 0.00402342 0.00256854 -0.06369993
v 0.00417881 0.00282550 -0.06358520
v 0.00321251 0.00180278 -0.06181205
v 0.00340247 0.00154562 -0.06177854
v 0.00350931 0.00180414 -0.06280316
v 0.00352026 0.00154629 -0.06227081
v 0.00368662 0.00154692 -0.06272739
v 0.00313561 0.00204937 -0.06182542
v 0.00342779 0.00218577 -0.06283764
v 0.00312517 0.00218439 -0.06182710
v 0.00313561 0.00231941 -0.06182506
v 0.00321251 0.00256596 -0.06181101
v 0.00340247 0.00282303 -0.06177679
v 0.00352026 0.00282371 -0.06226907
v 0.00368662 0.00282433 -0.06272565
v 0.00396051 0.00232204 -0.06374658
v 0.00395197 0.00218702 -0.06375305
v 0.00396051 0.00205199 -0.06374695
v 0.00402342 0.00180536 -0.06370097
v 0.00417881 0.00154809 -0.06358694
v 0.00463314 0.00175178 -0.06120504
v 0.00460701 0.00193402 -0.06102419
v 0.00459745 0.00218321 -0.06095774
v 0.00479054 0.00230374 -0.06131577
v 0.00460701 0.00243258 -0.06102351
v 0.00471575 0.00255521 -0.06132517
v 0.00463314 0.00261531 -0.06120386
v 0.00451945 0.00282245 -0.06134945
v 0.00470454 0.00261598 -0.06169729
v 0.00482528 0.00229340 -0.06154516
v 0.00473068 0.00243375 -0.06187814
v 0.00474024 0.00218455 -0.06194459
v 0.00473068 0.00193518 -0.06187882
v 0.00470454 0.00175245 -0.06169846
v 0.00395719 0.00130902 -0.06155534
v 0.00430332 0.00151208 -0.06111334
v 0.00389453 0.00142566 -0.06112219
v 0.00426268 0.00179544 -0.06083213
v 0.00384867 0.00174550 -0.06080478
v 0.00424781 0.00218290 -0.06072881
v 0.00383188 0.00218284 -0.06068816
v 0.00426268 0.00257063 -0.06083107
v 0.00384867 0.00262050 -0.06080358
v 0.00430332 0.00285476 -0.06111150
v 0.00389453 0.00294120 -0.06112012
v 0.00435883 0.00295914 -0.06149497
v 0.00395719 0.00305902 -0.06155295
v 0.00441433 0.00285581 -0.06187871
v 0.00401984 0.00294238 -0.06198610
v 0.00445497 0.00257245 -0.06215991
v 0.00406571 0.00262255 -0.06230351
v 0.00446984 0.00218499 -0.06226323
v 0.00408250 0.00218520 -0.06242012
v 0.00445497 0.00179725 -0.06216097
v 0.00406571 0.00174755 -0.06230470
v 0.00441433 0.00151313 -0.06188054
v 0.00401984 0.00142684 -0.06198816
v 0.00435883 0.00140874 -0.06149708
v 0.00453451 0.00153172 -0.06147149
v 0.00453451 0.00283609 -0.06146971
v 0.00455416 0.00282278 -0.06158934
v 0.00477215 0.00250254 -0.06155395
v 0.00317378 0.00256415 -0.06048329
v 0.00317010 0.00256556 -0.06151788
v 0.00336186 0.00282265 -0.06149616
v 0.00341229 0.00179960 -0.05947761
v 0.00359373 0.00154257 -0.05954361
v 0.00317378 0.00180097 -0.06048433
v 0.00338748 0.00154367 -0.06034688
v 0.00336538 0.00154389 -0.06050742
v 0.00333884 0.00204613 -0.05945070
v 0.00308568 0.00218255 -0.06047336
v 0.00332887 0.00218115 -0.05944690
v 0.00333884 0.00231617 -0.05945033
v 0.00341229 0.00256278 -0.05947657
v 0.00359373 0.00281998 -0.05954187
v 0.00338748 0.00282108 -0.06034513
v 0.00336538 0.00282130 -0.06050568
v 0.00309246 0.00231901 -0.06152687
v 0.00308192 0.00218399 -0.06152822
v 0.00309246 0.00204896 -0.06152724
v 0.00317010 0.00180238 -0.06151892
v 0.00336186 0.00154524 -0.06149790
v 0.00494613 0.00174967 -0.05966225
v 0.00501380 0.00193193 -0.05949252
v 0.00503857 0.00218112 -0.05943015
v 0.00502670 0.00230172 -0.05983675
v 0.00501380 0.00243049 -0.05949184
v 0.00495706 0.00255314 -0.05980743
v 0.00494613 0.00261321 -0.05966107
v 0.00477473 0.00282024 -0.05973027
v 0.00476126 0.00261384 -0.06012408
v 0.00494210 0.00229136 -0.06005277
v 0.00469359 0.00243158 -0.06029381
v 0.00466882 0.00218239 -0.06035618
v 0.00469359 0.00193302 -0.06029449
v 0.00476126 0.00175030 -0.06012527
v 0.00418589 0.00130639 -0.05962772
v 0.00470651 0.00150976 -0.05941796
v 0.00434813 0.00142306 -0.05922125
v 0.00481173 0.00179315 -0.05915406
v 0.00446689 0.00174293 -0.05892337
v 0.00485024 0.00218061 -0.05905708
v 0.00451036 0.00218028 -0.05881390
v 0.00481173 0.00256834 -0.05915300
v 0.00446689 0.00261793 -0.05892218
v 0.00470651 0.00285245 -0.05941613
v 0.00434813 0.00293861 -0.05921918
v 0.00456278 0.00295679 -0.05977595
v 0.00418589 0.00305639 -0.05962533
v 0.00441905 0.00285343 -0.06013606
v 0.00402366 0.00293972 -0.06003179
v 0.00431383 0.00257005 -0.06039996
v 0.00390489 0.00261985 -0.06032967
v 0.00427532 0.00218258 -0.06049694
v 0.00386142 0.00218250 -0.06043914
v 0.00431383 0.00179485 -0.06040101
v 0.00390489 0.00174485 -0.06033086
v 0.00441905 0.00151075 -0.06013789
v 0.00402366 0.00142417 -0.06003386
v 0.00456278 0.00140640 -0.05977807
v 0.00472764 0.00152950 -0.05984372
v 0.00472764 0.00283387 -0.05984194
v 0.00468485 0.00282055 -0.05995537
v 0.00489155 0.00250047 -0.06003378
v 0.00475253 0.00179697 -0.05755581
v 0.00404260 0.00179800 -0.05830841
v 0.00470220 0.00204346 -0.05749574
v 0.00397153 0.00217952 -0.05825478
v 0.00469537 0.00217847 -0.05748744
v 0.00470220 0.00231351 -0.05749537
v 0.00404260 0.00256118 -0.05830736
v 0.00475253 0.00256015 -0.05755477
v 0.00352212 0.00256240 -0.05920150
v 0.00369888 0.00281962 -0.05927853
v 0.00487683 0.00281747 -0.05770199
v 0.00419717 0.00281846 -0.05842250
v 0.00410262 0.00281864 -0.05855412
v 0.00345056 0.00231579 -0.05917051
v 0.00344085 0.00218076 -0.05916645
v 0.00487683 0.00154006 -0.05770374
v 0.00419717 0.00154104 -0.05842425
v 0.00410262 0.00154122 -0.05855586
v 0.00345056 0.00204575 -0.05917088
v 0.00352212 0.00179922 -0.05920254
v 0.00369888 0.00154221 -0.05928027
v 0.00598859 0.00174806 -0.05848265
v 0.00613193 0.00193039 -0.05836946
v 0.00618440 0.00217962 -0.05832779
v 0.00597073 0.00230014 -0.05867394
v 0.00613193 0.00242896 -0.05836878
v 0.00592491 0.00255151 -0.05861370
v 0.00598859 0.00261160 -0.05848147
v 0.00580541 0.00281850 -0.05845566
v 0.00561502 0.00281871 -0.05860566
v 0.00575505 0.00249875 -0.05877697
v 0.00559697 0.00261202 -0.05879001
v 0.00578946 0.00228968 -0.05881873
v 0.00545363 0.00242968 -0.05890319
v 0.00540116 0.00218046 -0.05894487
v 0.00545363 0.00193112 -0.05890388
v 0.00559697 0.00174848 -0.05879119
v 0.00534777 0.00305427 -0.05807031
v 0.00529446 0.00285137 -0.05862923
v 0.00500412 0.00293741 -0.05834123
v 0.00507159 0.00256787 -0.05880522
v 0.00475255 0.00261741 -0.05853987
v 0.00499001 0.00218036 -0.05887002
v 0.00466046 0.00218001 -0.05861302
v 0.00507159 0.00179267 -0.05880628
v 0.00475255 0.00174241 -0.05854106
v 0.00529446 0.00150869 -0.05863107
v 0.00500412 0.00142187 -0.05834330
v 0.00559892 0.00140451 -0.05839133
v 0.00534777 0.00130427 -0.05807270
v 0.00590338 0.00150803 -0.05815132
v 0.00569142 0.00142113 -0.05780178
v 0.00612626 0.00179154 -0.05797533
v 0.00594300 0.00174113 -0.05760314
v 0.00620784 0.00217905 -0.05791053
v 0.00603508 0.00217853 -0.05752999
v 0.00612626 0.00256674 -0.05797428
v 0.00594300 0.00261613 -0.05760195
v 0.00590338 0.00285072 -0.05814949
v 0.00569142 0.00293667 -0.05779972
v 0.00559892 0.00295490 -0.05838922
v 0.00570878 0.00283208 -0.05852882
v 0.00570878 0.00152771 -0.05853060
v 0.00498518 0.00255990 -0.05737147
v 0.00509957 0.00281723 -0.05752651
v 0.00499567 0.00255989 -0.05736377
v 0.00510961 0.00281722 -0.05751914
v 0.00493887 0.00231325 -0.05730890
v 0.00494328 0.00217821 -0.05729270
v 0.00493258 0.00217822 -0.05730055
v 0.00493887 0.00204320 -0.05730927
v 0.00499567 0.00179671 -0.05736482
v 0.00498518 0.00179672 -0.05737251
v 0.00510961 0.00153981 -0.05752088
v 0.00509957 0.00153982 -0.05752825
v 0.00748118 0.00174738 -0.05798231
v 0.00766179 0.00192983 -0.05795592
v 0.00772789 0.00217910 -0.05794602
v 0.00736969 0.00229941 -0.05813895
v 0.00766179 0.00242839 -0.05795524
v 0.00735996 0.00255076 -0.05806381
v 0.00748118 0.00261091 -0.05798113
v 0.00733531 0.00281770 -0.05786715
v 0.00709542 0.00281774 -0.05790186
v 0.00713125 0.00249786 -0.05812029
v 0.00698776 0.00261101 -0.05805253
v 0.00714032 0.00228880 -0.05817370
v 0.00680716 0.00242856 -0.05807891
v 0.00674105 0.00217929 -0.05808882
v 0.00680716 0.00193000 -0.05807959
v 0.00698776 0.00174748 -0.05805371
v 0.00713149 0.00305322 -0.05730456
v 0.00680601 0.00285019 -0.05776199
v 0.00669850 0.00293608 -0.05736738
v 0.00652519 0.00256650 -0.05780301
v 0.00638153 0.00261587 -0.05741368
v 0.00642240 0.00217892 -0.05781842
v 0.00626551 0.00217839 -0.05743107
v 0.00652519 0.00179130 -0.05780407
v 0.00638153 0.00174087 -0.05741488
v 0.00680601 0.00150751 -0.05776382
v 0.00669850 0.00142054 -0.05736945
v 0.00718961 0.00140357 -0.05770846
v 0.00713149 0.00130322 -0.05730696
v 0.00757322 0.00150735 -0.05765281
v 0.00756448 0.00142037 -0.05724414
v 0.00785403 0.00179104 -0.05761179
v 0.00788146 0.00174058 -0.05719784
v 0.00795682 0.00217862 -0.05759638
v 0.00799747 0.00217805 -0.05718045
v 0.00785403 0.00256624 -0.05761073
v 0.00788146 0.00261557 -0.05719664
v 0.00757322 0.00285004 -0.05765098
v 0.00756448 0.00293591 -0.05724207
v 0.00718961 0.00295397 -0.05770634
v 0.00721503 0.00283120 -0.05788219
v 0.00721503 0.00152683 -0.05788397
v 0.00737018 0.00153868 -0.05669493
v 0.00718860 0.00153870 -0.05671130
v 0.00716724 0.00179556 -0.05651919
v 0.00737018 0.00281610 -0.05669319
v 0.00817909 0.00281612 -0.05671309
v 0.00820182 0.00255874 -0.05652183
v 0.00817909 0.00153871 -0.05671483
v 0.00820182 0.00179556 -0.05652287
v 0.00914290 0.00153902 -0.05694317
v 0.00920855 0.00179589 -0.05676139
v 0.00923513 0.00204236 -0.05668760
v 0.00821227 0.00217703 -0.05643425
v 0.00923873 0.00217737 -0.05667744
v 0.00923513 0.00231240 -0.05668723
v 0.00920855 0.00255907 -0.05676034
v 0.00914290 0.00281643 -0.05694143
v 0.00718860 0.00281612 -0.05670956
v 0.00716724 0.00255874 -0.05651815
v 0.00715858 0.00231206 -0.05644085
v 0.00715741 0.00217703 -0.05643050
v 0.00715858 0.00204202 -0.05644122
v 0.00872939 0.00281792 -0.05803255
v 0.00865143 0.00249802 -0.05823969
v 0.00856096 0.00261109 -0.05810924
v 0.00863272 0.00228895 -0.05829052
v 0.00839149 0.00242851 -0.05804182
v 0.00832945 0.00217919 -0.05801739
v 0.00839149 0.00192995 -0.05804250
v 0.00856096 0.00174755 -0.05811042
v 0.00902398 0.00174781 -0.05829530
v 0.00919345 0.00193038 -0.05836272
v 0.00925549 0.00217970 -0.05838715
v 0.00884873 0.00229973 -0.05837511
v 0.00919345 0.00242895 -0.05836204
v 0.00887769 0.00255109 -0.05830513
v 0.00902398 0.00261134 -0.05829412
v 0.00895450 0.00281805 -0.05812243
v 0.00905912 0.00305353 -0.05753327
v 0.00854866 0.00285019 -0.05776671
v 0.00865281 0.00293609 -0.05737120
v 0.00828515 0.00256631 -0.05766188
v 0.00835537 0.00261565 -0.05725287
v 0.00818870 0.00217866 -0.05762389
v 0.00824650 0.00217809 -0.05721000
v 0.00828515 0.00179111 -0.05766294
v 0.00835537 0.00174065 -0.05725406
v 0.00854866 0.00150751 -0.05776854
v 0.00865281 0.00142054 -0.05737327
v 0.00890863 0.00140385 -0.05791241
v 0.00905912 0.00130354 -0.05753566
v 0.00926859 0.00150790 -0.05805600
v 0.00946542 0.00142099 -0.05769774
v 0.00953211 0.00179179 -0.05816083
v 0.00976286 0.00174142 -0.05781606
v 0.00962856 0.00217944 -0.05819882
v 0.00987173 0.00217898 -0.05785894
v 0.00953211 0.00256699 -0.05815978
v 0.00976286 0.00261642 -0.05781487
v 0.00926859 0.00285059 -0.05805417
v 0.00946542 0.00293653 -0.05769567
v 0.00890863 0.00295425 -0.05791030
v 0.00884280 0.00283146 -0.05807532
v 0.00884280 0.00152709 -0.05807710
v 0.01086241 0.00154058 -0.05808934
v 0.01026226 0.00153984 -0.05754662
v 0.01037775 0.00179675 -0.05739170
v 0.01098277 0.00154077 -0.05822628
v 0.01113035 0.00179772 -0.05810162
v 0.01119009 0.00204422 -0.05805096
v 0.01043086 0.00217824 -0.05732011
v 0.01119820 0.00217923 -0.05804395
v 0.01119009 0.00231426 -0.05805059
v 0.01037775 0.00255993 -0.05739066
v 0.01113035 0.00256090 -0.05810058
v 0.00948361 0.00255922 -0.05687018
v 0.00940624 0.00281658 -0.05704658
v 0.01026226 0.00281726 -0.05754488
v 0.01086241 0.00281800 -0.05808759
v 0.01098277 0.00281819 -0.05822453
v 0.00951494 0.00231255 -0.05679895
v 0.00951919 0.00217752 -0.05678942
v 0.00951494 0.00204251 -0.05679932
v 0.00948361 0.00179604 -0.05687122
v 0.00940624 0.00153916 -0.05704832
v 0.01020358 0.00174923 -0.05933775
v 0.01031652 0.00193191 -0.05948084
v 0.01035785 0.00218126 -0.05953297
v 0.01001153 0.00230102 -0.05931914
v 0.01031652 0.00243047 -0.05948016
v 0.01007144 0.00255241 -0.05927297
v 0.01020358 0.00261276 -0.05933657
v 0.01022911 0.00281945 -0.05915311
v 0.01007910 0.00281919 -0.05896272
v 0.00990823 0.00249920 -0.05910318
v 0.00989504 0.00261223 -0.05894496
v 0.00986676 0.00229011 -0.05913788
v 0.00978210 0.00242955 -0.05880186
v 0.00974076 0.00218019 -0.05874974
v 0.00978210 0.00193099 -0.05880255
v 0.00989504 0.00174869 -0.05894613
v 0.01061413 0.00305512 -0.05869515
v 0.01005549 0.00285139 -0.05864212
v 0.01034338 0.00293742 -0.05835165
v 0.00987989 0.00256734 -0.05841963
v 0.01014517 0.00261681 -0.05810052
v 0.00981562 0.00217963 -0.05833858
v 0.01007262 0.00217918 -0.05800904
v 0.00987989 0.00179215 -0.05842069
v 0.01014517 0.00174181 -0.05810172
v 0.01005549 0.00150871 -0.05864396
v 0.01034338 0.00142188 -0.05835373
v 0.01029536 0.00140527 -0.05894855
v 0.01061413 0.00130512 -0.05869754
v 0.01053524 0.00150954 -0.05925287
v 0.01088489 0.00142282 -0.05904103
v 0.01071084 0.00179358 -0.05947536
v 0.01108310 0.00174343 -0.05929216
v 0.01077511 0.00218130 -0.05955641
v 0.01115564 0.00218106 -0.05938365
v 0.01071084 0.00256878 -0.05947430
v 0.01108310 0.00261843 -0.05929097
v 0.01053524 0.00285222 -0.05925103
v 0.01088489 0.00293836 -0.05903896
v 0.01029536 0.00295566 -0.05894643
v 0.01015593 0.00283280 -0.05905646
v 0.01015593 0.00152843 -0.05905824
v 0.01182775 0.00256244 -0.05923105
v 0.01131364 0.00256122 -0.05833323
v 0.01115826 0.00281849 -0.05844727
v 0.01212455 0.00180061 -0.06022320
v 0.01193460 0.00154354 -0.06025741
v 0.01182775 0.00179926 -0.05923209
v 0.01181681 0.00154287 -0.05976514
v 0.01165045 0.00154225 -0.05930855
v 0.01220145 0.00204716 -0.06020915
v 0.01190927 0.00218080 -0.05919657
v 0.01221189 0.00218218 -0.06020710
v 0.01220145 0.00231721 -0.06020878
v 0.01212455 0.00256379 -0.06022215
v 0.01193460 0.00282096 -0.06025567
v 0.01181681 0.00282029 -0.05976339
v 0.01165045 0.00281966 -0.05930681
v 0.01137655 0.00231458 -0.05828726
v 0.01138509 0.00217955 -0.05828116
v 0.01137655 0.00204454 -0.05828762
v 0.01131364 0.00179804 -0.05833427
v 0.01115826 0.00154108 -0.05844901
v 0.01070392 0.00175127 -0.06083034
v 0.01073005 0.00193400 -0.06101070
v 0.01073962 0.00218337 -0.06107647
v 0.01054653 0.00230293 -0.06071810
v 0.01073005 0.00243256 -0.06101002
v 0.01062132 0.00255438 -0.06070802
v 0.01070392 0.00261480 -0.06082917
v 0.01081762 0.00282154 -0.06068301
v 0.01078291 0.00282121 -0.06044312
v 0.01056491 0.00250108 -0.06047939
v 0.01063252 0.00261413 -0.06033574
v 0.01051179 0.00229196 -0.06048874
v 0.01060639 0.00243139 -0.06015539
v 0.01059682 0.00218202 -0.06008962
v 0.01060639 0.00193283 -0.06015607
v 0.01063252 0.00175059 -0.06033692
v 0.01137988 0.00305756 -0.06047887
v 0.01092273 0.00285345 -0.06015366
v 0.01131722 0.00293974 -0.06004604
v 0.01088210 0.00256933 -0.05987323
v 0.01127136 0.00261903 -0.05972951
v 0.01086722 0.00218159 -0.05977098
v 0.01125457 0.00218137 -0.05961408
v 0.01088210 0.00179413 -0.05987429
v 0.01127136 0.00174403 -0.05973070
v 0.01092273 0.00151077 -0.06015550
v 0.01131722 0.00142419 -0.06004811
v 0.01097824 0.00140744 -0.06053924
v 0.01137988 0.00130756 -0.06048126
v 0.01103375 0.00151182 -0.06092270
v 0.01144253 0.00142538 -0.06091409
v 0.01107438 0.00179594 -0.06120313
v 0.01148840 0.00174608 -0.06123062
v 0.01108926 0.00218368 -0.06130539
v 0.01150519 0.00218374 -0.06134605
v 0.01107438 0.00257114 -0.06120208
v 0.01148840 0.00262108 -0.06122943
v 0.01103375 0.00285450 -0.06092087
v 0.01144253 0.00294092 -0.06091202
v 0.01097824 0.00295783 -0.06053713
v 0.01080256 0.00283486 -0.06056271
v 0.01080256 0.00153048 -0.06056450
v 0.01216329 0.00256561 -0.06154987
v 0.01216697 0.00256419 -0.06051528
v 0.01197521 0.00282134 -0.06053630
v 0.01192477 0.00180380 -0.06255764
v 0.01174334 0.00154659 -0.06249234
v 0.01216329 0.00180243 -0.06155091
v 0.01194958 0.00154550 -0.06168908
v 0.01197168 0.00154528 -0.06152853
v 0.01199823 0.00205041 -0.06258388
v 0.01225139 0.00218403 -0.06156085
v 0.01200820 0.00218543 -0.06258730
v 0.01199823 0.00232045 -0.06258351
v 0.01192477 0.00256698 -0.06255659
v 0.01174334 0.00282401 -0.06249060
v 0.01194958 0.00282291 -0.06168733
v 0.01197168 0.00282269 -0.06152679
v 0.01224460 0.00231761 -0.06050697
v 0.01225514 0.00218259 -0.06050598
v 0.01224460 0.00204757 -0.06050734
v 0.01216697 0.00180101 -0.06051633
v 0.01197521 0.00154393 -0.06053805
v 0.01039093 0.00175337 -0.06237314
v 0.01032326 0.00193609 -0.06254236
v 0.01029849 0.00218546 -0.06260405
v 0.01031037 0.00230495 -0.06219713
v 0.01032326 0.00243465 -0.06254168
v 0.01038001 0.00255645 -0.06222576
v 0.01039093 0.00261691 -0.06237196
v 0.01056233 0.00282375 -0.06230219
v 0.01065221 0.00282344 -0.06207709
v 0.01044551 0.00250315 -0.06199956
v 0.01057581 0.00261627 -0.06190894
v 0.01039497 0.00229399 -0.06198113
v 0.01064348 0.00243356 -0.06173972
v 0.01066825 0.00218419 -0.06167802
v 0.01064348 0.00193500 -0.06174039
v 0.01057581 0.00175274 -0.06191012
v 0.01115117 0.00306019 -0.06240649
v 0.01091801 0.00285583 -0.06189632
v 0.01131341 0.00294240 -0.06200035
v 0.01102323 0.00257173 -0.06163319
v 0.01143217 0.00262173 -0.06170334
v 0.01106174 0.00218400 -0.06153727
v 0.01147564 0.00218408 -0.06159507
v 0.01102323 0.00179653 -0.06163425
v 0.01143217 0.00174673 -0.06170454
v 0.01091801 0.00151315 -0.06189815
v 0.01131341 0.00142686 -0.06200241
v 0.01077428 0.00140978 -0.06225825
v 0.01115117 0.00131019 -0.06240888
v 0.01063055 0.00151413 -0.06261808
v 0.01098894 0.00142797 -0.06281503
v 0.01052533 0.00179823 -0.06288120
v 0.01087017 0.00174865 -0.06311203
v 0.01048682 0.00218596 -0.06297713
v 0.01082670 0.00218630 -0.06322030
v 0.01052533 0.00257343 -0.06288014
v 0.01087017 0.00262365 -0.06311084
v 0.01063055 0.00285681 -0.06261624
v 0.01098894 0.00294351 -0.06281296
v 0.01077428 0.00296018 -0.06225614
v 0.01060943 0.00283708 -0.06219048
v 0.01060943 0.00153271 -0.06219226
v 0.01058454 0.00180642 -0.06447943
v 0.01129446 0.00180540 -0.06372684
v 0.01063486 0.00205307 -0.06453884
v 0.01136553 0.00218706 -0.06377942
v 0.01064169 0.00218811 -0.06454676
v 0.01063486 0.00232312 -0.06453847
v 0.01129446 0.00256858 -0.06372580
v 0.01058454 0.00256960 -0.06447839
v 0.01181494 0.00256736 -0.06283166
v 0.01163819 0.00282437 -0.06275394
v 0.01046023 0.00282652 -0.06433047
v 0.01113989 0.00282554 -0.06360996
v 0.01123445 0.00282536 -0.06347835
v 0.01188650 0.00232083 -0.06286332
v 0.01189621 0.00218582 -0.06286776
v 0.01046023 0.00154911 -0.06433221
v 0.01113989 0.00154812 -0.06361170
v 0.01123445 0.00154794 -0.06348009
v 0.01188650 0.00205079 -0.06286369
v 0.01181494 0.00180418 -0.06283271
v 0.01163819 0.00154695 -0.06275568
v 0.00934848 0.00175498 -0.06355274
v 0.00920513 0.00193762 -0.06366543
v 0.00915267 0.00218696 -0.06370642
v 0.00936633 0.00230654 -0.06335994
v 0.00920513 0.00243618 -0.06366474
v 0.00941216 0.00255808 -0.06341950
v 0.00934848 0.00261852 -0.06355156
v 0.00953165 0.00282549 -0.06357680
v 0.00974009 0.00261809 -0.06324302
v 0.00954761 0.00229568 -0.06321517
v 0.00988343 0.00243545 -0.06313033
v 0.00993590 0.00218612 -0.06308933
v 0.00988343 0.00193689 -0.06313101
v 0.00974009 0.00175456 -0.06324419
v 0.00998929 0.00131231 -0.06396390
v 0.00943369 0.00151586 -0.06388472
v 0.00964564 0.00142991 -0.06423449
v 0.00921081 0.00179984 -0.06405994
v 0.00939407 0.00175045 -0.06443226
v 0.00912923 0.00218753 -0.06412368
v 0.00930199 0.00218805 -0.06450421
v 0.00921081 0.00257504 -0.06405888
v 0.00939407 0.00262545 -0.06443106
v 0.00943369 0.00285854 -0.06388289
v 0.00964564 0.00294545 -0.06423242
v 0.00973814 0.00296207 -0.06364287
v 0.00998929 0.00306231 -0.06396151
v 0.01004260 0.00285789 -0.06340314
v 0.01033295 0.00294471 -0.06369091
v 0.01026548 0.00257391 -0.06322793
v 0.01058452 0.00262417 -0.06349314
v 0.01034706 0.00218622 -0.06316418
v 0.01067660 0.00218657 -0.06342119
v 0.01026548 0.00179871 -0.06322899
v 0.01058452 0.00174917 -0.06349434
v 0.01004260 0.00151521 -0.06340497
v 0.01033295 0.00142917 -0.06369298
v 0.00973814 0.00141168 -0.06364499
v 0.00962829 0.00153450 -0.06350539
v 0.00962829 0.00283887 -0.06350361
v 0.00972205 0.00282529 -0.06342680
v 0.00958202 0.00250487 -0.06325637
v 0.00846296 0.00180778 -0.06547364
v 0.00945407 0.00180738 -0.06517684
v 0.00847667 0.00205445 -0.06555021
v 0.00948907 0.00218908 -0.06525784
v 0.00847853 0.00218949 -0.06556046
v 0.00847667 0.00232450 -0.06554984
v 0.00945407 0.00257056 -0.06517579
v 0.00846296 0.00257096 -0.06547260
v 0.01035189 0.00256985 -0.06466169
v 0.01023750 0.00282676 -0.06450596
v 0.00842910 0.00282782 -0.06528229
v 0.00937795 0.00282743 -0.06499814
v 0.00981304 0.00282714 -0.06478171
v 0.01039820 0.00232337 -0.06472494
v 0.01040448 0.00218836 -0.06473365
v 0.00842910 0.00155041 -0.06528404
v 0.00937795 0.00155002 -0.06499989
v 0.00981304 0.00154972 -0.06478345
v 0.01039820 0.00205333 -0.06472530
v 0.01035189 0.00180667 -0.06466273
v 0.01023750 0.00154935 -0.06450770
v 0.00785588 0.00175567 -0.06405308
v 0.00767528 0.00193819 -0.06407896
v 0.00760917 0.00218748 -0.06408819
v 0.00796737 0.00230726 -0.06389493
v 0.00767528 0.00243675 -0.06407828
v 0.00797710 0.00255882 -0.06396938
v 0.00785588 0.00261920 -0.06405190
v 0.00800175 0.00282629 -0.06416532
v 0.00834930 0.00261910 -0.06398050
v 0.00819674 0.00229656 -0.06386021
v 0.00852991 0.00243658 -0.06395461
v 0.00859602 0.00218729 -0.06394539
v 0.00852991 0.00193802 -0.06395529
v 0.00834930 0.00175557 -0.06398167
v 0.00820557 0.00131336 -0.06472964
v 0.00776385 0.00151654 -0.06438323
v 0.00777258 0.00143067 -0.06479213
v 0.00748303 0.00180034 -0.06442348
v 0.00745561 0.00175100 -0.06483756
v 0.00738024 0.00218796 -0.06443782
v 0.00733959 0.00218853 -0.06485376
v 0.00748303 0.00257554 -0.06442242
v 0.00745561 0.00262600 -0.06483637
v 0.00776385 0.00285922 -0.06438140
v 0.00777258 0.00294621 -0.06479006
v 0.00814745 0.00296300 -0.06432575
v 0.00820557 0.00306335 -0.06472725
v 0.00853106 0.00285907 -0.06427038
v 0.00863856 0.00294604 -0.06466476
v 0.00881188 0.00257527 -0.06423014
v 0.00895553 0.00262571 -0.06461933
v 0.00891466 0.00218766 -0.06421579
v 0.00907155 0.00218818 -0.06460313
v 0.00881188 0.00180008 -0.06423119
v 0.00895553 0.00175071 -0.06462052
v 0.00853106 0.00151639 -0.06427222
v 0.00863856 0.00143050 -0.06466682
v 0.00814745 0.00141261 -0.06432787
v 0.00812203 0.00153538 -0.06415202
v 0.00812203 0.00283975 -0.06415024
v 0.00824164 0.00282625 -0.06413060
v 0.00820581 0.00250576 -0.06391305
v 0.01123445 0.00018665 -0.06348195
v 0.00981304 0.00018843 -0.06478532
v 0.00796688 0.00018919 -0.06534288
v 0.00606164 0.00018878 -0.06504421
v 0.00606164 0.00153660 -0.06504237
v 0.00828911 0.00153696 -0.06530666
v 0.01035030 0.00153575 -0.06442180
v 0.01194958 0.00018421 -0.06169093
v 0.01169292 0.00153330 -0.06262489
v 0.01181681 0.00018158 -0.05976700
v 0.01195720 0.00153026 -0.06039742
v 0.01086241 0.00017929 -0.05809120
v 0.01107234 0.00152744 -0.05833623
v 0.00927543 0.00017780 -0.05699546
v 0.00927543 0.00152561 -0.05699361
v 0.00447465 0.00154858 -0.06394661
v 0.00507480 0.00154932 -0.06448933
v 0.00495931 0.00180665 -0.06464355
v 0.00435429 0.00154839 -0.06380967
v 0.00420672 0.00180568 -0.06393363
v 0.00414698 0.00205232 -0.06398361
v 0.00490621 0.00218834 -0.06471410
v 0.00413887 0.00218735 -0.06399026
v 0.00414698 0.00232236 -0.06398325
v 0.00495931 0.00256983 -0.06464250
v 0.00420672 0.00256886 -0.06393258
v 0.00585345 0.00257054 -0.06516299
v 0.00593083 0.00282741 -0.06498588
v 0.00507480 0.00282673 -0.06448759
v 0.00447465 0.00282599 -0.06394487
v 0.00435429 0.00282581 -0.06380793
v 0.00582213 0.00232407 -0.06523488
v 0.00581787 0.00218906 -0.06524478
v 0.00582213 0.00205402 -0.06523525
v 0.00585345 0.00180736 -0.06516403
v 0.00593083 0.00155000 -0.06498762
v 0.00677610 0.00261902 -0.06392378
v 0.00670435 0.00229640 -0.06374339
v 0.00694558 0.00243663 -0.06399170
v 0.00700761 0.00218738 -0.06401681
v 0.00694558 0.00193807 -0.06399239
v 0.00677610 0.00175549 -0.06392497
v 0.00631309 0.00175524 -0.06374009
v 0.00614361 0.00193763 -0.06367217
v 0.00608158 0.00218688 -0.06364706
v 0.00648834 0.00230694 -0.06365877
v 0.00614361 0.00243619 -0.06367148
v 0.00645937 0.00255849 -0.06372806
v 0.00631309 0.00261877 -0.06373890
v 0.00638257 0.00282595 -0.06391003
v 0.00627795 0.00131304 -0.06450094
v 0.00606847 0.00151599 -0.06398004
v 0.00587164 0.00143005 -0.06433854
v 0.00580496 0.00179959 -0.06387443
v 0.00557420 0.00175016 -0.06421934
v 0.00570851 0.00218714 -0.06383539
v 0.00546533 0.00218760 -0.06417527
v 0.00580496 0.00257479 -0.06387337
v 0.00557420 0.00262516 -0.06421814
v 0.00606847 0.00285867 -0.06397820
v 0.00587164 0.00294559 -0.06433647
v 0.00642844 0.00296273 -0.06412179
v 0.00627795 0.00306304 -0.06449854
v 0.00678840 0.00285907 -0.06426566
v 0.00668426 0.00294604 -0.06466094
v 0.00705191 0.00257547 -0.06437127
v 0.00698169 0.00262593 -0.06478014
v 0.00714837 0.00218792 -0.06441031
v 0.00709056 0.00218849 -0.06482421
v 0.00705191 0.00180027 -0.06437233
v 0.00698169 0.00175093 -0.06478134
v 0.00678840 0.00151638 -0.06426749
v 0.00668426 0.00143049 -0.06466301
v 0.00642844 0.00141233 -0.06412391
v 0.00649426 0.00153512 -0.06395888
v 0.00649426 0.00283949 -0.06395710
v 0.00660767 0.00282607 -0.06399991
v 0.00668564 0.00250560 -0.06379364
v 0.00923952 0.00033160 -0.05978189
v 0.00958312 0.00033250 -0.06044140
v 0.00960236 0.00025749 -0.06043569
v 0.00964792 0.00033290 -0.06073321
v 0.00964440 0.00033371 -0.06132936
v 0.00966426 0.00025872 -0.06133258
v 0.00781656 0.00018622 -0.06316473
v 0.00873254 0.00018584 -0.06288809
v 0.00781140 0.00020621 -0.06308988
v 0.00869542 0.00020585 -0.06282289
v 0.00780762 0.00026104 -0.06303503
v 0.00866825 0.00026069 -0.06277511
v 0.00943778 0.00018496 -0.06224142
v 0.00937606 0.00020500 -0.06219878
v 0.00933088 0.00025986 -0.06216751
v 0.00687126 0.00018602 -0.06301654
v 0.00689908 0.00020602 -0.06294686
v 0.00691944 0.00026085 -0.06289580
v 0.00692689 0.00033583 -0.06287704
v 0.00780623 0.00033601 -0.06301488
v 0.00952594 0.00033430 -0.06176127
v 0.00931434 0.00033484 -0.06215599
v 0.00890627 0.00033544 -0.06259061
v 0.00865830 0.00033566 -0.06275754
v 0.00795495 0.00033599 -0.06299901
v 0.00971850 0.00020383 -0.06134116
v 0.00979259 0.00018375 -0.06135280
v 0.00965492 0.00020257 -0.06041989
v 0.00972671 0.00018244 -0.06039823
v 0.00914263 0.00033145 -0.05966795
v 0.00915744 0.00025643 -0.05965447
v 0.00919791 0.00020147 -0.05961744
v 0.00925319 0.00018131 -0.05956678
v 0.00846580 0.00018057 -0.05902312
v 0.00843799 0.00020076 -0.05909275
v 0.00841763 0.00025573 -0.05914366
v 0.00841018 0.00033076 -0.05916222
v 0.01060943 0.00018489 -0.06219410
v 0.00962829 0.00018669 -0.06350723
v 0.00812203 0.00018757 -0.06415386
v 0.00649426 0.00018731 -0.06396072
v 0.00533454 0.00018621 -0.06315999
v 0.00608388 0.00018527 -0.06247289
v 0.00463710 0.00018454 -0.06193537
v 0.00561035 0.00018414 -0.06164143
v 0.00454007 0.00018262 -0.06052941
v 0.00554447 0.00018284 -0.06068686
v 0.00506267 0.00018083 -0.05922059
v 0.00589929 0.00018162 -0.05979824
v 0.00610139 0.00017953 -0.05826813
v 0.00660453 0.00018074 -0.05915157
v 0.00745051 0.00017898 -0.05786068
v 0.00752050 0.00018036 -0.05887494
v 0.00884280 0.00017928 -0.05807894
v 0.01015593 0.00018062 -0.05906008
v 0.01080256 0.00018267 -0.06056634
v 0.01086241 0.00337929 -0.05808683
v 0.00927543 0.00337779 -0.05699109
v 0.00927543 0.00282998 -0.05699183
v 0.01181681 0.00338158 -0.05976263
v 0.01107234 0.00283181 -0.05833445
v 0.01194958 0.00338420 -0.06168656
v 0.01195720 0.00283463 -0.06039564
v 0.01123445 0.00338665 -0.06347758
v 0.01169292 0.00283767 -0.06262311
v 0.00981304 0.00338843 -0.06478094
v 0.01035030 0.00284012 -0.06442001
v 0.00796688 0.00338919 -0.06533851
v 0.00828911 0.00284133 -0.06530488
v 0.00606164 0.00338878 -0.06503984
v 0.00606164 0.00284097 -0.06504059
v 0.00884280 0.00337927 -0.05807457
v 0.00721503 0.00337901 -0.05788144
v 0.00804163 0.00281770 -0.05787162
v 0.00570878 0.00337989 -0.05852807
v 0.00641934 0.00281802 -0.05810637
v 0.00472764 0.00338169 -0.05984120
v 0.00513177 0.00281941 -0.05912082
v 0.00453451 0.00338391 -0.06146896
v 0.00452392 0.00282149 -0.06064313
v 0.00518114 0.00338596 -0.06297522
v 0.00475867 0.00282370 -0.06226542
v 0.00649426 0.00338730 -0.06395636
v 0.00577311 0.00282546 -0.06355299
v 0.00841018 0.00338075 -0.05915806
v 0.00923952 0.00338160 -0.05977773
v 0.00964792 0.00338290 -0.06072905
v 0.00952594 0.00338430 -0.06175711
v 0.00890627 0.00338543 -0.06258645
v 0.00795495 0.00338599 -0.06299485
v 0.00692689 0.00338582 -0.06287287
v 0.00737018 0.00017739 -0.05669679
v 0.00760771 0.00017681 -0.05627023
v 0.00552403 0.00017815 -0.05725435
v 0.00579474 0.00017733 -0.05665505
v 0.00410262 0.00017993 -0.05855772
v 0.00426704 0.00017877 -0.05770436
v 0.00325719 0.00018089 -0.05925843
v 0.00338748 0.00018237 -0.06034873
v 0.00291892 0.00018337 -0.06108065
v 0.00352026 0.00018500 -0.06227267
v 0.00330374 0.00018585 -0.06289362
v 0.00447465 0.00018729 -0.06394847
v 0.00435306 0.00018793 -0.06442132
v 0.01060943 0.00338489 -0.06218974
v 0.01080256 0.00338267 -0.06056197
v 0.01015593 0.00338061 -0.05905571
v 0.00737018 0.00337739 -0.05669242
v 0.00552403 0.00337815 -0.05724999
v 0.00410262 0.00337993 -0.05855335
v 0.00338748 0.00338237 -0.06034436
v 0.00352026 0.00338500 -0.06226830
v 0.00447465 0.00338729 -0.06394410
v 0.00812203 0.00338757 -0.06414948
v 0.00962829 0.00338668 -0.06350286
v 0.00738211 0.00338059 -0.05903608
v 0.00609755 0.00338498 -0.06225320
v 0.00568915 0.00338368 -0.06130189
v 0.00581113 0.00338228 -0.06027382
v 0.00643079 0.00338114 -0.05944448
v -0.00858378 -0.00192557 -0.05453331
v -0.00673228 -0.00193028 -0.05107954
v -0.00415866 -0.00193431 -0.04812435
v -0.00099197 -0.00193746 -0.04581595
v 0.00260899 -0.00193957 -0.04427007
v 0.00646366 -0.00194054 -0.04356424
v 0.01037874 -0.00194031 -0.04373385
v 0.01415792 -0.00193889 -0.04477040
v 0.01761170 -0.00283636 -0.04662313
v 0.01761170 -0.00193636 -0.04662190
v 0.02056689 -0.00283285 -0.04919675
v 0.02056689 -0.00193285 -0.04919552
v 0.02287530 -0.00282853 -0.05236343
v 0.02287530 -0.00192853 -0.05236220
v 0.02442117 -0.00282361 -0.05596439
v 0.02442117 -0.00192361 -0.05596316
v 0.02512701 -0.00281835 -0.05981905
v 0.02512701 -0.00191835 -0.05981782
v 0.02495740 -0.00281301 -0.06373414
v 0.02495740 -0.00191301 -0.06373291
v 0.02392085 -0.00280785 -0.06751332
v 0.02392085 -0.00190785 -0.06751209
v -0.00904814 -0.00192582 -0.05434790
v -0.00904814 -0.00292582 -0.05434927
v -0.01011430 -0.00192051 -0.05823506
v -0.01011430 -0.00292051 -0.05823642
v -0.01028875 -0.00191502 -0.06226200
v -0.01028875 -0.00291501 -0.06226336
v -0.00956276 -0.00190960 -0.06622680
v -0.00956276 -0.00290960 -0.06622816
v -0.00797271 -0.00190455 -0.06993064
v -0.00797271 -0.00290455 -0.06993200
v -0.00559835 -0.00190010 -0.07318780
v -0.00559835 -0.00290010 -0.07318916
v -0.00255873 -0.00189649 -0.07583495
v -0.00255873 -0.00289649 -0.07583632
v 0.00099373 -0.00189389 -0.07773935
v 0.00099373 -0.00289389 -0.07774071
v 0.00488089 -0.00189243 -0.07880551
v 0.00488089 -0.00289243 -0.07880688
v 0.00890783 -0.00189220 -0.07897997
v 0.00890783 -0.00289219 -0.07898133
v 0.01287263 -0.00189319 -0.07825397
v 0.01287263 -0.00289319 -0.07825534
v 0.01657648 -0.00189536 -0.07666393
v 0.01657648 -0.00289536 -0.07666529
v 0.01983364 -0.00189860 -0.07428957
v 0.01983364 -0.00289860 -0.07429093
v 0.02248080 -0.00190275 -0.07124995
v 0.02248080 -0.00290275 -0.07125132
v 0.02438520 -0.00190760 -0.06769750
v 0.02438520 -0.00290760 -0.06769886
v 0.02545136 -0.00191290 -0.06381034
v 0.02562582 -0.00191840 -0.05978340
v 0.02489982 -0.00192381 -0.05581860
v 0.02330978 -0.00192887 -0.05211476
v 0.02093541 -0.00193331 -0.04885760
v 0.01789579 -0.00193693 -0.04621045
v 0.01434334 -0.00193953 -0.04430605
v 0.01045618 -0.00194098 -0.04323988
v 0.00642923 -0.00194122 -0.04306543
v 0.00246443 -0.00194023 -0.04379142
v -0.00123941 -0.00193806 -0.04538147
v -0.00449658 -0.00193482 -0.04775583
v -0.00714373 -0.00193067 -0.05079545
v -0.00962033 -0.00192041 -0.05831249
v -0.00978994 -0.00191506 -0.06222757
v -0.00908411 -0.00190980 -0.06608224
v -0.00753823 -0.00190489 -0.06968319
v -0.00522982 -0.00190056 -0.07284988
v -0.00227464 -0.00189705 -0.07542350
v 0.00117914 -0.00189452 -0.07727500
v 0.00495832 -0.00189311 -0.07831155
v 0.00887341 -0.00189288 -0.07848116
v 0.01272808 -0.00189384 -0.07777533
v 0.01632904 -0.00189595 -0.07622945
v 0.01949572 -0.00189910 -0.07392105
v 0.02206934 -0.00190314 -0.07096586
v 0.02433595 0.03757318 -0.05358820
v 0.02438474 0.03757262 -0.05317698
v 0.02463261 0.03757217 -0.05284524
v 0.02524227 0.03757411 -0.05426539
v 0.02483105 0.03757404 -0.05421660
v 0.02562280 0.03757389 -0.05410203
v 0.02449931 0.03757370 -0.05396873
v 0.02591946 0.03757287 -0.05335907
v 0.02587067 0.03757343 -0.05377030
v 0.02575610 0.03757235 -0.05297854
v 0.02542436 0.03757201 -0.05273068
v 0.02501314 0.03757194 -0.05268188
v 0.00028795 0.03756051 -0.04430138
v -0.00012328 0.03756044 -0.04425259
v -0.00045501 0.03756010 -0.04400472
v 0.00096513 0.03755927 -0.04339506
v 0.00091634 0.03755983 -0.04380628
v 0.00080177 0.03755875 -0.04301453
v 0.00066848 0.03756028 -0.04413802
v 0.00005881 0.03755834 -0.04271787
v 0.00047004 0.03755841 -0.04276666
v -0.00032172 0.03755857 -0.04288123
v -0.00056958 0.03755902 -0.04321297
v -0.00061837 0.03755958 -0.04362420
v -0.00990521 0.03759241 -0.06767218
v -0.00949398 0.03759247 -0.06772096
v -0.01028574 0.03759263 -0.06783553
v -0.00916225 0.03759281 -0.06796883
v -0.00967607 0.03759457 -0.06925568
v -0.01008730 0.03759450 -0.06920689
v -0.00929554 0.03759434 -0.06909233
v -0.01041903 0.03759416 -0.06895903
v -0.00904768 0.03759389 -0.06876059
v -0.01053360 0.03759308 -0.06816727
v -0.01058239 0.03759364 -0.06857850
v -0.00899889 0.03759333 -0.06834936
v 0.01437193 0.03760725 -0.07854251
v 0.01442072 0.03760668 -0.07813128
v 0.01453529 0.03760776 -0.07892303
v 0.01466859 0.03760623 -0.07779954
v 0.01595544 0.03760693 -0.07831337
v 0.01590665 0.03760749 -0.07872459
v 0.01579208 0.03760641 -0.07793284
v 0.01565878 0.03760795 -0.07905633
v 0.01546034 0.03760608 -0.07768498
v 0.01486703 0.03760810 -0.07917090
v 0.01527825 0.03760817 -0.07921969
v 0.01504912 0.03760601 -0.07763618
v 0.02483105 0.04107404 -0.05421182
v 0.02449931 0.04107370 -0.05396396
v 0.02433595 0.04107318 -0.05358343
v 0.02438474 0.04107262 -0.05317220
v 0.02463261 0.04107216 -0.05284046
v 0.02501314 0.04107194 -0.05267711
v 0.02542436 0.04107201 -0.05272590
v 0.00091634 0.04105983 -0.04380151
v 0.00066848 0.04106028 -0.04413324
v 0.00028795 0.04106050 -0.04429660
v -0.00012328 0.04106044 -0.04424781
v -0.00045501 0.04106010 -0.04399994
v -0.00061837 0.04105958 -0.04361942
v -0.00056958 0.04105902 -0.04320819
v -0.00949398 0.04109247 -0.06771619
v -0.00916225 0.04109281 -0.06796405
v -0.00899889 0.04109333 -0.06834459
v -0.00904768 0.04109389 -0.06875581
v -0.00929554 0.04109434 -0.06908754
v -0.00967607 0.04109456 -0.06925090
v -0.01008730 0.04109450 -0.06920211
v 0.01442072 0.04110668 -0.07812651
v 0.01466859 0.04110623 -0.07779477
v 0.01504912 0.04110600 -0.07763141
v 0.01546034 0.04110607 -0.07768020
v 0.01579208 0.04110641 -0.07792807
v 0.01595544 0.04110693 -0.07830859
v 0.01590665 0.04110749 -0.07871982
v 0.01923118 0.04711616 -0.08506783
v 0.01887213 0.04711686 -0.08557656
v 0.01833926 0.04711718 -0.08581214
v 0.01707692 0.04711317 -0.08287165
v 0.01937390 0.04711508 -0.08427424
v 0.01792222 0.04711300 -0.08274934
v 0.01871543 0.04711343 -0.08306605
v 0.01924401 0.04711435 -0.08373695
v 0.01780144 0.04711748 -0.08603620
v 0.01718532 0.04711736 -0.08594611
v 0.01608931 0.04711497 -0.08419344
v 0.01640603 0.04711388 -0.08340023
v 0.01621163 0.04711612 -0.08503874
v 0.01651169 0.04711676 -0.08550297
v 0.01797215 0.04706505 -0.08596662
v 0.01870495 0.04706484 -0.08565202
v 0.01831219 0.04701751 -0.08582388
v 0.02591946 0.04107287 -0.05335429
v 0.02575610 0.04107235 -0.05297376
v 0.02587590 0.04107166 -0.05246751
v 0.02527498 0.04107133 -0.05222757
v 0.02463460 0.04107146 -0.05232023
v 0.02412635 0.04107200 -0.05272067
v 0.02388641 0.04107282 -0.05332159
v 0.02397908 0.04107369 -0.05396196
v 0.02627633 0.04107235 -0.05297576
v 0.02636900 0.04107323 -0.05361614
v 0.02587067 0.04107343 -0.05376552
v 0.02612906 0.04107405 -0.05421705
v 0.02562280 0.04107388 -0.05409725
v 0.02562081 0.04107459 -0.05461749
v 0.02524227 0.04107410 -0.05426061
v 0.02498043 0.04107472 -0.05471015
v 0.02437951 0.04107439 -0.05447021
v 0.00005881 0.04105834 -0.04271309
v 0.00032066 0.04105773 -0.04226356
v 0.00047004 0.04105841 -0.04276189
v 0.00092157 0.04105806 -0.04250350
v 0.00080177 0.04105875 -0.04300975
v 0.00132201 0.04105875 -0.04301175
v 0.00096513 0.04105927 -0.04339028
v 0.00141467 0.04105962 -0.04365212
v 0.00117473 0.04106044 -0.04425304
v 0.00066648 0.04106099 -0.04465348
v 0.00002610 0.04106112 -0.04474614
v -0.00057481 0.04106079 -0.04450620
v -0.00097525 0.04106009 -0.04399795
v -0.00106791 0.04105922 -0.04335757
v -0.00032172 0.04105856 -0.04287646
v -0.00082797 0.04105840 -0.04275666
v -0.00031972 0.04105785 -0.04235622
v -0.01058239 0.04109364 -0.06857372
v -0.01103193 0.04109328 -0.06831188
v -0.01053360 0.04109308 -0.06816249
v -0.01079199 0.04109246 -0.06771096
v -0.01028574 0.04109263 -0.06783076
v -0.01028374 0.04109192 -0.06731052
v -0.00990521 0.04109240 -0.06766739
v -0.00964336 0.04109179 -0.06721786
v -0.00904245 0.04109212 -0.06745780
v -0.00864201 0.04109281 -0.06796605
v -0.00854935 0.04109368 -0.06860643
v -0.00878929 0.04109450 -0.06920734
v -0.00929754 0.04109505 -0.06960778
v -0.00993792 0.04109518 -0.06970044
v -0.01041903 0.04109416 -0.06895424
v -0.01053883 0.04109485 -0.06946050
v -0.01093927 0.04109416 -0.06895225
v 0.01527825 0.04110816 -0.07921492
v 0.01501641 0.04110878 -0.07966445
v 0.01486703 0.04110810 -0.07916612
v 0.01441549 0.04110845 -0.07942452
v 0.01453529 0.04110776 -0.07891826
v 0.01401506 0.04110776 -0.07891627
v 0.01437193 0.04110724 -0.07853773
v 0.01392239 0.04110688 -0.07827588
v 0.01416233 0.04110606 -0.07767497
v 0.01467058 0.04110552 -0.07727453
v 0.01531096 0.04110539 -0.07718187
v 0.01591188 0.04110572 -0.07742181
v 0.01631231 0.04110641 -0.07793006
v 0.01640498 0.04110729 -0.07857043
v 0.01565878 0.04110794 -0.07905155
v 0.01616504 0.04110811 -0.07917135
v 0.01565679 0.04110865 -0.07957179
v 0.03178057 0.04706747 -0.04939318
v 0.03228929 0.04706796 -0.04975222
v 0.03252488 0.04706869 -0.05028509
v 0.02958439 0.04707041 -0.05154743
v 0.03098698 0.04706727 -0.04925046
v 0.02946207 0.04706925 -0.05070214
v 0.02977879 0.04706817 -0.04990893
v 0.03044968 0.04706745 -0.04938035
v 0.03274893 0.04706942 -0.05082291
v 0.03265885 0.04707026 -0.05143903
v 0.03090618 0.04707175 -0.05253505
v 0.03011297 0.04707132 -0.05221833
v 0.03175147 0.04707159 -0.05241273
v 0.03221571 0.04707118 -0.05211267
v 0.03267929 0.04701684 -0.05065228
v 0.03236469 0.04701607 -0.04991948
v 0.03253649 0.04696904 -0.05031231
v -0.00389412 0.04705034 -0.03684380
v -0.00353507 0.04704964 -0.03633508
v -0.00300220 0.04704932 -0.03609949
v -0.00173986 0.04705333 -0.03903998
v -0.00403684 0.04705142 -0.03763739
v -0.00258516 0.04705350 -0.03916230
v -0.00337836 0.04705307 -0.03884558
v -0.00390694 0.04705215 -0.03817469
v -0.00246438 0.04704902 -0.03587544
v -0.00184826 0.04704914 -0.03596552
v -0.00075224 0.04705153 -0.03771820
v -0.00106896 0.04705261 -0.03851140
v -0.00087456 0.04705038 -0.03687290
v -0.00117462 0.04704974 -0.03640866
v -0.00263509 0.04699676 -0.03594515
v -0.00336789 0.04699742 -0.03625976
v -0.00297512 0.04694963 -0.03608802
v -0.01644350 0.04709903 -0.07251845
v -0.01695223 0.04709854 -0.07215940
v -0.01718782 0.04709781 -0.07162654
v -0.01424732 0.04709609 -0.07036420
v -0.01564991 0.04709923 -0.07266118
v -0.01412501 0.04709724 -0.07120950
v -0.01444173 0.04709833 -0.07200270
v -0.01511262 0.04709905 -0.07253128
v -0.01741187 0.04709708 -0.07108872
v -0.01732178 0.04709624 -0.07047260
v -0.01556911 0.04709474 -0.06937658
v -0.01477590 0.04709518 -0.06969330
v -0.01641441 0.04709491 -0.06949890
v -0.01687865 0.04709532 -0.06979896
v -0.01734222 0.04704497 -0.07125950
v -0.01702762 0.04704619 -0.07199229
v -0.01719942 0.04699809 -0.07159960
v 0.01529272 0.04811666 -0.08543185
v 0.01509627 0.04811480 -0.08407425
v 0.01560495 0.04811307 -0.08280031
v 0.01668244 0.04811191 -0.08195138
v 0.01804004 0.04811164 -0.08175494
v 0.01931398 0.04811233 -0.08226360
v 0.02016291 0.04811380 -0.08334110
v 0.02562081 0.04807458 -0.05460793
v 0.02498043 0.04807471 -0.05470060
v 0.02437951 0.04807438 -0.05446066
v 0.02397908 0.04807369 -0.05395241
v 0.02388641 0.04807281 -0.05331203
v 0.02412635 0.04807200 -0.05271111
v 0.02463460 0.04807145 -0.05231068
v 0.00132201 0.04805874 -0.04300219
v 0.00141467 0.04805962 -0.04364257
v 0.00117473 0.04806044 -0.04424348
v 0.00066648 0.04806098 -0.04464392
v 0.00002610 0.04806111 -0.04473659
v -0.00057481 0.04806078 -0.04449665
v -0.00097525 0.04806009 -0.04398840
v -0.01028374 0.04809191 -0.06730097
v -0.00964336 0.04809178 -0.06720831
v -0.00904245 0.04809211 -0.06744824
v -0.00864201 0.04809280 -0.06795649
v -0.00854935 0.04809368 -0.06859687
v -0.00878929 0.04809450 -0.06919779
v -0.00929754 0.04809504 -0.06959823
v 0.01401506 0.04810775 -0.07890671
v 0.01392239 0.04810688 -0.07826633
v 0.01416233 0.04810606 -0.07766542
v 0.01467058 0.04810551 -0.07726498
v 0.01531096 0.04810539 -0.07717232
v 0.01591188 0.04810571 -0.07741226
v 0.01631231 0.04810641 -0.07792050
v 0.03214596 0.04807284 -0.05333027
v 0.03078835 0.04807311 -0.05352671
v 0.02951441 0.04807241 -0.05301804
v 0.02866548 0.04807094 -0.05194055
v 0.02846904 0.04806909 -0.05058295
v 0.02897771 0.04806735 -0.04930901
v 0.03005520 0.04806619 -0.04846008
v 0.00004434 0.04804983 -0.03647705
v 0.00024079 0.04805169 -0.03783465
v -0.00026788 0.04805343 -0.03910859
v -0.00134538 0.04805459 -0.03995752
v -0.00270298 0.04805486 -0.04015397
v -0.00397692 0.04805416 -0.03964529
v -0.00482585 0.04805269 -0.03856780
v -0.01680889 0.04809365 -0.06857863
v -0.01545129 0.04809339 -0.06838219
v -0.01417735 0.04809408 -0.06889085
v -0.01332842 0.04809555 -0.06996835
v -0.01313197 0.04809740 -0.07132595
v -0.01364064 0.04809914 -0.07259989
v -0.01471814 0.04810030 -0.07344882
v 0.02481123 0.00341299 -0.08277362
v 0.02389673 0.00341008 -0.08064339
v 0.02424044 0.00341332 -0.08301865
v 0.02332594 0.00341041 -0.08088844
v 0.02501118 0.00341069 -0.08108838
v 0.02451357 0.00341018 -0.08071658
v 0.02525622 0.00341147 -0.08165918
v 0.02518303 0.00341231 -0.08227601
v 0.02312599 0.00341271 -0.08257367
v 0.02362360 0.00341322 -0.08294547
v 0.02288095 0.00341194 -0.08200288
v 0.02295414 0.00341109 -0.08138604
v 0.03463802 0.00337939 -0.05816299
v 0.03372353 0.00337649 -0.05603277
v 0.03406723 0.00337973 -0.05840803
v 0.03315273 0.00337682 -0.05627780
v 0.03483797 0.00337709 -0.05647776
v 0.03434036 0.00337659 -0.05610595
v 0.03508301 0.00337787 -0.05704854
v 0.03500982 0.00337872 -0.05766538
v 0.03295279 0.00337912 -0.05796304
v 0.03345039 0.00337963 -0.05833484
v 0.03270775 0.00337834 -0.05739225
v 0.03278093 0.00337750 -0.05677541
v 0.01655273 0.00335071 -0.03714748
v 0.01705034 0.00335122 -0.03751928
v 0.01766718 0.00335132 -0.03759247
v 0.01823797 0.00335098 -0.03734743
v 0.01860977 0.00335030 -0.03684982
v 0.01868296 0.00334946 -0.03623299
v 0.01732347 0.00334807 -0.03521721
v 0.01794031 0.00334817 -0.03529039
v 0.01843792 0.00334868 -0.03566219
v 0.01630769 0.00334993 -0.03657669
v 0.01638088 0.00334909 -0.03595985
v 0.01675268 0.00334841 -0.03546225
v -0.00798887 0.00335616 -0.04114250
v -0.00890337 0.00335325 -0.03901228
v -0.00855967 0.00335650 -0.04138754
v -0.00947416 0.00335359 -0.03925731
v -0.00778893 0.00335386 -0.03945727
v -0.00828653 0.00335335 -0.03908546
v -0.00754389 0.00335464 -0.04002805
v -0.00761707 0.00335548 -0.04064489
v -0.00967411 0.00335589 -0.04094255
v -0.00917651 0.00335640 -0.04131435
v -0.00991915 0.00335511 -0.04037176
v -0.00984596 0.00335427 -0.03975492
v -0.01781567 0.00338975 -0.06575312
v -0.01873017 0.00338685 -0.06362291
v -0.01838646 0.00339009 -0.06599817
v -0.01930096 0.00338718 -0.06386794
v -0.01761572 0.00338745 -0.06406789
v -0.01811333 0.00338695 -0.06369609
v -0.01737068 0.00338823 -0.06463868
v -0.01744387 0.00338908 -0.06525552
v -0.01950091 0.00338948 -0.06555317
v -0.01900330 0.00338999 -0.06592498
v -0.01974594 0.00338870 -0.06498238
v -0.01967276 0.00338786 -0.06436555
v -0.00310085 0.00341789 -0.08636874
v -0.00260325 0.00341840 -0.08674054
v -0.00198641 0.00341850 -0.08681373
v -0.00141562 0.00341817 -0.08656868
v -0.00104382 0.00341749 -0.08607108
v -0.00097063 0.00341665 -0.08545424
v -0.00233011 0.00341526 -0.08443847
v -0.00171327 0.00341536 -0.08451165
v -0.00121567 0.00341587 -0.08488345
v -0.00334589 0.00341712 -0.08579794
v -0.00327271 0.00341627 -0.08518111
v -0.00290091 0.00341559 -0.08468350
v -0.01367038 0.03756057 -0.04434492
v -0.01367038 0.04466056 -0.04433522
v -0.01592982 0.04466520 -0.04773715
v -0.01592982 0.03756521 -0.04774684
v -0.01765137 0.04467025 -0.05144044
v -0.01765137 0.03757026 -0.05145013
v -0.01879579 0.04467561 -0.05536070
v -0.01879579 0.03757561 -0.05537040
v -0.01933699 0.04468113 -0.05940858
v -0.01933699 0.03758114 -0.05941827
v 0.01565679 0.04810864 -0.07956223
v 0.01616504 0.04810810 -0.07916179
v 0.01605523 0.04810991 -0.08049037
v 0.03476547 0.04809439 -0.06911813
v 0.03293620 0.04810064 -0.07369944
v 0.02162985 0.04809086 -0.06652907
v -0.00071817 0.04805658 -0.04141853
v -0.01171626 0.04805510 -0.04033604
v 0.00254788 0.04804526 -0.03312160
v -0.00043757 0.04804882 -0.03573145
v 0.00119002 0.04804564 -0.03340599
v -0.00784141 0.04805094 -0.03728315
v -0.00503446 0.04805151 -0.03770488
v -0.00151948 0.04804784 -0.03501976
v -0.00280945 0.04804769 -0.03490571
v -0.00349530 0.04804775 -0.03494950
v -0.00399943 0.04804839 -0.03541657
v -0.00480525 0.04804977 -0.03643032
v -0.02043436 0.04807869 -0.05762013
v -0.01942841 0.04807210 -0.05279077
v -0.01507599 0.04807085 -0.05187279
v -0.01759914 0.04806585 -0.04820947
v -0.01186741 0.04809469 -0.06934115
v -0.02016434 0.04809023 -0.06607510
v -0.02058641 0.04808543 -0.06255079
v -0.01755449 0.04809431 -0.06906055
v -0.01987995 0.04809209 -0.06743295
v -0.01600279 0.04810442 -0.07646438
v -0.01558106 0.04810059 -0.07365744
v -0.01294990 0.04810971 -0.08033923
v -0.01826619 0.04809579 -0.07014246
v -0.01838023 0.04809755 -0.07143243
v -0.01833644 0.04809849 -0.07211827
v -0.01786937 0.04809917 -0.07262240
v -0.01685562 0.04810027 -0.07342822
v -0.00927052 0.04811419 -0.08362508
v 0.00209391 0.04810230 -0.07491576
v -0.00507646 0.04811773 -0.08622210
v -0.00049515 0.04812023 -0.08805136
v 0.02705333 0.04811139 -0.08157286
v 0.03033919 0.04810637 -0.07789349
v 0.00926488 0.04812181 -0.08920936
v 0.00433421 0.04812161 -0.08905731
v 0.02317848 0.04811556 -0.08462575
v 0.02037153 0.04811498 -0.08420403
v 0.01414704 0.04812085 -0.08850291
v 0.01577464 0.04811767 -0.08617745
v 0.01685654 0.04811865 -0.08688915
v 0.01814651 0.04811880 -0.08700319
v 0.01883237 0.04811874 -0.08695940
v 0.01933650 0.04811810 -0.08649233
v 0.02014231 0.04811672 -0.08547858
v 0.02720447 0.04807180 -0.05256776
v 0.02828696 0.04805679 -0.04156967
v 0.03592347 0.04808107 -0.05935811
v 0.03577142 0.04808780 -0.06428877
v 0.03521701 0.04807440 -0.05447594
v 0.03289155 0.04807218 -0.05284835
v 0.03133986 0.04806207 -0.04544452
v 0.03091813 0.04806591 -0.04825146
v 0.03360325 0.04807071 -0.05176645
v 0.03371729 0.04806894 -0.05047648
v 0.03367351 0.04806801 -0.04979063
v 0.03320644 0.04806732 -0.04928650
v 0.03219268 0.04806622 -0.04848068
v 0.01100286 0.04804489 -0.03285159
v 0.01583222 0.04804626 -0.03385754
v 0.01675020 0.04805220 -0.03820995
v 0.02041353 0.04804876 -0.03568681
v 0.00607219 0.04804468 -0.03269954
v 0.01640498 0.04810728 -0.07856088
v 0.00766853 0.04808325 -0.06095445
v 0.01441549 0.04810844 -0.07941496
v 0.01501641 0.04810877 -0.07965489
v -0.01103193 0.04809327 -0.06830232
v -0.01093927 0.04809415 -0.06894270
v -0.00629279 0.04807564 -0.05537984
v -0.01079199 0.04809245 -0.06770141
v -0.01053883 0.04809484 -0.06945095
v -0.00993792 0.04809517 -0.06969089
v 0.02527498 0.04807132 -0.05221801
v 0.01324315 0.04806419 -0.04699314
v 0.02627633 0.04807234 -0.05296620
v 0.02587590 0.04807165 -0.05245795
v 0.02612906 0.04807404 -0.05420750
v 0.02636900 0.04807322 -0.05360658
v 0.02460759 0.04805230 -0.03828382
v -0.00106791 0.04805921 -0.04334802
v 0.00032066 0.04805772 -0.04225400
v -0.00031972 0.04805785 -0.04234667
v -0.00082797 0.04805839 -0.04274710
v 0.00092157 0.04805805 -0.04249394
v -0.01500212 0.04806013 -0.04401541
v 0.02916946 0.03760566 -0.07738256
v 0.02916946 0.04470565 -0.07737287
v 0.03119718 0.04470146 -0.07430469
v 0.03119718 0.03760147 -0.07431439
v 0.03278997 0.04469694 -0.07098982
v 0.03278997 0.03759695 -0.07099952
v 0.02362360 0.00011322 -0.08294997
v 0.02424044 0.00011332 -0.08302316
v 0.02481123 0.00011299 -0.08277812
v 0.02518303 0.00011231 -0.08228052
v 0.02525622 0.00011147 -0.08166368
v 0.02501118 0.00011069 -0.08109289
v 0.02451357 0.00011018 -0.08072109
v 0.03345039 0.00007963 -0.05833934
v 0.03406723 0.00007973 -0.05841253
v 0.03463802 0.00007940 -0.05816749
v 0.03500982 0.00007872 -0.05766989
v 0.03508301 0.00007788 -0.05705305
v 0.03483797 0.00007710 -0.05648226
v 0.03434036 0.00007659 -0.05611046
v 0.01705034 0.00005122 -0.03752378
v 0.01766718 0.00005132 -0.03759697
v 0.01823797 0.00005098 -0.03735193
v 0.01860977 0.00005031 -0.03685433
v 0.01868296 0.00004946 -0.03623749
v 0.01843792 0.00004868 -0.03566670
v 0.01794031 0.00004818 -0.03529490
v -0.00917651 0.00005640 -0.04131885
v -0.00855967 0.00005650 -0.04139204
v -0.00798887 0.00005616 -0.04114700
v -0.00761707 0.00005549 -0.04064940
v -0.00754389 0.00005464 -0.04003256
v -0.00778893 0.00005386 -0.03946177
v -0.00828653 0.00005336 -0.03908997
v -0.01900330 0.00008999 -0.06592948
v -0.01838646 0.00009009 -0.06600267
v -0.01781567 0.00008976 -0.06575763
v -0.01744387 0.00008908 -0.06526002
v -0.01737068 0.00008824 -0.06464319
v -0.01761572 0.00008746 -0.06407239
v -0.01811333 0.00008695 -0.06370059
v -0.00260325 0.00011841 -0.08674504
v -0.00198641 0.00011850 -0.08681823
v -0.00141562 0.00011817 -0.08657319
v -0.00104382 0.00011749 -0.08607558
v -0.00097063 0.00011665 -0.08545875
v -0.00121567 0.00011587 -0.08488795
v -0.00171327 0.00011536 -0.08451615
v 0.02769561 0.00300500 -0.07597982
v 0.02651737 0.00210498 -0.07690936
v 0.02713938 0.00210562 -0.07737411
v 0.02621107 0.00210401 -0.07619587
v 0.02630255 0.00210296 -0.07542482
v 0.02862391 0.00210532 -0.07715929
v 0.02908866 0.00210447 -0.07653729
v 0.02791042 0.00210574 -0.07746559
v 0.00408828 0.00330059 -0.03627325
v 0.00524915 0.00255015 -0.03673780
v 0.00532539 0.00254927 -0.03609526
v 0.00486186 0.00255086 -0.03725614
v 0.00426729 0.00255120 -0.03751139
v 0.00455180 0.00254793 -0.03511339
v 0.00390926 0.00254783 -0.03503716
v 0.00507014 0.00254846 -0.03550069
v 0.02730587 0.00331325 -0.04554380
v 0.02748488 0.00256386 -0.04678194
v 0.02807946 0.00256351 -0.04652669
v 0.02684234 0.00256375 -0.04670570
v 0.02632400 0.00256323 -0.04631841
v 0.02854299 0.00256193 -0.04536581
v 0.02828774 0.00256111 -0.04477124
v 0.02846675 0.00256280 -0.04600835
v 0.03088613 0.00334702 -0.07028608
v 0.02990426 0.00259700 -0.07106069
v 0.03042260 0.00259753 -0.07144799
v 0.02964901 0.00259619 -0.07046612
v 0.02972525 0.00259531 -0.06982358
v 0.03165971 0.00259728 -0.07126898
v 0.03204701 0.00259658 -0.07075064
v 0.03106514 0.00259763 -0.07152423
v 0.01124879 0.00336814 -0.08575781
v 0.01008791 0.00261643 -0.08529531
v 0.01001167 0.00261731 -0.08593786
v 0.01047520 0.00261572 -0.08477698
v 0.01106978 0.00261537 -0.08452173
v 0.01078526 0.00261865 -0.08691972
v 0.01142780 0.00261875 -0.08699595
v 0.01026692 0.00261812 -0.08653243
v -0.01196881 0.00335548 -0.07648727
v -0.01214782 0.00260272 -0.07525118
v -0.01274239 0.00260307 -0.07550643
v -0.01150528 0.00260282 -0.07532741
v -0.01098694 0.00260335 -0.07571470
v -0.01320592 0.00260465 -0.07666730
v -0.01295067 0.00260546 -0.07726188
v -0.01312969 0.00260377 -0.07602476
v -0.01554906 0.00332171 -0.05174498
v -0.01456719 0.00256958 -0.05097242
v -0.01508554 0.00256905 -0.05058513
v -0.01431195 0.00257039 -0.05156699
v -0.01438818 0.00257127 -0.05220953
v -0.01632265 0.00256929 -0.05076414
v -0.01670994 0.00257000 -0.05128248
v -0.01572808 0.00256895 -0.05050889
v -0.01235854 0.00296415 -0.04605220
v -0.01353678 0.00206413 -0.04698173
v -0.01291478 0.00206477 -0.04744648
v -0.01384308 0.00206316 -0.04626824
v -0.01375160 0.00206210 -0.04549719
v -0.01143024 0.00206447 -0.04723166
v -0.01096549 0.00206362 -0.04660966
v -0.01214373 0.00206489 -0.04753796
v 0.02575739 -0.00269011 -0.08050878
v 0.02575739 0.00010989 -0.08050496
v 0.02682948 -0.00268825 -0.08186951
v 0.02682948 0.00011174 -0.08186568
v 0.02486585 0.00010898 -0.07983882
v 0.02486585 -0.00269102 -0.07984264
v 0.02376068 0.00010880 -0.07970769
v 0.02376068 -0.00269120 -0.07971151
v 0.02273802 0.00010940 -0.08014672
v 0.02273802 -0.00269060 -0.08015054
v 0.02207187 0.00011062 -0.08103826
v 0.02207187 -0.00268938 -0.08104208
v 0.02194075 0.00011212 -0.08214343
v 0.02194075 -0.00268787 -0.08214726
v 0.02237977 0.00011352 -0.08316610
v 0.02237977 -0.00268648 -0.08316992
v 0.02344348 0.00011536 -0.08451619
v 0.02344348 -0.00268463 -0.08452001
v -0.00016155 -0.00268203 -0.08643169
v -0.00016155 0.00011797 -0.08642787
v -0.00080393 -0.00267983 -0.08804050
v -0.00080393 0.00012017 -0.08803668
v -0.00003042 0.00011646 -0.08532269
v -0.00003042 -0.00268353 -0.08532652
v -0.00046945 0.00011507 -0.08430003
v -0.00046945 -0.00268493 -0.08430385
v -0.00136099 0.00011416 -0.08363388
v -0.00136099 -0.00268584 -0.08363771
v -0.00246616 0.00011398 -0.08350276
v -0.00246616 -0.00268602 -0.08350658
v -0.00348883 0.00011458 -0.08394179
v -0.00348883 -0.00268542 -0.08394561
v -0.00415497 0.00011580 -0.08483333
v -0.00415497 -0.00268420 -0.08483715
v -0.00479234 0.00011797 -0.08642957
v -0.00479234 -0.00268202 -0.08643340
v -0.01825041 -0.00270862 -0.06694670
v -0.01825041 0.00009138 -0.06694288
v -0.01996488 -0.00270828 -0.06719478
v -0.01996488 0.00009171 -0.06719096
v -0.01735767 0.00009091 -0.06659856
v -0.01735767 -0.00270909 -0.06660238
v -0.01670273 0.00008995 -0.06590100
v -0.01670273 -0.00271004 -0.06590482
v -0.01641531 0.00008871 -0.06498834
v -0.01641531 -0.00271129 -0.06499217
v -0.01655234 0.00008741 -0.06404137
v -0.01655234 -0.00271258 -0.06404519
v -0.01708668 0.00008633 -0.06324763
v -0.01708668 -0.00271367 -0.06325145
v -0.01791249 0.00008567 -0.06276433
v -0.01791249 -0.00271433 -0.06276815
v -0.01886621 0.00008557 -0.06268720
v -0.01886621 -0.00271443 -0.06269103
v -0.02056729 0.00008590 -0.06293335
v -0.02056729 -0.00271409 -0.06293717
v -0.01042033 -0.00274330 -0.04153880
v -0.01042033 0.00005669 -0.04153498
v -0.01149241 -0.00274516 -0.04017808
v -0.01149241 0.00005484 -0.04017425
v -0.00952879 0.00005760 -0.04220112
v -0.00952879 -0.00274239 -0.04220494
v -0.00704271 0.00005306 -0.03887384
v -0.00704271 -0.00274694 -0.03887766
v -0.00810642 0.00005122 -0.03752375
v -0.00810642 -0.00274878 -0.03752757
v 0.01549861 -0.00275139 -0.03561589
v 0.01549861 0.00004861 -0.03561207
v 0.01614100 -0.00275358 -0.03400708
v 0.01614100 0.00004641 -0.03400326
v 0.01536749 0.00005012 -0.03671724
v 0.01536749 -0.00274988 -0.03672107
v 0.01580651 0.00005151 -0.03773991
v 0.01580651 -0.00274848 -0.03774373
v 0.01669806 0.00005242 -0.03840605
v 0.01669806 -0.00274757 -0.03840987
v 0.01949204 0.00005079 -0.03720661
v 0.01949204 -0.00274921 -0.03721043
v 0.02012940 0.00004861 -0.03561037
v 0.02012940 -0.00275139 -0.03561419
v 0.00114424 0.04784538 -0.03321158
v 0.00606091 0.04784441 -0.03250013
v 0.01102642 0.04784461 -0.03265326
v 0.01588991 0.04784600 -0.03366631
v 0.02050360 0.04784851 -0.03550851
v 0.02472730 0.04785208 -0.03812388
v 0.02843267 0.04785660 -0.04143295
v 0.03150715 0.04786193 -0.04533518
v 0.03385729 0.04786790 -0.04971201
v 0.03541170 0.04787434 -0.05443043
v 0.03612315 0.04788105 -0.05934710
v 0.03597002 0.04788783 -0.06431261
v 0.03495697 0.04789447 -0.06917609
v 0.03311477 0.04790077 -0.07378978
v 0.03049940 0.04790653 -0.07801347
v 0.02719032 0.04791159 -0.08171885
v 0.02328809 0.04791579 -0.08479331
v 0.03056454 0.04470641 -0.07793031
v 0.03056454 0.03760642 -0.07794000
v 0.03597002 0.04468783 -0.06431698
v 0.03610850 0.04468577 -0.06280787
v 0.03468817 0.04468499 -0.06224034
v 0.03495697 0.04469447 -0.06918047
v 0.03311477 0.04470077 -0.07379415
v 0.03410358 0.04469107 -0.06669416
v 0.03610850 0.03758578 -0.06281756
v 0.03468817 0.03758501 -0.06225003
v 0.03495697 0.03759448 -0.06919015
v 0.03410358 0.03759108 -0.06670385
v 0.03597002 0.03758784 -0.06432667
v 0.03311477 0.03760078 -0.07380383
v 0.02341259 -0.00286965 -0.08478059
v 0.02341259 0.00011572 -0.08477651
v 0.02709121 0.00011176 -0.08187684
v 0.02312599 0.00011272 -0.08257817
v 0.02288095 0.00011194 -0.08200738
v 0.02295414 0.00011110 -0.08139054
v 0.02332594 0.00011042 -0.08089294
v 0.02389673 0.00011008 -0.08064790
v 0.02709169 -0.00288758 -0.08188048
v 0.03590435 0.00008068 -0.05910659
v 0.03611435 0.00008089 -0.05926350
v 0.03530194 0.00007487 -0.05484898
v 0.03544246 0.00007457 -0.05462789
v 0.03372353 0.00007649 -0.05603727
v 0.03358748 0.00007521 -0.05509707
v 0.03315273 0.00007682 -0.05628231
v 0.03271706 0.00007566 -0.05542655
v 0.03278093 0.00007750 -0.05677991
v 0.03420328 0.00008102 -0.05935274
v 0.03364206 0.00008102 -0.05935992
v 0.03206744 0.00007657 -0.05609302
v 0.03176035 0.00007776 -0.05697159
v 0.03270775 0.00007835 -0.05739675
v 0.03185333 0.00007903 -0.05789762
v 0.03295279 0.00007912 -0.05796754
v 0.03232896 0.00008012 -0.05869760
v 0.03309811 0.00008084 -0.05922161
v 0.02037030 -0.00293690 -0.03551103
v 0.02037030 0.00004847 -0.03550695
v 0.01732347 0.00004808 -0.03522171
v 0.01601979 0.00004610 -0.03377102
v 0.01882590 0.00005200 -0.03809815
v 0.01780323 0.00005260 -0.03853718
v 0.01655273 0.00005071 -0.03715198
v 0.01630769 0.00004993 -0.03658119
v 0.01638088 0.00004909 -0.03596435
v 0.01675268 0.00004841 -0.03546675
v 0.01601916 -0.00295324 -0.03377492
v -0.00967411 0.00005589 -0.04094705
v -0.00991915 0.00005511 -0.04037626
v -0.00984596 0.00005427 -0.03975942
v -0.00947416 0.00005359 -0.03926182
v -0.00662670 0.00005548 -0.04064284
v -0.00663861 0.00005421 -0.03971223
v -0.00890337 0.00005326 -0.03901678
v -0.00861024 0.00005781 -0.04235099
v -0.00771442 0.00005746 -0.04209862
v -0.00700919 0.00005663 -0.04149130
v -0.01950091 0.00008948 -0.06555768
v -0.01974594 0.00008871 -0.06498689
v -0.01967276 0.00008786 -0.06437005
v -0.01930096 0.00008718 -0.06387245
v -0.01873017 0.00008685 -0.06362741
v -0.00310085 0.00011790 -0.08637324
v -0.00334589 0.00011712 -0.08580245
v -0.00327271 0.00011628 -0.08518561
v -0.00290091 0.00011560 -0.08468801
v -0.00233011 0.00011526 -0.08444297
v 0.03530194 -0.00272513 -0.05485280
v 0.03544232 -0.00292477 -0.05463134
v 0.03358748 -0.00272479 -0.05510088
v 0.03256481 -0.00272419 -0.05553991
v 0.03206744 -0.00272343 -0.05609684
v 0.03189867 -0.00272298 -0.05643145
v 0.03176035 -0.00272223 -0.05697541
v 0.03176754 -0.00272147 -0.05753662
v 0.03185333 -0.00272097 -0.05790144
v 0.03220657 -0.00272007 -0.05855929
v 0.03309811 -0.00271916 -0.05922543
v 0.03420328 -0.00271898 -0.05935656
v 0.03590435 -0.00271932 -0.05911041
v 0.03611435 -0.00290447 -0.05926757
v 0.02713938 -0.00289438 -0.07738093
v 0.02791042 -0.00289425 -0.07747242
v 0.02862391 -0.00289467 -0.07716612
v 0.02908866 -0.00289552 -0.07654411
v 0.02918015 0.00210342 -0.07576624
v 0.02918015 -0.00289657 -0.07577307
v 0.02887385 0.00210245 -0.07505275
v 0.02887385 -0.00289755 -0.07505958
v 0.02825184 0.00210181 -0.07458800
v 0.02825184 -0.00289818 -0.07459483
v 0.00362475 0.00255110 -0.03743515
v 0.00362475 -0.00294889 -0.03744266
v 0.00426729 -0.00294879 -0.03751890
v 0.00486186 -0.00294914 -0.03726365
v 0.00524915 -0.00294985 -0.03674531
v 0.00532539 -0.00295072 -0.03610277
v 0.00507014 -0.00295153 -0.03550819
v 0.00455180 -0.00295206 -0.03512090
v 0.02684234 -0.00293624 -0.04671321
v 0.02748488 -0.00293614 -0.04678944
v 0.02807946 -0.00293648 -0.04653420
v 0.02846675 -0.00293719 -0.04601586
v 0.02854299 -0.00293807 -0.04537332
v 0.02828774 -0.00293888 -0.04477875
v 0.02776940 0.00256059 -0.04438395
v 0.02776940 -0.00293941 -0.04439145
v 0.03042260 -0.00290247 -0.07145549
v 0.03106514 -0.00290236 -0.07153173
v 0.03165971 -0.00290271 -0.07127648
v 0.03204701 -0.00290342 -0.07075814
v 0.03212325 0.00259570 -0.07010809
v 0.03212325 -0.00290430 -0.07011560
v 0.03186800 0.00259489 -0.06951352
v 0.03186800 -0.00290511 -0.06952103
v 0.03134966 0.00259436 -0.06912623
v 0.03134966 -0.00290564 -0.06913374
v 0.01078526 -0.00288135 -0.08692723
v 0.01142780 -0.00288124 -0.08700346
v 0.01202238 0.00261840 -0.08674071
v 0.01202238 -0.00288159 -0.08674821
v 0.01240967 0.00261769 -0.08622237
v 0.01240967 -0.00288230 -0.08622988
v 0.01248590 0.00261682 -0.08557983
v 0.01248590 -0.00288318 -0.08558734
v 0.01223066 0.00261601 -0.08498526
v 0.01223066 -0.00288399 -0.08499276
v 0.01171232 0.00261548 -0.08459796
v 0.01171232 -0.00288452 -0.08460547
v -0.01243233 0.00260599 -0.07764917
v -0.01243233 -0.00289400 -0.07765668
v -0.01178979 0.00260610 -0.07772540
v -0.01178979 -0.00289390 -0.07773291
v -0.01119522 0.00260575 -0.07747015
v -0.01119522 -0.00289425 -0.07747766
v -0.01080793 0.00260504 -0.07695182
v -0.01080793 -0.00289495 -0.07695933
v -0.01073169 0.00260416 -0.07630928
v -0.01073169 -0.00289583 -0.07631678
v -0.01098694 -0.00289664 -0.07572221
v -0.01150528 -0.00289717 -0.07533492
v -0.01601259 0.00257222 -0.05290689
v -0.01601259 -0.00292778 -0.05291439
v -0.01537005 0.00257232 -0.05298312
v -0.01537005 -0.00292767 -0.05299063
v -0.01477548 0.00257197 -0.05272787
v -0.01477548 -0.00292802 -0.05273538
v -0.01438818 -0.00292873 -0.05221704
v -0.01431195 -0.00292960 -0.05157450
v -0.01456719 -0.00293042 -0.05097993
v -0.01508554 -0.00293094 -0.05059263
v -0.01291478 -0.00293523 -0.04745330
v -0.01214373 -0.00293511 -0.04754478
v -0.01143024 -0.00293552 -0.04723849
v -0.01096549 -0.00293637 -0.04661648
v -0.01087401 0.00206257 -0.04583861
v -0.01087401 -0.00293742 -0.04584543
v -0.01118030 0.00206160 -0.04512512
v -0.01118030 -0.00293840 -0.04513194
v -0.01180231 0.00206096 -0.04466037
v -0.01180231 -0.00293903 -0.04466720
v 0.02591449 -0.00289028 -0.08038528
v 0.02494002 -0.00289127 -0.07965717
v 0.02373204 -0.00289147 -0.07951385
v 0.02261424 -0.00289081 -0.07999372
v 0.02188613 -0.00288948 -0.08096819
v 0.02174281 -0.00288783 -0.08217616
v 0.02222268 -0.00288631 -0.08329397
v 0.02340035 -0.00288427 -0.08478872
v 0.00002419 -0.00288192 -0.08650612
v 0.00016752 -0.00288357 -0.08529815
v -0.00031235 -0.00288510 -0.08418035
v -0.00128683 -0.00288609 -0.08345224
v -0.00249481 -0.00288629 -0.08330892
v -0.00361261 -0.00288563 -0.08378878
v -0.00434071 -0.00288430 -0.08476326
v -0.01822177 -0.00290835 -0.06714491
v -0.01724598 -0.00290886 -0.06676856
v -0.01653012 -0.00290991 -0.06600611
v -0.01621596 -0.00291127 -0.06500856
v -0.01636574 -0.00291268 -0.06397349
v -0.01694978 -0.00291386 -0.06310592
v -0.01785241 -0.00291459 -0.06257766
v -0.01889486 -0.00291470 -0.06249336
v -0.01057743 -0.00294313 -0.04166285
v -0.00960295 -0.00294214 -0.04239096
v -0.00688561 -0.00294710 -0.03875416
v 0.01531287 -0.00295149 -0.03554200
v 0.01662389 -0.00294732 -0.03859589
v 0.01564942 -0.00294831 -0.03786778
v 0.01516955 -0.00294984 -0.03674998
v 0.01514534 -0.00295031 -0.03640639
v 0.01967778 -0.00294911 -0.03728487
v 0.02038344 -0.00295152 -0.03551760
v 0.03355883 -0.00292506 -0.05490322
v 0.03302395 -0.00291891 -0.05941145
v 0.03204947 -0.00291990 -0.05868334
v 0.03156960 -0.00292143 -0.05756554
v 0.03171292 -0.00292308 -0.05635756
v 0.03244103 -0.00292441 -0.05538309
v 0.03423192 -0.00291871 -0.05955477
v 0.03611526 -0.00291908 -0.05928225
v 0.03396176 -0.00293172 -0.05002789
v 0.03366349 -0.00293076 -0.05072929
v 0.03432357 -0.00293048 -0.05093649
v 0.03385729 -0.00293205 -0.04978134
v 0.03150715 -0.00293803 -0.04540452
v 0.02953161 -0.00293301 -0.04907947
v 0.02050360 -0.00295144 -0.03557785
v -0.00408660 -0.00295133 -0.03565606
v -0.01527712 -0.00293378 -0.04851309
v 0.01915681 -0.00288110 -0.08710602
v 0.01942367 -0.00288208 -0.08639207
v -0.01653093 -0.00292830 -0.05252710
v -0.01678618 -0.00292912 -0.05193252
v -0.01758382 -0.00292590 -0.05429006
v 0.03282118 -0.00289841 -0.07442533
v 0.02806025 -0.00290102 -0.07251528
v 0.03049940 -0.00289342 -0.07808281
v 0.02719032 -0.00288836 -0.08178819
v 0.02539023 -0.00290248 -0.07144917
v 0.02651737 -0.00289501 -0.07691618
v 0.02621107 -0.00289599 -0.07620270
v 0.02630255 -0.00289704 -0.07543164
v 0.02676730 -0.00289789 -0.07480964
v 0.02748079 -0.00289831 -0.07450334
v -0.01235986 -0.00292305 -0.05637594
v -0.01005317 -0.00293094 -0.05059896
v -0.01670994 -0.00292999 -0.05128999
v -0.01632265 -0.00293070 -0.05077165
v -0.01572808 -0.00293105 -0.05051640
v 0.02990426 -0.00290300 -0.07106820
v 0.02964901 -0.00290381 -0.07047363
v 0.03036694 -0.00290891 -0.06673831
v 0.02972525 -0.00290468 -0.06983109
v 0.03011254 -0.00290539 -0.06931275
v 0.03070711 -0.00290574 -0.06905750
v 0.03597002 -0.00291212 -0.06438195
v 0.03612315 -0.00291890 -0.05941644
v 0.03311477 -0.00289919 -0.07385912
v 0.03495697 -0.00290548 -0.06924544
v 0.02004493 -0.00288166 -0.08669649
v 0.02309595 -0.00288400 -0.08498745
v 0.02328809 -0.00288417 -0.08486266
v 0.00054862 -0.00289237 -0.07885545
v 0.01008791 -0.00288357 -0.08530282
v 0.01047520 -0.00288427 -0.08478449
v 0.01106978 -0.00288462 -0.08452924
v 0.01529180 -0.00288433 -0.08474226
v 0.01026692 -0.00288188 -0.08653993
v 0.01001167 -0.00288269 -0.08594536
v -0.01832642 -0.00290265 -0.07131884
v -0.01214782 -0.00289728 -0.07525868
v -0.01274239 -0.00289693 -0.07551393
v -0.01320592 -0.00289534 -0.07667481
v -0.01312969 -0.00289622 -0.07603227
v -0.01295067 -0.00289453 -0.07726938
v -0.01328685 -0.00293874 -0.04488201
v -0.01257336 -0.00293916 -0.04457571
v -0.00839498 -0.00294194 -0.04253428
v -0.00727718 -0.00294260 -0.04205441
v -0.00640574 -0.00294558 -0.03987196
v -0.00654907 -0.00294393 -0.04107994
v -0.01353678 -0.00293586 -0.04698855
v -0.01384308 -0.00293684 -0.04627506
v -0.01375160 -0.00293789 -0.04550401
v 0.00114424 -0.00295458 -0.03328092
v 0.00292740 -0.00295111 -0.03581825
v 0.00285116 -0.00295023 -0.03646079
v 0.01478844 -0.00294105 -0.04319267
v 0.00331469 -0.00295182 -0.03529991
v 0.00390926 -0.00295217 -0.03504467
v 0.00606091 -0.00295555 -0.03256947
v 0.00310641 -0.00294942 -0.03705537
v 0.01588991 -0.00295395 -0.03373565
v 0.01102642 -0.00295534 -0.03272260
v 0.02632400 -0.00293677 -0.04632592
v 0.02606875 -0.00293758 -0.04573134
v 0.02614499 -0.00293846 -0.04508881
v 0.02653228 -0.00293916 -0.04457046
v 0.01894967 -0.00294778 -0.03825935
v 0.01783187 -0.00294712 -0.03873921
v 0.02843267 -0.00294335 -0.04150229
v 0.02712686 -0.00293951 -0.04431522
v 0.02472730 -0.00294787 -0.03819322
v 0.03361850 -0.00291870 -0.05956262
v 0.02769692 -0.00291036 -0.06567219
v 0.03541170 -0.00292561 -0.05449978
v 0.03535836 -0.00292592 -0.05427696
v 0.02093541 -0.00293331 -0.04885897
v 0.02330978 -0.00292887 -0.05211613
v 0.02545136 -0.00291290 -0.06381170
v 0.02562582 -0.00291840 -0.05978477
v 0.02489982 -0.00292381 -0.05581997
v 0.01789579 -0.00293692 -0.04621182
v -0.00714373 -0.00293067 -0.05079681
v -0.00449658 -0.00293482 -0.04775720
v -0.00123941 -0.00293806 -0.04538283
v 0.00246443 -0.00294023 -0.04379279
v 0.00642923 -0.00294122 -0.04306680
v 0.01045618 -0.00294098 -0.04324125
v 0.01434334 -0.00293952 -0.04430741
v 0.00752268 0.00070445 -0.07651845
v 0.00988829 0.00070423 -0.07635937
v 0.00604725 0.00070216 -0.07484179
v 0.00755502 0.00069302 -0.06814465
v 0.00710018 0.00069347 -0.06847365
v 0.00809896 0.00069283 -0.06800590
v 0.00679814 0.00069411 -0.06894682
v 0.00670164 0.00069463 -0.06932633
v 0.01314160 0.00070076 -0.07381522
v 0.01095059 0.00069379 -0.06871150
v 0.01054036 0.00069303 -0.06815747
v 0.01312403 0.00070243 -0.07503802
v 0.01326309 0.00070159 -0.07442849
v 0.01274858 0.00070311 -0.07553792
v 0.01220196 0.00070352 -0.07584135
v 0.00923629 0.00069260 -0.06784132
v 0.00992564 0.00069261 -0.06784545
v 0.00610458 0.00070301 -0.07546434
v 0.00641072 0.00070375 -0.07600944
v 0.00691247 0.00070426 -0.07638241
v -0.00614973 0.00068103 -0.05936093
v -0.00672638 0.00067544 -0.05527141
v -0.00743460 0.00067853 -0.05753411
v -0.00744513 0.00067939 -0.05815921
v -0.00719993 0.00068017 -0.05873431
v -0.00674159 0.00068075 -0.05915950
v 0.00062822 0.00068130 -0.05956072
v 0.00097647 0.00068049 -0.05896578
v 0.00005065 0.00068181 -0.05993706
v -0.00063427 0.00068192 -0.06001532
v 0.00140261 0.00067903 -0.05789854
v 0.00155991 0.00067811 -0.05722735
v 0.00140039 0.00067720 -0.05655669
v -0.00468455 0.00067157 -0.05243471
v -0.00525843 0.00067191 -0.05268275
v -0.00405941 0.00067158 -0.05244214
v -0.00568134 0.00067254 -0.05314319
v -0.00349159 0.00067194 -0.05270376
v 0.00095775 0.00067648 -0.05602821
v 0.02116426 0.00067288 -0.05339581
v 0.01984368 0.00067020 -0.05142668
v 0.02044994 0.00067577 -0.05551191
v 0.01534621 0.00067876 -0.05770291
v 0.01279284 0.00067678 -0.05625035
v 0.01601373 0.00066809 -0.04988131
v 0.01239091 0.00067538 -0.05522331
v 0.01249406 0.00067613 -0.05577511
v 0.01249785 0.00067463 -0.05467223
v 0.01268928 0.00067416 -0.05433064
v 0.01708149 0.00066727 -0.04928512
v 0.01648410 0.00066753 -0.04946946
v 0.01770214 0.00066738 -0.04936032
v 0.01823823 0.00066782 -0.04968199
v 0.01466721 0.00067893 -0.05782202
v 0.01400664 0.00067866 -0.05762484
v 0.01350403 0.00067801 -0.05715302
v 0.02096042 0.00067528 -0.05515097
v 0.02127943 0.00067455 -0.05461330
v 0.02135155 0.00067370 -0.05399228
v 0.01086306 0.00019251 -0.06777624
v 0.03364206 -0.00271897 -0.05936375
v 0.01780323 -0.00274740 -0.03854100
v 0.01882590 -0.00274799 -0.03810197
v -0.00660368 -0.00274554 -0.03990033
v -0.00662670 -0.00274452 -0.04064666
v -0.00673481 -0.00274403 -0.04100550
v -0.00700919 -0.00274336 -0.04149512
v -0.00842362 -0.00274222 -0.04233607
v -0.00771442 -0.00274253 -0.04210244
v -0.00740095 -0.00274281 -0.04189704
v -0.01257336 0.00206084 -0.04456889
v -0.01328685 0.00206126 -0.04487519
v -0.01678618 0.00257088 -0.05192502
v -0.01653093 0.00257169 -0.05251959
v 0.03070711 0.00259425 -0.06904999
v 0.03011254 0.00259460 -0.06930524
v 0.02712686 0.00256048 -0.04430771
v 0.02653228 0.00256083 -0.04456296
v 0.02614499 0.00256154 -0.04508130
v 0.02606875 0.00256241 -0.04572384
v 0.00331469 0.00254818 -0.03529241
v 0.00292740 0.00254888 -0.03581075
v 0.00285116 0.00254976 -0.03645328
v 0.00310641 0.00255057 -0.03704786
v 0.02748079 0.00210169 -0.07449652
v 0.02676730 0.00210211 -0.07480282
v 0.02206934 -0.00280313 -0.07096709
v 0.01949572 -0.00279910 -0.07392227
v 0.01632904 -0.00279595 -0.07623067
v 0.01272808 -0.00279384 -0.07777655
v 0.00887341 -0.00279288 -0.07848238
v 0.00495832 -0.00279311 -0.07831278
v 0.00619443 0.00033514 -0.06237131
v 0.00609755 0.00033498 -0.06225737
v 0.00575394 0.00033408 -0.06159786
v 0.00568915 0.00033368 -0.06130605
v 0.00569266 0.00033287 -0.06070989
v 0.00581113 0.00033228 -0.06027798
v 0.00602273 0.00033174 -0.05988327
v 0.00643079 0.00033115 -0.05944864
v 0.00667876 0.00033092 -0.05928171
v 0.00738211 0.00033059 -0.05904024
v 0.00753083 0.00033057 -0.05902437
v 0.00729543 0.00282629 -0.06416084
v 0.00891772 0.00282597 -0.06392609
v 0.01020530 0.00282458 -0.06291164
v 0.01081314 0.00282251 -0.06138933
v 0.01057839 0.00282029 -0.05976704
v 0.00956395 0.00281853 -0.05847947
v 0.00426473 0.00283914 -0.06369798
v 0.00337987 0.00283632 -0.06163679
v 0.00364415 0.00283328 -0.05940932
v 0.00552403 0.00281686 -0.05725075
v 0.00498676 0.00283083 -0.05761241
v 0.00704795 0.00282962 -0.05672755
v 0.00690797 0.00281617 -0.05675017
v 0.00596484 0.00281656 -0.05703187
v 0.00573471 0.00025909 -0.06160377
v 0.00567281 0.00025786 -0.06070688
v 0.00752567 0.00020056 -0.05894973
v 0.00664164 0.00020093 -0.05921672
v 0.00752945 0.00025554 -0.05900443
v 0.00666882 0.00025589 -0.05926435
v 0.00596101 0.00020178 -0.05984083
v 0.00600619 0.00025672 -0.05987195
v 0.00561857 0.00020295 -0.06069845
v 0.00568215 0.00020421 -0.06161972
v 0.00617962 0.00026015 -0.06238499
v 0.00613916 0.00020530 -0.06242217
v 0.00577642 0.00174250 -0.06506151
v 0.00560124 0.00193103 -0.06499130
v 0.00553711 0.00218868 -0.06496534
v 0.00560124 0.00244639 -0.06499059
v 0.00577642 0.00263512 -0.06506029
v 0.00625504 0.00263538 -0.06525140
v 0.00643022 0.00244684 -0.06532160
v 0.00649434 0.00218920 -0.06534756
v 0.00643022 0.00193149 -0.06532231
v 0.00625504 0.00174276 -0.06525262
v 0.00576870 0.00286378 -0.06472260
v 0.00613086 0.00296847 -0.06486706
v 0.00649302 0.00286418 -0.06501181
v 0.00675813 0.00257885 -0.06511806
v 0.00685517 0.00218894 -0.06515734
v 0.00675813 0.00179893 -0.06511912
v 0.00649302 0.00151331 -0.06501365
v 0.00613086 0.00140862 -0.06486919
v 0.00576870 0.00151291 -0.06472444
v 0.00550358 0.00179824 -0.06461819
v 0.00540654 0.00218815 -0.06457891
v 0.00550358 0.00257817 -0.06461713
v 0.00596484 0.00153914 -0.05703361
v 0.00690797 0.00153876 -0.05675191
v 0.00704795 0.00152525 -0.05672933
v 0.00552403 0.00153944 -0.05725249
v 0.00498676 0.00152646 -0.05761419
v 0.00364415 0.00152891 -0.05941110
v 0.00337987 0.00153195 -0.06163857
v 0.00426473 0.00153476 -0.06369976
v 0.00856186 0.00263557 -0.06539077
v 0.00874855 0.00244690 -0.06536402
v 0.00881689 0.00218921 -0.06535448
v 0.00874855 0.00193154 -0.06536472
v 0.00856186 0.00174295 -0.06539200
v 0.00805182 0.00174305 -0.06546579
v 0.00786513 0.00193172 -0.06549256
v 0.00779679 0.00218941 -0.06550209
v 0.00786513 0.00244708 -0.06549185
v 0.00805182 0.00263567 -0.06546458
v 0.00787644 0.00286440 -0.06517594
v 0.00826238 0.00296881 -0.06511996
v 0.00864832 0.00286425 -0.06506425
v 0.00893085 0.00257872 -0.06502376
v 0.00903426 0.00218874 -0.06500933
v 0.00893085 0.00179880 -0.06502482
v 0.00864832 0.00151338 -0.06506610
v 0.00826238 0.00140897 -0.06512208
v 0.00787644 0.00151353 -0.06517779
v 0.00759391 0.00179906 -0.06521828
v 0.00749049 0.00218904 -0.06523272
v 0.00759391 0.00257898 -0.06521722
v 0.01062932 0.00263416 -0.06435806
v 0.01077749 0.00244537 -0.06424158
v 0.01083173 0.00218763 -0.06419921
v 0.01077749 0.00193001 -0.06424229
v 0.01062932 0.00174154 -0.06435928
v 0.01022451 0.00174197 -0.06467822
v 0.01007634 0.00193077 -0.06479470
v 0.01002210 0.00218850 -0.06483708
v 0.01007634 0.00244612 -0.06479400
v 0.01022451 0.00263460 -0.06467701
v 0.00992847 0.00286350 -0.06451469
v 0.01023478 0.00296766 -0.06427322
v 0.01054109 0.00286284 -0.06403202
v 0.01076533 0.00257713 -0.06385574
v 0.01084740 0.00218708 -0.06379161
v 0.01076533 0.00179720 -0.06385680
v 0.01054109 0.00151197 -0.06403387
v 0.01023478 0.00140781 -0.06427535
v 0.00992847 0.00151263 -0.06451654
v 0.00970423 0.00179834 -0.06469282
v 0.00962215 0.00218839 -0.06475695
v 0.00970423 0.00257827 -0.06469175
v 0.01190344 0.00263153 -0.06242999
v 0.01197339 0.00244266 -0.06225506
v 0.01199899 0.00218489 -0.06219129
v 0.01197339 0.00192730 -0.06225576
v 0.01190344 0.00173891 -0.06243121
v 0.01171233 0.00173956 -0.06290982
v 0.01164238 0.00192843 -0.06308475
v 0.01161678 0.00218620 -0.06314852
v 0.01164238 0.00244379 -0.06308404
v 0.01171233 0.00263218 -0.06290860
v 0.01166416 0.00150946 -0.06219354
v 0.01151956 0.00140546 -0.06255584
v 0.01137495 0.00151045 -0.06291786
v 0.01126909 0.00179628 -0.06318258
v 0.01123034 0.00218638 -0.06327909
v 0.01126909 0.00257621 -0.06318153
v 0.01137495 0.00286132 -0.06291602
v 0.01151956 0.00296531 -0.06255371
v 0.01166416 0.00286033 -0.06219170
v 0.01177002 0.00257449 -0.06192697
v 0.01180877 0.00218440 -0.06183046
v 0.01177002 0.00179457 -0.06192803
v 0.01204282 0.00262838 -0.06012316
v 0.01201580 0.00243949 -0.05993673
v 0.01200591 0.00218172 -0.05986875
v 0.01201580 0.00192414 -0.05993744
v 0.01204282 0.00173576 -0.06012438
v 0.01211662 0.00173645 -0.06063443
v 0.01214364 0.00192534 -0.06082086
v 0.01215352 0.00218311 -0.06088884
v 0.01214364 0.00244070 -0.06082016
v 0.01211662 0.00262908 -0.06063321
v 0.01171661 0.00150652 -0.06003824
v 0.01177245 0.00140255 -0.06042432
v 0.01182830 0.00150757 -0.06081012
v 0.01186918 0.00179343 -0.06109226
v 0.01188415 0.00218353 -0.06119514
v 0.01186918 0.00257335 -0.06109120
v 0.01182830 0.00285844 -0.06080828
v 0.01177245 0.00296240 -0.06042219
v 0.01171661 0.00285739 -0.06003639
v 0.01167573 0.00257153 -0.05975426
v 0.01166076 0.00218142 -0.05965137
v 0.01167573 0.00179160 -0.05975532
v 0.01101011 0.00262556 -0.05805571
v 0.01089337 0.00243672 -0.05790779
v 0.01085064 0.00217897 -0.05785391
v 0.01089337 0.00192137 -0.05790850
v 0.01101011 0.00173293 -0.05805693
v 0.01132905 0.00173349 -0.05846174
v 0.01144579 0.00192232 -0.05860965
v 0.01148852 0.00218008 -0.05866353
v 0.01144579 0.00243768 -0.05860895
v 0.01132905 0.00262611 -0.05846052
v 0.01068438 0.00150393 -0.05814547
v 0.01092571 0.00139986 -0.05845192
v 0.01116705 0.00150477 -0.05875809
v 0.01134372 0.00179055 -0.05898194
v 0.01140838 0.00218062 -0.05906348
v 0.01134372 0.00257047 -0.05898087
v 0.01116705 0.00285564 -0.05875625
v 0.01092571 0.00295971 -0.05844979
v 0.01068438 0.00285480 -0.05814362
v 0.01050771 0.00256902 -0.05791978
v 0.01044304 0.00217895 -0.05783824
v 0.01050771 0.00178910 -0.05792084
v 0.00956064 0.00173146 -0.05697392
v 0.00973583 0.00192019 -0.05704361
v 0.00979995 0.00217790 -0.05706886
v 0.00973583 0.00243554 -0.05704290
v 0.00956064 0.00262408 -0.05697270
v 0.00908203 0.00262382 -0.05678159
v 0.00890684 0.00243509 -0.05671190
v 0.00884272 0.00217738 -0.05668665
v 0.00890684 0.00191973 -0.05671261
v 0.00908203 0.00173120 -0.05678281
v 0.00884405 0.00150240 -0.05702240
v 0.00920621 0.00139811 -0.05716715
v 0.00956837 0.00150280 -0.05731161
v 0.00983349 0.00178841 -0.05741708
v 0.00993053 0.00217843 -0.05745530
v 0.00983349 0.00256834 -0.05741602
v 0.00956837 0.00285366 -0.05730977
v 0.00920621 0.00295796 -0.05716502
v 0.00884405 0.00285327 -0.05702055
v 0.00857893 0.00256765 -0.05691509
v 0.00848189 0.00217764 -0.05687687
v 0.00857893 0.00178773 -0.05691615
v 0.00677520 0.00262363 -0.05664222
v 0.00687410 0.00255880 -0.05656056
v 0.00658851 0.00243503 -0.05666948
v 0.00686039 0.00231212 -0.05648400
v 0.00652018 0.00217737 -0.05667973
v 0.00685853 0.00217709 -0.05647375
v 0.00658851 0.00191968 -0.05667019
v 0.00686039 0.00204208 -0.05648437
v 0.00677520 0.00173101 -0.05664343
v 0.00687410 0.00179562 -0.05656161
v 0.00728525 0.00173090 -0.05656963
v 0.00747194 0.00191950 -0.05654236
v 0.00754027 0.00217717 -0.05653212
v 0.00747194 0.00243486 -0.05654165
v 0.00728525 0.00262353 -0.05656841
v 0.00668875 0.00150233 -0.05696995
v 0.00707469 0.00139776 -0.05691425
v 0.00746063 0.00150218 -0.05685826
v 0.00774316 0.00178759 -0.05681699
v 0.00784657 0.00217753 -0.05680149
v 0.00774316 0.00256752 -0.05681592
v 0.00746063 0.00285304 -0.05685642
v 0.00707469 0.00295761 -0.05691212
v 0.00668875 0.00285320 -0.05696811
v 0.00640622 0.00256778 -0.05700938
v 0.00630280 0.00217784 -0.05702488
v 0.00640622 0.00178786 -0.05701045
v 0.00588898 0.00179602 -0.05685585
v 0.00585410 0.00217750 -0.05677375
v 0.00588898 0.00255920 -0.05685481
v 0.00470774 0.00262504 -0.05767492
v 0.00455957 0.00243657 -0.05779192
v 0.00450534 0.00217895 -0.05783500
v 0.00455957 0.00192121 -0.05779262
v 0.00470774 0.00173241 -0.05767614
v 0.00511256 0.00173198 -0.05735720
v 0.00526073 0.00192045 -0.05724020
v 0.00531496 0.00217807 -0.05719712
v 0.00526073 0.00243581 -0.05723950
v 0.00511256 0.00262461 -0.05735598
v 0.00479597 0.00150374 -0.05800219
v 0.00510229 0.00139892 -0.05776099
v 0.00540860 0.00150308 -0.05751951
v 0.00563284 0.00178831 -0.05734245
v 0.00571491 0.00217818 -0.05727725
v 0.00563284 0.00256823 -0.05734139
v 0.00540860 0.00285395 -0.05751767
v 0.00510229 0.00295877 -0.05775886
v 0.00479597 0.00285461 -0.05800034
v 0.00457174 0.00256938 -0.05817740
v 0.00448966 0.00217950 -0.05824260
v 0.00457174 0.00178945 -0.05817847
v 0.00343363 0.00262767 -0.05960300
v 0.00336368 0.00243928 -0.05977844
v 0.00333807 0.00218169 -0.05984291
v 0.00336368 0.00192392 -0.05977914
v 0.00343363 0.00173505 -0.05960422
v 0.00362473 0.00173439 -0.05912560
v 0.00369468 0.00192279 -0.05895016
v 0.00372029 0.00218038 -0.05888569
v 0.00369468 0.00243815 -0.05894946
v 0.00362473 0.00262702 -0.05912438
v 0.00396212 0.00285613 -0.05911635
v 0.00381751 0.00296111 -0.05947836
v 0.00367290 0.00285712 -0.05984066
v 0.00356704 0.00257201 -0.06010617
v 0.00352830 0.00218218 -0.06020375
v 0.00356704 0.00179208 -0.06010724
v 0.00367290 0.00150625 -0.05984251
v 0.00381751 0.00140127 -0.05948049
v 0.00396212 0.00150526 -0.05911819
v 0.00406797 0.00179037 -0.05885268
v 0.00410672 0.00218020 -0.05875511
v 0.00406797 0.00257030 -0.05885162
v 0.00329425 0.00263082 -0.06190982
v 0.00332126 0.00244244 -0.06209677
v 0.00333115 0.00218486 -0.06216545
v 0.00332126 0.00192708 -0.06209747
v 0.00329425 0.00173820 -0.06191104
v 0.00322044 0.00173750 -0.06140099
v 0.00319343 0.00192588 -0.06121405
v 0.00318354 0.00218346 -0.06114536
v 0.00319343 0.00244124 -0.06121334
v 0.00322044 0.00263013 -0.06139978
v 0.00350876 0.00285901 -0.06122408
v 0.00356461 0.00296402 -0.06160988
v 0.00362046 0.00286006 -0.06199597
v 0.00366134 0.00257497 -0.06227889
v 0.00367630 0.00218515 -0.06238283
v 0.00366134 0.00179505 -0.06227995
v 0.00362046 0.00150919 -0.06199781
v 0.00356461 0.00140418 -0.06161201
v 0.00350876 0.00150814 -0.06122593
v 0.00346788 0.00179323 -0.06094301
v 0.00345292 0.00218305 -0.06083906
v 0.00346788 0.00257315 -0.06094194
v 0.00432696 0.00263364 -0.06397728
v 0.00444370 0.00244521 -0.06412571
v 0.00448643 0.00218761 -0.06418029
v 0.00444370 0.00192985 -0.06412641
v 0.00432696 0.00174102 -0.06397850
v 0.00400802 0.00174046 -0.06357369
v 0.00389128 0.00192890 -0.06342526
v 0.00384855 0.00218650 -0.06337067
v 0.00389128 0.00244425 -0.06342456
v 0.00400802 0.00263309 -0.06357247
v 0.00417002 0.00286181 -0.06327611
v 0.00441135 0.00296672 -0.06358228
v 0.00465269 0.00286264 -0.06388874
v 0.00482936 0.00257748 -0.06411336
v 0.00489403 0.00218763 -0.06419597
v 0.00482936 0.00179755 -0.06411443
v 0.00465269 0.00151178 -0.06389058
v 0.00441135 0.00140687 -0.06358441
v 0.00417002 0.00151094 -0.06327796
v 0.00399335 0.00179611 -0.06305333
v 0.00392868 0.00218596 -0.06297072
v 0.00399335 0.00257603 -0.06305227
v 0.00244761 -0.00310162 -0.07207729
v 0.00173413 -0.00310120 -0.07238359
v 0.00126937 -0.00310035 -0.07300559
v 0.00117789 -0.00309930 -0.07377664
v 0.00148419 -0.00309833 -0.07449013
v -0.00215287 -0.00310840 -0.06710857
v -0.00286636 -0.00310798 -0.06741487
v -0.00333111 -0.00310713 -0.06803688
v -0.00342259 -0.00310608 -0.06880792
v -0.00311629 -0.00310511 -0.06952141
v -0.00590713 -0.00311609 -0.06147314
v -0.00662062 -0.00311568 -0.06177944
v -0.00708537 -0.00311483 -0.06240144
v -0.00717685 -0.00311377 -0.06317249
v -0.00687055 -0.00311280 -0.06388598
v -0.00090103 -0.00313321 -0.04893565
v -0.00161452 -0.00313279 -0.04924195
v -0.00207927 -0.00313194 -0.04986395
v -0.00217075 -0.00313089 -0.05063500
v -0.00186445 -0.00312991 -0.05134849
v 0.00570226 -0.00313525 -0.04743588
v 0.00498877 -0.00313484 -0.04774217
v 0.00452402 -0.00313399 -0.04836418
v 0.00443253 -0.00313293 -0.04913523
v 0.00473883 -0.00313196 -0.04984872
v 0.01245982 -0.00313585 -0.04700231
v 0.01174633 -0.00313543 -0.04730861
v 0.01128158 -0.00313458 -0.04793061
v 0.01119010 -0.00313353 -0.04870166
v 0.01149639 -0.00313255 -0.04941515
v 0.01580846 -0.00310426 -0.07014395
v 0.01509497 -0.00310384 -0.07045025
v 0.01463022 -0.00310299 -0.07107226
v 0.01453874 -0.00310194 -0.07184330
v 0.01484504 -0.00310096 -0.07255679
v 0.02081456 -0.00312137 -0.05760646
v 0.02010107 -0.00312095 -0.05791276
v 0.01963632 -0.00312010 -0.05853477
v 0.01954484 -0.00311905 -0.05930582
v 0.01985114 -0.00311808 -0.06001930
v 0.01881176 -0.00311254 -0.06407496
v 0.01809828 -0.00311212 -0.06438125
v 0.01763352 -0.00311127 -0.06500326
v 0.01754204 -0.00311022 -0.06577431
v 0.01784834 -0.00310925 -0.06648780
v 0.00731995 0.00253633 -0.06395456
v 0.00883562 0.00253603 -0.06373524
v 0.01003857 0.00253473 -0.06278747
v 0.01060647 0.00253279 -0.06136520
v 0.01038715 0.00253072 -0.05984954
v 0.00943938 0.00252908 -0.05864659
v 0.00801711 0.00252831 -0.05807869
v 0.00650144 0.00252861 -0.05829801
v 0.00529849 0.00252990 -0.05924578
v 0.00473060 0.00253184 -0.06066805
v 0.00494992 0.00253391 -0.06218372
v 0.00589769 0.00253555 -0.06338666
v 0.00970806 0.00017632 -0.05591197
v 0.00970806 0.00032632 -0.05591176
v 0.01066536 0.00032700 -0.05640780
v 0.01220211 0.00032904 -0.05790569
v 0.01272250 0.00018033 -0.05885018
v 0.01150750 0.00017791 -0.05708127
v 0.01150750 0.00032791 -0.05708107
v 0.01307615 0.00033466 -0.06202346
v 0.01277640 0.00018607 -0.06305935
v 0.01316808 0.00018319 -0.06094941
v 0.01272250 0.00033033 -0.05884998
v 0.01304867 0.00033173 -0.05987765
v 0.01316808 0.00033319 -0.06094920
v 0.01078247 0.00033948 -0.06555320
v 0.00983818 0.00019019 -0.06607380
v 0.01160710 0.00018853 -0.06485880
v 0.01277640 0.00033607 -0.06305915
v 0.01228037 0.00033738 -0.06401645
v 0.01160710 0.00033853 -0.06485859
v 0.00562901 0.00034026 -0.06612749
v 0.00562901 0.00019026 -0.06612770
v 0.00666469 0.00034067 -0.06642724
v 0.00773896 0.00019080 -0.06651938
v 0.00983818 0.00034019 -0.06607360
v 0.00881051 0.00034063 -0.06639976
v 0.00773896 0.00034080 -0.06651917
v 0.01292867 0.00018462 -0.06199629
v 0.01215459 0.00018727 -0.06393493
v 0.01263710 0.00018600 -0.06300373
v 0.01069755 0.00018931 -0.06542977
v 0.01149968 0.00018839 -0.06475410
v 0.01207847 0.00017916 -0.05799082
v 0.01301809 0.00018320 -0.06095133
v 0.01290194 0.00018177 -0.05990900
v 0.01258467 0.00018041 -0.05890936
v 0.01140280 0.00017806 -0.05718869
v 0.01058363 0.00017717 -0.05653378
v 0.00549888 0.00017639 -0.05596587
v 0.00759811 0.00017578 -0.05552029
v 0.00655770 0.00017615 -0.05578643
v 0.00318248 0.00017931 -0.05810474
v 0.00256066 0.00018051 -0.05898031
v 0.00372997 0.00017805 -0.05718087
v 0.00669207 0.00019047 -0.06627996
v 0.00965243 0.00017651 -0.05605127
v 0.00864499 0.00017611 -0.05575970
v 0.00760003 0.00017599 -0.05567028
v 0.00555806 0.00017658 -0.05610370
v 0.00463952 0.00017727 -0.05660990
v 0.00383738 0.00017819 -0.05728557
v 0.00773704 0.00019059 -0.06636939
v 0.00877937 0.00019043 -0.06625324
v 0.00977901 0.00019000 -0.06593596
v 0.00269997 0.00018058 -0.05903593
v 0.00240840 0.00018196 -0.06004337
v 0.00216898 0.00018339 -0.06109026
v 0.00231897 0.00018338 -0.06108833
v 0.00243513 0.00018481 -0.06213067
v 0.00261456 0.00018625 -0.06318948
v 0.00275240 0.00018617 -0.06313031
v 0.00325859 0.00018743 -0.06404885
v 0.00382956 0.00018867 -0.06495839
v 0.00393426 0.00018852 -0.06485098
v 0.00475343 0.00018941 -0.06550588
v 0.00568463 0.00019007 -0.06598839
v 0.00563646 0.00026524 -0.06610893
v 0.00468265 0.00026456 -0.06561471
v 0.00565682 0.00021026 -0.06605802
v 0.00471257 0.00020960 -0.06556875
v 0.00388191 0.00020869 -0.06490466
v 0.00319677 0.00020758 -0.06409128
v 0.00268348 0.00020631 -0.06315987
v 0.00236176 0.00020492 -0.06214621
v 0.00224398 0.00020348 -0.06108927
v 0.00233466 0.00020204 -0.06002966
v 0.00263031 0.00020064 -0.05900810
v 0.00311959 0.00019935 -0.05806384
v 0.00378367 0.00019822 -0.05723319
v 0.00459705 0.00019728 -0.05654805
v 0.00552847 0.00019658 -0.05603476
v 0.00654213 0.00019614 -0.05571304
v 0.00759907 0.00019598 -0.05559526
v 0.00865868 0.00019611 -0.05568593
v 0.00968024 0.00019651 -0.05598159
v 0.00384359 0.00026365 -0.06494390
v 0.00315152 0.00026253 -0.06412229
v 0.00263303 0.00026124 -0.06318145
v 0.00230805 0.00025984 -0.06215754
v 0.00218908 0.00025839 -0.06108990
v 0.00228068 0.00025693 -0.06001956
v 0.00257932 0.00025552 -0.05898766
v 0.00307355 0.00025422 -0.05803385
v 0.00374436 0.00025307 -0.05719479
v 0.00456597 0.00025213 -0.05650272
v 0.00550681 0.00025142 -0.05598423
v 0.00653073 0.00025097 -0.05565926
v 0.00759837 0.00025081 -0.05554028
v 0.00866870 0.00025094 -0.05563188
v 0.00970060 0.00025134 -0.05593053
v 0.00467170 0.00033959 -0.06563146
v 0.00382956 0.00033867 -0.06495819
v 0.00313495 0.00033754 -0.06413357
v 0.00261456 0.00033625 -0.06318928
v 0.00228839 0.00033485 -0.06216161
v 0.00216898 0.00033339 -0.06109005
v 0.00226092 0.00033192 -0.06001579
v 0.00256066 0.00033051 -0.05898011
v 0.00305670 0.00032920 -0.05802280
v 0.00372997 0.00032805 -0.05718066
v 0.00455459 0.00032710 -0.05648605
v 0.00549888 0.00032639 -0.05596566
v 0.00652655 0.00032595 -0.05563949
v 0.00759811 0.00032578 -0.05552008
v 0.00867237 0.00032591 -0.05561202
v 0.01065441 0.00025202 -0.05642475
v 0.01062450 0.00019718 -0.05647086
v 0.01145515 0.00019808 -0.05713495
v 0.01214029 0.00019919 -0.05794833
v 0.01265359 0.00020047 -0.05887974
v 0.01297530 0.00020185 -0.05989340
v 0.01309309 0.00020329 -0.06095034
v 0.01300241 0.00020474 -0.06200995
v 0.01270675 0.00020613 -0.06303152
v 0.01221748 0.00020742 -0.06397577
v 0.01155339 0.00020856 -0.06480642
v 0.01074001 0.00020949 -0.06549156
v 0.00980860 0.00021019 -0.06600486
v 0.00879494 0.00021063 -0.06632657
v 0.00773800 0.00021079 -0.06644435
v 0.00667838 0.00021067 -0.06635368
v 0.01149348 0.00025293 -0.05709556
v 0.01218555 0.00025406 -0.05791717
v 0.01270404 0.00025534 -0.05885801
v 0.01302901 0.00025674 -0.05988193
v 0.01314799 0.00025819 -0.06094956
v 0.01305639 0.00025966 -0.06201990
v 0.01275774 0.00026106 -0.06305180
v 0.01226352 0.00026237 -0.06400561
v 0.01159271 0.00026351 -0.06484467
v 0.01077110 0.00026446 -0.06553674
v 0.00983025 0.00026516 -0.06605523
v 0.00880634 0.00026561 -0.06638020
v 0.00773870 0.00026577 -0.06649918
v 0.00666836 0.00026565 -0.06640758
v -0.00187184 0.03864871 -0.03565557
v -0.00187184 0.03854870 -0.03565571
v -0.00274091 0.03864865 -0.03561696
v -0.00274091 0.03854865 -0.03561709
v -0.00354030 0.03864912 -0.03596013
v -0.00354030 0.03854912 -0.03596027
v -0.00411090 0.03865002 -0.03661679
v -0.00411090 0.03855002 -0.03661693
v -0.00300220 0.03854933 -0.03611109
v -0.00300220 0.03864933 -0.03611096
v 0.01720890 0.03871781 -0.08627899
v 0.01720890 0.03861780 -0.08627913
v 0.01807798 0.03871786 -0.08631761
v 0.01807798 0.03861786 -0.08631774
v 0.01887737 0.03871739 -0.08597443
v 0.01887737 0.03861739 -0.08597457
v 0.01944797 0.03871650 -0.08531777
v 0.01944797 0.03861649 -0.08531791
v 0.01833926 0.03861718 -0.08582374
v 0.01833926 0.03871718 -0.08582360
v 0.03298027 0.03867023 -0.05142692
v 0.03298027 0.03857023 -0.05142706
v 0.03301888 0.03866905 -0.05055784
v 0.03301888 0.03856904 -0.05055798
v 0.03267571 0.03866795 -0.04975845
v 0.03267571 0.03856796 -0.04975859
v 0.03201905 0.03866718 -0.04918786
v 0.03201905 0.03856717 -0.04918799
v 0.03252488 0.03856869 -0.05029670
v 0.03252488 0.03866869 -0.05029656
v -0.01764320 0.03869628 -0.07050764
v -0.01764320 0.03859628 -0.07050778
v -0.01768182 0.03869747 -0.07137672
v -0.01768182 0.03859746 -0.07137685
v -0.01733864 0.03869856 -0.07217611
v -0.01733864 0.03859856 -0.07217625
v -0.01668198 0.03869934 -0.07274671
v -0.01668198 0.03859933 -0.07274684
v -0.01718782 0.03859782 -0.07163814
v -0.01718782 0.03869782 -0.07163800
v -0.00194955 -0.00645034 -0.03638770
v -0.00194955 -0.00295034 -0.03638292
v -0.00118035 -0.00645019 -0.03649358
v -0.00118035 -0.00295020 -0.03648880
v -0.00056714 -0.00644954 -0.03696987
v -0.00056714 -0.00294955 -0.03696509
v -0.00027422 -0.00644856 -0.03768896
v -0.00027422 -0.00294856 -0.03768418
v -0.00038010 -0.00644751 -0.03845816
v -0.00038010 -0.00294752 -0.03845339
v -0.00085639 -0.00644667 -0.03907137
v -0.00085639 -0.00294668 -0.03906660
v -0.00157548 -0.00644627 -0.03936429
v -0.00157548 -0.00294628 -0.03935951
v -0.00176252 -0.00734960 -0.03787722
v 0.01691254 -0.00638713 -0.08269340
v 0.01691254 -0.00288713 -0.08268862
v 0.01768175 -0.00638699 -0.08279928
v 0.01768175 -0.00288699 -0.08279449
v 0.01829496 -0.00638634 -0.08327556
v 0.01829496 -0.00288634 -0.08327079
v 0.01858787 -0.00638536 -0.08399466
v 0.01858787 -0.00288536 -0.08398988
v 0.01848200 -0.00638431 -0.08476385
v 0.01848200 -0.00288431 -0.08475908
v 0.01800571 -0.00638347 -0.08537707
v 0.01800571 -0.00288347 -0.08537229
v 0.01728662 -0.00638307 -0.08566998
v 0.01728662 -0.00288307 -0.08566520
v 0.01709958 -0.00728639 -0.08418293
v 0.02262975 -0.01474342 -0.11472388
v 0.02259234 -0.01444382 -0.11442580
v 0.02139386 -0.01444316 -0.11491399
v 0.02157508 -0.01474283 -0.11515348
v 0.02060004 -0.01444176 -0.11593600
v 0.02087652 -0.01474161 -0.11605285
v 0.02042358 -0.01444001 -0.11721802
v 0.02072124 -0.01474006 -0.11718103
v 0.02091177 -0.01443838 -0.11841650
v 0.02115084 -0.01473862 -0.11823568
v 0.02193379 -0.01443729 -0.11921032
v 0.02205022 -0.01473767 -0.11893424
v 0.02321580 -0.01443705 -0.11938678
v 0.02317839 -0.01473746 -0.11908953
v 0.01054807 -0.01476517 -0.09878547
v 0.01051066 -0.01446558 -0.09848740
v 0.00931218 -0.01446491 -0.09897558
v 0.00949341 -0.01476459 -0.09921508
v 0.00851836 -0.01446352 -0.09999761
v 0.00879484 -0.01476336 -0.10011446
v 0.00834190 -0.01446177 -0.10127962
v 0.00863956 -0.01476182 -0.10124262
v 0.00883009 -0.01446013 -0.10247810
v 0.00906917 -0.01476038 -0.10229728
v 0.00985211 -0.01445905 -0.10327192
v 0.00996854 -0.01475943 -0.10299584
v 0.01113412 -0.01445881 -0.10344838
v 0.01109671 -0.01475922 -0.10315112
v 0.01109671 0.00414077 -0.10312533
v 0.01113412 0.00384117 -0.10342340
v 0.00985211 0.00384093 -0.10324693
v 0.00996854 0.00414056 -0.10297004
v 0.00883009 0.00383985 -0.10245312
v 0.00906917 0.00413960 -0.10227148
v 0.00834190 0.00383821 -0.10125463
v 0.00863956 0.00413816 -0.10121682
v 0.00851836 0.00383646 -0.09997263
v 0.00879484 0.00413662 -0.10008866
v 0.00931218 0.00383507 -0.09895060
v 0.00949341 0.00413539 -0.09918927
v 0.01051066 0.00383440 -0.09846243
v 0.01054807 0.00413481 -0.09875967
v 0.02317839 0.00416252 -0.11906373
v 0.02321580 0.00386293 -0.11936180
v 0.02193379 0.00386269 -0.11918534
v 0.02205022 0.00416231 -0.11890845
v 0.02091177 0.00386161 -0.11839152
v 0.02115084 0.00416136 -0.11820988
v 0.02042358 0.00385997 -0.11719304
v 0.02072124 0.00415992 -0.11715522
v 0.02060004 0.00385822 -0.11591103
v 0.02087652 0.00415838 -0.11602706
v 0.02139386 0.00385682 -0.11488901
v 0.02157508 0.00415715 -0.11512768
v 0.02259234 0.00385616 -0.11440082
v 0.02262975 0.00415656 -0.11469807
v -0.00149630 -0.00001625 0.01190634
v -0.00149630 -0.00301625 0.01190224
v -0.00077721 -0.00001665 0.01219925
v -0.00077721 -0.00301665 0.01219515
v -0.00030092 -0.00001749 0.01281246
v -0.00030092 -0.00301749 0.01280836
v -0.00019504 -0.00001854 0.01358167
v -0.00019504 -0.00301854 0.01357757
v -0.00048796 -0.00001952 0.01430075
v -0.00048796 -0.00301952 0.01429666
v -0.00110117 -0.00002017 0.01477704
v -0.00110117 -0.00302017 0.01477295
v -0.00187037 -0.00002031 0.01488292
v -0.00187037 -0.00302031 0.01487882
v -0.01225473 -0.00000512 0.00375121
v -0.01225473 -0.00300512 0.00374712
v -0.01153564 -0.00000552 0.00404412
v -0.01153564 -0.00300552 0.00404003
v -0.01105935 -0.00000636 0.00465734
v -0.01105935 -0.00300635 0.00465324
v -0.01095347 -0.00000741 0.00542654
v -0.01095347 -0.00300740 0.00542245
v -0.01124639 -0.00000839 0.00614563
v -0.01124639 -0.00300839 0.00614153
v -0.01185960 -0.00000904 0.00662192
v -0.01185960 -0.00300904 0.00661783
v -0.01262880 -0.00000918 0.00672780
v -0.01262880 -0.00300918 0.00672370
v 0.01094547 -0.00000910 0.00666683
v 0.01094547 -0.00300910 0.00666274
v 0.01166456 -0.00000950 0.00695974
v 0.01166456 -0.00300950 0.00695565
v 0.01214085 -0.00001034 0.00757296
v 0.01214085 -0.00301033 0.00756886
v 0.01224672 -0.00001139 0.00834216
v 0.01224672 -0.00301138 0.00833807
v 0.01195381 -0.00001237 0.00906125
v 0.01195381 -0.00301237 0.00905715
v 0.01134060 -0.00001302 0.00953754
v 0.01134060 -0.00301302 0.00953345
v 0.01057139 -0.00001316 0.00964342
v 0.01057139 -0.00301316 0.00963932
v -0.01057139 0.00001316 -0.00964342
v -0.01057139 -0.00298683 -0.00964751
v -0.00985230 0.00001276 -0.00935050
v -0.00985230 -0.00298723 -0.00935460
v -0.00937601 0.00001193 -0.00873729
v -0.00937601 -0.00298807 -0.00874139
v -0.00927014 0.00001088 -0.00796809
v -0.00927014 -0.00298912 -0.00797218
v -0.00956305 0.00000989 -0.00724900
v -0.00956305 -0.00299010 -0.00725309
v -0.01017626 0.00000924 -0.00677271
v -0.01017626 -0.00299075 -0.00677680
v -0.01094547 0.00000910 -0.00666683
v -0.01094547 -0.00299090 -0.00667093
v 0.01262880 0.00000918 -0.00672780
v 0.01262880 -0.00299081 -0.00673189
v 0.01334789 0.00000878 -0.00643488
v 0.01334789 -0.00299121 -0.00643898
v 0.01382419 0.00000795 -0.00582167
v 0.01382419 -0.00299205 -0.00582576
v 0.01393006 0.00000690 -0.00505247
v 0.01393006 -0.00299310 -0.00505656
v 0.01363715 0.00000592 -0.00433338
v 0.01363715 -0.00299408 -0.00433747
v 0.01302393 0.00000527 -0.00385709
v 0.01302393 -0.00299473 -0.00386118
v 0.01225473 0.00000512 -0.00375121
v 0.01225473 -0.00299488 -0.00375531
v 0.00208858 -0.00297731 -0.01662336
v 0.00208858 -0.00997731 -0.01663291
v 0.00364661 -0.00297818 -0.01598871
v 0.00364661 -0.00997817 -0.01599827
v 0.00467858 -0.00297999 -0.01466008
v 0.00467858 -0.00997998 -0.01466964
v 0.00490797 -0.00298227 -0.01299348
v 0.00490797 -0.00998226 -0.01300303
v 0.00427333 -0.00298439 -0.01143545
v 0.00427333 -0.00998439 -0.01144501
v 0.00294470 -0.00298580 -0.01040349
v 0.00294470 -0.00998580 -0.01041304
v 0.00127809 -0.00298612 -0.01017409
v 0.00127809 -0.00998611 -0.01018365
v 0.00187037 0.00002032 -0.01488292
v 0.00187037 -0.00297968 -0.01488701
v 0.00258946 0.00001992 -0.01459001
v 0.00258946 -0.00298008 -0.01459410
v 0.00306575 0.00001908 -0.01397679
v 0.00306575 -0.00298092 -0.01398089
v 0.00317163 0.00001803 -0.01320759
v 0.00317163 -0.00298197 -0.01321169
v 0.00287872 0.00001705 -0.01248850
v 0.00287872 -0.00298295 -0.01249260
v 0.00226550 0.00001640 -0.01201221
v 0.00226550 -0.00298360 -0.01201630
v 0.00149630 0.00001625 -0.01190634
v 0.00149630 -0.00298375 -0.01191043
v 0.01194752 -0.00600411 0.00300508
v 0.01194752 -0.00000411 0.00301327
v 0.01271672 -0.00600396 0.00289920
v 0.01271672 -0.00000397 0.00290739
v 0.01332993 -0.00600331 0.00242291
v 0.01332993 -0.00000332 0.00243110
v 0.01362284 -0.00600233 0.00170382
v 0.01362284 -0.00000234 0.00171201
v 0.01351697 -0.00600128 0.00093462
v 0.01351697 -0.00000129 0.00094281
v 0.01304068 -0.00600045 0.00032141
v 0.01304068 -0.00000045 0.00032960
v 0.01232159 -0.00600005 0.00002849
v 0.01232159 -0.00000005 0.00003668
v 0.01213455 -0.00690337 0.00151556
v -0.00493364 -0.00598664 -0.00979121
v -0.00493364 0.00001335 -0.00978302
v -0.00416444 -0.00598650 -0.00989708
v -0.00416444 0.00001350 -0.00988889
v -0.00355122 -0.00598585 -0.01037337
v -0.00355122 0.00001415 -0.01036518
v -0.00325831 -0.00598487 -0.01109246
v -0.00325831 0.00001513 -0.01108427
v -0.00336419 -0.00598382 -0.01186167
v -0.00336419 0.00001618 -0.01185348
v -0.00384048 -0.00598298 -0.01247488
v -0.00384048 0.00001702 -0.01246669
v -0.00455957 -0.00598258 -0.01276779
v -0.00455957 0.00001742 -0.01275960
v -0.00474661 -0.00688590 -0.01128073
v 0.01097826 -0.00726051 -0.10219831
v 0.01097826 -0.01476050 -0.10220855
v 0.01157750 -0.00726084 -0.10195421
v 0.01157750 -0.01476084 -0.10196444
v 0.01197441 -0.00726154 -0.10144319
v 0.01197441 -0.01476153 -0.10145343
v 0.01206264 -0.00726241 -0.10080219
v 0.01206264 -0.01476241 -0.10081243
v 0.01181854 -0.00726323 -0.10020296
v 0.01181854 -0.01476323 -0.10021319
v 0.01130753 -0.00726377 -0.09980604
v 0.01130753 -0.01476377 -0.09981628
v 0.01066653 -0.00726389 -0.09971782
v 0.01066653 -0.01476389 -0.09972806
v 0.01082239 -0.00651113 -0.10095704
v 0.02305993 -0.00723875 -0.11813670
v 0.02305993 -0.01473875 -0.11814694
v 0.02365917 -0.00723909 -0.11789262
v 0.02365917 -0.01473908 -0.11790285
v 0.02405608 -0.00723978 -0.11738160
v 0.02405608 -0.01473978 -0.11739184
v 0.02414431 -0.00724066 -0.11674060
v 0.02414431 -0.01474065 -0.11675084
v 0.02390022 -0.00724148 -0.11614136
v 0.02390022 -0.01474147 -0.11615160
v 0.02338921 -0.00724202 -0.11574445
v 0.02338921 -0.01474201 -0.11575469
v 0.02274820 -0.00724214 -0.11565621
v 0.02274820 -0.01474213 -0.11566645
v 0.02290407 -0.00648937 -0.11689544
v 0.02274820 -0.00334214 -0.11565089
v 0.02274820 0.00415785 -0.11564066
v 0.02338921 -0.00334202 -0.11573912
v 0.02338921 0.00415797 -0.11572888
v 0.02390022 -0.00334148 -0.11613604
v 0.02390022 0.00415851 -0.11612580
v 0.02414431 -0.00334066 -0.11673528
v 0.02414431 0.00415933 -0.11672504
v 0.02405608 -0.00333979 -0.11737628
v 0.02405608 0.00416021 -0.11736604
v 0.02365917 -0.00333909 -0.11788729
v 0.02365917 0.00416090 -0.11787705
v 0.02305993 -0.00333876 -0.11813138
v 0.02305993 0.00416124 -0.11812115
v 0.02290407 -0.00409152 -0.11689217
v 0.01066653 -0.00336390 -0.09971249
v 0.01066653 0.00413610 -0.09970225
v 0.01130753 -0.00336378 -0.09980072
v 0.01130753 0.00413622 -0.09979048
v 0.01181854 -0.00336324 -0.10019763
v 0.01181854 0.00413676 -0.10018739
v 0.01206264 -0.00336242 -0.10079687
v 0.01206264 0.00413758 -0.10078663
v 0.01197441 -0.00336154 -0.10143787
v 0.01197441 0.00413845 -0.10142764
v 0.01157750 -0.00336085 -0.10194889
v 0.01157750 0.00413915 -0.10193865
v 0.01097826 -0.00336051 -0.10219298
v 0.01097826 0.00413948 -0.10218275
v 0.01082239 -0.00411328 -0.10095376
v 0.00495649 -0.00694616 -0.03944929
v 0.00495649 -0.00994616 -0.03945338
v 0.00651452 -0.00694703 -0.03881465
v 0.00651452 -0.00994702 -0.03881874
v 0.00754648 -0.00694884 -0.03748602
v 0.00754648 -0.00994884 -0.03749011
v 0.00777588 -0.00695111 -0.03581941
v 0.00777588 -0.00995111 -0.03582351
v 0.00714124 -0.00695324 -0.03426139
v 0.00714124 -0.00995324 -0.03426548
v 0.00581261 -0.00695465 -0.03322942
v 0.00581261 -0.00995465 -0.03323352
v 0.00414599 -0.00695496 -0.03300003
v 0.00414599 -0.00995496 -0.03300412
v 0.00473828 -0.00294853 -0.03770749
v 0.00473828 -0.00694853 -0.03771295
v 0.00545737 -0.00294893 -0.03741458
v 0.00545737 -0.00694893 -0.03742004
v 0.00593366 -0.00294977 -0.03680137
v 0.00593366 -0.00694977 -0.03680683
v 0.00603954 -0.00295082 -0.03603216
v 0.00603954 -0.00695082 -0.03603762
v 0.00574662 -0.00295180 -0.03531308
v 0.00574662 -0.00695180 -0.03531853
v 0.00513341 -0.00295245 -0.03483678
v 0.00513341 -0.00695245 -0.03484224
v 0.00436421 -0.00295260 -0.03473091
v 0.00436421 -0.00695259 -0.03473637
v 0.02799680 -0.00693292 -0.04915208
v 0.02799680 -0.00993291 -0.04915617
v 0.02955482 -0.00693378 -0.04851743
v 0.02955482 -0.00993378 -0.04852153
v 0.03058679 -0.00693560 -0.04718880
v 0.03058679 -0.00993559 -0.04719290
v 0.03081619 -0.00693787 -0.04552219
v 0.03081619 -0.00993787 -0.04552629
v 0.03018155 -0.00694000 -0.04396417
v 0.03018155 -0.00993999 -0.04396827
v 0.02885291 -0.00694141 -0.04293220
v 0.02885291 -0.00994140 -0.04293630
v 0.02718630 -0.00694172 -0.04270281
v 0.02718630 -0.00994171 -0.04270690
v 0.02777859 -0.00293529 -0.04741028
v 0.02777859 -0.00693529 -0.04741574
v 0.02849768 -0.00293569 -0.04711736
v 0.02849768 -0.00693569 -0.04712282
v 0.02897397 -0.00293653 -0.04650415
v 0.02897397 -0.00693652 -0.04650961
v 0.02907985 -0.00293758 -0.04573494
v 0.02907985 -0.00693757 -0.04574040
v 0.02878693 -0.00293856 -0.04501586
v 0.02878693 -0.00693855 -0.04502132
v 0.02817372 -0.00293921 -0.04453956
v 0.02817372 -0.00693920 -0.04454502
v 0.02740452 -0.00293935 -0.04443369
v 0.02740452 -0.00693935 -0.04443915
v -0.01496653 -0.00682554 -0.05455124
v -0.01496653 -0.00782554 -0.05455260
v -0.01340850 -0.00682641 -0.05391660
v -0.01340850 -0.00782641 -0.05391796
v -0.01237654 -0.00682822 -0.05258797
v -0.01237654 -0.00782822 -0.05258933
v -0.01214714 -0.00683050 -0.05092135
v -0.01214714 -0.00783050 -0.05092272
v -0.01278178 -0.00683263 -0.04936333
v -0.01278178 -0.00783262 -0.04936470
v -0.01411041 -0.00683403 -0.04833137
v -0.01411041 -0.00783403 -0.04833273
v -0.01577702 -0.00683435 -0.04810197
v -0.01577702 -0.00783435 -0.04810334
v -0.01518474 -0.00292792 -0.05280957
v -0.01518474 -0.00682791 -0.05281490
v -0.01446565 -0.00292832 -0.05251666
v -0.01446565 -0.00682831 -0.05252199
v -0.01398936 -0.00292916 -0.05190345
v -0.01398936 -0.00682915 -0.05190877
v -0.01388348 -0.00293021 -0.05113424
v -0.01388348 -0.00683020 -0.05113957
v -0.01417639 -0.00293119 -0.05041516
v -0.01417639 -0.00683118 -0.05042048
v -0.01478961 -0.00293184 -0.04993886
v -0.01478961 -0.00683183 -0.04994418
v -0.01555881 -0.00293198 -0.04983299
v -0.01555881 -0.00683198 -0.04983831
v -0.01184924 -0.00679169 -0.07935610
v -0.01184924 -0.00779169 -0.07935747
v -0.01029121 -0.00679255 -0.07872146
v -0.01029121 -0.00779255 -0.07872283
v -0.00925925 -0.00679437 -0.07739283
v -0.00925925 -0.00779437 -0.07739420
v -0.00902985 -0.00679664 -0.07572623
v -0.00902985 -0.00779664 -0.07572759
v -0.00966449 -0.00679877 -0.07416820
v -0.00966449 -0.00779877 -0.07416956
v -0.01099312 -0.00680018 -0.07313623
v -0.01099312 -0.00780018 -0.07313760
v -0.01265973 -0.00680049 -0.07290684
v -0.01265973 -0.00780049 -0.07290820
v -0.01206745 -0.00289406 -0.07761443
v -0.01206745 -0.00679406 -0.07761976
v -0.01134836 -0.00289446 -0.07732153
v -0.01134836 -0.00679446 -0.07732685
v -0.01087207 -0.00289530 -0.07670831
v -0.01087207 -0.00679529 -0.07671364
v -0.01076619 -0.00289635 -0.07593911
v -0.01076619 -0.00679634 -0.07594443
v -0.01105911 -0.00289733 -0.07522003
v -0.01105911 -0.00679732 -0.07522535
v -0.01167232 -0.00289798 -0.07474373
v -0.01167232 -0.00679797 -0.07474905
v -0.01244152 -0.00289812 -0.07463785
v -0.01244152 -0.00679812 -0.07464318
v 0.01119107 -0.00677844 -0.08905888
v 0.01119107 -0.00777844 -0.08906025
v 0.01274910 -0.00677931 -0.08842424
v 0.01274910 -0.00777931 -0.08842561
v 0.01378106 -0.00678112 -0.08709561
v 0.01378106 -0.00778112 -0.08709698
v 0.01401046 -0.00678340 -0.08542901
v 0.01401046 -0.00778340 -0.08543037
v 0.01337582 -0.00678552 -0.08387098
v 0.01337582 -0.00778552 -0.08387235
v 0.01204719 -0.00678693 -0.08283902
v 0.01204719 -0.00778693 -0.08284038
v 0.01038057 -0.00678725 -0.08260962
v 0.01038057 -0.00778724 -0.08261099
v 0.01097286 -0.00288082 -0.08731722
v 0.01097286 -0.00678081 -0.08732255
v 0.01169195 -0.00288122 -0.08702431
v 0.01169195 -0.00678121 -0.08702963
v 0.01216824 -0.00288205 -0.08641110
v 0.01216824 -0.00678205 -0.08641642
v 0.01227412 -0.00288310 -0.08564189
v 0.01227412 -0.00678310 -0.08564721
v 0.01198120 -0.00288409 -0.08492281
v 0.01198120 -0.00678408 -0.08492813
v 0.01136799 -0.00288474 -0.08444652
v 0.01136799 -0.00678473 -0.08445184
v 0.01059878 -0.00288488 -0.08434064
v 0.01059878 -0.00678488 -0.08434596
v 0.00517470 -0.00784379 -0.04118686
v 0.00517470 -0.00294379 -0.04118017
v 0.01039566 -0.00294375 -0.04121089
v 0.02751244 -0.00782011 -0.05853692
v 0.02751244 -0.00992010 -0.05853979
v 0.02619082 -0.00992700 -0.05348879
v 0.00517470 -0.00994379 -0.04118973
v 0.01039566 -0.00994374 -0.04122044
v 0.01543077 -0.00994186 -0.04260139
v 0.01543077 -0.00294187 -0.04259184
v 0.01993689 -0.00993826 -0.04523847
v 0.01993689 -0.00293827 -0.04522891
v 0.02360695 -0.00993319 -0.04895195
v 0.02360695 -0.00293320 -0.04894240
v 0.02619082 -0.00292701 -0.05347923
v 0.02751244 -0.00292011 -0.05853024
v 0.02748173 -0.00781298 -0.06375787
v 0.02748173 -0.00291298 -0.06375118
v 0.02610078 -0.00780611 -0.06879298
v 0.02610078 -0.00290611 -0.06878629
v 0.02346370 -0.00779996 -0.07329910
v 0.02346370 -0.00289996 -0.07329241
v 0.01975021 -0.00779495 -0.07696915
v 0.01975021 -0.00289495 -0.07696247
v 0.01521337 -0.00779142 -0.07955303
v 0.01521337 -0.00289142 -0.07954635
v 0.01016236 -0.00778961 -0.08087464
v 0.01016236 -0.00288962 -0.08086796
v 0.02321580 -0.00183707 -0.11936957
v 0.02193379 -0.00183731 -0.11919312
v 0.02091177 -0.00183839 -0.11839930
v 0.02042358 -0.00184003 -0.11720082
v 0.02060004 -0.00184178 -0.11591881
v 0.02139386 -0.00184317 -0.11489679
v 0.02259234 -0.00184384 -0.11440860
v 0.02340283 -0.00183503 -0.12085787
v 0.02340283 -0.00283503 -0.12085924
v 0.02135162 -0.00283542 -0.12057690
v 0.02135162 -0.00183542 -0.12057553
v 0.01971639 -0.00283715 -0.11930679
v 0.01971639 -0.00183715 -0.11930542
v 0.01893529 -0.00283977 -0.11738922
v 0.01893529 -0.00183977 -0.11738786
v 0.01921762 -0.00284257 -0.11533801
v 0.01921762 -0.00184257 -0.11533664
v 0.02048773 -0.00284480 -0.11370277
v 0.02048773 -0.00184480 -0.11370141
v 0.02240530 -0.00284587 -0.11292168
v 0.02240530 -0.00184587 -0.11292031
v 0.01113412 -0.00185882 -0.10343118
v 0.00985211 -0.00185906 -0.10325471
v 0.00883009 -0.00186015 -0.10246090
v 0.00834190 -0.00186178 -0.10126241
v 0.00851836 -0.00186353 -0.09998041
v 0.00931218 -0.00186493 -0.09895839
v 0.01051066 -0.00186559 -0.09847020
v 0.01132116 -0.00185679 -0.10491946
v 0.01132116 -0.00285679 -0.10492083
v 0.00926994 -0.00285717 -0.10463850
v 0.00926994 -0.00185717 -0.10463713
v 0.00763471 -0.00285891 -0.10336839
v 0.00763471 -0.00185891 -0.10336702
v 0.00685361 -0.00286152 -0.10145082
v 0.00685361 -0.00186153 -0.10144945
v 0.00713594 -0.00286432 -0.09939961
v 0.00713594 -0.00186433 -0.09939825
v 0.00840606 -0.00286656 -0.09776438
v 0.00840606 -0.00186656 -0.09776301
v 0.01032362 -0.00286762 -0.09698328
v 0.01032362 -0.00186762 -0.09698191
v 0.02259234 -0.00874383 -0.11441802
v 0.02139386 -0.00874316 -0.11490621
v 0.02060004 -0.00874177 -0.11592823
v 0.02042358 -0.00874002 -0.11721024
v 0.02091177 -0.00873838 -0.11840872
v 0.02193379 -0.00873730 -0.11920254
v 0.02321580 -0.00873706 -0.11937900
v 0.02240530 -0.00874586 -0.11292973
v 0.02240530 -0.00774586 -0.11292837
v 0.02048773 -0.00774480 -0.11370946
v 0.02048773 -0.00874479 -0.11371083
v 0.01921762 -0.00774256 -0.11534470
v 0.01921762 -0.00874256 -0.11534606
v 0.01893529 -0.00773976 -0.11739592
v 0.01893529 -0.00873976 -0.11739728
v 0.01971639 -0.00773715 -0.11931348
v 0.01971639 -0.00873715 -0.11931484
v 0.02135162 -0.00773541 -0.12058359
v 0.02135162 -0.00873541 -0.12058495
v 0.02340283 -0.00773503 -0.12086593
v 0.02340283 -0.00873503 -0.12086729
v 0.01051066 -0.00876559 -0.09847962
v 0.00931218 -0.00876492 -0.09896781
v 0.00851836 -0.00876352 -0.09998983
v 0.00834190 -0.00876177 -0.10127183
v 0.00883009 -0.00876014 -0.10247032
v 0.00985211 -0.00875905 -0.10326414
v 0.01113412 -0.00875881 -0.10344060
v 0.01032362 -0.00876762 -0.09699132
v 0.01032362 -0.00776762 -0.09698996
v 0.00840606 -0.00776655 -0.09777106
v 0.00840606 -0.00876655 -0.09777243
v 0.00713594 -0.00776432 -0.09940629
v 0.00713594 -0.00876432 -0.09940767
v 0.00685361 -0.00776152 -0.10145751
v 0.00685361 -0.00876152 -0.10145887
v 0.00763471 -0.00775890 -0.10337508
v 0.00763471 -0.00875890 -0.10337644
v 0.00926994 -0.00775717 -0.10464519
v 0.00926994 -0.00875717 -0.10464655
v 0.01132116 -0.00775678 -0.10492752
v 0.01132116 -0.00875678 -0.10492888
v 0.03089588 -0.00290143 -0.07221513
v 0.03089588 -0.00690143 -0.07222059
v 0.03161497 -0.00290183 -0.07192223
v 0.03161497 -0.00690183 -0.07192769
v 0.03209126 -0.00290267 -0.07130902
v 0.03209126 -0.00690266 -0.07131448
v 0.03219714 -0.00290372 -0.07053981
v 0.03219714 -0.00690371 -0.07054527
v 0.03190422 -0.00290470 -0.06982072
v 0.03190422 -0.00690470 -0.06982619
v 0.03129101 -0.00290535 -0.06934443
v 0.03129101 -0.00690535 -0.06934989
v 0.03052180 -0.00290549 -0.06923855
v 0.03052180 -0.00690549 -0.06924401
v 0.02759004 -0.00494475 -0.04048213
v 0.02759004 -0.00994474 -0.04048895
v 0.02771051 -0.00994458 -0.04060569
v 0.02771051 -0.00294459 -0.04059613
v 0.02267029 -0.00494993 -0.03668405
v 0.02507752 -0.00294738 -0.03855104
v 0.02267029 -0.00294993 -0.03668132
v 0.01688531 -0.00295361 -0.03398621
v 0.01688531 -0.00495361 -0.03398894
v 0.01064565 -0.00295544 -0.03264595
v 0.01064565 -0.00495544 -0.03264868
v 0.00426420 -0.00495533 -0.03273048
v 0.00728065 -0.00295563 -0.03251038
v 0.00426420 -0.00295533 -0.03272774
v 0.03175323 -0.00993784 -0.04554390
v 0.03175323 -0.00293785 -0.04553435
v 0.03459574 -0.00993004 -0.05125789
v 0.03459574 -0.00293005 -0.05124834
v 0.03609549 -0.00992158 -0.05746114
v 0.03609549 -0.00292158 -0.05745159
v 0.03244381 -0.00779971 -0.07348169
v 0.03244381 -0.00989970 -0.07348456
v 0.03267211 -0.00989992 -0.07332639
v 0.03030359 -0.00780786 -0.06750890
v 0.03030359 -0.00690786 -0.06750768
v 0.03164764 -0.00780770 -0.06762208
v 0.03197020 -0.00690755 -0.06773707
v 0.03164764 -0.00990770 -0.06762495
v 0.03267211 -0.00689992 -0.07332230
v 0.03111409 -0.00689906 -0.07395694
v 0.03111409 -0.00779906 -0.07395817
v 0.03370408 -0.00690174 -0.07199367
v 0.03370408 -0.00990173 -0.07199777
v 0.03393348 -0.00690401 -0.07032706
v 0.03393348 -0.00990401 -0.07033116
v 0.03329884 -0.00690614 -0.06876904
v 0.03329884 -0.00990613 -0.06877313
v 0.03197020 -0.00990754 -0.06774116
v -0.00208858 -0.00456268 0.01661306
v -0.00208858 -0.00302268 0.01661517
v -0.00094636 -0.00461090 0.01655370
v -0.00042197 -0.00302237 0.01638577
v -0.00042001 -0.00466712 0.01638270
v 0.00038891 -0.00480752 0.01589175
v 0.00090666 -0.00302096 0.01535380
v 0.00090792 -0.00495139 0.01534950
v 0.00129328 -0.00511845 0.01469238
v 0.00154130 -0.00301883 0.01379578
v 0.00154132 -0.00533887 0.01379246
v 0.00156535 -0.00541365 0.01347953
v 0.00131190 -0.00301656 0.01212917
v 0.00131221 -0.00572639 0.01212620
v 0.00123662 -0.00576352 0.01195977
v 0.00027994 -0.00301475 0.01080054
v 0.00028051 -0.00601016 0.01079689
v 0.00019912 -0.00602187 0.01073712
v -0.00127809 -0.00301388 0.01016590
v -0.00127809 -0.00611388 0.01016167
v -0.01284701 -0.00617155 0.00845573
v -0.01284701 -0.00301155 0.00846004
v -0.01170479 -0.00621977 0.00839636
v -0.01118040 -0.00301124 0.00823065
v -0.01117844 -0.00627599 0.00822536
v -0.01036952 -0.00641639 0.00773441
v -0.00985177 -0.00300983 0.00719868
v -0.00985051 -0.00656026 0.00719216
v -0.00946515 -0.00672732 0.00653504
v -0.00921713 -0.00300770 0.00564066
v -0.00921711 -0.00694773 0.00563512
v -0.00919308 -0.00702252 0.00532220
v -0.00944653 -0.00300543 0.00397405
v -0.00944622 -0.00733526 0.00396887
v -0.00952181 -0.00737239 0.00380244
v -0.01047849 -0.00300361 0.00264542
v -0.01047793 -0.00761902 0.00263955
v -0.01055931 -0.00763074 0.00257978
v -0.01203652 -0.00300275 0.00201078
v -0.01203652 -0.00772274 0.00200433
v 0.01035318 -0.00617553 0.01137135
v 0.01035318 -0.00301553 0.01137566
v 0.01149540 -0.00622375 0.01131199
v 0.01201979 -0.00301522 0.01114627
v 0.01202176 -0.00627997 0.01114098
v 0.01283068 -0.00642037 0.01065003
v 0.01334842 -0.00301381 0.01011430
v 0.01334969 -0.00656424 0.01010778
v 0.01373504 -0.00673130 0.00945067
v 0.01398307 -0.00301168 0.00855628
v 0.01398309 -0.00695171 0.00855074
v 0.01400712 -0.00702650 0.00823782
v 0.01375367 -0.00300941 0.00688967
v 0.01375398 -0.00733924 0.00688449
v 0.01367839 -0.00737637 0.00671806
v 0.01272170 -0.00300759 0.00556104
v 0.01272227 -0.00762300 0.00555517
v 0.01264089 -0.00763472 0.00549541
v 0.01116368 -0.00300673 0.00492640
v 0.01116368 -0.00772672 0.00491995
v -0.01116368 -0.00939326 -0.00494332
v -0.01116368 -0.00299327 -0.00493459
v -0.01000969 -0.00944249 -0.00500545
v -0.00949707 -0.00299295 -0.00516398
v -0.00816844 -0.00299155 -0.00619595
v -0.00863520 -0.00964983 -0.00570774
v -0.00949498 -0.00949772 -0.00517374
v -0.00753379 -0.00298942 -0.00775397
v -0.00771435 -0.00999041 -0.00703032
v -0.00816705 -0.00978201 -0.00620705
v -0.01035318 -0.00298446 -0.01138385
v -0.01035318 -0.00998446 -0.01139341
v -0.00879516 -0.00298533 -0.01074921
v -0.00879516 -0.00998532 -0.01075876
v -0.00776319 -0.00298714 -0.00942058
v -0.00776319 -0.00998714 -0.00943014
v -0.00753379 -0.00998941 -0.00776353
v 0.01203652 -0.00939724 -0.00202770
v 0.01203652 -0.00299725 -0.00201897
v 0.01319051 -0.00944647 -0.00208983
v 0.01370313 -0.00299693 -0.00224836
v 0.01503176 -0.00299553 -0.00328033
v 0.01456500 -0.00965381 -0.00279212
v 0.01370521 -0.00950170 -0.00225812
v 0.01566640 -0.00299340 -0.00483835
v 0.01548585 -0.00999439 -0.00411470
v 0.01503315 -0.00978599 -0.00329143
v 0.01284701 -0.00298844 -0.00846823
v 0.01284701 -0.00998844 -0.00847778
v 0.01440504 -0.00298931 -0.00783359
v 0.01440504 -0.00998930 -0.00784314
v 0.01543701 -0.00299112 -0.00650496
v 0.01543701 -0.00999112 -0.00651451
v 0.01566640 -0.00999339 -0.00484791
v -0.00748157 -0.00567409 0.01123568
v -0.00757498 -0.00567337 0.01122690
v -0.00757498 -0.00001533 0.01123462
v -0.00679846 -0.00572241 0.01111785
v -0.00680578 -0.00001519 0.01112875
v -0.00622527 -0.00584175 0.01068610
v -0.00619256 -0.00001454 0.01065246
v -0.00619242 -0.00585263 0.01064429
v -0.00591090 -0.00601366 0.00999953
v -0.00589965 -0.00001356 0.00993337
v -0.00589965 -0.00601355 0.00992518
v -0.00592502 -0.00601285 0.00940672
v -0.00600553 -0.00001251 0.00916416
v -0.00600553 -0.00601250 0.00915597
v -0.00617630 -0.00601209 0.00885388
v -0.00648182 -0.00001167 0.00855095
v -0.00648182 -0.00601167 0.00854276
v -0.00662618 -0.00601153 0.00844597
v -0.00720091 -0.00001127 0.00825804
v -0.00720091 -0.00601127 0.00824985
v -0.00725697 -0.00628202 0.00869556
v -0.00780630 -0.00601133 0.00829766
v -0.00773766 -0.00626323 0.00871417
v -0.00797011 -0.00601141 0.00835572
v -0.00833958 -0.00618240 0.00897958
v -0.00834311 -0.00601172 0.00858157
v -0.00858333 -0.00601206 0.00883202
v -0.00872338 -0.00601237 0.00905505
v -0.00887624 -0.00601304 0.00955111
v -0.00888374 -0.00601315 0.00962593
v -0.00716760 -0.00002402 0.01759616
v -0.00716850 -0.00417945 0.01759012
v -0.00663173 -0.00414597 0.01779942
v -0.00539130 -0.00002487 0.01821904
v -0.00236914 -0.00402573 0.01884624
v -0.00236914 -0.00002573 0.01885170
v -0.01029755 -0.00447134 0.01596139
v -0.01147759 -0.00002067 0.01514148
v -0.01148000 -0.00463195 0.01513336
v -0.01376968 -0.00504828 0.01308495
v -0.01500541 -0.00001591 0.01165493
v -0.01500703 -0.00535194 0.01164556
v -0.01609185 -0.00568664 0.01009434
v -0.01751063 -0.00001007 0.00737411
v -0.01751163 -0.00629059 0.00736317
v -0.01797272 -0.00656300 0.00615395
v -0.01882254 -0.00000354 0.00259077
v -0.01882266 -0.00738352 0.00257981
v -0.01885172 -0.00499676 -0.00237596
v -0.01885172 -0.00855676 -0.00238082
v -0.01889220 -0.00751611 0.00201084
v -0.01885172 0.00000323 -0.00236914
v -0.01759618 0.00000978 -0.00716759
v -0.01759618 -0.00499021 -0.00717442
v -0.01514149 0.00001567 -0.01147758
v -0.01514149 -0.00498433 -0.01148441
v -0.01165494 0.00002048 -0.01500540
v -0.01165494 -0.00497951 -0.01501222
v -0.00737412 0.00002390 -0.01751062
v -0.00737412 -0.00497609 -0.01751744
v -0.00259077 0.00002569 -0.01882252
v -0.00259077 -0.00497430 -0.01882934
v 0.00236914 0.00002573 -0.01885170
v 0.00236914 -0.00497426 -0.01885852
v 0.02311348 -0.00995694 -0.03155622
v 0.02311348 -0.00495694 -0.03154940
v 0.01959986 -0.00999510 -0.00359768
v 0.01885171 -0.00500323 0.00236231
v 0.01885171 -0.00856323 0.00235745
v 0.01778356 -0.00750844 0.00667894
v 0.01759648 -0.00738975 0.00715678
v 0.01759618 -0.00000978 0.00716759
v 0.01885171 -0.00000323 0.00236914
v 0.01882254 -0.00499646 -0.00259759
v 0.01882254 0.00000354 -0.00259077
v 0.01751063 -0.00498993 -0.00738094
v 0.01751063 0.00001007 -0.00737412
v 0.01500541 -0.00498409 -0.01166175
v 0.01500541 0.00001591 -0.01165493
v 0.01147759 -0.00497933 -0.01514831
v 0.01147759 0.00002067 -0.01514148
v 0.00716760 -0.00497598 -0.01760299
v 0.00716760 0.00002402 -0.01759616
v 0.01514149 -0.00001567 0.01147758
v 0.01514318 -0.00629624 0.01146679
v 0.01591032 -0.00657720 0.01037668
v 0.01165494 -0.00002048 0.01500540
v 0.00737412 -0.00002390 0.01751062
v 0.00737696 -0.00463519 0.01750313
v 0.00942894 -0.00493671 0.01648858
v 0.01165763 -0.00535665 0.01499602
v 0.01298027 -0.00566340 0.01386717
v 0.00259077 -0.00002569 0.01882252
v 0.00131015 -0.00411143 0.01894918
v 0.00259238 -0.00418117 0.01881663
v 0.00543565 -0.00441221 0.01819986
v -0.01810357 -0.00998863 -0.00833596
v -0.01454290 -0.00494996 -0.03666205
v -0.01454290 -0.00784996 -0.03666601
v -0.01554739 -0.00786087 -0.02867308
v -0.01554739 -0.00996087 -0.02867595
v 0.00132661 -0.00995000 -0.03663400
v 0.00155600 -0.00995228 -0.03496739
v -0.01201979 -0.00998477 -0.01116401
v -0.01334842 -0.00998618 -0.01013205
v -0.01398307 -0.00998831 -0.00857402
v -0.01398955 -0.00998934 -0.00781894
v 0.02633019 -0.00993322 -0.04892677
v 0.02500156 -0.00993463 -0.04789481
v -0.00276286 -0.00994242 -0.04218726
v 0.02872643 -0.00991091 -0.06527577
v 0.02995855 -0.00990892 -0.06673449
v 0.02813098 -0.00991338 -0.06346156
v 0.02459631 -0.00993904 -0.04467018
v 0.02562828 -0.00994085 -0.04334155
v 0.02391293 -0.00995244 -0.03484873
v 0.04062239 -0.00987241 -0.09348259
v 0.02436692 -0.00993676 -0.04633678
v 0.01118040 -0.00998875 -0.00824839
v 0.00985177 -0.00999016 -0.00721642
v 0.00328988 -0.00994647 -0.03922399
v 0.00196125 -0.00994788 -0.03819203
v -0.00455181 -0.00994256 -0.04208855
v -0.00619111 -0.00994355 -0.04136550
v -0.00747026 -0.00994526 -0.04011097
v -0.00154130 -0.00998115 -0.01381352
v -0.00090666 -0.00997903 -0.01537155
v 0.00042197 -0.00997762 -0.01640351
v 0.00258797 -0.00995409 -0.03363876
v 0.00921713 -0.00999229 -0.00565840
v 0.00921065 -0.00999332 -0.00490332
v -0.00027994 -0.00998524 -0.01081829
v -0.00131190 -0.00998343 -0.01214692
v 0.02543093 -0.00994831 -0.03787782
v 0.03107316 -0.00989795 -0.07476635
v 0.03027159 -0.00989564 -0.07646316
v 0.03015202 -0.00989308 -0.07833596
v 0.03783352 -0.00985088 -0.10925346
v 0.03894663 -0.00985195 -0.10847219
v 0.03648984 -0.00985059 -0.10946301
v 0.03960043 -0.00985357 -0.10727975
v 0.03519169 -0.00985115 -0.10905778
v 0.03420584 -0.00985243 -0.10812104
v 0.03373485 -0.00985417 -0.10684528
v 0.04079538 -0.00986284 -0.10049289
v -0.00608931 -0.00612269 0.00951629
v -0.00660182 -0.00624260 0.00894489
v -0.00877036 -0.00001410 0.01032850
v -0.00877058 -0.00585225 0.01032002
v -0.00887624 -0.00001305 0.00955930
v -0.00888794 -0.00598736 0.00973433
v -0.00829407 -0.00001493 0.01094171
v -0.00824341 -0.00571401 0.01097070
v -0.00829440 -0.00572125 0.01093367
v -0.00871419 -0.00582574 0.01043916
v -0.00797011 -0.00001142 0.00836391
v -0.00858333 -0.00001207 0.00884021
v 0.01047849 -0.00299638 -0.00265361
v 0.00956510 -0.00972868 -0.00374041
v 0.00944653 -0.00299457 -0.00398224
v 0.01047774 -0.00950099 -0.00266306
v 0.01059559 -0.00948432 -0.00257773
v 0.00944618 -0.00978475 -0.00399233
v 0.00921713 -0.00299229 -0.00564885
v 0.00985177 -0.00299017 -0.00720687
v 0.01118040 -0.00298876 -0.00823884
v -0.01272170 -0.00299240 -0.00556923
v -0.01363509 -0.00972470 -0.00665603
v -0.01375367 -0.00299059 -0.00689786
v -0.01272246 -0.00949701 -0.00557868
v -0.01260460 -0.00948034 -0.00549335
v -0.01375402 -0.00978077 -0.00690795
v -0.01398307 -0.00298831 -0.00856447
v -0.01334842 -0.00298619 -0.01012249
v -0.01201979 -0.00298478 -0.01115446
v 0.01002146 -0.00767850 0.00497932
v 0.00949707 -0.00300704 0.00515579
v 0.00949510 -0.00762228 0.00515032
v 0.00868618 -0.00748188 0.00564127
v 0.00816844 -0.00300845 0.00618776
v 0.00816717 -0.00733801 0.00618352
v 0.00778182 -0.00717095 0.00684064
v 0.00753380 -0.00301058 0.00774578
v 0.00753378 -0.00695053 0.00774056
v 0.00776319 -0.00301285 0.00941239
v 0.00776288 -0.00656301 0.00940681
v 0.00750974 -0.00687575 0.00805348
v 0.00879516 -0.00301466 0.01074102
v 0.00887597 -0.00626754 0.01079590
v 0.00879459 -0.00627925 0.01073613
v 0.00783847 -0.00652588 0.00957324
v -0.01317874 -0.00767452 0.00206370
v -0.01370313 -0.00300306 0.00224017
v -0.01370509 -0.00761830 0.00223470
v -0.01451401 -0.00747790 0.00272565
v -0.01503176 -0.00300447 0.00327214
v -0.01503303 -0.00733403 0.00326790
v -0.01541838 -0.00716697 0.00392502
v -0.01566640 -0.00300660 0.00483016
v -0.01566642 -0.00694655 0.00482494
v -0.01543701 -0.00300887 0.00649677
v -0.01543732 -0.00655903 0.00649119
v -0.01569046 -0.00687177 0.00513786
v -0.01440504 -0.00301068 0.00782540
v -0.01432423 -0.00626356 0.00788028
v -0.01440561 -0.00627527 0.00782051
v -0.01536172 -0.00652190 0.00665762
v -0.00242031 -0.00606566 0.01022103
v -0.00294470 -0.00301419 0.01039530
v -0.00294666 -0.00600943 0.01039204
v -0.00375558 -0.00586903 0.01088298
v -0.00427333 -0.00301560 0.01142726
v -0.00427460 -0.00572516 0.01142524
v -0.00465995 -0.00555811 0.01208235
v -0.00490797 -0.00301773 0.01298529
v -0.00490799 -0.00533769 0.01298227
v -0.00467858 -0.00302000 0.01465189
v -0.00467888 -0.00495016 0.01464853
v -0.00493203 -0.00526290 0.01329520
v -0.00364661 -0.00302182 0.01598052
v -0.00356580 -0.00465469 0.01603761
v -0.00364718 -0.00466640 0.01597785
v -0.00460329 -0.00491303 0.01481496
v 0.02543093 -0.00494831 -0.03787100
v 0.02391293 -0.00495245 -0.03484191
v -0.01449728 -0.00494541 -0.03999477
v -0.01518875 -0.00494096 -0.04325529
v -0.00169696 -0.00495340 -0.03414325
v -0.00721847 -0.00494978 -0.03679736
v -0.01204520 -0.00494463 -0.04057017
v -0.01595413 -0.00493819 -0.04528734
v -0.01658316 -0.00493683 -0.04628263
v 0.02813098 -0.00781339 -0.06345870
v 0.02874557 -0.00690699 -0.06814232
v 0.02874557 -0.00780699 -0.06814355
v 0.02771360 -0.00690518 -0.06947094
v 0.02771360 -0.00780518 -0.06947217
v 0.02748421 -0.00690291 -0.07113755
v 0.02748421 -0.00780290 -0.07113878
v 0.02811885 -0.00690078 -0.07269558
v 0.02811885 -0.00780078 -0.07269681
v 0.02944748 -0.00689937 -0.07372755
v 0.02944748 -0.00779937 -0.07372878
v 0.03373485 -0.00775417 -0.10684241
v 0.03015202 -0.00779308 -0.07833309
v 0.03960043 -0.00775358 -0.10727688
v 0.03894663 -0.00775195 -0.10846932
v 0.03783352 -0.00775088 -0.10925059
v 0.03648984 -0.00775060 -0.10946014
v 0.03519169 -0.00775115 -0.10905491
v 0.03420584 -0.00775243 -0.10811818
v 0.02241871 -0.00772434 -0.12869816
v 0.02241871 -0.00282434 -0.12869146
v 0.02823779 -0.00282968 -0.12477833
v 0.02823779 -0.00772968 -0.12478502
v 0.03316001 -0.00283650 -0.11978372
v 0.03316001 -0.00773650 -0.11979041
v 0.03698776 -0.00284452 -0.11390813
v 0.03698776 -0.00774452 -0.11391483
v 0.03956740 -0.00285342 -0.10738742
v 0.03956740 -0.00775342 -0.10739411
v 0.04079538 -0.00286285 -0.10048334
v 0.04062239 -0.00287241 -0.09347303
v 0.03999270 -0.00287925 -0.08846246
v 0.03897263 -0.00289033 -0.08034556
v 0.03875442 -0.00289270 -0.07860921
v 0.03821525 -0.00289856 -0.07431889
v -0.01204520 -0.00294463 -0.04056744
v -0.00721847 -0.00294978 -0.03679463
v -0.00169696 -0.00295340 -0.03414052
v -0.01483806 -0.00294033 -0.04371493
v -0.01595413 -0.00293819 -0.04528461
v -0.01876462 -0.00293076 -0.05072819
v -0.00411711 -0.00288141 -0.08688586
v -0.00411711 -0.00778140 -0.08689255
v -0.00574010 -0.00288251 -0.08607379
v -0.00937237 -0.00778570 -0.08374396
v -0.01383333 -0.00779143 -0.07954501
v -0.01268545 -0.00288971 -0.08080079
v -0.00937237 -0.00288570 -0.08373728
v -0.01569982 -0.00779475 -0.07711061
v -0.01729385 -0.00289834 -0.07448301
v -0.01383333 -0.00289144 -0.07953832
v -0.01729385 -0.00779833 -0.07448970
v -0.01959404 -0.00780608 -0.06881163
v -0.01959404 -0.00290609 -0.06880494
v -0.02062762 -0.00781432 -0.06277316
v -0.02062762 -0.00291433 -0.06276648
v -0.02034682 -0.00782268 -0.05665332
v -0.02034682 -0.00292268 -0.05664663
v -0.01876462 -0.00783075 -0.05073487
v -0.01658316 -0.00783683 -0.04628659
v -0.00747026 -0.00784526 -0.04010810
v -0.00276286 -0.00784243 -0.04218439
v 0.00494141 -0.00778966 -0.08084393
v -0.00009370 -0.00779154 -0.07946298
v -0.00202391 -0.00778924 -0.08114629
v 0.00882255 -0.00778638 -0.08324564
v 0.00779058 -0.00778456 -0.08457426
v 0.00756119 -0.00778229 -0.08624087
v 0.01401007 -0.00776550 -0.09854241
v 0.02609175 -0.00774374 -0.11448081
v 0.02687285 -0.00774113 -0.11639838
v 0.03027159 -0.00779564 -0.07646029
v 0.01237484 -0.00776723 -0.09727230
v 0.00952446 -0.00777875 -0.08883085
v 0.00705662 -0.00773742 -0.11911245
v 0.01494161 -0.00772325 -0.12949532
v 0.01323873 -0.00775785 -0.10414642
v 0.01450884 -0.00776008 -0.10251119
v 0.01479117 -0.00776288 -0.10045998
v 0.02445651 -0.00774548 -0.11321070
v 0.00448424 -0.00776536 -0.09864353
v 0.00353995 -0.00777037 -0.09497187
v 0.00170526 -0.00777490 -0.09165421
v 0.01152972 -0.00772563 -0.12775378
v 0.00902293 -0.00772958 -0.12485725
v 0.00776478 -0.00773337 -0.12207896
v 0.02659052 -0.00773833 -0.11844959
v 0.02532040 -0.00773609 -0.12008482
v 0.01875794 -0.00772280 -0.12982629
v -0.01796177 -0.00782727 -0.05329124
v -0.01859641 -0.00782939 -0.05173321
v -0.01836702 -0.00783167 -0.05006661
v -0.01449728 -0.00784541 -0.03999873
v -0.01351585 -0.00779200 -0.07912807
v -0.01663314 -0.00782586 -0.05432321
v -0.01518875 -0.00784096 -0.04325925
v -0.01733505 -0.00783348 -0.04873798
v -0.00459983 -0.00779514 -0.07682591
v -0.00249184 -0.00779319 -0.07825766
v 0.00819583 -0.00778016 -0.08779889
v -0.00090262 -0.00777866 -0.08890252
v -0.01547912 -0.00779553 -0.07653809
v -0.01524973 -0.00779781 -0.07487147
v -0.01421776 -0.00779962 -0.07354285
v -0.01424809 -0.00779258 -0.07869954
v -0.01484448 -0.00779341 -0.07809611
v -0.00619111 -0.00784355 -0.04136264
v -0.01214467 -0.00782042 -0.05830363
v -0.00826988 -0.00780021 -0.07311242
v -0.01085376 -0.00780640 -0.06857558
v -0.01217538 -0.00781330 -0.06352458
v -0.01076371 -0.00782730 -0.05326853
v -0.00812664 -0.00783345 -0.04876241
v -0.00643847 -0.00783605 -0.04685358
v -0.00455181 -0.00784256 -0.04208568
v -0.00441315 -0.00783846 -0.04509235
v 0.00012369 -0.00784198 -0.04250848
v 0.03107316 -0.00779796 -0.07476348
v 0.02995855 -0.00780892 -0.06673162
v 0.02872643 -0.00781091 -0.06527291
v 0.00448424 -0.00286537 -0.09863684
v 0.00594908 -0.00284946 -0.11029286
v 0.00705662 -0.00283743 -0.11910576
v 0.00902293 -0.00282958 -0.12485056
v 0.00776478 -0.00283338 -0.12207227
v 0.02932642 -0.00690425 -0.07015014
v 0.02922055 -0.00690320 -0.07091934
v 0.02951346 -0.00690222 -0.07163843
v 0.03012667 -0.00690157 -0.07211473
v 0.02980272 -0.00690509 -0.06953693
v 0.00012369 -0.00294199 -0.04250179
v 0.00179961 -0.00294504 -0.04026984
v -0.01013035 -0.00289027 -0.08039460
v -0.00886649 -0.00294321 -0.04161027
v 0.01686323 -0.00285133 -0.10892125
v 0.01875794 -0.00282280 -0.12981962
v 0.01494161 -0.00282325 -0.12948863
v 0.02532040 -0.00283610 -0.12007813
v 0.02659052 -0.00283833 -0.11844290
v 0.02687285 -0.00284113 -0.11639169
v 0.02968708 -0.00285353 -0.10730965
v 0.02609175 -0.00284375 -0.11447412
v 0.02445651 -0.00284548 -0.11320401
v 0.01826219 -0.00285157 -0.10874545
v 0.03365590 -0.00285421 -0.10681088
v 0.03148439 -0.00287779 -0.08953172
v 0.02700938 -0.00293543 -0.04730440
v 0.02758718 -0.00292012 -0.05852085
v 0.02668542 -0.00293895 -0.04472660
v 0.02620913 -0.00293812 -0.04533982
v 0.02610326 -0.00293707 -0.04610902
v 0.02639617 -0.00293608 -0.04682811
v 0.00894224 -0.00295280 -0.03458485
v 0.00754328 -0.00295256 -0.03476066
v -0.00266864 -0.00294994 -0.03667584
v -0.00243872 -0.00295084 -0.03601512
v -0.00812664 -0.00293345 -0.04875572
v -0.00441315 -0.00293846 -0.04508566
v -0.01627790 -0.00293158 -0.05012590
v -0.01675420 -0.00293075 -0.05073911
v -0.01686007 -0.00292970 -0.05150832
v -0.01656716 -0.00292871 -0.05222741
v -0.01788054 -0.00291232 -0.06423488
v -0.01595394 -0.00292806 -0.05270370
v -0.01225011 -0.00291329 -0.06352729
v -0.01374278 -0.00289584 -0.07631318
v -0.01316061 -0.00289772 -0.07493076
v -0.01363690 -0.00289689 -0.07554398
v -0.01344987 -0.00289486 -0.07703227
v -0.01283665 -0.00289421 -0.07750857
v -0.00333042 -0.00288308 -0.08566187
v -0.00090262 -0.00287866 -0.08889583
v 0.00368964 -0.00288428 -0.08477965
v 0.00170526 -0.00287491 -0.09164752
v 0.00688123 -0.00284962 -0.11017571
v 0.00470972 -0.00287320 -0.09289656
v 0.00353995 -0.00287038 -0.09496517
v 0.01152972 -0.00282563 -0.12774709
v 0.01052727 -0.00285024 -0.10971751
v 0.01323873 -0.00285785 -0.10413973
v 0.01450884 -0.00286009 -0.10250450
v 0.01479117 -0.00286289 -0.10045329
v 0.01469171 -0.00287491 -0.09164210
v 0.01401007 -0.00286550 -0.09853572
v 0.01237484 -0.00286724 -0.09726561
v 0.00835576 -0.00287383 -0.09243835
v -0.00826988 -0.00290022 -0.07310573
v -0.00459983 -0.00289515 -0.07681922
v -0.00408780 -0.00289130 -0.07963522
v -0.00009370 -0.00289155 -0.07945630
v -0.00354863 -0.00288545 -0.08392554
v -0.01085376 -0.00290641 -0.06856889
v -0.01076371 -0.00292730 -0.05326184
v -0.01214467 -0.00292043 -0.05829694
v -0.01217538 -0.00291330 -0.06351790
v 0.02095942 -0.00294832 -0.03786198
v 0.00953452 -0.00294636 -0.03929777
v 0.02970693 -0.00289710 -0.07538816
v 0.02627728 -0.00289056 -0.08017725
v 0.02573811 -0.00289642 -0.07588693
v 0.00347143 -0.00288665 -0.08304331
v 0.00494141 -0.00288966 -0.08083724
v 0.00711748 -0.00288728 -0.08258510
v 0.01345343 -0.00288836 -0.08178885
v 0.01485239 -0.00288860 -0.08161304
v 0.00120733 -0.00295147 -0.03555692
v 0.00364512 -0.00295220 -0.03502382
v 0.00316883 -0.00295136 -0.03563703
v 0.00306295 -0.00295031 -0.03640623
v 0.00335586 -0.00294933 -0.03712532
v 0.00396908 -0.00294868 -0.03760162
v 0.00813557 -0.00294612 -0.03947359
v 0.01590420 -0.00288387 -0.08508304
v 0.01651741 -0.00288322 -0.08555932
v 0.01609067 -0.00287515 -0.09146629
v 0.02751557 -0.00287711 -0.09003049
v 0.02649549 -0.00288819 -0.08191358
v 0.01561129 -0.00288485 -0.08436395
v 0.01507060 -0.00288623 -0.08334938
v 0.01571716 -0.00288590 -0.08359474
v 0.01619346 -0.00288674 -0.08298153
v -0.00314493 -0.00294910 -0.03728905
v -0.00325081 -0.00294805 -0.03805825
v -0.00295790 -0.00294707 -0.03877734
v -0.00184643 -0.00294441 -0.04072805
v -0.00234468 -0.00294642 -0.03925363
v 0.00959044 -0.00288161 -0.08673505
v 0.01020365 -0.00288096 -0.08721134
v 0.00940340 -0.00288364 -0.08524676
v 0.00929753 -0.00288259 -0.08601596
v 0.00733569 -0.00288491 -0.08432144
v 0.01367164 -0.00288599 -0.08352519
v 0.00987970 -0.00288448 -0.08463355
v 0.03024611 -0.00289124 -0.07967848
v 0.03046432 -0.00288887 -0.08141482
v 0.02980272 -0.00290509 -0.06953147
v 0.03012667 -0.00290158 -0.07210927
v 0.02932642 -0.00290426 -0.07014468
v 0.02922055 -0.00290321 -0.07091389
v 0.02951346 -0.00290223 -0.07163297
v 0.01377645 0.00000228 -0.00167023
v -0.00925452 -0.00000306 0.00223851
v -0.00841285 0.00000609 -0.00445881
v 0.00748909 0.00001735 -0.01271111
v 0.00110117 0.00002017 -0.01477704
v 0.01443679 0.00000945 -0.00692464
v 0.01293478 -0.00000686 0.00502709
v 0.01227445 -0.00001403 0.01028150
v 0.01204065 -0.00001657 0.01214186
v -0.00306575 -0.00001908 0.01397679
v -0.00317163 -0.00001803 0.01320759
v -0.00434860 -0.00001376 0.01008219
v -0.00287872 -0.00001705 0.01248850
v -0.00226550 -0.00001640 0.01201221
v 0.00448508 -0.00001528 0.01119234
v -0.00258946 -0.00001991 0.01459001
v -0.00991486 -0.00001023 0.00749292
v -0.01014865 -0.00001277 0.00935328
v -0.01334789 -0.00000878 0.00643488
v -0.01382419 -0.00000795 0.00582167
v -0.01393006 -0.00000690 0.00505247
v -0.01363715 -0.00000591 0.00433338
v -0.01302393 -0.00000526 0.00385709
v -0.01134060 0.00001302 -0.00953754
v -0.01166456 0.00000950 -0.00695974
v -0.01214085 0.00001034 -0.00757296
v -0.00775252 0.00001326 -0.00971322
v -0.01224672 0.00001139 -0.00834216
v -0.01195381 0.00001237 -0.00906125
v -0.00714465 0.00001986 -0.01455017
v -0.00134460 0.00001887 -0.01382126
v -0.00411481 -0.00001122 0.00822182
v 0.01122843 -0.00000371 0.00272036
v 0.00537921 -0.00000557 0.00407756
v 0.01075213 -0.00000288 0.00210714
v 0.01064626 -0.00000183 0.00133794
v 0.00622088 0.00000358 -0.00261975
v 0.01093917 -0.00000084 0.00061885
v 0.01155238 -0.00000019 0.00014256
v 0.00688122 0.00001075 -0.00787416
v 0.00077721 0.00001665 -0.01219925
v -0.00195247 0.00001226 -0.00898431
v 0.00030092 0.00001749 -0.01281246
v 0.00019504 0.00001854 -0.01358167
v 0.00048796 0.00001952 -0.01430075
v 0.00985230 -0.00001276 0.00935050
v 0.00471888 -0.00001274 0.00933197
v 0.00937601 -0.00001193 0.00873729
v 0.00927014 -0.00001088 0.00796809
v 0.00956305 -0.00000989 0.00724900
v 0.01017626 -0.00000924 0.00677271
v -0.00345447 -0.00000405 0.00296741
v -0.00261280 0.00000509 -0.00372990
v 0.01105935 0.00000636 -0.00465734
v 0.01095347 0.00000741 -0.00542654
v 0.01153564 0.00000552 -0.00404412
v 0.01124639 0.00000839 -0.00614563
v 0.01185960 0.00000904 -0.00662192
v -0.00565273 0.00001375 -0.01007593
v -0.00532877 0.00001727 -0.01265373
v -0.00612902 0.00001459 -0.01068914
v -0.00623490 0.00001564 -0.01145835
v -0.00594199 0.00001662 -0.01217743
v 0.01323873 -0.00875785 -0.10414778
v 0.01450884 -0.00876008 -0.10251255
v 0.01479117 -0.00876288 -0.10046134
v 0.01401007 -0.00876550 -0.09854378
v 0.01237484 -0.00876723 -0.09727366
v 0.01233260 -0.00875948 -0.10295241
v 0.01312642 -0.00876088 -0.10193039
v 0.01330288 -0.00876263 -0.10064837
v 0.01281469 -0.00876426 -0.09944990
v 0.01179267 -0.00876534 -0.09865607
v 0.01233260 -0.01445947 -0.10296018
v 0.01312642 -0.01446087 -0.10193817
v 0.01330288 -0.01446262 -0.10065616
v 0.01281469 -0.01446426 -0.09945768
v 0.01179267 -0.01446534 -0.09866386
v 0.01284994 -0.01476103 -0.10182215
v 0.01300522 -0.01476257 -0.10069397
v 0.01257562 -0.01476401 -0.09963932
v 0.01167624 -0.01476496 -0.09894075
v 0.01006729 -0.01476355 -0.09997214
v 0.00967037 -0.01476286 -0.10048316
v 0.00958215 -0.01476198 -0.10112416
v 0.00982624 -0.01476116 -0.10172340
v 0.01033725 -0.01476062 -0.10212031
v 0.01215137 -0.01475980 -0.10272152
v 0.02532040 -0.00873609 -0.12008619
v 0.02659052 -0.00873832 -0.11845095
v 0.02687285 -0.00874112 -0.11639974
v 0.02609175 -0.00874374 -0.11448217
v 0.02445651 -0.00874548 -0.11321206
v 0.02441428 -0.00873772 -0.11889081
v 0.02520810 -0.00873912 -0.11786879
v 0.02538456 -0.00874087 -0.11658678
v 0.02489637 -0.00874251 -0.11538830
v 0.02387435 -0.00874359 -0.11459448
v 0.02441428 -0.01443772 -0.11889859
v 0.02520810 -0.01443911 -0.11787657
v 0.02538456 -0.01444086 -0.11659456
v 0.02489637 -0.01444250 -0.11539607
v 0.02387435 -0.01444358 -0.11460226
v 0.02166382 -0.01474023 -0.11706257
v 0.02190792 -0.01473941 -0.11766180
v 0.02241893 -0.01473887 -0.11805872
v 0.02423305 -0.01473805 -0.11865992
v 0.02493162 -0.01473927 -0.11776054
v 0.02508690 -0.01474081 -0.11663238
v 0.02465729 -0.01474225 -0.11557771
v 0.02375791 -0.01474321 -0.11487915
v 0.02214896 -0.01474180 -0.11591055
v 0.02175205 -0.01474110 -0.11642157
v 0.01237484 -0.00186724 -0.09726425
v 0.01401007 -0.00186550 -0.09853436
v 0.01479117 -0.00186289 -0.10045192
v 0.01450884 -0.00186009 -0.10250314
v 0.01323873 -0.00185786 -0.10413837
v 0.01179267 -0.00186535 -0.09864666
v 0.01281469 -0.00186427 -0.09944048
v 0.01330288 -0.00186263 -0.10063896
v 0.01312642 -0.00186088 -0.10192097
v 0.01233260 -0.00185949 -0.10294299
v 0.01179267 0.00383464 -0.09863888
v 0.01281469 0.00383573 -0.09943270
v 0.01330288 0.00383736 -0.10063118
v 0.01312642 0.00383911 -0.10191319
v 0.01233260 0.00384051 -0.10293521
v 0.01257562 0.00413597 -0.09961352
v 0.01300522 0.00413741 -0.10066818
v 0.01284994 0.00413895 -0.10179634
v 0.01215137 0.00414018 -0.10269572
v 0.01033725 0.00413936 -0.10209451
v 0.00982624 0.00413882 -0.10169760
v 0.00958215 0.00413800 -0.10109836
v 0.00967037 0.00413713 -0.10045736
v 0.01006729 0.00413643 -0.09994635
v 0.01167624 0.00413502 -0.09891495
v 0.02445651 -0.00184548 -0.11320265
v 0.02609175 -0.00184375 -0.11447275
v 0.02687285 -0.00184113 -0.11639033
v 0.02659052 -0.00183833 -0.11844154
v 0.02532040 -0.00183610 -0.12007677
v 0.02387435 -0.00184360 -0.11458506
v 0.02489637 -0.00184251 -0.11537888
v 0.02538456 -0.00184088 -0.11657736
v 0.02520810 -0.00183913 -0.11785937
v 0.02441428 -0.00183773 -0.11888140
v 0.02387435 0.00385640 -0.11457729
v 0.02489637 0.00385748 -0.11537110
v 0.02538456 0.00385912 -0.11656959
v 0.02520810 0.00386087 -0.11785159
v 0.02441428 0.00386226 -0.11887361
v 0.02166382 0.00415976 -0.11703677
v 0.02175205 0.00415888 -0.11639576
v 0.02214896 0.00415818 -0.11588475
v 0.02375791 0.00415678 -0.11485336
v 0.02465729 0.00415773 -0.11555192
v 0.02508690 0.00415917 -0.11660658
v 0.02493162 0.00416071 -0.11773475
v 0.02423305 0.00416194 -0.11863413
v 0.02241893 0.00416112 -0.11803292
v 0.02190792 0.00416057 -0.11763601
v 0.00987970 -0.00678448 -0.08463888
v 0.00940340 -0.00678364 -0.08525208
v 0.00929753 -0.00678259 -0.08602129
v 0.00959044 -0.00678161 -0.08674038
v 0.01020365 -0.00678096 -0.08721667
v 0.00779058 -0.00678457 -0.08457290
v 0.00756119 -0.00678229 -0.08623949
v 0.00819583 -0.00678016 -0.08779752
v 0.00952446 -0.00677876 -0.08882949
v 0.00882255 -0.00678638 -0.08324426
v -0.01316061 -0.00679772 -0.07493609
v -0.01363690 -0.00679688 -0.07554930
v -0.01374278 -0.00679583 -0.07631851
v -0.01344987 -0.00679485 -0.07703760
v -0.01283665 -0.00679420 -0.07751389
v -0.01524973 -0.00679781 -0.07487011
v -0.01547912 -0.00679553 -0.07653672
v -0.01484448 -0.00679341 -0.07809474
v -0.01351585 -0.00679200 -0.07912671
v -0.01421776 -0.00679962 -0.07354148
v -0.01627790 -0.00683158 -0.05013122
v -0.01675420 -0.00683074 -0.05074444
v -0.01686007 -0.00682969 -0.05151364
v -0.01656716 -0.00682871 -0.05223273
v -0.01595394 -0.00682806 -0.05270902
v -0.01663314 -0.00682586 -0.05432184
v -0.01733505 -0.00683348 -0.04873662
v -0.01836702 -0.00683167 -0.05006525
v -0.01859641 -0.00682939 -0.05173185
v -0.01796177 -0.00682727 -0.05328988
v 0.02668542 -0.00693895 -0.04473206
v 0.02620913 -0.00693811 -0.04534528
v 0.02610326 -0.00693706 -0.04611448
v 0.02639617 -0.00693608 -0.04683357
v 0.02700938 -0.00693543 -0.04730986
v 0.02562828 -0.00694085 -0.04333745
v 0.02459631 -0.00693904 -0.04466608
v 0.02436692 -0.00693676 -0.04633269
v 0.02500156 -0.00693464 -0.04789071
v 0.02633019 -0.00693323 -0.04892268
v 0.00364512 -0.00695219 -0.03502928
v 0.00316883 -0.00695136 -0.03564249
v 0.00306295 -0.00695031 -0.03641170
v 0.00335586 -0.00694932 -0.03713078
v 0.00396908 -0.00694867 -0.03760708
v 0.00258797 -0.00695410 -0.03363467
v 0.00155600 -0.00695228 -0.03496330
v 0.00132661 -0.00695001 -0.03662990
v 0.00196125 -0.00694788 -0.03818793
v 0.00328988 -0.00694647 -0.03921990
v 0.00982624 -0.00336117 -0.10170784
v 0.00958215 -0.00336199 -0.10110860
v 0.01033725 -0.00336063 -0.10210475
v 0.01006729 -0.00336357 -0.09995659
v 0.00967037 -0.00336287 -0.10046759
v 0.02190792 -0.00333942 -0.11764625
v 0.02166382 -0.00334024 -0.11704700
v 0.02241893 -0.00333888 -0.11804315
v 0.02214896 -0.00334181 -0.11589499
v 0.02175205 -0.00334111 -0.11640600
v 0.02175205 -0.00724111 -0.11641133
v 0.02166382 -0.00724023 -0.11705233
v 0.02214896 -0.00724181 -0.11590032
v 0.02241893 -0.00723887 -0.11804848
v 0.02190792 -0.00723942 -0.11765157
v 0.00967037 -0.00726286 -0.10047292
v 0.00958215 -0.00726199 -0.10111392
v 0.01006729 -0.00726356 -0.09996191
v 0.01033725 -0.00726063 -0.10211007
v 0.00982624 -0.00726117 -0.10171316
v -0.00594199 -0.00598337 -0.01218562
v -0.00623490 -0.00598435 -0.01146654
v -0.00532877 -0.00598272 -0.01266192
v -0.00565273 -0.00598624 -0.01008412
v -0.00612902 -0.00598540 -0.01069733
v 0.01093917 -0.00600084 0.00061066
v 0.01064626 -0.00600182 0.00132975
v 0.01155238 -0.00600019 0.00013437
v 0.01122843 -0.00600371 0.00271217
v 0.01075213 -0.00600287 0.00209895
v 0.00077721 -0.00298335 -0.01220334
v 0.00030092 -0.00298251 -0.01281655
v 0.00019504 -0.00298146 -0.01358576
v 0.00048796 -0.00298048 -0.01430485
v 0.00110117 -0.00297983 -0.01478114
v -0.00131190 -0.00298344 -0.01213736
v -0.00154130 -0.00298116 -0.01380397
v -0.00090666 -0.00297903 -0.01536199
v 0.00042197 -0.00297763 -0.01639396
v -0.00027994 -0.00298525 -0.01080873
v 0.01153564 -0.00299448 -0.00404822
v 0.01105935 -0.00299364 -0.00466143
v 0.01095347 -0.00299259 -0.00543064
v 0.01124639 -0.00299161 -0.00614972
v 0.01185960 -0.00299096 -0.00662602
v -0.01166456 -0.00299050 -0.00696384
v -0.01214085 -0.00298966 -0.00757705
v -0.01224672 -0.00298861 -0.00834626
v -0.01195381 -0.00298763 -0.00906534
v -0.01134060 -0.00298698 -0.00954164
v 0.00985230 -0.00301276 0.00934641
v 0.00937601 -0.00301192 0.00873320
v 0.00927014 -0.00301087 0.00796399
v 0.00956305 -0.00300989 0.00724490
v 0.01017626 -0.00300924 0.00676861
v -0.01334789 -0.00300878 0.00643079
v -0.01382419 -0.00300794 0.00581757
v -0.01393006 -0.00300689 0.00504837
v -0.01363715 -0.00300591 0.00432928
v -0.01302393 -0.00300526 0.00385299
v -0.00258946 -0.00301991 0.01458591
v -0.00306575 -0.00301908 0.01397270
v -0.00317163 -0.00301803 0.01320350
v -0.00287872 -0.00301704 0.01248441
v -0.00226550 -0.00301639 0.01200811
v 0.01590420 -0.00638386 -0.08508781
v 0.01561129 -0.00638484 -0.08436873
v 0.01651741 -0.00638321 -0.08556410
v 0.01619346 -0.00638673 -0.08298631
v 0.01571716 -0.00638589 -0.08359952
v -0.00295790 -0.00644707 -0.03878212
v -0.00325081 -0.00644805 -0.03806303
v -0.00234468 -0.00644642 -0.03925841
v -0.00266864 -0.00644994 -0.03668061
v -0.00314493 -0.00644910 -0.03729383
f 1 2 3
f 4 5 6
f 7 8 9
f 10 11 12
f 12 11 4
f 12 4 13
f 13 4 6
f 14 15 16
f 17 18 19
f 19 18 20
f 21 22 9
f 9 22 19
f 9 19 7
f 7 19 20
f 7 20 23
f 19 24 17
f 17 24 25
f 17 25 26
f 26 25 27
f 26 27 28
f 28 27 29
f 28 29 30
f 30 29 31
f 31 29 12
f 31 12 32
f 32 12 13
f 32 13 33
f 13 34 33
f 33 34 35
f 33 35 36
f 36 35 37
f 36 37 38
f 38 37 23
f 38 23 39
f 39 23 20
f 40 41 21
f 21 41 42
f 21 42 22
f 22 42 43
f 22 43 44
f 44 43 45
f 44 45 46
f 47 11 48
f 48 11 10
f 48 10 49
f 49 10 50
f 49 50 51
f 51 50 52
f 51 52 53
f 53 52 54
f 53 54 55
f 55 54 56
f 55 56 57
f 57 56 58
f 57 58 59
f 3 59 1
f 1 59 58
f 1 58 16
f 16 58 60
f 16 60 14
f 14 60 61
f 14 61 62
f 62 61 63
f 62 63 64
f 64 63 65
f 64 65 66
f 66 65 67
f 66 67 68
f 69 70 71
f 71 70 72
f 69 71 73
f 73 71 74
f 73 74 75
f 76 77 74
f 74 77 78
f 74 78 75
f 79 80 81
f 81 80 82
f 81 82 83
f 83 82 84
f 83 84 85
f 85 84 86
f 85 86 87
f 87 86 88
f 80 79 89
f 89 79 90
f 89 90 91
f 91 90 92
f 93 94 95
f 93 95 96
f 96 95 97
f 96 97 98
f 99 100 101
f 101 100 98
f 101 98 102
f 102 98 97
f 93 77 94
f 94 77 76
f 103 104 105
f 105 104 106
f 105 106 107
f 108 109 110
f 110 109 111
f 110 111 103
f 103 111 112
f 103 112 104
f 113 114 115
f 115 114 116
f 115 116 117
f 117 116 118
f 117 118 119
f 119 118 120
f 113 121 114
f 114 121 122
f 123 124 125
f 125 124 126
f 125 126 127
f 127 126 128
f 127 128 121
f 121 128 122
f 129 130 131
f 131 130 132
f 131 132 133
f 133 132 134
f 133 134 135
f 135 134 136
f 135 136 137
f 137 136 138
f 137 138 139
f 140 141 142
f 142 141 143
f 142 143 138
f 138 143 139
f 141 140 144
f 145 146 147
f 147 146 148
f 147 148 149
f 149 148 150
f 149 150 151
f 151 150 152
f 151 152 144
f 144 152 153
f 144 153 141
f 154 155 156
f 154 156 157
f 157 156 158
f 157 158 159
f 159 158 160
f 159 160 161
f 161 160 162
f 161 162 163
f 155 154 164
f 164 154 165
f 164 165 166
f 166 165 167
f 168 169 170
f 170 169 171
f 170 171 172
f 172 171 173
f 172 173 174
f 174 173 175
f 174 175 167
f 167 175 166
f 176 177 178
f 176 178 179
f 179 178 180
f 179 180 181
f 176 182 177
f 177 182 183
f 184 185 186
f 186 185 187
f 185 188 187
f 187 188 189
f 187 189 190
f 183 182 191
f 191 182 190
f 191 190 192
f 192 190 189
f 193 194 195
f 193 195 196
f 196 195 197
f 196 197 198
f 199 200 201
f 199 201 197
f 197 201 202
f 197 202 198
f 200 199 203
f 203 199 204
f 203 204 205
f 205 204 206
f 205 206 207
f 207 206 208
f 208 206 209
f 208 209 210
f 210 209 211
f 210 211 212
f 212 211 213
f 212 213 214
f 215 216 217
f 217 216 218
f 217 219 215
f 215 219 220
f 215 220 213
f 213 220 221
f 213 221 214
f 218 216 222
f 222 216 223
f 222 223 224
f 224 223 225
f 224 225 226
f 226 225 227
f 226 227 228
f 228 227 229
f 228 229 230
f 217 231 219
f 232 233 234
f 235 236 237
f 238 239 240
f 241 242 243
f 244 245 246
f 247 248 249
f 249 248 250
f 249 251 247
f 247 251 252
f 247 252 253
f 253 252 254
f 253 254 255
f 256 257 258
f 258 257 259
f 258 259 260
f 260 259 261
f 261 259 262
f 261 262 263
f 263 262 264
f 263 264 265
f 265 264 266
f 265 266 267
f 267 266 268
f 267 268 269
f 270 245 271
f 271 245 244
f 271 244 272
f 272 244 269
f 272 269 273
f 274 275 276
f 277 278 276
f 276 278 279
f 276 279 280
f 276 281 277
f 277 281 240
f 277 240 254
f 254 240 239
f 254 239 255
f 282 210 283
f 283 210 212
f 283 212 284
f 284 212 214
f 284 214 285
f 285 214 221
f 285 221 286
f 287 288 289
f 289 288 290
f 290 291 289
f 289 291 292
f 289 292 293
f 294 295 296
f 296 295 297
f 294 298 295
f 295 298 299
f 295 299 300
f 300 299 301
f 302 303 304
f 304 303 305
f 304 305 306
f 304 208 302
f 302 208 210
f 302 210 307
f 307 210 282
f 308 309 232
f 232 309 233
f 233 309 310
f 233 310 311
f 312 313 314
f 314 313 315
f 316 317 315
f 315 317 318
f 315 318 319
f 320 321 318
f 318 321 322
f 318 322 319
f 323 324 325
f 325 324 326
f 325 326 327
f 328 329 330
f 331 332 333
f 331 333 311
f 334 335 238
f 335 334 336
f 336 334 228
f 336 228 337
f 256 249 257
f 257 249 250
f 257 250 230
f 230 250 338
f 230 338 228
f 228 338 339
f 228 339 337
f 226 228 340
f 341 342 334
f 334 342 343
f 334 343 228
f 228 343 344
f 228 344 340
f 340 345 226
f 226 345 346
f 226 346 224
f 224 346 347
f 224 347 348
f 348 347 349
f 348 349 350
f 350 349 351
f 350 351 352
f 353 354 355
f 355 354 356
f 356 357 358
f 358 357 359
f 358 359 360
f 360 359 361
f 362 363 364
f 364 363 365
f 364 365 366
f 366 365 367
f 366 367 368
f 368 367 369
f 368 369 370
f 371 372 373
f 373 372 374
f 375 360 364
f 364 360 361
f 364 361 362
f 320 376 321
f 321 376 377
f 321 377 242
f 242 377 378
f 242 378 243
f 243 378 379
f 243 379 364
f 364 379 380
f 364 380 375
f 270 381 245
f 245 381 382
f 245 382 383
f 383 382 384
f 383 384 385
f 385 384 386
f 385 386 387
f 387 386 388
f 387 388 389
f 389 388 390
f 389 390 391
f 333 392 311
f 311 392 393
f 311 393 233
f 233 393 394
f 233 394 234
f 234 394 395
f 394 396 395
f 395 396 397
f 395 397 398
f 398 397 399
f 398 399 400
f 401 402 403
f 403 402 404
f 403 404 405
f 405 404 406
f 405 406 407
f 408 409 410
f 410 411 408
f 408 411 412
f 408 412 413
f 406 414 407
f 407 414 415
f 407 415 416
f 416 415 417
f 416 417 409
f 409 417 418
f 409 418 410
f 280 419 276
f 276 419 420
f 276 420 274
f 274 420 409
f 274 409 421
f 421 409 422
f 422 409 423
f 423 409 408
f 423 408 424
f 424 408 425
f 425 408 426
f 425 426 427
f 428 429 325
f 325 429 430
f 325 430 323
f 323 430 427
f 323 427 431
f 431 427 426
f 431 426 432
f 432 426 330
f 432 330 331
f 331 330 329
f 331 329 332
f 305 297 306
f 306 297 295
f 306 295 433
f 433 295 434
f 433 434 435
f 436 437 300
f 300 437 438
f 300 438 295
f 295 438 439
f 295 439 434
f 413 401 440
f 440 401 403
f 440 403 441
f 441 403 398
f 441 398 442
f 442 398 400
f 442 400 443
f 264 444 266
f 266 444 389
f 266 389 268
f 268 389 391
f 268 391 269
f 269 391 445
f 269 445 273
f 231 217 350
f 350 217 218
f 350 218 348
f 348 218 222
f 348 222 224
f 291 286 292
f 292 286 221
f 292 221 293
f 293 221 220
f 293 220 219
f 201 200 355
f 355 200 368
f 355 368 353
f 353 368 370
f 200 203 368
f 368 203 205
f 368 205 446
f 446 205 207
f 446 207 447
f 356 358 355
f 355 358 202
f 355 202 201
f 198 448 196
f 196 448 373
f 196 373 316
f 316 373 374
f 316 374 317
f 308 232 449
f 449 232 450
f 449 450 312
f 312 450 451
f 312 451 313
f 313 451 452
f 313 452 315
f 315 452 453
f 315 453 316
f 316 453 193
f 316 193 196
f 198 202 448
f 448 202 358
f 448 358 373
f 373 358 360
f 373 360 371
f 371 360 375
f 454 446 455
f 455 446 447
f 455 447 456
f 457 458 459
f 454 460 446
f 446 460 461
f 446 461 368
f 368 461 462
f 368 462 463
f 327 241 325
f 325 241 243
f 325 243 428
f 428 243 364
f 428 364 464
f 464 364 366
f 464 366 457
f 457 366 368
f 457 368 458
f 458 368 463
f 459 465 457
f 457 465 466
f 457 466 447
f 447 466 467
f 447 467 456
f 207 208 447
f 447 208 304
f 447 304 457
f 457 304 306
f 457 306 464
f 464 306 433
f 464 433 428
f 428 433 435
f 428 435 429
f 429 435 434
f 413 440 408
f 408 440 441
f 408 441 426
f 426 441 442
f 426 442 330
f 330 442 443
f 330 443 328
f 420 246 409
f 409 246 245
f 409 245 416
f 416 245 383
f 416 383 407
f 407 383 385
f 468 237 341
f 341 237 236
f 341 236 342
f 469 470 468
f 468 470 471
f 468 471 237
f 237 471 350
f 237 350 235
f 235 350 352
f 472 473 293
f 293 473 474
f 301 287 300
f 300 287 289
f 300 289 475
f 475 289 293
f 475 293 476
f 476 293 474
f 219 231 293
f 293 231 477
f 293 477 472
f 476 478 475
f 475 478 479
f 475 479 480
f 481 482 350
f 350 482 483
f 350 483 231
f 231 483 484
f 231 484 477
f 469 436 470
f 470 436 300
f 470 300 471
f 471 300 475
f 471 475 350
f 350 475 480
f 350 480 481
f 238 240 334
f 334 240 281
f 334 281 341
f 341 281 276
f 341 276 468
f 468 276 275
f 468 275 469
f 485 275 486
f 486 275 274
f 486 274 487
f 487 274 421
f 487 421 488
f 488 421 422
f 488 422 489
f 489 422 423
f 489 423 490
f 490 423 424
f 490 424 491
f 491 424 425
f 491 425 492
f 492 425 427
f 492 427 493
f 493 427 430
f 494 417 495
f 495 417 415
f 495 415 496
f 496 415 414
f 496 414 497
f 497 414 406
f 497 406 498
f 498 406 404
f 498 404 499
f 499 404 402
f 499 402 500
f 500 402 401
f 501 494 502
f 502 494 495
f 502 495 503
f 503 495 496
f 503 496 504
f 504 496 497
f 504 497 505
f 505 497 498
f 505 498 506
f 506 498 499
f 506 499 507
f 507 499 500
f 508 443 509
f 509 443 400
f 509 400 510
f 510 400 399
f 510 399 511
f 511 399 397
f 511 397 512
f 512 397 396
f 512 396 513
f 513 396 394
f 513 394 514
f 514 394 393
f 515 516 517
f 518 519 515
f 517 520 521
f 521 520 522
f 517 521 515
f 515 521 523
f 515 523 518
f 522 524 521
f 521 524 525
f 521 525 526
f 518 508 519
f 519 508 509
f 519 509 515
f 515 509 510
f 515 510 516
f 516 510 511
f 516 511 517
f 517 511 512
f 517 512 520
f 520 512 513
f 520 513 522
f 522 513 514
f 527 445 528
f 528 445 391
f 528 391 529
f 529 391 390
f 529 390 530
f 530 390 388
f 530 388 531
f 531 388 386
f 531 386 532
f 532 386 384
f 532 384 533
f 533 384 382
f 534 535 536
f 537 538 539
f 540 541 537
f 536 542 540
f 539 543 544
f 540 537 536
f 536 537 539
f 536 539 534
f 534 539 544
f 534 544 545
f 544 527 545
f 545 527 528
f 545 528 534
f 534 528 529
f 534 529 535
f 535 529 530
f 535 530 536
f 536 530 531
f 536 531 542
f 542 531 532
f 542 532 540
f 540 532 533
f 546 379 547
f 547 379 378
f 547 378 548
f 548 378 377
f 548 377 549
f 549 377 376
f 549 376 550
f 550 376 320
f 550 320 551
f 551 320 318
f 551 318 552
f 552 318 317
f 553 554 555
f 556 553 557
f 557 553 555
f 557 555 558
f 558 555 559
f 560 561 562
f 562 561 563
f 562 563 558
f 558 563 564
f 558 564 557
f 557 546 556
f 556 546 547
f 556 547 553
f 553 547 548
f 553 548 554
f 554 548 549
f 554 549 555
f 555 549 550
f 555 550 559
f 559 550 551
f 559 551 558
f 558 551 552
f 565 367 566
f 566 367 365
f 566 365 567
f 567 365 363
f 567 363 568
f 568 363 362
f 568 362 569
f 569 362 361
f 569 361 570
f 570 361 359
f 570 359 571
f 571 359 357
f 572 565 573
f 573 565 566
f 573 566 574
f 574 566 567
f 574 567 575
f 575 567 568
f 575 568 576
f 576 568 569
f 576 569 577
f 577 569 570
f 577 570 578
f 578 570 571
f 579 466 580
f 580 466 465
f 580 465 581
f 581 465 459
f 581 459 582
f 582 459 458
f 582 458 583
f 583 458 463
f 583 463 584
f 584 463 462
f 584 462 585
f 585 462 461
f 586 587 588
f 589 590 591
f 591 590 592
f 591 592 593
f 594 586 595
f 595 586 592
f 595 592 596
f 586 588 592
f 592 588 597
f 592 597 593
f 592 579 596
f 596 579 580
f 596 580 595
f 595 580 581
f 595 581 594
f 594 581 582
f 594 582 586
f 586 582 583
f 586 583 587
f 587 583 584
f 587 584 588
f 588 584 585
f 598 483 599
f 599 483 482
f 599 482 600
f 600 482 481
f 600 481 601
f 601 481 480
f 601 480 602
f 602 480 479
f 602 479 603
f 603 479 478
f 603 478 604
f 604 478 476
f 605 606 607
f 606 608 609
f 610 607 611
f 611 607 606
f 611 606 612
f 612 606 609
f 613 614 615
f 615 614 605
f 615 605 616
f 616 605 607
f 613 598 614
f 614 598 599
f 614 599 605
f 605 599 600
f 605 600 606
f 606 600 601
f 606 601 608
f 608 601 602
f 608 602 609
f 609 602 603
f 609 603 612
f 612 603 604
f 617 345 618
f 618 345 340
f 618 340 619
f 619 340 344
f 619 344 620
f 620 344 343
f 620 343 621
f 621 343 342
f 621 342 622
f 622 342 236
f 622 236 623
f 623 236 235
f 624 617 625
f 625 617 618
f 625 618 626
f 626 618 619
f 626 619 627
f 627 619 620
f 627 620 628
f 628 620 621
f 628 621 629
f 629 621 622
f 629 622 630
f 630 622 623
f 631 338 632
f 632 338 250
f 632 250 633
f 633 250 248
f 633 248 634
f 634 248 247
f 634 247 635
f 635 247 253
f 635 253 636
f 636 253 255
f 636 255 637
f 637 255 239
f 638 639 640
f 641 642 643
f 643 642 644
f 643 644 645
f 645 644 646
f 642 647 644
f 644 647 638
f 644 638 648
f 648 638 640
f 648 640 649
f 646 631 645
f 645 631 632
f 645 632 643
f 643 632 633
f 643 633 641
f 641 633 634
f 641 634 642
f 642 634 635
f 642 635 647
f 647 635 636
f 647 636 638
f 638 636 637
f 87 311 85
f 85 311 310
f 85 310 83
f 83 310 309
f 83 309 81
f 81 309 308
f 81 308 79
f 79 308 449
f 70 331 87
f 87 331 311
f 107 106 99
f 99 106 100
f 77 93 324
f 324 93 326
f 77 324 78
f 78 324 323
f 78 323 75
f 75 323 431
f 75 431 73
f 100 242 98
f 98 242 241
f 98 241 96
f 96 241 327
f 96 327 93
f 93 327 326
f 242 100 321
f 321 100 106
f 321 106 322
f 322 106 104
f 322 104 319
f 319 104 112
f 319 112 315
f 92 314 109
f 109 314 315
f 109 315 111
f 111 315 112
f 79 449 90
f 90 449 312
f 90 312 92
f 92 312 314
f 72 70 88
f 88 70 87
f 282 141 307
f 307 141 153
f 307 153 302
f 153 152 302
f 302 152 150
f 302 150 303
f 650 305 146
f 146 305 303
f 146 303 148
f 148 303 150
f 123 297 650
f 650 297 305
f 121 298 127
f 127 298 294
f 127 294 125
f 125 294 296
f 125 296 123
f 123 296 297
f 121 113 298
f 298 113 299
f 119 288 117
f 117 288 287
f 117 287 115
f 115 287 301
f 115 301 113
f 113 301 299
f 288 119 290
f 290 119 129
f 130 129 120
f 120 129 119
f 124 123 651
f 651 123 650
f 139 284 137
f 137 284 285
f 137 285 135
f 135 285 286
f 135 286 133
f 133 286 291
f 133 291 131
f 141 282 143
f 143 282 283
f 143 283 139
f 139 283 284
f 163 252 161
f 161 252 251
f 161 251 159
f 159 251 249
f 159 249 157
f 157 249 256
f 169 168 652
f 652 168 653
f 420 419 176
f 176 179 420
f 420 179 181
f 420 181 246
f 653 244 654
f 654 244 246
f 654 246 655
f 655 246 181
f 244 653 269
f 269 653 168
f 167 261 174
f 174 261 263
f 174 263 172
f 172 263 265
f 172 265 170
f 170 265 267
f 170 267 168
f 168 267 269
f 154 258 165
f 165 258 260
f 165 260 167
f 167 260 261
f 184 186 162
f 162 186 163
f 252 163 254
f 254 163 186
f 254 186 277
f 182 280 190
f 190 280 279
f 190 279 187
f 187 279 278
f 187 278 186
f 186 278 277
f 182 176 280
f 280 176 419
f 656 657 658
f 625 626 627
f 629 630 659
f 659 630 656
f 659 656 660
f 660 656 658
f 659 624 629
f 629 624 625
f 629 625 628
f 628 625 627
f 573 574 575
f 661 662 663
f 664 572 577
f 577 572 573
f 577 573 576
f 576 573 575
f 577 578 664
f 664 578 661
f 664 661 665
f 665 661 663
f 666 501 502
f 506 507 667
f 504 505 506
f 668 669 666
f 504 506 503
f 503 506 502
f 502 506 667
f 502 667 666
f 666 667 670
f 666 670 668
f 671 672 673
f 671 673 674
f 673 675 674
f 674 675 676
f 674 676 677
f 678 676 679
f 679 676 675
f 679 675 680
f 680 675 673
f 680 673 681
f 682 683 684
f 682 684 685
f 684 686 685
f 685 686 687
f 685 687 688
f 689 687 690
f 690 687 686
f 690 686 691
f 691 686 684
f 691 684 692
f 693 694 695
f 693 695 696
f 695 697 696
f 696 697 698
f 696 698 699
f 700 698 701
f 701 698 697
f 701 697 702
f 702 697 695
f 702 695 703
f 704 705 706
f 704 706 707
f 706 708 707
f 707 708 709
f 707 709 710
f 711 709 712
f 712 709 708
f 712 708 713
f 713 708 706
f 713 706 714
f 715 716 717
f 715 717 718
f 717 719 718
f 718 719 720
f 718 720 721
f 722 720 723
f 723 720 719
f 723 719 724
f 724 719 717
f 724 717 725
f 726 727 728
f 726 728 729
f 730 731 732
f 732 731 733
f 734 731 735
f 735 731 730
f 735 730 736
f 737 736 738
f 738 736 730
f 738 730 728
f 728 730 732
f 728 732 729
f 729 732 733
f 729 733 739
f 740 741 742
f 740 742 743
f 742 744 743
f 743 744 745
f 743 745 746
f 747 745 748
f 748 745 744
f 748 744 749
f 749 744 742
f 749 742 750
f 751 752 753
f 751 753 754
f 753 755 754
f 754 755 756
f 754 756 757
f 758 756 759
f 759 756 755
f 759 755 760
f 760 755 753
f 760 753 761
f 762 763 764
f 762 764 765
f 764 766 765
f 765 766 767
f 765 767 768
f 769 767 770
f 770 767 766
f 770 766 771
f 771 766 764
f 771 764 772
f 773 774 775
f 773 775 776
f 775 777 776
f 776 777 778
f 776 778 779
f 780 778 781
f 781 778 777
f 781 777 782
f 782 777 775
f 782 775 783
f 784 785 786
f 784 786 787
f 786 788 787
f 787 788 789
f 787 789 790
f 791 789 792
f 792 789 788
f 792 788 793
f 793 788 786
f 793 786 794
f 795 796 797
f 795 797 798
f 797 799 798
f 798 799 800
f 798 800 801
f 802 800 803
f 803 800 799
f 803 799 804
f 804 799 797
f 804 797 805
f 806 807 808
f 809 810 811
f 812 813 814
f 814 813 815
f 815 813 816
f 816 813 817
f 816 817 818
f 818 817 819
f 819 817 808
f 819 808 820
f 820 808 807
f 820 807 821
f 822 806 823
f 823 806 808
f 823 808 824
f 824 808 817
f 824 817 825
f 825 817 826
f 826 817 813
f 826 813 811
f 811 813 812
f 811 812 809
f 689 690 827
f 827 690 691
f 827 691 828
f 828 691 692
f 828 692 829
f 829 692 830
f 829 830 831
f 831 830 832
f 831 832 833
f 833 832 834
f 835 836 837
f 837 836 672
f 837 672 838
f 838 672 671
f 838 671 839
f 839 671 674
f 839 674 840
f 840 674 677
f 841 842 843
f 843 842 844
f 843 844 845
f 845 844 846
f 845 846 847
f 847 846 848
f 847 848 849
f 849 848 850
f 849 850 851
f 851 850 852
f 851 852 853
f 853 852 854
f 853 854 855
f 855 854 856
f 855 856 857
f 857 856 858
f 857 858 859
f 859 858 860
f 859 860 861
f 861 860 862
f 861 862 863
f 863 862 864
f 863 864 841
f 841 864 842
f 689 842 865
f 865 842 864
f 865 864 677
f 677 864 862
f 677 862 840
f 840 862 860
f 840 860 839
f 839 860 858
f 839 858 838
f 838 858 856
f 838 856 837
f 837 856 854
f 837 854 835
f 689 827 842
f 842 827 828
f 842 828 844
f 844 828 829
f 844 829 846
f 846 829 831
f 846 831 848
f 848 831 833
f 848 833 850
f 850 833 834
f 850 834 852
f 852 834 866
f 852 866 854
f 854 866 867
f 854 867 835
f 835 867 868
f 835 868 836
f 869 870 871
f 872 873 874
f 874 873 875
f 874 875 876
f 872 874 877
f 877 874 878
f 877 878 879
f 879 878 880
f 880 878 869
f 880 869 881
f 882 881 883
f 883 881 869
f 883 869 884
f 884 869 871
f 870 869 885
f 885 869 878
f 885 878 886
f 886 878 887
f 887 878 874
f 887 874 888
f 888 874 876
f 888 876 889
f 700 701 890
f 890 701 702
f 890 702 891
f 891 702 703
f 891 703 892
f 892 703 893
f 892 893 894
f 894 893 895
f 894 895 896
f 896 895 897
f 898 899 900
f 900 899 683
f 900 683 901
f 901 683 682
f 901 682 902
f 902 682 685
f 902 685 903
f 903 685 688
f 904 905 906
f 906 905 907
f 906 907 908
f 908 907 909
f 908 909 910
f 910 909 911
f 910 911 912
f 912 911 913
f 912 913 914
f 914 913 915
f 914 915 916
f 916 915 917
f 916 917 918
f 918 917 919
f 918 919 920
f 920 919 921
f 920 921 922
f 922 921 923
f 922 923 924
f 924 923 925
f 924 925 926
f 926 925 927
f 926 927 904
f 904 927 905
f 700 905 928
f 928 905 927
f 928 927 688
f 688 927 925
f 688 925 903
f 903 925 923
f 903 923 902
f 902 923 921
f 902 921 901
f 901 921 919
f 901 919 900
f 900 919 917
f 900 917 898
f 700 890 905
f 905 890 891
f 905 891 907
f 907 891 892
f 907 892 909
f 909 892 894
f 909 894 911
f 911 894 896
f 911 896 913
f 913 896 897
f 913 897 915
f 915 897 929
f 915 929 917
f 917 929 930
f 917 930 898
f 898 930 931
f 898 931 899
f 932 933 934
f 935 936 937
f 937 936 938
f 937 938 939
f 935 937 940
f 940 937 941
f 940 941 942
f 942 941 943
f 943 941 932
f 943 932 944
f 945 944 946
f 946 944 932
f 946 932 947
f 947 932 934
f 933 932 948
f 948 932 941
f 948 941 949
f 949 941 950
f 950 941 937
f 950 937 951
f 951 937 939
f 951 939 952
f 711 712 953
f 953 712 713
f 953 713 954
f 954 713 714
f 954 714 955
f 955 714 956
f 955 956 957
f 957 956 958
f 957 958 959
f 959 958 960
f 961 962 963
f 963 962 694
f 963 694 964
f 964 694 693
f 964 693 965
f 965 693 696
f 965 696 966
f 966 696 699
f 967 968 969
f 969 968 970
f 969 970 971
f 971 970 972
f 971 972 973
f 973 972 974
f 973 974 975
f 975 974 976
f 975 976 977
f 977 976 978
f 977 978 979
f 979 978 980
f 979 980 981
f 981 980 982
f 981 982 983
f 983 982 984
f 983 984 985
f 985 984 986
f 985 986 987
f 987 986 988
f 987 988 989
f 989 988 990
f 989 990 967
f 967 990 968
f 711 968 991
f 991 968 990
f 991 990 699
f 699 990 988
f 699 988 966
f 966 988 986
f 966 986 965
f 965 986 984
f 965 984 964
f 964 984 982
f 964 982 963
f 963 982 980
f 963 980 961
f 711 953 968
f 968 953 954
f 968 954 970
f 970 954 955
f 970 955 972
f 972 955 957
f 972 957 974
f 974 957 959
f 974 959 976
f 976 959 960
f 976 960 978
f 978 960 992
f 978 992 980
f 980 992 993
f 980 993 961
f 961 993 994
f 961 994 962
f 995 996 997
f 997 996 998
f 997 998 999
f 999 998 1000
f 1000 998 1001
f 1000 1001 1002
f 1001 1003 1004
f 1005 1002 1006
f 1006 1002 1001
f 1006 1001 1007
f 1007 1001 1004
f 1003 1001 1008
f 1008 1001 998
f 1008 998 1009
f 995 1010 996
f 996 1010 1011
f 996 1011 1012
f 1009 998 1013
f 1013 998 996
f 1013 996 1014
f 1014 996 1012
f 1014 1012 1015
f 1016 724 1017
f 1017 724 725
f 1017 725 1018
f 1018 725 1019
f 1018 1019 1020
f 1020 1019 1021
f 1020 1021 1022
f 1022 1021 1023
f 1024 1025 1026
f 1026 1025 1027
f 1026 1027 1028
f 1028 1027 705
f 1028 705 1029
f 1029 705 704
f 1029 704 1030
f 1030 704 707
f 1030 707 1031
f 1031 707 710
f 1032 1033 1034
f 1034 1033 1035
f 1034 1035 1036
f 1036 1035 1037
f 1036 1037 1038
f 1038 1037 1039
f 1038 1039 1040
f 1040 1039 1041
f 1040 1041 1042
f 1042 1041 1043
f 1042 1043 1044
f 1044 1043 1045
f 1044 1045 1046
f 1046 1045 1047
f 1046 1047 1048
f 1048 1047 1049
f 1048 1049 1050
f 1050 1049 1051
f 1050 1051 1052
f 1052 1051 1053
f 1052 1053 1054
f 1054 1053 1055
f 1054 1055 1032
f 1032 1055 1033
f 1024 1033 1056
f 1056 1033 1055
f 1056 1055 1023
f 1023 1055 1053
f 1023 1053 1022
f 1022 1053 1051
f 1022 1051 1020
f 1020 1051 1049
f 1020 1049 1018
f 1018 1049 1047
f 1018 1047 1017
f 1017 1047 1045
f 1017 1045 1016
f 1024 1026 1033
f 1033 1026 1028
f 1033 1028 1035
f 1035 1028 1029
f 1035 1029 1037
f 1037 1029 1030
f 1037 1030 1039
f 1039 1030 1031
f 1039 1031 1041
f 1041 1031 710
f 1041 710 1043
f 1043 710 1057
f 1043 1057 1045
f 1045 1057 722
f 1045 722 1016
f 1016 722 723
f 1016 723 724
f 1058 1059 1060
f 1060 1059 1061
f 1058 1060 1062
f 1062 1060 1063
f 1062 1063 1064
f 1064 1063 1065
f 1065 1063 1066
f 1065 1066 1067
f 1067 1066 1068
f 1067 1068 1069
f 1070 736 1071
f 1071 736 737
f 1071 737 1072
f 1072 737 1073
f 1072 1073 1074
f 1074 1073 1075
f 1074 1075 1076
f 1076 1075 1077
f 1078 1079 1080
f 1080 1079 1081
f 1080 1081 1082
f 1082 1081 716
f 1082 716 1083
f 1083 716 715
f 1083 715 1084
f 1084 715 718
f 1084 718 1085
f 1085 718 721
f 1086 1087 1088
f 1088 1087 1089
f 1088 1089 1090
f 1090 1089 1091
f 1090 1091 1092
f 1092 1091 1093
f 1092 1093 1094
f 1094 1093 1095
f 1094 1095 1096
f 1096 1095 1097
f 1096 1097 1098
f 1098 1097 1099
f 1098 1099 1100
f 1100 1099 1101
f 1100 1101 1102
f 1102 1101 1103
f 1102 1103 1104
f 1104 1103 1105
f 1104 1105 1106
f 1106 1105 1107
f 1106 1107 1108
f 1108 1107 1109
f 1108 1109 1086
f 1086 1109 1087
f 1078 1087 1110
f 1110 1087 1109
f 1110 1109 1077
f 1077 1109 1107
f 1077 1107 1076
f 1076 1107 1105
f 1076 1105 1074
f 1074 1105 1103
f 1074 1103 1072
f 1072 1103 1101
f 1072 1101 1071
f 1071 1101 1099
f 1071 1099 1070
f 1078 1080 1087
f 1087 1080 1082
f 1087 1082 1089
f 1089 1082 1083
f 1089 1083 1091
f 1091 1083 1084
f 1091 1084 1093
f 1093 1084 1085
f 1093 1085 1095
f 1095 1085 721
f 1095 721 1097
f 1097 721 1111
f 1097 1111 1099
f 1099 1111 734
f 1099 734 1070
f 1070 734 735
f 1070 735 736
f 1112 1113 1114
f 1115 1116 1117
f 1118 1119 1120
f 1120 1119 1121
f 1121 1119 1122
f 1122 1119 1123
f 1122 1123 1124
f 1124 1123 1125
f 1125 1123 1117
f 1125 1117 1126
f 1126 1117 1116
f 1126 1116 1127
f 1128 1115 1129
f 1129 1115 1117
f 1129 1117 1130
f 1130 1117 1123
f 1130 1123 1131
f 1131 1123 1132
f 1132 1123 1119
f 1132 1119 1114
f 1114 1119 1118
f 1114 1118 1112
f 1133 1134 1135
f 1135 1134 1136
f 1135 1136 1137
f 1137 1136 727
f 1137 727 1138
f 1138 727 726
f 1138 726 1139
f 1139 726 729
f 1139 729 1140
f 1140 729 739
f 1141 749 1142
f 1142 749 750
f 1142 750 1143
f 1143 750 1144
f 1143 1144 1145
f 1145 1144 1146
f 1145 1146 1147
f 1147 1146 1148
f 1149 1150 1151
f 1151 1150 1152
f 1151 1152 1153
f 1153 1152 1154
f 1153 1154 1155
f 1155 1154 1156
f 1155 1156 1157
f 1157 1156 1158
f 1157 1158 1159
f 1159 1158 1160
f 1159 1160 1161
f 1161 1160 1162
f 1161 1162 1163
f 1163 1162 1164
f 1163 1164 1165
f 1165 1164 1166
f 1165 1166 1167
f 1167 1166 1168
f 1167 1168 1169
f 1169 1168 1170
f 1169 1170 1171
f 1171 1170 1172
f 1171 1172 1149
f 1149 1172 1150
f 1133 1150 1173
f 1173 1150 1172
f 1173 1172 1148
f 1148 1172 1170
f 1148 1170 1147
f 1147 1170 1168
f 1147 1168 1145
f 1145 1168 1166
f 1145 1166 1143
f 1143 1166 1164
f 1143 1164 1142
f 1142 1164 1162
f 1142 1162 1141
f 1133 1135 1150
f 1150 1135 1137
f 1150 1137 1152
f 1152 1137 1138
f 1152 1138 1154
f 1154 1138 1139
f 1154 1139 1156
f 1156 1139 1140
f 1156 1140 1158
f 1158 1140 739
f 1158 739 1160
f 1160 739 1174
f 1160 1174 1162
f 1162 1174 747
f 1162 747 1141
f 1141 747 748
f 1141 748 749
f 1175 1176 1177
f 1178 1175 1179
f 1179 1175 1177
f 1179 1177 1180
f 1180 1177 1181
f 1180 1181 1182
f 1182 1181 1183
f 1183 1181 1184
f 1183 1184 1185
f 1186 1187 1184
f 1184 1187 1188
f 1184 1188 1185
f 1185 1188 1189
f 1185 1189 1190
f 1186 1184 1191
f 1191 1184 1181
f 1191 1181 1192
f 1192 1181 1193
f 1193 1181 1177
f 1193 1177 1194
f 1194 1177 1176
f 1194 1176 1195
f 1196 760 1197
f 1197 760 761
f 1197 761 1198
f 1198 761 1199
f 1198 1199 1200
f 1200 1199 1201
f 1200 1201 1202
f 1202 1201 1203
f 1204 1205 1206
f 1206 1205 1207
f 1206 1207 1208
f 1208 1207 741
f 1208 741 1209
f 1209 741 740
f 1209 740 1210
f 1210 740 743
f 1210 743 1211
f 1211 743 746
f 1212 1213 1214
f 1214 1213 1215
f 1214 1215 1216
f 1216 1215 1217
f 1216 1217 1218
f 1218 1217 1219
f 1218 1219 1220
f 1220 1219 1221
f 1220 1221 1222
f 1222 1221 1223
f 1222 1223 1224
f 1224 1223 1225
f 1224 1225 1226
f 1226 1225 1227
f 1226 1227 1228
f 1228 1227 1229
f 1228 1229 1230
f 1230 1229 1231
f 1230 1231 1232
f 1232 1231 1233
f 1232 1233 1234
f 1234 1233 1235
f 1234 1235 1212
f 1212 1235 1213
f 1204 1213 1236
f 1236 1213 1235
f 1236 1235 1203
f 1203 1235 1233
f 1203 1233 1202
f 1202 1233 1231
f 1202 1231 1200
f 1200 1231 1229
f 1200 1229 1198
f 1198 1229 1227
f 1198 1227 1197
f 1197 1227 1225
f 1197 1225 1196
f 1204 1206 1213
f 1213 1206 1208
f 1213 1208 1215
f 1215 1208 1209
f 1215 1209 1217
f 1217 1209 1210
f 1217 1210 1219
f 1219 1210 1211
f 1219 1211 1221
f 1221 1211 746
f 1221 746 1223
f 1223 746 1237
f 1223 1237 1225
f 1225 1237 758
f 1225 758 1196
f 1196 758 759
f 1196 759 760
f 1238 1239 1240
f 1241 1242 1243
f 1243 1242 1244
f 1243 1244 1245
f 1241 1243 1246
f 1246 1243 1247
f 1246 1247 1248
f 1248 1247 1249
f 1249 1247 1238
f 1249 1238 1250
f 1251 1250 1252
f 1252 1250 1238
f 1252 1238 1253
f 1253 1238 1240
f 1239 1238 1254
f 1254 1238 1247
f 1254 1247 1255
f 1255 1247 1256
f 1256 1247 1243
f 1256 1243 1257
f 1257 1243 1245
f 1257 1245 1258
f 1259 771 1260
f 1260 771 772
f 1260 772 1261
f 1261 772 1262
f 1261 1262 1263
f 1263 1262 1264
f 1263 1264 1265
f 1265 1264 1266
f 1267 1268 1269
f 1269 1268 1270
f 1269 1270 1271
f 1271 1270 752
f 1271 752 1272
f 1272 752 751
f 1272 751 1273
f 1273 751 754
f 1273 754 1274
f 1274 754 757
f 1275 1276 1277
f 1277 1276 1278
f 1277 1278 1279
f 1279 1278 1280
f 1279 1280 1281
f 1281 1280 1282
f 1281 1282 1283
f 1283 1282 1284
f 1283 1284 1285
f 1285 1284 1286
f 1285 1286 1287
f 1287 1286 1288
f 1287 1288 1289
f 1289 1288 1290
f 1289 1290 1291
f 1291 1290 1292
f 1291 1292 1293
f 1293 1292 1294
f 1293 1294 1295
f 1295 1294 1296
f 1295 1296 1297
f 1297 1296 1298
f 1297 1298 1275
f 1275 1298 1276
f 1267 1276 1299
f 1299 1276 1298
f 1299 1298 1266
f 1266 1298 1296
f 1266 1296 1265
f 1265 1296 1294
f 1265 1294 1263
f 1263 1294 1292
f 1263 1292 1261
f 1261 1292 1290
f 1261 1290 1260
f 1260 1290 1288
f 1260 1288 1259
f 1267 1269 1276
f 1276 1269 1271
f 1276 1271 1278
f 1278 1271 1272
f 1278 1272 1280
f 1280 1272 1273
f 1280 1273 1282
f 1282 1273 1274
f 1282 1274 1284
f 1284 1274 757
f 1284 757 1286
f 1286 757 1300
f 1286 1300 1288
f 1288 1300 769
f 1288 769 1259
f 1259 769 770
f 1259 770 771
f 1301 1302 1303
f 1304 1305 1306
f 1306 1305 1307
f 1306 1307 1308
f 1304 1306 1309
f 1309 1306 1310
f 1309 1310 1311
f 1311 1310 1312
f 1312 1310 1301
f 1312 1301 1313
f 1314 1313 1315
f 1315 1313 1301
f 1315 1301 1316
f 1316 1301 1303
f 1302 1301 1317
f 1317 1301 1310
f 1317 1310 1318
f 1318 1310 1319
f 1319 1310 1306
f 1319 1306 1320
f 1320 1306 1308
f 1320 1308 1321
f 1322 782 1323
f 1323 782 783
f 1323 783 1324
f 1324 783 1325
f 1324 1325 1326
f 1326 1325 1327
f 1326 1327 1328
f 1328 1327 1329
f 1330 1331 1332
f 1332 1331 1333
f 1332 1333 1334
f 1334 1333 763
f 1334 763 1335
f 1335 763 762
f 1335 762 1336
f 1336 762 765
f 1336 765 1337
f 1337 765 768
f 1338 1339 1340
f 1340 1339 1341
f 1340 1341 1342
f 1342 1341 1343
f 1342 1343 1344
f 1344 1343 1345
f 1344 1345 1346
f 1346 1345 1347
f 1346 1347 1348
f 1348 1347 1349
f 1348 1349 1350
f 1350 1349 1351
f 1350 1351 1352
f 1352 1351 1353
f 1352 1353 1354
f 1354 1353 1355
f 1354 1355 1356
f 1356 1355 1357
f 1356 1357 1358
f 1358 1357 1359
f 1358 1359 1360
f 1360 1359 1361
f 1360 1361 1338
f 1338 1361 1339
f 1330 1339 1362
f 1362 1339 1361
f 1362 1361 1329
f 1329 1361 1359
f 1329 1359 1328
f 1328 1359 1357
f 1328 1357 1326
f 1326 1357 1355
f 1326 1355 1324
f 1324 1355 1353
f 1324 1353 1323
f 1323 1353 1351
f 1323 1351 1322
f 1330 1332 1339
f 1339 1332 1334
f 1339 1334 1341
f 1341 1334 1335
f 1341 1335 1343
f 1343 1335 1336
f 1343 1336 1345
f 1345 1336 1337
f 1345 1337 1347
f 1347 1337 768
f 1347 768 1349
f 1349 768 1363
f 1349 1363 1351
f 1351 1363 780
f 1351 780 1322
f 1322 780 781
f 1322 781 782
f 1364 1365 1366
f 1366 1365 1367
f 1366 1367 1368
f 1368 1367 1369
f 1369 1367 1370
f 1369 1370 1371
f 1370 1372 1373
f 1374 1371 1375
f 1375 1371 1370
f 1375 1370 1376
f 1376 1370 1373
f 1372 1370 1377
f 1377 1370 1367
f 1377 1367 1378
f 1364 1379 1365
f 1365 1379 1380
f 1365 1380 1381
f 1378 1367 1382
f 1382 1367 1365
f 1382 1365 1383
f 1383 1365 1381
f 1383 1381 1384
f 791 792 1385
f 1385 792 793
f 1385 793 1386
f 1386 793 794
f 1386 794 1387
f 1387 794 1388
f 1387 1388 1389
f 1389 1388 1390
f 1389 1390 1391
f 1391 1390 1392
f 1393 1394 1395
f 1395 1394 774
f 1395 774 1396
f 1396 774 773
f 1396 773 1397
f 1397 773 776
f 1397 776 1398
f 1398 776 779
f 1399 1400 1401
f 1401 1400 1402
f 1401 1402 1403
f 1403 1402 1404
f 1403 1404 1405
f 1405 1404 1406
f 1405 1406 1407
f 1407 1406 1408
f 1407 1408 1409
f 1409 1408 1410
f 1409 1410 1411
f 1411 1410 1412
f 1411 1412 1413
f 1413 1412 1414
f 1413 1414 1415
f 1415 1414 1416
f 1415 1416 1417
f 1417 1416 1418
f 1417 1418 1419
f 1419 1418 1420
f 1419 1420 1421
f 1421 1420 1422
f 1421 1422 1399
f 1399 1422 1400
f 791 1400 1423
f 1423 1400 1422
f 1423 1422 779
f 779 1422 1420
f 779 1420 1398
f 1398 1420 1418
f 1398 1418 1397
f 1397 1418 1416
f 1397 1416 1396
f 1396 1416 1414
f 1396 1414 1395
f 1395 1414 1412
f 1395 1412 1393
f 791 1385 1400
f 1400 1385 1386
f 1400 1386 1402
f 1402 1386 1387
f 1402 1387 1404
f 1404 1387 1389
f 1404 1389 1406
f 1406 1389 1391
f 1406 1391 1408
f 1408 1391 1392
f 1408 1392 1410
f 1410 1392 1424
f 1410 1424 1412
f 1412 1424 1425
f 1412 1425 1393
f 1393 1425 1426
f 1393 1426 1394
f 1427 1428 1429
f 1429 1428 1430
f 1429 1430 1431
f 1431 1430 1432
f 1432 1430 1433
f 1432 1433 1434
f 1433 1435 1436
f 1437 1434 1438
f 1438 1434 1433
f 1438 1433 1439
f 1439 1433 1436
f 1435 1433 1440
f 1440 1433 1430
f 1440 1430 1441
f 1427 1442 1428
f 1428 1442 1443
f 1428 1443 1444
f 1441 1430 1445
f 1445 1430 1428
f 1445 1428 1446
f 1446 1428 1444
f 1446 1444 1447
f 802 803 1448
f 1448 803 804
f 1448 804 1449
f 1449 804 805
f 1449 805 1450
f 1450 805 1451
f 1450 1451 1452
f 1452 1451 1453
f 1452 1453 1454
f 1454 1453 1455
f 1456 1457 1458
f 1458 1457 785
f 1458 785 1459
f 1459 785 784
f 1459 784 1460
f 1460 784 787
f 1460 787 1461
f 1461 787 790
f 1462 1463 1464
f 1464 1463 1465
f 1464 1465 1466
f 1466 1465 1467
f 1466 1467 1468
f 1468 1467 1469
f 1468 1469 1470
f 1470 1469 1471
f 1470 1471 1472
f 1472 1471 1473
f 1472 1473 1474
f 1474 1473 1475
f 1474 1475 1476
f 1476 1475 1477
f 1476 1477 1478
f 1478 1477 1479
f 1478 1479 1480
f 1480 1479 1481
f 1480 1481 1482
f 1482 1481 1483
f 1482 1483 1484
f 1484 1483 1485
f 1484 1485 1462
f 1462 1485 1463
f 802 1463 1486
f 1486 1463 1485
f 1486 1485 790
f 790 1485 1483
f 790 1483 1461
f 1461 1483 1481
f 1461 1481 1460
f 1460 1481 1479
f 1460 1479 1459
f 1459 1479 1477
f 1459 1477 1458
f 1458 1477 1475
f 1458 1475 1456
f 802 1448 1463
f 1463 1448 1449
f 1463 1449 1465
f 1465 1449 1450
f 1465 1450 1467
f 1467 1450 1452
f 1467 1452 1469
f 1469 1452 1454
f 1469 1454 1471
f 1471 1454 1455
f 1471 1455 1473
f 1473 1455 1487
f 1473 1487 1475
f 1475 1487 1488
f 1475 1488 1456
f 1456 1488 1489
f 1456 1489 1457
f 1384 1381 1490
f 1447 1444 1491
f 810 809 1492
f 1492 809 812
f 1492 812 1493
f 1493 812 814
f 1493 814 1494
f 1444 1443 1491
f 1491 1443 1442
f 1491 1442 1492
f 1492 1442 1495
f 1492 1495 810
f 1381 1380 1490
f 1490 1380 1379
f 1490 1379 1491
f 1491 1379 1496
f 1491 1496 1447
f 1497 1307 1305
f 1497 1305 1490
f 1490 1305 1498
f 1490 1498 1384
f 1499 1244 1242
f 1242 1500 1499
f 1499 1500 1321
f 1499 1321 1497
f 1497 1321 1308
f 1497 1308 1307
f 1176 1175 1501
f 1501 1175 1178
f 1178 1502 1501
f 1501 1502 1258
f 1501 1258 1499
f 1499 1258 1245
f 1499 1245 1244
f 1176 1501 1195
f 1195 1501 1503
f 1195 1503 1504
f 1505 1506 1507
f 1508 1505 1509
f 1509 1505 1507
f 1509 1507 1510
f 1510 1507 1511
f 1510 1511 1512
f 1512 1511 1513
f 1513 1511 1514
f 1513 1514 1515
f 1516 1517 1514
f 1514 1517 1518
f 1514 1518 1515
f 1515 1518 1519
f 1515 1519 1520
f 1516 1514 1521
f 1521 1514 1511
f 1521 1511 1522
f 1522 1511 1523
f 1523 1511 1507
f 1523 1507 1524
f 1524 1507 1506
f 1524 1506 1525
f 1526 1527 1528
f 1528 1527 796
f 1528 796 1529
f 1529 796 795
f 1529 795 1530
f 1530 795 798
f 1530 798 1531
f 1531 798 801
f 678 679 1532
f 1532 679 680
f 1532 680 1533
f 1533 680 681
f 1533 681 1534
f 1534 681 1535
f 1534 1535 1536
f 1536 1535 1537
f 1536 1537 1538
f 1538 1537 1539
f 1540 1541 1542
f 1542 1541 1543
f 1542 1543 1544
f 1544 1543 1545
f 1544 1545 1546
f 1546 1545 1547
f 1546 1547 1548
f 1548 1547 1549
f 1548 1549 1550
f 1550 1549 1551
f 1550 1551 1552
f 1552 1551 1553
f 1552 1553 1554
f 1554 1553 1555
f 1554 1555 1556
f 1556 1555 1557
f 1556 1557 1558
f 1558 1557 1559
f 1558 1559 1560
f 1560 1559 1561
f 1560 1561 1562
f 1562 1561 1563
f 1562 1563 1540
f 1540 1563 1541
f 678 1541 1564
f 1564 1541 1563
f 1564 1563 801
f 801 1563 1561
f 801 1561 1531
f 1531 1561 1559
f 1531 1559 1530
f 1530 1559 1557
f 1530 1557 1529
f 1529 1557 1555
f 1529 1555 1528
f 1528 1555 1553
f 1528 1553 1526
f 678 1532 1541
f 1541 1532 1533
f 1541 1533 1543
f 1543 1533 1534
f 1543 1534 1545
f 1545 1534 1536
f 1545 1536 1547
f 1547 1536 1538
f 1547 1538 1549
f 1549 1538 1539
f 1549 1539 1551
f 1551 1539 1565
f 1551 1565 1553
f 1553 1565 1566
f 1553 1566 1526
f 1526 1566 1567
f 1526 1567 1527
f 1568 1569 1570
f 1571 1572 1573
f 1574 1575 1576
f 1576 1575 1577
f 1576 1577 1578
f 1578 1577 1579
f 1575 1580 1577
f 1577 1580 1581
f 1577 1581 1579
f 1579 1581 1582
f 1583 1574 1584
f 1584 1574 1576
f 1584 1576 1585
f 1585 1576 1578
f 1585 1578 1586
f 1586 1578 1587
f 1588 1589 1582
f 1582 1589 1590
f 1582 1590 1579
f 1579 1590 1591
f 1579 1591 1578
f 1578 1591 1592
f 1578 1592 1587
f 1572 1588 1573
f 1573 1588 1582
f 1573 1582 1593
f 1593 1582 1581
f 1593 1581 1594
f 1594 1581 1580
f 1569 1571 1570
f 1570 1571 1573
f 1570 1573 1595
f 1595 1573 1593
f 1595 1593 1596
f 1596 1593 1594
f 1597 1568 1598
f 1598 1568 1570
f 1598 1570 1599
f 1599 1570 1595
f 1599 1595 1600
f 1600 1595 1596
f 1600 1601 1599
f 1599 1601 1602
f 1599 1602 1598
f 1598 1602 1603
f 1598 1603 1597
f 1597 1603 1604
f 1596 1594 1605
f 1605 1594 1580
f 1605 1580 1606
f 1606 1580 1575
f 1606 1575 1607
f 1607 1575 1574
f 1607 1574 1608
f 1608 1574 1583
f 1608 1583 1609
f 1609 1583 1610
f 1609 1610 1611
f 1611 1610 1612
f 1611 1612 1613
f 1613 1612 1614
f 1613 1614 1615
f 1615 1614 1616
f 1615 1616 1617
f 1617 1616 1618
f 1617 1618 1619
f 1619 1618 1620
f 1619 1620 1621
f 1621 1620 1601
f 1621 1601 1622
f 1622 1601 1600
f 1622 1600 1623
f 1623 1600 1596
f 1623 1596 1605
f 1564 1608 678
f 678 1608 1609
f 678 1609 676
f 676 1609 677
f 1611 689 1609
f 1609 689 865
f 1609 865 677
f 928 1611 700
f 700 1611 1613
f 928 688 1611
f 1611 688 687
f 1611 687 689
f 991 1613 711
f 711 1613 1615
f 991 699 1613
f 1613 699 698
f 1613 698 700
f 722 1057 1617
f 1617 1057 710
f 1617 710 1615
f 1615 710 709
f 1615 709 711
f 733 731 1619
f 1619 731 734
f 734 1111 1619
f 1619 1111 721
f 1619 721 1617
f 1617 721 720
f 1617 720 722
f 733 1619 739
f 739 1619 1621
f 739 1621 1174
f 1624 1188 1625
f 1625 1188 1187
f 1625 1187 1626
f 1627 1253 1624
f 1624 1253 1240
f 1624 1240 1628
f 1628 1190 1624
f 1624 1190 1189
f 1624 1189 1188
f 1629 1315 1316
f 1629 1316 1627
f 1627 1316 1303
f 1627 1303 1630
f 1630 1251 1627
f 1627 1251 1252
f 1627 1252 1253
f 1376 1373 1631
f 1631 1373 1632
f 1631 1632 1629
f 1629 1632 1314
f 1629 1314 1315
f 1633 1439 1436
f 1436 1634 1633
f 1633 1634 1374
f 1633 1374 1631
f 1631 1374 1375
f 1631 1375 1376
f 807 806 1635
f 1635 806 822
f 822 1636 1635
f 1635 1636 1437
f 1635 1437 1633
f 1633 1437 1438
f 1633 1438 1439
f 807 1635 821
f 821 1635 1637
f 821 1637 1638
f 1133 1173 1639
f 1078 1110 1640
f 1640 1110 1077
f 1640 1077 1639
f 1639 1077 1641
f 1639 1641 1133
f 1024 1056 1642
f 1642 1056 1023
f 1642 1023 1640
f 1640 1023 1643
f 1640 1643 1078
f 993 992 1644
f 1644 992 960
f 1644 960 1642
f 1642 960 1645
f 1642 1645 1024
f 930 929 1646
f 1646 929 897
f 1646 897 1644
f 1644 897 1647
f 1644 1647 993
f 867 866 1648
f 1648 866 834
f 1648 834 1646
f 1646 834 1649
f 1646 1649 930
f 1650 1565 1539
f 1650 1539 1648
f 1648 1539 1651
f 1648 1651 867
f 1604 1652 1597
f 1597 1652 1653
f 1597 1653 1568
f 1568 1653 1569
f 1569 1653 1654
f 1569 1654 1571
f 1571 1654 1572
f 1572 1654 1655
f 1572 1655 1588
f 1588 1655 1589
f 1589 1655 1656
f 1589 1656 1590
f 1590 1656 1591
f 1591 1656 1657
f 1591 1657 1592
f 1592 1657 1587
f 1587 1657 1658
f 1587 1658 1586
f 1490 489 1497
f 1497 489 490
f 1497 490 1499
f 1499 490 491
f 1499 491 1501
f 1501 491 492
f 1501 492 1503
f 1503 492 493
f 1503 493 1659
f 1659 493 1660
f 1659 1660 1661
f 1661 1660 1662
f 1661 1662 1663
f 1662 1664 1663
f 1663 1664 1665
f 1663 1665 1666
f 1666 1665 1667
f 1666 1667 1668
f 1668 1667 1669
f 1668 1669 1670
f 1670 1669 1671
f 1670 1671 1493
f 1493 1671 485
f 1493 485 1492
f 1492 485 486
f 1492 486 1491
f 1491 486 487
f 1491 487 1490
f 1490 487 488
f 1490 488 489
f 1672 1629 1673
f 1673 1629 1627
f 1673 1627 1674
f 1674 1627 1624
f 1674 1624 1639
f 1639 1624 1625
f 1639 1625 1640
f 1640 1625 1675
f 1640 1675 1642
f 1642 1675 1676
f 1642 1676 1644
f 1676 1677 1644
f 1644 1677 1678
f 1644 1678 1646
f 1646 1678 1679
f 1646 1679 1648
f 1648 1679 1680
f 1648 1680 1650
f 1650 1680 1637
f 1650 1637 1681
f 1681 1637 1635
f 1681 1635 1682
f 1682 1635 1633
f 1682 1633 1672
f 1672 1633 1631
f 1672 1631 1629
f 1653 1652 1683
f 1653 1684 1658
f 1685 1684 1686
f 1686 1684 1653
f 1686 1653 1687
f 1687 1653 1683
f 1655 1654 1656
f 1656 1654 1653
f 1656 1653 1657
f 1657 1653 1658
f 1688 211 209
f 1688 209 1689
f 1689 209 206
f 1689 206 1690
f 1690 206 204
f 1690 204 1691
f 1691 204 199
f 1691 199 1692
f 1692 199 197
f 1692 197 1693
f 1693 197 195
f 1693 195 1694
f 1694 195 194
f 1694 194 1695
f 1695 194 1696
f 1695 1696 1697
f 1697 1696 1698
f 1697 1698 1699
f 1699 1698 1700
f 1699 1700 1701
f 1701 1700 1702
f 1701 1702 1703
f 1703 1702 1704
f 1703 1704 1705
f 1705 1704 1706
f 1705 1706 1707
f 1707 1706 1708
f 1707 1708 1709
f 1710 1711 1712
f 1712 1711 1713
f 1712 1713 1714
f 1714 1713 1715
f 1714 1715 1716
f 1716 1715 1717
f 1716 1717 1718
f 1718 1717 1719
f 1718 1719 1720
f 1720 1719 1721
f 1720 1721 1722
f 1722 1721 1723
f 1722 1723 1724
f 1724 1723 1725
f 1724 1725 1726
f 1726 1725 1727
f 1726 1727 1728
f 1728 1727 1729
f 1728 1729 1730
f 1730 1729 1731
f 1730 1731 1732
f 1732 1731 1733
f 1732 1733 1734
f 1734 1733 1735
f 1734 1735 1736
f 1736 1735 1737
f 1736 1737 1738
f 1738 1737 1739
f 1709 1738 1707
f 1707 1738 1740
f 1707 1740 1705
f 1705 1740 1741
f 1705 1741 1703
f 1703 1741 1742
f 1703 1742 1701
f 1701 1742 1743
f 1701 1743 1699
f 1699 1743 1744
f 1699 1744 1697
f 1697 1744 1745
f 1697 1745 1695
f 1695 1745 1746
f 1695 1746 1694
f 1694 1746 1747
f 1694 1747 1693
f 1693 1747 1748
f 1693 1748 1692
f 1692 1748 1749
f 1692 1749 1691
f 1691 1749 1750
f 1691 1750 1690
f 1690 1750 1751
f 1690 1751 1689
f 1689 1751 1752
f 1689 1752 1688
f 1688 1752 1710
f 1688 1710 1753
f 1753 1710 1712
f 1753 1712 1754
f 1754 1712 1714
f 1754 1714 1755
f 1755 1714 1716
f 1755 1716 1756
f 1756 1716 1718
f 1756 1718 1757
f 1757 1718 1720
f 1757 1720 1758
f 1758 1720 1722
f 1758 1722 1759
f 1759 1722 1724
f 1759 1724 1760
f 1760 1724 1726
f 1760 1726 1761
f 1761 1726 1728
f 1761 1728 1762
f 1762 1728 1730
f 1762 1730 1763
f 1763 1730 1732
f 1763 1732 1764
f 1764 1732 1734
f 1764 1734 1765
f 1765 1734 1736
f 1765 1736 1709
f 1709 1736 1738
f 1766 1767 1768
f 1769 1770 1771
f 1771 1770 1772
f 1771 1772 1766
f 1773 1774 1775
f 1775 1774 1771
f 1775 1771 1776
f 1766 1768 1771
f 1771 1768 1777
f 1771 1777 1776
f 1778 1779 1780
f 1781 1782 1783
f 1783 1782 1784
f 1783 1784 1778
f 1785 1786 1787
f 1787 1786 1783
f 1787 1783 1788
f 1778 1780 1783
f 1783 1780 1789
f 1783 1789 1788
f 1790 1791 1792
f 1792 1791 1793
f 1794 1795 1796
f 1796 1795 1797
f 1796 1797 1798
f 1799 1792 1800
f 1800 1792 1793
f 1800 1793 1797
f 1797 1793 1801
f 1797 1801 1798
f 1802 1803 1804
f 1804 1803 1805
f 1806 1807 1808
f 1808 1807 1809
f 1808 1809 1810
f 1811 1804 1812
f 1812 1804 1805
f 1812 1805 1809
f 1809 1805 1813
f 1809 1813 1810
f 1770 1814 1772
f 1772 1814 1815
f 1772 1815 1766
f 1766 1815 1816
f 1766 1816 1767
f 1767 1816 1817
f 1767 1817 1768
f 1768 1817 1818
f 1768 1818 1777
f 1777 1818 1819
f 1777 1819 1776
f 1776 1819 1820
f 1782 1821 1784
f 1784 1821 1822
f 1784 1822 1778
f 1778 1822 1823
f 1778 1823 1779
f 1779 1823 1824
f 1779 1824 1780
f 1780 1824 1825
f 1780 1825 1789
f 1789 1825 1826
f 1789 1826 1788
f 1788 1826 1827
f 1791 1828 1793
f 1793 1828 1829
f 1793 1829 1801
f 1801 1829 1830
f 1801 1830 1798
f 1798 1830 1831
f 1798 1831 1796
f 1796 1831 1832
f 1796 1832 1794
f 1794 1832 1833
f 1794 1833 1795
f 1795 1833 1834
f 1803 1835 1805
f 1805 1835 1836
f 1805 1836 1813
f 1813 1836 1837
f 1813 1837 1810
f 1810 1837 1838
f 1810 1838 1808
f 1808 1838 1839
f 1808 1839 1806
f 1806 1839 1840
f 1806 1840 1807
f 1807 1840 1841
f 1842 1843 1844
f 1845 1846 1842
f 1847 1848 1845
f 1845 1848 1849
f 1845 1849 1846
f 1842 1844 1845
f 1845 1844 1850
f 1845 1850 1851
f 1852 1853 1854
f 1854 1853 1845
f 1854 1845 1855
f 1855 1845 1851
f 1856 1850 1844
f 1843 1857 1844
f 1844 1857 1858
f 1844 1858 1856
f 1859 1860 1861
f 1861 1860 1862
f 1862 1860 1820
f 1862 1820 1863
f 1863 1820 1819
f 1863 1819 1864
f 1864 1819 1818
f 1864 1818 1865
f 1865 1818 1817
f 1865 1817 1866
f 1861 1867 1859
f 1859 1867 1868
f 1859 1868 1869
f 1869 1868 1870
f 1869 1870 1871
f 1871 1870 1872
f 1871 1872 1873
f 1873 1872 1874
f 1873 1874 1814
f 1814 1874 1875
f 1814 1875 1815
f 1815 1875 1866
f 1815 1866 1816
f 1816 1866 1817
f 1876 1877 1878
f 1878 1877 1879
f 1878 1879 1880
f 1880 1879 1881
f 1880 1881 1882
f 1882 1881 1883
f 1882 1883 1821
f 1821 1883 1884
f 1821 1884 1822
f 1822 1884 1885
f 1822 1885 1823
f 1823 1885 1824
f 1824 1885 1886
f 1824 1886 1825
f 1825 1886 1887
f 1825 1887 1826
f 1826 1887 1888
f 1826 1888 1827
f 1827 1888 1889
f 1827 1889 1890
f 1890 1889 1891
f 1890 1891 1876
f 1876 1891 1892
f 1876 1892 1877
f 1893 1894 1895
f 1895 1894 1896
f 1895 1896 1897
f 1897 1896 1898
f 1897 1898 1899
f 1899 1898 1900
f 1899 1900 1828
f 1828 1900 1901
f 1828 1901 1829
f 1829 1901 1902
f 1829 1902 1830
f 1830 1902 1831
f 1831 1902 1903
f 1831 1903 1832
f 1832 1903 1904
f 1832 1904 1833
f 1833 1904 1905
f 1833 1905 1834
f 1834 1905 1906
f 1834 1906 1907
f 1907 1906 1908
f 1907 1908 1893
f 1893 1908 1909
f 1893 1909 1894
f 1910 1911 1912
f 1912 1911 1913
f 1912 1913 1914
f 1914 1913 1915
f 1914 1915 1916
f 1916 1915 1917
f 1916 1917 1835
f 1835 1917 1918
f 1835 1918 1836
f 1836 1918 1919
f 1836 1919 1837
f 1837 1919 1838
f 1838 1919 1920
f 1838 1920 1839
f 1839 1920 1921
f 1839 1921 1840
f 1840 1921 1922
f 1840 1922 1841
f 1841 1922 1923
f 1841 1923 1924
f 1924 1923 1925
f 1924 1925 1910
f 1910 1925 1926
f 1910 1926 1911
f 1927 1928 1929
f 1930 1931 1927
f 1932 1933 1930
f 1930 1933 1934
f 1930 1934 1931
f 1927 1929 1930
f 1930 1929 1935
f 1930 1935 1936
f 1937 1938 1939
f 1939 1938 1930
f 1939 1930 1940
f 1940 1930 1936
f 1941 1935 1929
f 1928 1942 1929
f 1929 1942 1943
f 1929 1943 1941
f 1944 1945 1946
f 1947 1948 1944
f 1949 1950 1947
f 1947 1950 1951
f 1947 1951 1948
f 1944 1946 1947
f 1947 1946 1952
f 1947 1952 1953
f 1954 1955 1956
f 1956 1955 1947
f 1956 1947 1957
f 1957 1947 1953
f 1958 1952 1946
f 1945 1959 1946
f 1946 1959 1960
f 1946 1960 1958
f 1961 1962 1963
f 1964 1965 1961
f 1966 1967 1964
f 1964 1967 1968
f 1964 1968 1965
f 1961 1963 1964
f 1964 1963 1969
f 1964 1969 1970
f 1971 1972 1973
f 1973 1972 1964
f 1973 1964 1974
f 1974 1964 1970
f 1975 1969 1963
f 1962 1976 1963
f 1963 1976 1977
f 1963 1977 1975
f 1854 1978 1852
f 1852 1978 1979
f 1852 1979 1853
f 1853 1979 1980
f 1853 1980 1845
f 1845 1980 1981
f 1845 1981 1847
f 1847 1981 1982
f 1847 1982 1848
f 1848 1982 1983
f 1848 1983 1849
f 1849 1983 1984
f 1872 1985 1874
f 1874 1985 1986
f 1874 1986 1875
f 1875 1986 1987
f 1875 1987 1866
f 1866 1987 1988
f 1866 1988 1865
f 1865 1988 1989
f 1865 1989 1864
f 1864 1989 1990
f 1864 1990 1863
f 1863 1990 1991
f 1881 1992 1883
f 1883 1992 1993
f 1883 1993 1884
f 1884 1993 1994
f 1884 1994 1885
f 1885 1994 1995
f 1885 1995 1886
f 1886 1995 1996
f 1886 1996 1887
f 1887 1996 1997
f 1887 1997 1888
f 1888 1997 1998
f 1898 1999 1900
f 1900 1999 2000
f 1900 2000 1901
f 1901 2000 2001
f 1901 2001 1902
f 1902 2001 2002
f 1902 2002 1903
f 1903 2002 2003
f 1903 2003 1904
f 1904 2003 2004
f 1904 2004 1905
f 1905 2004 2005
f 1915 2006 1917
f 1917 2006 2007
f 1917 2007 1918
f 1918 2007 2008
f 1918 2008 1919
f 1919 2008 2009
f 1919 2009 1920
f 1920 2009 2010
f 1920 2010 1921
f 1921 2010 2011
f 1921 2011 1922
f 1922 2011 2012
f 1939 2013 1937
f 1937 2013 2014
f 1937 2014 1938
f 1938 2014 2015
f 1938 2015 1930
f 1930 2015 2016
f 1930 2016 1932
f 1932 2016 2017
f 1932 2017 1933
f 1933 2017 2018
f 1933 2018 1934
f 1934 2018 2019
f 1956 2020 1954
f 1954 2020 2021
f 1954 2021 1955
f 1955 2021 2022
f 1955 2022 1947
f 1947 2022 2023
f 1947 2023 1949
f 1949 2023 2024
f 1949 2024 1950
f 1950 2024 2025
f 1950 2025 1951
f 1951 2025 2026
f 1973 2027 1971
f 1971 2027 2028
f 1971 2028 1972
f 1972 2028 2029
f 1972 2029 1964
f 1964 2029 2030
f 1964 2030 1966
f 1966 2030 2031
f 1966 2031 1967
f 1967 2031 2032
f 1967 2032 1968
f 1968 2032 2033
f 2034 2035 2036
f 2036 2035 2037
f 2038 2039 2040
f 2040 2039 2035
f 2040 2035 2041
f 2041 2035 2034
f 2042 2043 2044
f 2044 2043 2036
f 2044 2036 2045
f 2045 2036 2037
f 2046 2047 2048
f 2048 2047 2049
f 2050 2051 2052
f 2052 2051 2047
f 2052 2047 2053
f 2053 2047 2046
f 2054 2055 2056
f 2056 2055 2048
f 2056 2048 2057
f 2057 2048 2049
f 2058 2059 2060
f 2061 2062 2063
f 2060 2061 2064
f 2064 2061 2063
f 2064 2063 2065
f 2065 2063 2066
f 2067 2058 2068
f 2068 2058 2060
f 2068 2060 2069
f 2069 2060 2064
f 2070 2071 2072
f 2072 2071 2073
f 2074 2075 2076
f 2076 2075 2071
f 2076 2071 2077
f 2077 2071 2070
f 2078 2079 2080
f 2080 2079 2072
f 2080 2072 2081
f 2081 2072 2073
f 2082 2083 2084
f 2084 2083 2085
f 2086 2087 2088
f 2088 2087 2083
f 2088 2083 2089
f 2089 2083 2082
f 2090 2091 2092
f 2092 2091 2084
f 2092 2084 2093
f 2093 2084 2085
f 2094 2095 2096
f 2097 2098 2099
f 2096 2097 2100
f 2100 2097 2099
f 2100 2099 2101
f 2101 2099 2102
f 2103 2094 2104
f 2104 2094 2096
f 2104 2096 2105
f 2105 2096 2100
f 2106 2107 2108
f 2106 2108 2109
f 2109 2108 2110
f 2109 2110 2111
f 2111 2110 2112
f 2111 2112 2113
f 2113 2112 2114
f 2113 2114 2115
f 2116 2117 2118
f 2119 2120 2121
f 2023 2022 2122
f 2122 2022 2021
f 2023 2122 2024
f 2024 2122 2123
f 2024 2123 2025
f 2124 2020 2125
f 2124 2125 2126
f 2127 2128 2123
f 2123 2128 2026
f 2123 2026 2025
f 2125 2129 2126
f 2126 2129 2130
f 2126 2130 2131
f 2131 2130 2132
f 2131 2132 2127
f 2127 2132 2133
f 2127 2133 2128
f 2134 2135 2136
f 2136 2135 2137
f 2031 2030 2138
f 2138 2030 2029
f 2029 2028 2138
f 2138 2028 2139
f 2138 2139 2140
f 2028 2027 2139
f 2139 2027 2141
f 2139 2141 2142
f 2143 2144 2145
f 2145 2144 2033
f 2145 2033 2032
f 2141 2146 2142
f 2142 2146 2147
f 2142 2147 2148
f 2148 2147 2149
f 2148 2149 2143
f 2143 2149 2150
f 2143 2150 2144
f 2032 2031 2145
f 2145 2031 2138
f 2145 2138 2151
f 2151 2138 2152
f 2151 2152 2153
f 2153 2152 2154
f 1982 1981 2118
f 1983 1982 2155
f 2155 1982 2118
f 2155 2118 2156
f 1981 1980 2118
f 2118 1980 2157
f 2118 2157 2152
f 2152 2157 2158
f 2152 2158 2154
f 2159 2160 2155
f 2155 2160 1984
f 2155 1984 1983
f 1980 1979 2157
f 2157 1979 1978
f 2157 1978 2161
f 2161 1978 2162
f 2162 2163 2161
f 2161 2163 2164
f 2161 2164 2165
f 2165 2164 2166
f 2165 2166 2159
f 2159 2166 2167
f 2159 2167 2160
f 2016 2168 2017
f 2017 2168 2169
f 2017 2169 2018
f 2016 2015 2168
f 2168 2015 2170
f 2168 2170 2121
f 2121 2170 2171
f 2121 2171 2119
f 2015 2014 2170
f 2170 2014 2013
f 2170 2013 2172
f 2172 2013 2173
f 2174 2175 2169
f 2169 2175 2019
f 2169 2019 2018
f 2173 2176 2172
f 2172 2176 2177
f 2172 2177 2178
f 2178 2177 2179
f 2178 2179 2174
f 2174 2179 2180
f 2174 2180 2175
f 2181 2182 2183
f 2183 2182 2184
f 2185 2122 2124
f 2124 2122 2021
f 2124 2021 2020
f 2186 2012 2121
f 2120 2156 2121
f 2121 2156 2118
f 2121 2118 2186
f 2186 2118 2117
f 2012 2011 2121
f 2121 2011 2010
f 2121 2010 2187
f 2187 2010 2009
f 2187 2009 2152
f 2152 2009 2008
f 2152 2008 2007
f 2007 2006 2152
f 2152 2006 2188
f 2152 2188 2118
f 2118 2188 2189
f 2118 2189 2116
f 2190 2191 2138
f 2001 2192 2002
f 2002 2192 2187
f 2002 2187 2003
f 2003 2187 2152
f 2003 2152 2004
f 2001 2000 2192
f 2192 2000 1999
f 2192 1999 2193
f 2134 2136 2140
f 2140 2136 2192
f 2140 2192 2138
f 2138 2192 2193
f 2138 2193 2190
f 2191 2194 2138
f 2138 2194 2195
f 2138 2195 2152
f 2152 2195 2005
f 2152 2005 2004
f 2196 1991 2197
f 2168 2198 2199
f 1986 1985 2121
f 2121 1985 2200
f 2121 2200 2168
f 2168 2200 2201
f 2168 2201 2198
f 1991 1990 2197
f 2197 1990 1989
f 2197 1989 2187
f 2187 1989 1988
f 2187 1988 2121
f 2121 1988 1987
f 2121 1987 1986
f 2184 2202 2183
f 2183 2202 2169
f 2183 2169 2197
f 2197 2169 2168
f 2197 2168 2196
f 2196 2168 2199
f 2203 1998 2192
f 2204 2205 2122
f 2122 2205 2206
f 1993 1992 2197
f 2197 1992 2207
f 1998 1997 2192
f 2192 1997 1996
f 2192 1996 2187
f 2187 1996 1995
f 2187 1995 2197
f 2197 1995 1994
f 2197 1994 1993
f 2181 2183 2185
f 2185 2183 2197
f 2185 2197 2122
f 2122 2197 2207
f 2122 2207 2204
f 2137 2208 2136
f 2136 2208 2123
f 2136 2123 2192
f 2192 2123 2122
f 2192 2122 2203
f 2203 2122 2206
f 2209 2210 2211
f 2209 2211 2212
f 2212 2211 2213
f 2212 2213 2214
f 2043 2215 2036
f 2036 2215 2216
f 2036 2216 2034
f 2034 2216 2217
f 2034 2217 2041
f 2041 2217 2218
f 2041 2218 2040
f 2040 2218 2219
f 2040 2219 2038
f 2038 2219 2220
f 2038 2220 2039
f 2039 2220 2221
f 2055 2222 2048
f 2048 2222 2223
f 2048 2223 2046
f 2046 2223 2224
f 2046 2224 2053
f 2053 2224 2225
f 2053 2225 2052
f 2052 2225 2226
f 2052 2226 2050
f 2050 2226 2227
f 2050 2227 2051
f 2051 2227 2228
f 2059 2229 2060
f 2060 2229 2230
f 2060 2230 2061
f 2061 2230 2231
f 2061 2231 2062
f 2062 2231 2232
f 2062 2232 2063
f 2063 2232 2233
f 2063 2233 2066
f 2066 2233 2234
f 2066 2234 2065
f 2065 2234 2235
f 2079 2236 2072
f 2072 2236 2237
f 2072 2237 2070
f 2070 2237 2238
f 2070 2238 2077
f 2077 2238 2239
f 2077 2239 2076
f 2076 2239 2240
f 2076 2240 2074
f 2074 2240 2241
f 2074 2241 2075
f 2075 2241 2242
f 2091 2243 2084
f 2084 2243 2244
f 2084 2244 2082
f 2082 2244 2245
f 2082 2245 2089
f 2089 2245 2246
f 2089 2246 2088
f 2088 2246 2247
f 2088 2247 2086
f 2086 2247 2248
f 2086 2248 2087
f 2087 2248 2249
f 2095 2250 2096
f 2096 2250 2251
f 2096 2251 2097
f 2097 2251 2252
f 2097 2252 2098
f 2098 2252 2253
f 2098 2253 2099
f 2099 2253 2254
f 2099 2254 2102
f 2102 2254 2255
f 2102 2255 2101
f 2101 2255 2256
f 2257 2258 2259
f 2260 2258 2257
f 2261 2260 2257
f 2257 2262 2263
f 2264 2262 2257
f 2259 2264 2257
f 2265 2266 2267
f 2268 2266 2265
f 2269 2268 2265
f 2265 2270 2271
f 2272 2270 2265
f 2267 2272 2265
f 2273 2274 2275
f 2276 2274 2273
f 2277 2276 2273
f 2273 2278 2279
f 2280 2278 2273
f 2275 2280 2273
f 2281 2282 2283
f 2284 2282 2281
f 2285 2284 2281
f 2281 2286 2287
f 2288 2286 2281
f 2283 2288 2281
f 2289 2290 2291
f 2292 2290 2289
f 2293 2292 2289
f 2289 2294 2295
f 2296 2294 2289
f 2291 2296 2289
f 2297 2298 2299
f 2300 2298 2297
f 2301 2300 2297
f 2297 2302 2303
f 2304 2302 2297
f 2299 2304 2297
f 2305 2306 2307
f 2308 2306 2305
f 2309 2308 2305
f 2305 2310 2311
f 2312 2310 2305
f 2307 2312 2305
f 2313 2314 2315
f 2316 2314 2313
f 2317 2316 2313
f 2313 2318 2319
f 2320 2318 2313
f 2315 2320 2313
f 2321 2322 2323
f 2323 2322 2324
f 2322 2321 2325
f 2325 2321 2326
f 2325 2326 2327
f 2327 2326 2328
f 2327 2328 2329
f 2329 2328 2330
f 2329 2330 2331
f 2331 2330 2332
f 2331 2332 2333
f 2333 2332 2334
f 2333 2334 2335
f 2335 2334 2336
f 2335 2336 2337
f 2337 2336 2338
f 2339 2340 2341
f 2341 2340 2342
f 2340 2339 2343
f 2343 2339 2344
f 2343 2344 2345
f 2345 2344 2346
f 2345 2346 2347
f 2347 2346 2348
f 2347 2348 2349
f 2349 2348 2350
f 2349 2350 2351
f 2351 2350 2352
f 2351 2352 2353
f 2353 2352 2354
f 2353 2354 2355
f 2355 2354 2356
f 2357 2358 2359
f 2359 2358 2360
f 2358 2357 2361
f 2361 2357 2362
f 2361 2362 2363
f 2363 2362 2364
f 2363 2364 2365
f 2365 2364 2366
f 2365 2366 2367
f 2367 2366 2368
f 2367 2368 2369
f 2369 2368 2370
f 2369 2370 2371
f 2371 2370 2372
f 2371 2372 2373
f 2373 2372 2374
f 2373 2374 2375
f 2375 2374 2376
f 2377 2378 2379
f 2379 2378 2380
f 2378 2377 2381
f 2381 2377 2382
f 2383 2384 2385
f 2385 2384 2386
f 2387 2388 2389
f 2389 2388 2390
f 2388 2387 2391
f 2391 2387 2392
f 2391 2392 2393
f 2393 2392 2394
f 2393 2394 2395
f 2395 2394 2396
f 2397 2398 2399
f 2399 2398 2400
f 30 31 2114
f 30 2114 28
f 2114 2112 28
f 28 2112 2110
f 28 2110 26
f 26 2110 2108
f 26 2108 17
f 17 2108 2107
f 17 2107 18
f 31 32 2114
f 2114 32 2115
f 36 38 2109
f 2109 38 2106
f 2106 38 39
f 2106 39 20
f 2109 2111 36
f 36 2111 2113
f 36 2113 33
f 33 2113 2115
f 33 2115 32
f 2107 2106 18
f 18 2106 20
f 44 2401 2131
f 2131 2401 2126
f 2126 2401 2124
f 2124 2401 2402
f 2124 2402 2185
f 2185 2402 2403
f 2185 2403 2181
f 2181 2403 2404
f 2181 2404 2182
f 2182 2404 2405
f 2182 2405 2184
f 2184 2405 2406
f 2184 2406 2202
f 2202 2406 2407
f 2202 2407 2169
f 2169 2407 2408
f 2169 2408 2174
f 2174 2408 2409
f 2174 2409 2178
f 2178 2409 2410
f 2178 2410 2172
f 2172 2410 2411
f 2172 2411 2170
f 2170 2411 2412
f 2170 2412 2171
f 2171 2412 2413
f 2171 2413 2119
f 2119 2413 2414
f 2119 2414 2120
f 2120 2414 2415
f 2120 2415 2156
f 2156 2415 2416
f 2156 2416 2155
f 2155 2416 2417
f 2155 2417 2159
f 2159 2417 67
f 2159 67 2165
f 2210 2209 2418
f 2418 2209 2419
f 2420 2421 2422
f 2420 2422 2423
f 2210 2418 2211
f 2211 2418 2424
f 2211 2424 2213
f 2213 2424 2423
f 2213 2423 2425
f 2425 2423 2422
f 2421 2426 2422
f 2422 2426 2427
f 2428 2429 2430
f 2430 2429 2427
f 2430 2427 2426
f 2419 2209 2431
f 2431 2209 2212
f 2431 2212 2428
f 2428 2212 2214
f 2428 2214 2429
f 2432 2433 2338
f 2338 2433 2337
f 2324 2218 2217
f 2217 2337 2324
f 2324 2337 2433
f 2324 2433 2434
f 2217 2216 2337
f 2337 2216 2215
f 2337 2215 2335
f 2335 2215 2435
f 2335 2435 2333
f 2333 2435 2436
f 2333 2436 2331
f 2331 2436 2437
f 2331 2437 2329
f 2329 2437 2438
f 2329 2438 2327
f 2327 2438 2439
f 2327 2439 2325
f 2325 2439 2221
f 2325 2221 2322
f 2322 2221 2220
f 2322 2220 2324
f 2324 2220 2219
f 2324 2219 2218
f 2323 2324 2440
f 2440 2324 2434
f 2441 2442 2443
f 2443 2442 2444
f 2228 2443 2445
f 2445 2443 2446
f 2445 2446 2447
f 2447 2446 2448
f 2447 2448 2449
f 2228 2227 2443
f 2443 2227 2226
f 2443 2226 2441
f 2226 2225 2441
f 2441 2225 2224
f 2441 2224 2450
f 2450 2224 2223
f 2450 2223 2451
f 2451 2223 2222
f 2448 2452 2449
f 2449 2452 2453
f 2449 2453 2454
f 2454 2453 2455
f 2454 2455 2456
f 2456 2455 2457
f 2456 2457 2222
f 2222 2457 2458
f 2222 2458 2451
f 2459 2460 2400
f 2400 2460 2399
f 2390 2461 2235
f 2235 2399 2390
f 2390 2399 2460
f 2390 2460 2462
f 2235 2234 2399
f 2399 2234 2233
f 2399 2233 2397
f 2397 2233 2232
f 2397 2232 2463
f 2463 2232 2231
f 2463 2231 2464
f 2464 2231 2230
f 2464 2230 2395
f 2395 2230 2229
f 2395 2229 2393
f 2393 2229 2465
f 2393 2465 2391
f 2391 2465 2466
f 2391 2466 2388
f 2388 2466 2467
f 2388 2467 2390
f 2390 2467 2468
f 2390 2468 2461
f 2389 2390 2469
f 2469 2390 2462
f 40 21 2386
f 2386 21 2385
f 2385 21 9
f 2380 2236 2470
f 2470 2471 2380
f 2380 2471 2472
f 2380 2472 9
f 9 2472 2473
f 9 2473 2385
f 2239 2474 2240
f 2240 2474 2475
f 2240 2475 2241
f 2241 2475 2383
f 2241 2383 2242
f 2242 2383 2385
f 2242 2385 2476
f 2476 2385 2473
f 2380 2378 2236
f 2236 2378 2381
f 2236 2381 2237
f 2237 2381 2477
f 2237 2477 2238
f 2238 2477 2478
f 2238 2478 2239
f 2239 2478 2479
f 2239 2479 2474
f 2379 2380 8
f 8 2380 9
f 5 4 2376
f 2376 4 2375
f 2360 2245 2244
f 2360 2358 2245
f 2245 2358 2361
f 2245 2361 2246
f 2246 2361 2363
f 2246 2363 2247
f 2244 2243 2360
f 2360 2243 2480
f 2360 2480 11
f 11 2480 2481
f 11 2481 4
f 4 2481 2482
f 4 2482 2375
f 2375 2482 2483
f 2375 2483 2373
f 2373 2483 2484
f 2373 2484 2371
f 2371 2484 2249
f 2371 2249 2369
f 2369 2249 2248
f 2369 2248 2367
f 2367 2248 2247
f 2367 2247 2365
f 2365 2247 2363
f 2359 2360 47
f 47 2360 11
f 2 1 2356
f 2356 1 2355
f 2251 2250 2342
f 2250 2355 2342
f 2342 2355 1
f 2342 1 16
f 2250 2485 2355
f 2355 2485 2486
f 2355 2486 2353
f 2353 2486 2487
f 2353 2487 2351
f 2351 2487 2488
f 2351 2488 2349
f 2349 2488 2489
f 2349 2489 2347
f 2347 2489 2256
f 2347 2256 2345
f 2345 2256 2255
f 2345 2255 2343
f 2343 2255 2254
f 2343 2254 2340
f 2340 2254 2253
f 2340 2253 2342
f 2342 2253 2252
f 2342 2252 2251
f 2341 2342 15
f 15 2342 16
f 2490 2443 2491
f 2491 2443 2444
f 2492 2446 2490
f 2490 2446 2443
f 2446 2492 2493
f 2446 2493 2448
f 2448 2493 2494
f 2448 2494 2452
f 2452 2494 2495
f 2452 2495 2453
f 2495 2496 2453
f 2453 2496 2497
f 2453 2497 2455
f 2497 2498 2455
f 2455 2498 2499
f 2455 2499 2457
f 2457 2499 2500
f 2457 2500 2458
f 2450 2501 2441
f 2441 2501 2502
f 2503 2442 2502
f 2502 2442 2441
f 2259 2504 2264
f 2264 2504 2505
f 2264 2505 2262
f 2262 2505 2506
f 2262 2506 2263
f 2263 2506 2507
f 2263 2507 2508
f 2508 2507 2509
f 2508 2509 2510
f 2510 2509 2511
f 2510 2511 2512
f 2512 2511 2513
f 2514 2515 2269
f 2269 2515 2516
f 2269 2516 2268
f 2268 2516 2517
f 2268 2517 2266
f 2266 2517 2518
f 2266 2518 2267
f 2267 2518 2519
f 2267 2519 2272
f 2272 2519 2520
f 2272 2520 2270
f 2270 2520 2521
f 2276 2522 2274
f 2274 2522 2523
f 2274 2523 2275
f 2275 2523 2524
f 2275 2524 2280
f 2280 2524 2525
f 2280 2525 2278
f 2278 2525 2526
f 2278 2526 2279
f 2279 2526 2527
f 2279 2527 2528
f 2528 2527 2529
f 2283 2530 2288
f 2288 2530 2531
f 2288 2531 2286
f 2286 2531 2532
f 2286 2532 2287
f 2287 2532 2533
f 2287 2533 2534
f 2534 2533 2535
f 2534 2535 2536
f 2536 2535 2537
f 2536 2537 2538
f 2538 2537 2539
f 2294 2540 2295
f 2295 2540 2541
f 2295 2541 2542
f 2542 2541 2543
f 2542 2543 2544
f 2544 2543 2545
f 2544 2545 2546
f 2546 2545 2547
f 2546 2547 2548
f 2548 2547 2549
f 2548 2549 2550
f 2550 2549 2551
f 2552 2553 2554
f 2554 2553 2555
f 2554 2555 2556
f 2556 2555 2557
f 2556 2557 2558
f 2558 2557 2559
f 2558 2559 2560
f 2560 2559 2561
f 2560 2561 2301
f 2301 2561 2562
f 2301 2562 2300
f 2300 2562 2563
f 2564 2565 2566
f 2566 2565 2567
f 2566 2567 2568
f 2568 2567 2569
f 2568 2569 2309
f 2309 2569 2570
f 2309 2570 2308
f 2308 2570 2571
f 2308 2571 2306
f 2306 2571 2572
f 2306 2572 2307
f 2307 2572 2573
f 2315 2574 2320
f 2320 2574 2575
f 2320 2575 2318
f 2318 2575 2576
f 2318 2576 2319
f 2319 2576 2577
f 2319 2577 2578
f 2578 2577 2579
f 2578 2579 2580
f 2580 2579 2581
f 2580 2581 2582
f 2582 2581 2583
f 2323 2440 2321
f 2321 2440 2584
f 2321 2584 2326
f 2326 2584 2585
f 2326 2585 2328
f 2328 2585 2586
f 2328 2586 2330
f 2330 2586 2587
f 2330 2587 2332
f 2332 2587 2588
f 2332 2588 2334
f 2334 2588 2589
f 2334 2589 2336
f 2336 2589 2590
f 2338 2336 2432
f 2432 2336 2590
f 2432 2590 2591
f 2341 15 2339
f 2339 15 2592
f 2339 2592 2344
f 2344 2592 2593
f 2344 2593 2346
f 2346 2593 2594
f 2346 2594 2348
f 2348 2594 2595
f 2348 2595 2350
f 2350 2595 2596
f 2350 2596 2352
f 2352 2596 2597
f 2352 2597 2354
f 2354 2597 2598
f 2356 2354 2
f 2 2354 2598
f 2 2598 3
f 2359 47 2357
f 2357 47 2599
f 2357 2599 2362
f 2362 2599 2600
f 2362 2600 2364
f 2364 2600 2601
f 2364 2601 2366
f 2366 2601 2602
f 2366 2602 2368
f 2368 2602 2603
f 2368 2603 2370
f 2370 2603 2604
f 2370 2604 2372
f 2372 2604 2605
f 2372 2605 2374
f 2374 2605 2606
f 2376 2374 5
f 5 2374 2606
f 5 2606 6
f 2379 8 2377
f 2377 8 2607
f 2377 2607 2382
f 2382 2607 2608
f 2386 2384 40
f 40 2384 2609
f 40 2609 41
f 2389 2469 2387
f 2387 2469 2610
f 2392 2387 2610
f 2611 2396 2612
f 2612 2396 2394
f 2612 2394 2613
f 2613 2394 2392
f 2613 2392 2614
f 2614 2392 2610
f 2400 2398 2459
f 2459 2398 2615
f 2459 2615 2616
f 2490 2491 2492
f 2492 2491 2617
f 2618 2500 2619
f 2619 2500 2499
f 2619 2499 2620
f 2620 2499 2498
f 2498 2497 2620
f 2620 2497 2496
f 2620 2496 2621
f 2492 2617 2493
f 2493 2617 2622
f 2493 2622 2494
f 2494 2622 2621
f 2494 2621 2495
f 2495 2621 2496
f 2502 2501 2503
f 2503 2501 2623
f 2503 2623 2624
f 2625 2626 2627
f 2628 2629 2630
f 2631 2616 2615
f 43 2632 45
f 37 2633 23
f 68 2634 2635
f 2636 2637 2638
f 2639 2640 2513
f 2513 2511 2639
f 2639 2511 2509
f 2639 2509 2641
f 2509 2507 2641
f 2641 2507 2506
f 2641 2506 2642
f 2642 2506 2505
f 2642 2505 2504
f 2590 2589 2635
f 2635 2589 2588
f 2635 2588 2643
f 2643 2588 2587
f 2440 2642 2584
f 2584 2642 2504
f 2584 2504 2585
f 2585 2504 2644
f 2585 2644 2586
f 2586 2644 2645
f 2586 2645 2587
f 2587 2645 2646
f 2587 2646 2643
f 2643 2646 2647
f 2643 2647 2640
f 2640 2647 2648
f 2640 2648 2513
f 2569 2567 2649
f 2649 2567 2638
f 2638 2567 2565
f 2638 2565 2636
f 2573 2572 2650
f 2650 2572 2571
f 2650 2571 2649
f 2649 2571 2570
f 2649 2570 2569
f 2637 2651 35
f 35 2651 37
f 37 2651 2652
f 37 2652 2633
f 2633 2652 2653
f 2633 2653 2573
f 2654 2655 2640
f 2656 2657 2658
f 2658 2659 2656
f 2656 2659 2660
f 2656 2660 2623
f 2623 2660 2661
f 2623 2661 2624
f 2662 2532 2639
f 2639 2532 2531
f 2639 2531 2640
f 2640 2531 2530
f 2640 2530 2654
f 2659 2539 2660
f 2660 2539 2537
f 2660 2537 2663
f 2663 2537 2535
f 2663 2535 2662
f 2662 2535 2533
f 2662 2533 2532
f 2634 2664 2635
f 2635 2664 2665
f 2635 2665 2590
f 2590 2665 2666
f 2590 2666 2591
f 2667 2668 2669
f 2669 2670 2667
f 2667 2670 2551
f 2667 2551 2671
f 2551 2549 2671
f 2671 2549 2547
f 2671 2547 66
f 66 2547 2545
f 2667 2595 2594
f 2545 2543 66
f 66 2543 2541
f 66 2541 64
f 64 2541 2540
f 64 2540 62
f 62 2540 2672
f 62 2672 14
f 14 2672 2673
f 14 2673 15
f 2667 2594 2668
f 2668 2594 2593
f 2668 2593 2673
f 2673 2593 2592
f 2673 2592 15
f 2562 2561 2667
f 2563 2674 2675
f 2675 2674 2676
f 2562 2667 2563
f 48 49 2674
f 2674 49 51
f 2674 51 2676
f 2595 2667 2596
f 2596 2667 2561
f 2596 2561 2559
f 53 2677 51
f 51 2677 2678
f 51 2678 2676
f 59 2557 57
f 57 2557 2555
f 57 2555 55
f 55 2555 2553
f 55 2553 53
f 53 2553 2679
f 53 2679 2677
f 59 3 2557
f 2557 3 2598
f 2557 2598 2559
f 2559 2598 2597
f 2559 2597 2596
f 2603 2602 2649
f 2649 2602 2601
f 2649 2601 2674
f 2638 13 6
f 2601 2600 2674
f 2674 2600 2599
f 2674 2599 48
f 48 2599 47
f 6 2606 2638
f 2638 2606 2605
f 2638 2605 2649
f 2649 2605 2604
f 2649 2604 2603
f 2637 35 2638
f 2638 35 34
f 2638 34 13
f 2573 2650 2633
f 2633 2650 2575
f 2633 2575 2574
f 23 2680 7
f 7 2680 2681
f 7 2681 2583
f 8 7 2607
f 2607 7 2583
f 2607 2583 2608
f 2608 2583 2581
f 2608 2581 2682
f 2682 2581 2683
f 2684 2685 2632
f 2574 2686 2633
f 2633 2686 2687
f 2633 2687 23
f 23 2687 2688
f 23 2688 2680
f 2684 2632 2609
f 2581 2579 2683
f 2683 2579 2577
f 2683 2577 2650
f 2650 2577 2576
f 2650 2576 2575
f 2632 43 2609
f 2609 43 42
f 2609 42 41
f 2689 46 2690
f 45 2632 46
f 46 2632 2691
f 46 2691 2690
f 2518 2517 2692
f 2690 2693 2689
f 2689 2693 2694
f 2689 2694 2695
f 2695 2694 2521
f 2695 2521 2520
f 2517 2516 2692
f 2692 2516 2515
f 2692 2515 2632
f 2632 2515 2696
f 2632 2696 2691
f 2614 2519 2613
f 2613 2519 2518
f 2613 2518 2612
f 2612 2518 2692
f 2612 2692 2611
f 2610 2469 2697
f 2697 2698 2610
f 2610 2698 2695
f 2610 2695 2614
f 2614 2695 2520
f 2614 2520 2519
f 2523 2522 2630
f 2522 2699 2692
f 2692 2699 2700
f 2692 2700 2701
f 2702 2615 2701
f 2701 2615 2703
f 2701 2703 2692
f 2692 2703 2704
f 2692 2704 2611
f 2527 2629 2529
f 2529 2629 2705
f 2529 2705 2706
f 2706 2705 2702
f 2527 2526 2629
f 2629 2526 2525
f 2629 2525 2630
f 2630 2525 2524
f 2630 2524 2523
f 2702 2705 2615
f 2615 2705 2707
f 2615 2707 2631
f 2623 2708 2656
f 2656 2708 2618
f 2656 2618 2709
f 2709 2618 2619
f 2709 2619 2620
f 2621 2622 2626
f 2626 2622 2617
f 2626 2617 2627
f 2491 2710 2617
f 2617 2710 2711
f 2617 2711 2627
f 2620 2621 2709
f 2709 2621 2626
f 2709 2626 2630
f 2630 2626 2625
f 2630 2625 2628
f 2712 2713 2630
f 2714 2709 2715
f 2715 2709 2630
f 2715 2630 2716
f 2716 2630 2713
f 2522 2692 2630
f 2630 2692 2717
f 2630 2717 2712
f 2718 2632 2650
f 2650 2632 2685
f 2650 2685 2683
f 2718 2719 2632
f 2632 2719 2720
f 2632 2720 2721
f 2721 2722 2632
f 2632 2722 2723
f 2632 2723 2692
f 2692 2723 2724
f 2692 2724 2717
f 2563 2667 2674
f 2674 2667 1723
f 2674 1723 1721
f 2674 1715 2649
f 2649 1715 1713
f 2649 1713 2650
f 2650 1713 1711
f 2650 1711 2718
f 1721 1719 2674
f 2674 1719 1717
f 2674 1717 1715
f 1731 2671 1733
f 1733 2671 1735
f 1731 1729 2671
f 2671 1729 1727
f 2671 1727 2667
f 2667 1727 1725
f 2667 1725 1723
f 66 68 2671
f 2671 68 2635
f 2671 2635 1735
f 1735 2635 2643
f 1735 2643 1737
f 1737 2643 1739
f 2714 1739 2709
f 2709 1739 2643
f 2709 2643 2656
f 2656 2643 2640
f 2656 2640 2657
f 2657 2640 2655
f 2725 2726 2727
f 2728 2729 2730
f 2730 2729 2731
f 2727 2726 2732
f 2733 2734 2726
f 2726 2734 2735
f 2736 2737 2738
f 2738 2737 2733
f 2738 2733 2739
f 2739 2733 2726
f 2731 2732 2730
f 2730 2732 2726
f 2730 2726 2740
f 2740 2726 2735
f 2740 2735 2741
f 2742 2743 2727
f 2727 2743 2744
f 2727 2744 2725
f 2745 2746 2747
f 2748 2749 2747
f 2747 2749 2750
f 2747 2750 2745
f 2751 2752 2753
f 2753 2752 2746
f 2753 2746 2754
f 2754 2746 2745
f 2752 2755 2746
f 2746 2755 2756
f 2746 2756 2757
f 2758 2759 2760
f 2760 2759 2761
f 2760 2761 2762
f 2762 2761 2746
f 2762 2746 2763
f 2763 2746 2757
f 2764 2765 2766
f 2766 2765 2767
f 2768 2765 2769
f 2770 2771 2772
f 2772 2771 2768
f 2772 2768 2773
f 2773 2768 2769
f 2774 2775 2776
f 2776 2775 2769
f 2776 2769 2777
f 2777 2769 2765
f 2778 2767 2779
f 2779 2767 2765
f 2779 2765 2780
f 2780 2765 2768
f 2781 2782 2766
f 2766 2782 2783
f 2766 2783 2764
f 107 2769 105
f 105 2769 2775
f 105 2775 103
f 103 2775 2774
f 103 2774 110
f 110 2774 2776
f 110 2776 108
f 108 2776 2777
f 108 2777 91
f 99 2773 107
f 107 2773 2769
f 2764 80 2765
f 2765 80 89
f 2765 89 2777
f 2777 89 91
f 2773 99 2772
f 2772 99 101
f 2766 88 2781
f 2781 88 86
f 2781 86 2782
f 2782 86 84
f 2782 84 2783
f 2783 84 82
f 2783 82 2764
f 2764 82 80
f 2780 2768 76
f 76 2768 94
f 2767 72 2766
f 2766 72 88
f 2780 76 2779
f 2779 76 74
f 2779 74 2778
f 2778 74 71
f 2778 71 2767
f 2767 71 72
f 2763 124 2762
f 2762 124 651
f 2755 122 2756
f 2756 122 128
f 2756 128 2757
f 2757 128 126
f 2757 126 2763
f 2763 126 124
f 140 2761 144
f 144 2761 2759
f 144 2759 151
f 151 2759 2758
f 151 2758 149
f 149 2758 2760
f 149 2760 147
f 147 2760 145
f 145 2760 2762
f 145 2762 651
f 2755 2752 122
f 122 2752 114
f 2761 140 2746
f 2746 140 142
f 2754 120 2753
f 2753 120 118
f 2753 118 2751
f 2751 118 116
f 2751 116 2752
f 2752 116 114
f 2747 138 2748
f 2748 138 136
f 2748 136 2749
f 2749 136 134
f 2749 134 2750
f 2750 134 132
f 2750 132 2745
f 2745 132 130
f 2745 130 2754
f 2754 130 120
f 2735 2734 652
f 177 2740 178
f 178 2740 2741
f 178 2741 180
f 180 2741 2735
f 180 2735 2784
f 2784 2735 652
f 2730 2740 183
f 183 2740 177
f 2733 169 2734
f 2734 169 652
f 2728 2730 183
f 185 2731 188
f 188 2731 2729
f 183 191 2728
f 2728 191 192
f 2728 192 2729
f 2729 192 189
f 2729 189 188
f 2739 166 2738
f 2738 166 175
f 2738 175 2736
f 2736 175 173
f 2736 173 2737
f 2737 173 171
f 2737 171 2733
f 2733 171 169
f 162 2727 184
f 184 2727 2732
f 2725 155 2726
f 2726 155 164
f 2726 164 2739
f 2739 164 166
f 2727 162 2742
f 2742 162 160
f 2742 160 2743
f 2743 160 158
f 2743 158 2744
f 2744 158 156
f 2744 156 2725
f 2725 156 155
f 2731 185 2732
f 2732 185 184
f 2746 142 2747
f 2747 142 138
f 94 2768 95
f 95 2768 2771
f 95 2771 97
f 97 2771 2770
f 97 2770 102
f 102 2770 2772
f 102 2772 101
f 2500 2618 2785
f 2785 2618 2708
f 2785 2708 2501
f 2501 2708 2623
f 2396 2611 2786
f 2786 2611 2704
f 2786 2704 2787
f 2787 2704 2703
f 2787 2703 2398
f 2398 2703 2615
f 2609 2384 2684
f 2684 2384 2788
f 2684 2788 2685
f 2685 2788 2789
f 2789 2790 2685
f 2685 2790 2791
f 2685 2791 2683
f 2382 2608 2792
f 2792 2608 2682
f 2792 2682 2793
f 2793 2682 2683
f 2793 2683 2794
f 2794 2683 2791
f 2582 2583 2795
f 2795 2583 2681
f 2795 2681 2796
f 2796 2681 2680
f 2796 2680 2317
f 2317 2680 2688
f 2317 2688 2316
f 2316 2688 2687
f 2316 2687 2314
f 2314 2687 2686
f 2314 2686 2315
f 2315 2686 2574
f 2307 2573 2312
f 2312 2573 2653
f 2312 2653 2310
f 2310 2653 2652
f 2310 2652 2311
f 2311 2652 2651
f 2311 2651 2797
f 2797 2651 2637
f 2797 2637 2798
f 2798 2637 2636
f 2798 2636 2564
f 2564 2636 2565
f 2300 2563 2298
f 2298 2563 2675
f 2298 2675 2299
f 2299 2675 2676
f 2299 2676 2304
f 2304 2676 2678
f 2304 2678 2302
f 2302 2678 2677
f 2302 2677 2303
f 2303 2677 2679
f 2303 2679 2552
f 2552 2679 2553
f 2550 2551 2293
f 2293 2551 2670
f 2293 2670 2292
f 2292 2670 2669
f 2292 2669 2290
f 2290 2669 2668
f 2290 2668 2291
f 2291 2668 2673
f 2291 2673 2296
f 2296 2673 2672
f 2296 2672 2294
f 2294 2672 2540
f 2538 2539 2799
f 2799 2539 2659
f 2799 2659 2800
f 2800 2659 2658
f 2800 2658 2285
f 2285 2658 2657
f 2285 2657 2284
f 2284 2657 2655
f 2284 2655 2282
f 2282 2655 2654
f 2282 2654 2283
f 2283 2654 2530
f 2528 2529 2801
f 2801 2529 2706
f 2801 2706 2802
f 2802 2706 2702
f 2802 2702 2803
f 2803 2702 2701
f 2803 2701 2804
f 2804 2701 2700
f 2804 2700 2277
f 2277 2700 2699
f 2277 2699 2276
f 2276 2699 2522
f 2270 2521 2271
f 2271 2521 2694
f 2271 2694 2805
f 2805 2694 2693
f 2805 2693 2806
f 2806 2693 2690
f 2806 2690 2807
f 2807 2690 2691
f 2807 2691 2808
f 2808 2691 2696
f 2808 2696 2514
f 2514 2696 2515
f 2512 2513 2809
f 2809 2513 2648
f 2809 2648 2810
f 2810 2648 2647
f 2810 2647 2261
f 2261 2647 2646
f 2261 2646 2260
f 2260 2646 2645
f 2260 2645 2258
f 2258 2645 2644
f 2258 2644 2259
f 2259 2644 2504
f 2458 2500 2451
f 2451 2500 2785
f 2451 2785 2450
f 2450 2785 2501
f 2165 67 65
f 2165 65 2161
f 2161 65 63
f 2161 63 2157
f 2157 63 61
f 2157 61 2158
f 2158 61 60
f 2158 60 2154
f 2154 60 58
f 2154 58 2153
f 2153 58 56
f 2153 56 2151
f 2151 56 54
f 2151 54 2145
f 2145 54 52
f 2145 52 2143
f 2143 52 50
f 2143 50 2148
f 2148 50 10
f 2148 10 2142
f 2142 10 2139
f 2139 10 12
f 2139 12 2140
f 2140 12 29
f 2140 29 2134
f 2134 29 27
f 2134 27 2135
f 2135 27 25
f 2135 25 2137
f 2137 25 24
f 2137 24 2208
f 2208 24 19
f 2208 19 2123
f 2123 19 22
f 2123 22 2127
f 2127 22 44
f 2127 44 2131
f 2395 2396 2464
f 2464 2396 2786
f 2464 2786 2463
f 2463 2786 2787
f 2463 2787 2397
f 2397 2787 2398
f 2381 2382 2792
f 2381 2792 2477
f 2477 2792 2793
f 2477 2793 2478
f 2478 2793 2794
f 2478 2794 2479
f 2794 2791 2479
f 2479 2791 2790
f 2479 2790 2474
f 2790 2789 2474
f 2474 2789 2788
f 2474 2788 2475
f 2475 2788 2384
f 2475 2384 2383
f 2313 2580 2582
f 2578 2580 2313
f 2319 2578 2313
f 2313 2796 2317
f 2795 2796 2313
f 2582 2795 2313
f 2305 2798 2564
f 2797 2798 2305
f 2311 2797 2305
f 2305 2568 2309
f 2566 2568 2305
f 2564 2566 2305
f 2297 2554 2556
f 2552 2554 2297
f 2303 2552 2297
f 2297 2560 2301
f 2558 2560 2297
f 2556 2558 2297
f 2289 2544 2546
f 2542 2544 2289
f 2295 2542 2289
f 2289 2550 2293
f 2548 2550 2289
f 2546 2548 2289
f 2281 2536 2538
f 2534 2536 2281
f 2287 2534 2281
f 2281 2800 2285
f 2799 2800 2281
f 2538 2799 2281
f 2273 2801 2802
f 2528 2801 2273
f 2279 2528 2273
f 2273 2804 2277
f 2803 2804 2273
f 2802 2803 2273
f 2265 2806 2807
f 2805 2806 2265
f 2271 2805 2265
f 2265 2514 2269
f 2808 2514 2265
f 2807 2808 2265
f 2257 2510 2512
f 2508 2510 2257
f 2263 2508 2257
f 2257 2810 2261
f 2809 2810 2257
f 2512 2809 2257
f 2101 2256 2100
f 2100 2256 2489
f 2100 2489 2105
f 2105 2489 2488
f 2105 2488 2104
f 2104 2488 2487
f 2104 2487 2103
f 2103 2487 2486
f 2103 2486 2094
f 2094 2486 2485
f 2094 2485 2095
f 2095 2485 2250
f 2087 2249 2083
f 2083 2249 2484
f 2083 2484 2085
f 2085 2484 2483
f 2085 2483 2093
f 2093 2483 2482
f 2093 2482 2092
f 2092 2482 2481
f 2092 2481 2090
f 2090 2481 2480
f 2090 2480 2091
f 2091 2480 2243
f 2075 2242 2071
f 2071 2242 2476
f 2071 2476 2073
f 2073 2476 2473
f 2073 2473 2081
f 2081 2473 2472
f 2081 2472 2080
f 2080 2472 2471
f 2080 2471 2078
f 2078 2471 2470
f 2078 2470 2079
f 2079 2470 2236
f 2065 2235 2064
f 2064 2235 2461
f 2064 2461 2069
f 2069 2461 2468
f 2069 2468 2068
f 2068 2468 2467
f 2068 2467 2067
f 2067 2467 2466
f 2067 2466 2058
f 2058 2466 2465
f 2058 2465 2059
f 2059 2465 2229
f 2051 2228 2047
f 2047 2228 2445
f 2047 2445 2049
f 2049 2445 2447
f 2049 2447 2057
f 2057 2447 2449
f 2057 2449 2056
f 2056 2449 2454
f 2056 2454 2054
f 2054 2454 2456
f 2054 2456 2055
f 2055 2456 2222
f 2039 2221 2035
f 2035 2221 2439
f 2035 2439 2037
f 2037 2439 2438
f 2037 2438 2045
f 2045 2438 2437
f 2045 2437 2044
f 2044 2437 2436
f 2044 2436 2042
f 2042 2436 2435
f 2042 2435 2043
f 2043 2435 2215
f 2214 2213 2425
f 2214 2425 2429
f 2429 2425 2422
f 2429 2422 2427
f 2147 1975 1977
f 2147 1977 2149
f 2027 1973 2141
f 2141 1973 1974
f 2141 1974 2146
f 2146 1974 1970
f 2146 1970 2147
f 2147 1970 1969
f 2147 1969 1975
f 1968 2033 1965
f 1965 2033 2144
f 1965 2144 1961
f 1961 2144 2150
f 1961 2150 1962
f 1962 2150 2149
f 1962 2149 1976
f 1976 2149 1977
f 2130 1958 1960
f 2130 1960 2132
f 2020 1956 2125
f 2125 1956 1957
f 2125 1957 2129
f 2129 1957 1953
f 2129 1953 2130
f 2130 1953 1952
f 2130 1952 1958
f 1951 2026 1948
f 1948 2026 2128
f 1948 2128 1944
f 1944 2128 2133
f 1944 2133 1945
f 1945 2133 2132
f 1945 2132 1959
f 1959 2132 1960
f 2177 1941 1943
f 2177 1943 2179
f 2013 1939 2173
f 2173 1939 1940
f 2173 1940 2176
f 2176 1940 1936
f 2176 1936 2177
f 2177 1936 1935
f 2177 1935 1941
f 1934 2019 1931
f 1931 2019 2175
f 1931 2175 1927
f 1927 2175 2180
f 1927 2180 1928
f 1928 2180 2179
f 1928 2179 1942
f 1942 2179 1943
f 1922 2012 1923
f 1923 2012 2186
f 1923 2186 1925
f 1925 2186 2117
f 1925 2117 1926
f 1926 2117 2116
f 1926 2116 1911
f 1911 2116 2189
f 1911 2189 1913
f 1913 2189 2188
f 1913 2188 1915
f 1915 2188 2006
f 1905 2005 1906
f 1906 2005 2195
f 1906 2195 1908
f 1908 2195 2194
f 1908 2194 1909
f 1909 2194 2191
f 1909 2191 1894
f 1894 2191 2190
f 1894 2190 1896
f 1896 2190 2193
f 1896 2193 1898
f 1898 2193 1999
f 1888 1998 1889
f 1889 1998 2203
f 1889 2203 1891
f 1891 2203 2206
f 1891 2206 1892
f 1892 2206 2205
f 1892 2205 1877
f 1877 2205 2204
f 1877 2204 1879
f 1879 2204 2207
f 1879 2207 1881
f 1881 2207 1992
f 1863 1991 1862
f 1862 1991 2196
f 1862 2196 1861
f 1861 2196 2199
f 1861 2199 1867
f 1867 2199 2198
f 1867 2198 1868
f 1868 2198 2201
f 1868 2201 1870
f 1870 2201 2200
f 1870 2200 1872
f 1872 2200 1985
f 2164 1856 1858
f 2164 1858 2166
f 1978 1854 2162
f 2162 1854 1855
f 2162 1855 2163
f 2163 1855 1851
f 2163 1851 2164
f 2164 1851 1850
f 2164 1850 1856
f 1849 1984 1846
f 1846 1984 2160
f 1846 2160 1842
f 1842 2160 2167
f 1842 2167 1843
f 1843 2167 2166
f 1843 2166 1857
f 1857 2166 1858
f 1807 1841 1809
f 1809 1841 1924
f 1809 1924 1812
f 1812 1924 1910
f 1812 1910 1811
f 1811 1910 1912
f 1811 1912 1804
f 1804 1912 1914
f 1804 1914 1802
f 1802 1914 1916
f 1802 1916 1803
f 1803 1916 1835
f 1795 1834 1797
f 1797 1834 1907
f 1797 1907 1800
f 1800 1907 1893
f 1800 1893 1799
f 1799 1893 1895
f 1799 1895 1792
f 1792 1895 1897
f 1792 1897 1790
f 1790 1897 1899
f 1790 1899 1791
f 1791 1899 1828
f 1788 1827 1787
f 1787 1827 1890
f 1787 1890 1785
f 1785 1890 1876
f 1785 1876 1786
f 1786 1876 1878
f 1786 1878 1783
f 1783 1878 1880
f 1783 1880 1781
f 1781 1880 1882
f 1781 1882 1782
f 1782 1882 1821
f 1776 1820 1775
f 1775 1820 1860
f 1775 1860 1773
f 1773 1860 1859
f 1773 1859 1774
f 1774 1859 1869
f 1774 1869 1771
f 1771 1869 1871
f 1771 1871 1769
f 1769 1871 1873
f 1769 1873 1770
f 1770 1873 1814
f 1738 1739 1740
f 1740 1739 2714
f 1740 2714 1741
f 1741 2714 2715
f 1741 2715 1742
f 1742 2715 2716
f 1742 2716 1743
f 1743 2716 2713
f 1743 2713 1744
f 1744 2713 2712
f 1744 2712 1745
f 1745 2712 2717
f 1745 2717 1746
f 1746 2717 2724
f 1746 2724 1747
f 1747 2724 2723
f 1747 2723 1748
f 1748 2723 2722
f 1748 2722 1749
f 1749 2722 2721
f 1749 2721 1750
f 1750 2721 2720
f 1750 2720 1751
f 1751 2720 2719
f 1751 2719 1752
f 1752 2719 2718
f 1752 2718 1710
f 1710 2718 1711
f 1709 1708 2811
f 1709 2811 1765
f 1765 2811 2812
f 1765 2812 1764
f 1764 2812 2813
f 1764 2813 1763
f 1763 2813 2814
f 1763 2814 1762
f 1762 2814 2815
f 1762 2815 1761
f 1761 2815 2816
f 1761 2816 1760
f 1760 2816 229
f 1760 229 1759
f 1759 229 227
f 1759 227 1758
f 1758 227 225
f 1758 225 1757
f 1757 225 223
f 1757 223 1756
f 1756 223 216
f 1756 216 1755
f 1755 216 215
f 1755 215 1754
f 1754 215 213
f 1754 213 1753
f 1753 213 211
f 1753 211 1688
f 1586 1658 2817
f 2817 1658 1684
f 2817 1684 2818
f 2818 1684 2819
f 2819 1684 1685
f 2819 1685 2820
f 2820 1685 2821
f 2821 1685 1686
f 2821 1686 2822
f 2822 1686 2823
f 2823 1686 1687
f 2823 1687 2824
f 2824 1687 2825
f 2825 1687 1683
f 2825 1683 2826
f 2826 1683 2827
f 2827 1683 1652
f 2827 1652 1604
f 1267 1299 1673
f 1566 1565 1650
f 1488 1487 1681
f 1681 1487 1455
f 1681 1455 1650
f 1650 1455 2828
f 1650 2828 1566
f 1425 1424 1682
f 1682 1424 1392
f 1682 1392 1681
f 1681 1392 2829
f 1681 2829 1488
f 1672 1362 1329
f 1672 1329 1682
f 1682 1329 2830
f 1682 2830 1425
f 1299 1266 1673
f 1673 1266 2831
f 1673 2831 1672
f 1672 2831 1330
f 1672 1330 1362
f 1204 1236 1674
f 1674 1236 1203
f 1674 1203 1673
f 1673 1203 2832
f 1673 2832 1267
f 1639 1173 1148
f 1639 1148 1674
f 1674 1148 2833
f 1674 2833 1204
f 1680 1679 884
f 884 871 1680
f 1680 871 2834
f 1680 2834 1520
f 945 946 1678
f 1678 946 947
f 1678 947 1679
f 1679 947 934
f 1679 934 2835
f 2835 882 1679
f 1679 882 883
f 1679 883 884
f 1677 1007 1004
f 1677 1004 1678
f 1678 1004 2836
f 1678 2836 945
f 2837 1061 1676
f 1676 1061 1059
f 1059 2838 1676
f 1676 2838 1005
f 1676 1005 1677
f 1677 1005 1006
f 1677 1006 1007
f 1116 1115 1675
f 1675 1115 1128
f 1128 2839 1675
f 1675 2839 2840
f 1675 2840 1676
f 1676 2840 2841
f 1676 2841 2837
f 1116 1675 1127
f 1127 1675 1625
f 1127 1625 1626
f 1520 1519 1680
f 1680 1519 1518
f 1680 1518 1637
f 1637 1518 1517
f 1637 1517 1638
f 747 1174 1621
f 758 1237 1622
f 1622 1237 746
f 1622 746 1621
f 1621 746 745
f 1621 745 747
f 769 1300 1623
f 1623 1300 757
f 1623 757 1622
f 1622 757 756
f 1622 756 758
f 780 1363 1605
f 1605 1363 768
f 1605 768 1623
f 1623 768 767
f 1623 767 769
f 791 1423 1606
f 1606 1423 779
f 1606 779 1605
f 1605 779 778
f 1605 778 780
f 1607 1486 790
f 1607 790 1606
f 1606 790 789
f 1606 789 791
f 1564 801 1608
f 1608 801 800
f 1608 800 1607
f 1607 800 802
f 1607 802 1486
f 2818 2819 2842
f 2820 2821 2843
f 1620 1618 2844
f 2844 1618 2845
f 2844 2845 2846
f 2846 2845 2847
f 1618 1616 2845
f 2845 1616 2848
f 2845 2848 2847
f 2847 2848 2849
f 1601 1620 1602
f 1602 1620 2844
f 1602 2844 1603
f 1603 2844 2846
f 1603 2846 1604
f 1604 2846 2827
f 2822 2823 2849
f 2849 2823 2824
f 2849 2824 2847
f 2847 2824 2825
f 2847 2825 2846
f 2846 2825 2826
f 2846 2826 2827
f 2821 2822 2843
f 2843 2822 2849
f 2843 2849 2850
f 2850 2849 2848
f 2850 2848 1614
f 1614 2848 1616
f 2819 2820 2842
f 2842 2820 2843
f 2842 2843 2851
f 2851 2843 2850
f 2851 2850 1612
f 1612 2850 1614
f 2817 2818 2852
f 2852 2818 2842
f 2852 2842 2853
f 2853 2842 2851
f 2853 2851 1610
f 1610 2851 1612
f 1610 1583 2853
f 2853 1583 1584
f 2853 1584 2852
f 2852 1584 1585
f 2852 1585 2817
f 2817 1585 1586
f 1525 2854 1524
f 1524 2854 2855
f 1524 2855 1523
f 1523 2855 2856
f 1523 2856 1522
f 1522 2856 2857
f 1522 2857 1521
f 1521 2857 2858
f 1521 2858 1516
f 821 2859 820
f 820 2859 2860
f 820 2860 819
f 819 2860 2861
f 819 2861 818
f 818 2861 2862
f 818 2862 816
f 816 2862 2863
f 816 2863 815
f 1517 2864 1638
f 1638 2864 2865
f 1638 2865 821
f 821 2865 2866
f 821 2866 2859
f 2859 2866 2867
f 2859 2867 2860
f 2860 2867 2868
f 2860 2868 2861
f 2861 2868 2869
f 2861 2869 2862
f 2862 2869 2870
f 2862 2870 2863
f 815 2863 814
f 814 2863 2870
f 814 2870 1494
f 1494 2870 2871
f 1494 2871 1525
f 1525 2871 2872
f 1525 2872 2854
f 2854 2872 2873
f 2854 2873 2855
f 2855 2873 2874
f 2855 2874 2856
f 2856 2874 2875
f 2856 2875 2857
f 2857 2875 2864
f 2857 2864 2858
f 2858 2864 1517
f 2858 1517 1516
f 2871 1542 2872
f 2872 1542 1544
f 2872 1544 2873
f 2873 1544 1546
f 2873 1546 2874
f 2874 1546 1548
f 2874 1548 2875
f 2875 1548 1550
f 2875 1550 2864
f 2864 1550 1552
f 2864 1552 2865
f 2865 1552 1554
f 2865 1554 2866
f 2866 1554 1556
f 2866 1556 2867
f 2867 1556 1558
f 2867 1558 2868
f 2868 1558 1560
f 2868 1560 2869
f 2869 1560 1562
f 2869 1562 2870
f 2870 1562 1540
f 2870 1540 2871
f 2871 1540 1542
f 1015 1012 1663
f 1113 1112 1659
f 1659 1112 1118
f 1659 1118 1503
f 1503 1118 1120
f 1503 1120 1504
f 1661 2876 2877
f 1661 2877 1659
f 1659 2877 2878
f 1659 2878 1113
f 1069 1068 1661
f 1661 1068 2879
f 1661 2879 2876
f 1012 1011 1663
f 1663 1011 1010
f 1663 1010 1661
f 1661 1010 2880
f 1661 2880 1069
f 1666 938 936
f 1666 936 1663
f 1663 936 2881
f 1663 2881 1015
f 1668 875 873
f 873 2882 1668
f 1668 2882 952
f 1668 952 1666
f 1666 952 939
f 1666 939 938
f 1506 1505 1670
f 1670 1505 1508
f 1508 2883 1670
f 1670 2883 889
f 1670 889 1668
f 1668 889 876
f 1668 876 875
f 1506 1670 1525
f 1525 1670 1493
f 1525 1493 1494
f 1437 2884 1434
f 1434 2884 2885
f 1434 2885 1432
f 1432 2885 2886
f 1432 2886 1431
f 1431 2886 2887
f 1431 2887 1429
f 1429 2887 2888
f 1429 2888 1427
f 810 2889 811
f 811 2889 2890
f 811 2890 826
f 826 2890 2891
f 826 2891 825
f 825 2891 2892
f 825 2892 824
f 824 2892 2893
f 824 2893 823
f 822 2894 1636
f 1636 2894 2895
f 1636 2895 1437
f 1437 2895 2896
f 1437 2896 2884
f 2884 2896 2897
f 2884 2897 2885
f 2885 2897 2898
f 2885 2898 2886
f 2886 2898 2899
f 2886 2899 2887
f 2887 2899 2900
f 2887 2900 2888
f 1427 2888 1442
f 1442 2888 2900
f 1442 2900 1495
f 1495 2900 2901
f 1495 2901 810
f 810 2901 2902
f 810 2902 2889
f 2889 2902 2903
f 2889 2903 2890
f 2890 2903 2904
f 2890 2904 2891
f 2891 2904 2905
f 2891 2905 2892
f 2892 2905 2894
f 2892 2894 2893
f 2893 2894 822
f 2893 822 823
f 2901 1464 2902
f 2902 1464 1466
f 2902 1466 2903
f 2903 1466 1468
f 2903 1468 2904
f 2904 1468 1470
f 2904 1470 2905
f 2905 1470 1472
f 2905 1472 2894
f 2894 1472 1474
f 2894 1474 2895
f 2895 1474 1476
f 2895 1476 2896
f 2896 1476 1478
f 2896 1478 2897
f 2897 1478 1480
f 2897 1480 2898
f 2898 1480 1482
f 2898 1482 2899
f 2899 1482 1484
f 2899 1484 2900
f 2900 1484 1462
f 2900 1462 2901
f 2901 1462 1464
f 1374 2906 1371
f 1371 2906 2907
f 1371 2907 1369
f 1369 2907 2908
f 1369 2908 1368
f 1368 2908 2909
f 1368 2909 1366
f 1366 2909 2910
f 1366 2910 1364
f 1447 2911 1446
f 1446 2911 2912
f 1446 2912 1445
f 1445 2912 2913
f 1445 2913 1441
f 1441 2913 2914
f 1441 2914 1440
f 1440 2914 2915
f 1440 2915 1435
f 1436 2916 1634
f 1634 2916 2917
f 1634 2917 1374
f 1374 2917 2918
f 1374 2918 2906
f 2906 2918 2919
f 2906 2919 2907
f 2907 2919 2920
f 2907 2920 2908
f 2908 2920 2921
f 2908 2921 2909
f 2909 2921 2922
f 2909 2922 2910
f 1364 2910 1379
f 1379 2910 2922
f 1379 2922 1496
f 1496 2922 2923
f 1496 2923 1447
f 1447 2923 2924
f 1447 2924 2911
f 2911 2924 2925
f 2911 2925 2912
f 2912 2925 2926
f 2912 2926 2913
f 2913 2926 2927
f 2913 2927 2914
f 2914 2927 2916
f 2914 2916 2915
f 2915 2916 1436
f 2915 1436 1435
f 2923 1401 2924
f 2924 1401 1403
f 2924 1403 2925
f 2925 1403 1405
f 2925 1405 2926
f 2926 1405 1407
f 2926 1407 2927
f 2927 1407 1409
f 2927 1409 2916
f 2916 1409 1411
f 2916 1411 2917
f 2917 1411 1413
f 2917 1413 2918
f 2918 1413 1415
f 2918 1415 2919
f 2919 1415 1417
f 2919 1417 2920
f 2920 1417 1419
f 2920 1419 2921
f 2921 1419 1421
f 2921 1421 2922
f 2922 1421 1399
f 2922 1399 2923
f 2923 1399 1401
f 1314 2928 1313
f 1313 2928 2929
f 1313 2929 1312
f 1312 2929 2930
f 1312 2930 1311
f 1311 2930 2931
f 1311 2931 1309
f 1309 2931 2932
f 1309 2932 1304
f 1384 2933 1383
f 1383 2933 2934
f 1383 2934 1382
f 1382 2934 2935
f 1382 2935 1378
f 1378 2935 2936
f 1378 2936 1377
f 1377 2936 2937
f 1377 2937 1372
f 1305 2938 1498
f 1498 2938 2939
f 1498 2939 1384
f 1384 2939 2940
f 1384 2940 2933
f 2933 2940 2941
f 2933 2941 2934
f 2934 2941 2942
f 2934 2942 2935
f 2935 2942 2943
f 2935 2943 2936
f 2936 2943 2944
f 2936 2944 2937
f 1372 2937 1373
f 1373 2937 2944
f 1373 2944 1632
f 1632 2944 2945
f 1632 2945 1314
f 1314 2945 2946
f 1314 2946 2928
f 2928 2946 2947
f 2928 2947 2929
f 2929 2947 2948
f 2929 2948 2930
f 2930 2948 2949
f 2930 2949 2931
f 2931 2949 2938
f 2931 2938 2932
f 2932 2938 1305
f 2932 1305 1304
f 2945 1340 2946
f 2946 1340 1342
f 2946 1342 2947
f 2947 1342 1344
f 2947 1344 2948
f 2948 1344 1346
f 2948 1346 2949
f 2949 1346 1348
f 2949 1348 2938
f 2938 1348 1350
f 2938 1350 2939
f 2939 1350 1352
f 2939 1352 2940
f 2940 1352 1354
f 2940 1354 2941
f 2941 1354 1356
f 2941 1356 2942
f 2942 1356 1358
f 2942 1358 2943
f 2943 1358 1360
f 2943 1360 2944
f 2944 1360 1338
f 2944 1338 2945
f 2945 1338 1340
f 1251 2950 1250
f 1250 2950 2951
f 1250 2951 1249
f 1249 2951 2952
f 1249 2952 1248
f 1248 2952 2953
f 1248 2953 1246
f 1246 2953 2954
f 1246 2954 1241
f 1321 2955 1320
f 1320 2955 2956
f 1320 2956 1319
f 1319 2956 2957
f 1319 2957 1318
f 1318 2957 2958
f 1318 2958 1317
f 1317 2958 2959
f 1317 2959 1302
f 1242 2960 1500
f 1500 2960 2961
f 1500 2961 1321
f 1321 2961 2962
f 1321 2962 2955
f 2955 2962 2963
f 2955 2963 2956
f 2956 2963 2964
f 2956 2964 2957
f 2957 2964 2965
f 2957 2965 2958
f 2958 2965 2966
f 2958 2966 2959
f 1302 2959 1303
f 1303 2959 2966
f 1303 2966 1630
f 1630 2966 2967
f 1630 2967 1251
f 1251 2967 2968
f 1251 2968 2950
f 2950 2968 2969
f 2950 2969 2951
f 2951 2969 2970
f 2951 2970 2952
f 2952 2970 2971
f 2952 2971 2953
f 2953 2971 2960
f 2953 2960 2954
f 2954 2960 1242
f 2954 1242 1241
f 2967 1277 2968
f 2968 1277 1279
f 2968 1279 2969
f 2969 1279 1281
f 2969 1281 2970
f 2970 1281 1283
f 2970 1283 2971
f 2971 1283 1285
f 2971 1285 2960
f 2960 1285 1287
f 2960 1287 2961
f 2961 1287 1289
f 2961 1289 2962
f 2962 1289 1291
f 2962 1291 2963
f 2963 1291 1293
f 2963 1293 2964
f 2964 1293 1295
f 2964 1295 2965
f 2965 1295 1297
f 2965 1297 2966
f 2966 1297 1275
f 2966 1275 2967
f 2967 1275 1277
f 1190 2972 1185
f 1185 2972 2973
f 1185 2973 1183
f 1183 2973 2974
f 1183 2974 1182
f 1182 2974 2975
f 1182 2975 1180
f 1180 2975 2976
f 1180 2976 1179
f 1258 2977 1257
f 1257 2977 2978
f 1257 2978 1256
f 1256 2978 2979
f 1256 2979 1255
f 1255 2979 2980
f 1255 2980 1254
f 1254 2980 2981
f 1254 2981 1239
f 1178 2982 1502
f 1502 2982 2983
f 1502 2983 1258
f 1258 2983 2984
f 1258 2984 2977
f 2977 2984 2985
f 2977 2985 2978
f 2978 2985 2986
f 2978 2986 2979
f 2979 2986 2987
f 2979 2987 2980
f 2980 2987 2988
f 2980 2988 2981
f 1239 2981 1240
f 1240 2981 2988
f 1240 2988 1628
f 1628 2988 2989
f 1628 2989 1190
f 1190 2989 2990
f 1190 2990 2972
f 2972 2990 2991
f 2972 2991 2973
f 2973 2991 2992
f 2973 2992 2974
f 2974 2992 2993
f 2974 2993 2975
f 2975 2993 2982
f 2975 2982 2976
f 2976 2982 1178
f 2976 1178 1179
f 2989 1214 2990
f 2990 1214 1216
f 2990 1216 2991
f 2991 1216 1218
f 2991 1218 2992
f 2992 1218 1220
f 2992 1220 2993
f 2993 1220 1222
f 2993 1222 2982
f 2982 1222 1224
f 2982 1224 2983
f 2983 1224 1226
f 2983 1226 2984
f 2984 1226 1228
f 2984 1228 2985
f 2985 1228 1230
f 2985 1230 2986
f 2986 1230 1232
f 2986 1232 2987
f 2987 1232 1234
f 2987 1234 2988
f 2988 1234 1212
f 2988 1212 2989
f 2989 1212 1214
f 1195 2994 1194
f 1194 2994 2995
f 1194 2995 1193
f 1193 2995 2996
f 1193 2996 1192
f 1192 2996 2997
f 1192 2997 1191
f 1191 2997 2998
f 1191 2998 1186
f 1127 2999 1126
f 1126 2999 3000
f 1126 3000 1125
f 1125 3000 3001
f 1125 3001 1124
f 1124 3001 3002
f 1124 3002 1122
f 1122 3002 3003
f 1122 3003 1121
f 1120 3004 1504
f 1504 3004 3005
f 1504 3005 1195
f 1195 3005 3006
f 1195 3006 2994
f 2994 3006 3007
f 2994 3007 2995
f 2995 3007 3008
f 2995 3008 2996
f 2996 3008 3009
f 2996 3009 2997
f 2997 3009 3010
f 2997 3010 2998
f 1186 2998 1187
f 1187 2998 3010
f 1187 3010 1626
f 1626 3010 3011
f 1626 3011 1127
f 1127 3011 3012
f 1127 3012 2999
f 2999 3012 3013
f 2999 3013 3000
f 3000 3013 3014
f 3000 3014 3001
f 3001 3014 3015
f 3001 3015 3002
f 3002 3015 3004
f 3002 3004 3003
f 3003 3004 1120
f 3003 1120 1121
f 3011 1151 3012
f 3012 1151 1153
f 3012 1153 3013
f 3013 1153 1155
f 3013 1155 3014
f 3014 1155 1157
f 3014 1157 3015
f 3015 1157 1159
f 3015 1159 3004
f 3004 1159 1161
f 3004 1161 3005
f 3005 1161 1163
f 3005 1163 3006
f 3006 1163 1165
f 3006 1165 3007
f 3007 1165 1167
f 3007 1167 3008
f 3008 1167 1169
f 3008 1169 3009
f 3009 1169 1171
f 3009 1171 3010
f 3010 1171 1149
f 3010 1149 3011
f 3011 1149 1151
f 2840 3016 3017
f 3017 3016 3018
f 3017 3018 3019
f 3019 3018 3020
f 3019 3020 3021
f 3021 3020 3022
f 3021 3022 3023
f 3023 3022 3024
f 3023 3024 3025
f 1113 3026 1114
f 1114 3026 3027
f 1114 3027 1132
f 1132 3027 3028
f 1132 3028 1131
f 1131 3028 3029
f 1131 3029 1130
f 1130 3029 3030
f 1130 3030 1129
f 2877 3031 2878
f 2878 3031 3032
f 2878 3032 1113
f 1113 3032 3033
f 1113 3033 3026
f 3026 3033 3034
f 3026 3034 3027
f 3027 3034 3035
f 3027 3035 3028
f 3028 3035 3036
f 3028 3036 3029
f 3029 3036 3037
f 3029 3037 3030
f 1129 3030 1128
f 1128 3030 3037
f 1128 3037 2839
f 2839 3037 3038
f 2839 3038 2840
f 2840 3038 3039
f 2840 3039 3016
f 3016 3039 3040
f 3016 3040 3018
f 3018 3040 3041
f 3018 3041 3020
f 3020 3041 3042
f 3020 3042 3022
f 3022 3042 3031
f 3022 3031 3024
f 3024 3031 2877
f 3024 2877 3025
f 3038 1088 3039
f 3039 1088 1090
f 3039 1090 3040
f 3040 1090 1092
f 3040 1092 3041
f 3041 1092 1094
f 3041 1094 3042
f 3042 1094 1096
f 3042 1096 3031
f 3031 1096 1098
f 3031 1098 3032
f 3032 1098 1100
f 3032 1100 3033
f 3033 1100 1102
f 3033 1102 3034
f 3034 1102 1104
f 3034 1104 3035
f 3035 1104 1106
f 3035 1106 3036
f 3036 1106 1108
f 3036 1108 3037
f 3037 1108 1086
f 3037 1086 3038
f 3038 1086 1088
f 3025 3043 3023
f 3023 3043 3044
f 3023 3044 3021
f 3021 3044 3019
f 3019 3044 3045
f 3019 3045 3017
f 2840 3017 2841
f 2841 3017 3045
f 2841 3045 2837
f 2837 3045 1061
f 3025 2877 3043
f 3043 2877 2876
f 3043 2876 2879
f 1061 3045 1060
f 1060 3045 3044
f 1060 3044 1063
f 1063 3044 3043
f 1063 3043 1066
f 1066 3043 2879
f 1066 2879 1068
f 1005 3046 1002
f 1002 3046 3047
f 1002 3047 1000
f 1000 3047 3048
f 1000 3048 999
f 999 3048 3049
f 999 3049 997
f 997 3049 3050
f 997 3050 995
f 1069 3051 1067
f 1067 3051 3052
f 1067 3052 1065
f 1065 3052 3053
f 1065 3053 1064
f 1064 3053 3054
f 1064 3054 1062
f 1062 3054 3055
f 1062 3055 1058
f 1010 3056 2880
f 2880 3056 3057
f 2880 3057 1069
f 1069 3057 3058
f 1069 3058 3051
f 3051 3058 3059
f 3051 3059 3052
f 3052 3059 3060
f 3052 3060 3053
f 3053 3060 3061
f 3053 3061 3054
f 3054 3061 3062
f 3054 3062 3055
f 1058 3055 1059
f 1059 3055 3062
f 1059 3062 2838
f 2838 3062 3063
f 2838 3063 1005
f 1005 3063 3064
f 1005 3064 3046
f 3046 3064 3065
f 3046 3065 3047
f 3047 3065 3066
f 3047 3066 3048
f 3048 3066 3067
f 3048 3067 3049
f 3049 3067 3056
f 3049 3056 3050
f 3050 3056 1010
f 3050 1010 995
f 3063 1034 3064
f 3064 1034 1036
f 3064 1036 3065
f 3065 1036 1038
f 3065 1038 3066
f 3066 1038 1040
f 3066 1040 3067
f 3067 1040 1042
f 3067 1042 3056
f 3056 1042 1044
f 3056 1044 3057
f 3057 1044 1046
f 3057 1046 3058
f 3058 1046 1048
f 3058 1048 3059
f 3059 1048 1050
f 3059 1050 3060
f 3060 1050 1052
f 3060 1052 3061
f 3061 1052 1054
f 3061 1054 3062
f 3062 1054 1032
f 3062 1032 3063
f 3063 1032 1034
f 945 3068 944
f 944 3068 3069
f 944 3069 943
f 943 3069 3070
f 943 3070 942
f 942 3070 3071
f 942 3071 940
f 940 3071 3072
f 940 3072 935
f 1015 3073 1014
f 1014 3073 3074
f 1014 3074 1013
f 1013 3074 3075
f 1013 3075 1009
f 1009 3075 3076
f 1009 3076 1008
f 1008 3076 3077
f 1008 3077 1003
f 1004 3078 2836
f 2836 3078 3079
f 2836 3079 945
f 945 3079 3080
f 945 3080 3068
f 3068 3080 3081
f 3068 3081 3069
f 3069 3081 3082
f 3069 3082 3070
f 3070 3082 3083
f 3070 3083 3071
f 3071 3083 3084
f 3071 3084 3072
f 935 3072 936
f 936 3072 3084
f 936 3084 2881
f 2881 3084 3085
f 2881 3085 1015
f 1015 3085 3086
f 1015 3086 3073
f 3073 3086 3087
f 3073 3087 3074
f 3074 3087 3088
f 3074 3088 3075
f 3075 3088 3089
f 3075 3089 3076
f 3076 3089 3078
f 3076 3078 3077
f 3077 3078 1004
f 3077 1004 1003
f 3085 969 3086
f 3086 969 971
f 3086 971 3087
f 3087 971 973
f 3087 973 3088
f 3088 973 975
f 3088 975 3089
f 3089 975 977
f 3089 977 3078
f 3078 977 979
f 3078 979 3079
f 3079 979 981
f 3079 981 3080
f 3080 981 983
f 3080 983 3081
f 3081 983 985
f 3081 985 3082
f 3082 985 987
f 3082 987 3083
f 3083 987 989
f 3083 989 3084
f 3084 989 967
f 3084 967 3085
f 3085 967 969
f 882 3090 881
f 881 3090 3091
f 881 3091 880
f 880 3091 3092
f 880 3092 879
f 879 3092 3093
f 879 3093 877
f 877 3093 3094
f 877 3094 872
f 952 3095 951
f 951 3095 3096
f 951 3096 950
f 950 3096 3097
f 950 3097 949
f 949 3097 3098
f 949 3098 948
f 948 3098 3099
f 948 3099 933
f 934 3100 2835
f 2835 3100 3101
f 2835 3101 882
f 882 3101 3102
f 882 3102 3090
f 3090 3102 3103
f 3090 3103 3091
f 3091 3103 3104
f 3091 3104 3092
f 3092 3104 3105
f 3092 3105 3093
f 3093 3105 3106
f 3093 3106 3094
f 872 3094 873
f 873 3094 3106
f 873 3106 2882
f 2882 3106 3107
f 2882 3107 952
f 952 3107 3108
f 952 3108 3095
f 3095 3108 3109
f 3095 3109 3096
f 3096 3109 3110
f 3096 3110 3097
f 3097 3110 3111
f 3097 3111 3098
f 3098 3111 3100
f 3098 3100 3099
f 3099 3100 934
f 3099 934 933
f 3107 906 3108
f 3108 906 908
f 3108 908 3109
f 3109 908 910
f 3109 910 3110
f 3110 910 912
f 3110 912 3111
f 3111 912 914
f 3111 914 3100
f 3100 914 916
f 3100 916 3101
f 3101 916 918
f 3101 918 3102
f 3102 918 920
f 3102 920 3103
f 3103 920 922
f 3103 922 3104
f 3104 922 924
f 3104 924 3105
f 3105 924 926
f 3105 926 3106
f 3106 926 904
f 3106 904 3107
f 3107 904 906
f 1520 3112 1515
f 1515 3112 3113
f 1515 3113 1513
f 1513 3113 3114
f 1513 3114 1512
f 1512 3114 3115
f 1512 3115 1510
f 1510 3115 3116
f 1510 3116 1509
f 889 3117 888
f 888 3117 3118
f 888 3118 887
f 887 3118 3119
f 887 3119 886
f 886 3119 3120
f 886 3120 885
f 885 3120 3121
f 885 3121 870
f 871 3122 2834
f 2834 3122 3123
f 2834 3123 1520
f 1520 3123 3124
f 1520 3124 3112
f 3112 3124 3125
f 3112 3125 3113
f 3113 3125 3126
f 3113 3126 3114
f 3114 3126 3127
f 3114 3127 3115
f 3115 3127 3128
f 3115 3128 3116
f 1509 3116 1508
f 1508 3116 3128
f 1508 3128 2883
f 2883 3128 3129
f 2883 3129 889
f 889 3129 3130
f 889 3130 3117
f 3117 3130 3131
f 3117 3131 3118
f 3118 3131 3132
f 3118 3132 3119
f 3119 3132 3133
f 3119 3133 3120
f 3120 3133 3122
f 3120 3122 3121
f 3121 3122 871
f 3121 871 870
f 3129 843 3130
f 3130 843 845
f 3130 845 3131
f 3131 845 847
f 3131 847 3132
f 3132 847 849
f 3132 849 3133
f 3133 849 851
f 3133 851 3122
f 3122 851 853
f 3122 853 3123
f 3123 853 855
f 3123 855 3124
f 3124 855 857
f 3124 857 3125
f 3125 857 859
f 3125 859 3126
f 3126 859 861
f 3126 861 3127
f 3127 861 863
f 3127 863 3128
f 3128 863 841
f 3128 841 3129
f 3129 841 843
f 157 256 154
f 154 256 258
f 131 291 129
f 129 291 290
f 73 431 69
f 69 431 432
f 69 432 70
f 70 432 331
f 638 637 639
f 639 637 3134
f 639 3134 640
f 640 3134 3135
f 640 3135 649
f 649 3135 3136
f 649 3136 648
f 648 3136 3137
f 648 3137 644
f 644 3137 3138
f 644 3138 646
f 646 3138 631
f 637 239 3134
f 3134 239 238
f 3134 238 3135
f 3135 238 335
f 3135 335 3136
f 3136 335 336
f 3136 336 3137
f 3137 336 337
f 3137 337 3138
f 3138 337 339
f 3138 339 631
f 631 339 338
f 630 623 656
f 656 623 3139
f 656 3139 657
f 657 3139 3140
f 657 3140 658
f 658 3140 3141
f 658 3141 660
f 660 3141 3142
f 660 3142 659
f 659 3142 3143
f 659 3143 624
f 624 3143 617
f 623 235 3139
f 3139 235 352
f 3139 352 3140
f 3140 352 351
f 3140 351 3141
f 3141 351 349
f 3141 349 3142
f 3142 349 347
f 3142 347 3143
f 3143 347 346
f 3143 346 617
f 617 346 345
f 612 604 611
f 611 604 3144
f 611 3144 610
f 610 3144 3145
f 610 3145 607
f 607 3145 3146
f 607 3146 616
f 616 3146 3147
f 616 3147 615
f 615 3147 3148
f 615 3148 613
f 613 3148 598
f 604 476 3144
f 3144 476 474
f 3144 474 3145
f 3145 474 473
f 3145 473 3146
f 3146 473 472
f 3146 472 3147
f 3147 472 477
f 3147 477 3148
f 3148 477 484
f 3148 484 598
f 598 484 483
f 588 585 597
f 597 585 3149
f 597 3149 593
f 593 3149 3150
f 593 3150 591
f 591 3150 3151
f 591 3151 589
f 589 3151 3152
f 589 3152 590
f 590 3152 3153
f 590 3153 592
f 592 3153 579
f 585 461 3149
f 3149 461 460
f 3149 460 3150
f 3150 460 454
f 3150 454 3151
f 3151 454 455
f 3151 455 3152
f 3152 455 456
f 3152 456 3153
f 3153 456 467
f 3153 467 579
f 579 467 466
f 578 571 661
f 661 571 3154
f 661 3154 662
f 662 3154 3155
f 662 3155 663
f 663 3155 3156
f 663 3156 665
f 665 3156 3157
f 665 3157 664
f 664 3157 3158
f 664 3158 572
f 572 3158 565
f 571 357 3154
f 3154 357 356
f 3154 356 3155
f 3155 356 354
f 3155 354 3156
f 3156 354 353
f 3156 353 3157
f 3157 353 370
f 3157 370 3158
f 3158 370 369
f 3158 369 565
f 565 369 367
f 558 552 562
f 562 552 3159
f 562 3159 560
f 560 3159 3160
f 560 3160 561
f 561 3160 3161
f 561 3161 563
f 563 3161 3162
f 563 3162 564
f 564 3162 3163
f 564 3163 557
f 557 3163 546
f 552 317 3159
f 3159 317 374
f 3159 374 3160
f 3160 374 372
f 3160 372 3161
f 3161 372 371
f 3161 371 3162
f 3162 371 375
f 3162 375 3163
f 3163 375 380
f 3163 380 546
f 546 380 379
f 540 533 541
f 541 533 3164
f 541 3164 537
f 537 3164 3165
f 537 3165 538
f 538 3165 3166
f 538 3166 539
f 539 3166 3167
f 539 3167 543
f 543 3167 3168
f 543 3168 544
f 544 3168 527
f 533 382 3164
f 3164 382 381
f 3164 381 3165
f 3165 381 270
f 3165 270 3166
f 3166 270 271
f 3166 271 3167
f 3167 271 272
f 3167 272 3168
f 3168 272 273
f 3168 273 527
f 527 273 445
f 522 514 524
f 524 514 3169
f 524 3169 525
f 525 3169 3170
f 525 3170 526
f 526 3170 3171
f 526 3171 521
f 521 3171 3172
f 521 3172 523
f 523 3172 3173
f 523 3173 518
f 518 3173 508
f 514 393 3169
f 3169 393 392
f 3169 392 3170
f 3170 392 333
f 3170 333 3171
f 3171 333 332
f 3171 332 3172
f 3172 332 329
f 3172 329 3173
f 3173 329 328
f 3173 328 508
f 508 328 443
f 507 500 667
f 667 500 3174
f 667 3174 670
f 670 3174 3175
f 670 3175 668
f 668 3175 3176
f 668 3176 669
f 669 3176 3177
f 669 3177 666
f 666 3177 3178
f 666 3178 501
f 501 3178 494
f 500 401 3174
f 3174 401 413
f 3174 413 3175
f 3175 413 412
f 3175 412 3176
f 3176 412 411
f 3176 411 3177
f 3177 411 410
f 3177 410 3178
f 3178 410 418
f 3178 418 494
f 494 418 417
f 493 430 1660
f 1660 430 429
f 1660 429 1662
f 1662 429 434
f 1662 434 1664
f 1664 434 439
f 1664 439 1665
f 1665 439 438
f 1665 438 1667
f 1667 438 437
f 1667 437 1669
f 1669 437 436
f 1669 436 1671
f 1671 436 469
f 1671 469 485
f 485 469 275
f 395 1704 1702
f 230 229 2816
f 230 2816 257
f 257 2816 2815
f 257 2815 259
f 259 2815 2814
f 259 2814 262
f 262 2814 2813
f 262 2813 264
f 2812 387 389
f 2812 389 2813
f 2813 389 444
f 2813 444 264
f 387 2812 385
f 385 2812 2811
f 385 2811 407
f 407 2811 1708
f 407 1708 405
f 405 1708 1706
f 405 1706 403
f 1704 395 1706
f 1706 395 398
f 1706 398 403
f 1698 450 1700
f 1700 450 232
f 1700 232 1702
f 1702 232 234
f 1702 234 395
f 453 452 1698
f 1698 452 451
f 1698 451 450
f 1698 1696 453
f 453 1696 194
f 453 194 193
f 181 180 655
f 655 180 2784
f 655 2784 654
f 654 2784 652
f 654 652 653
f 146 145 650
f 650 145 651
f 109 108 92
f 92 108 91
f 2460 2459 2616
f 2433 2432 2591
f 2418 2419 2415
f 2418 2415 2424
f 2412 2423 2413
f 2413 2423 2424
f 2413 2424 2414
f 2414 2424 2415
f 2430 2426 2661
f 2411 2421 2412
f 2412 2421 2420
f 2412 2420 2423
f 2661 2660 2430
f 2430 2660 2663
f 2430 2663 2428
f 2428 2663 2662
f 2428 2662 2431
f 2431 2662 2419
f 2642 2440 2434
f 2442 2411 2444
f 2444 2411 2410
f 2503 2624 2442
f 2442 2624 2661
f 2442 2661 2411
f 2411 2661 2426
f 2411 2426 2421
f 2697 2469 2462
f 2417 2666 67
f 67 2666 2665
f 2665 2664 67
f 67 2664 2634
f 67 2634 68
f 2662 2639 2419
f 2419 2639 2641
f 2419 2641 2415
f 2415 2641 2642
f 2415 2642 2416
f 2416 2642 2434
f 2416 2434 2417
f 2417 2434 2433
f 2417 2433 2666
f 2666 2433 2591
f 2491 2444 2710
f 2710 2444 2410
f 2710 2410 2711
f 2711 2410 2409
f 2711 2409 2627
f 2627 2409 2625
f 2625 2409 2628
f 2628 2409 2408
f 2628 2408 2629
f 2629 2408 2407
f 2629 2407 2705
f 2705 2407 2406
f 2705 2406 2707
f 2707 2406 2405
f 2707 2405 2631
f 2616 2631 2460
f 2460 2631 2405
f 2460 2405 2462
f 2462 2405 2404
f 2462 2404 2697
f 2697 2404 2403
f 2697 2403 2698
f 2698 2403 2402
f 2698 2402 2695
f 2695 2402 2401
f 2695 2401 2689
f 2689 2401 44
f 2689 44 46
f 1566 2828 1567
f 1567 2828 3179
f 1567 3179 1527
f 1527 3179 797
f 1527 797 796
f 2828 1455 3179
f 3179 1455 1453
f 3179 1453 797
f 797 1453 1451
f 797 1451 805
f 1488 2829 1489
f 1489 2829 3180
f 1489 3180 1457
f 1457 3180 786
f 1457 786 785
f 2829 1392 3180
f 3180 1392 1390
f 3180 1390 786
f 786 1390 1388
f 786 1388 794
f 1425 2830 1426
f 1426 2830 3181
f 1426 3181 1394
f 1394 3181 775
f 1394 775 774
f 2830 1329 3181
f 3181 1329 1327
f 3181 1327 775
f 775 1327 1325
f 775 1325 783
f 1330 2831 1331
f 1331 2831 3182
f 1331 3182 1333
f 1333 3182 764
f 1333 764 763
f 2831 1266 3182
f 3182 1266 1264
f 3182 1264 764
f 764 1264 1262
f 764 1262 772
f 1267 2832 1268
f 1268 2832 3183
f 1268 3183 1270
f 1270 3183 753
f 1270 753 752
f 2832 1203 3183
f 3183 1203 1201
f 3183 1201 753
f 753 1201 1199
f 753 1199 761
f 1204 2833 1205
f 1205 2833 3184
f 1205 3184 1207
f 1207 3184 742
f 1207 742 741
f 2833 1148 3184
f 3184 1148 1146
f 3184 1146 742
f 742 1146 1144
f 742 1144 750
f 1133 1641 1134
f 1134 1641 3185
f 1134 3185 1136
f 1136 3185 728
f 1136 728 727
f 1641 1077 3185
f 3185 1077 1075
f 3185 1075 728
f 728 1075 1073
f 728 1073 738
f 738 1073 737
f 3186 1643 1023
f 1078 1643 1079
f 1079 1643 3186
f 1079 3186 1081
f 1081 3186 717
f 1081 717 716
f 725 717 1019
f 1019 717 3186
f 1019 3186 1021
f 1021 3186 1023
f 1024 1645 1025
f 1025 1645 3187
f 1025 3187 1027
f 1027 3187 706
f 1027 706 705
f 1645 960 3187
f 3187 960 958
f 3187 958 706
f 706 958 956
f 706 956 714
f 993 1647 994
f 994 1647 3188
f 994 3188 962
f 962 3188 695
f 962 695 694
f 1647 897 3188
f 3188 897 895
f 3188 895 695
f 695 895 893
f 695 893 703
f 3189 684 683
f 930 1649 931
f 931 1649 3189
f 931 3189 899
f 899 3189 683
f 1649 834 3189
f 3189 834 832
f 3189 832 684
f 684 832 830
f 684 830 692
f 867 1651 868
f 868 1651 3190
f 868 3190 836
f 836 3190 673
f 836 673 672
f 1651 1539 3190
f 3190 1539 1537
f 3190 1537 673
f 673 1537 1535
f 673 1535 681
f 3191 3192 3193
f 3194 3195 3196
f 3191 3193 3196
f 3196 3193 3197
f 3196 3197 3194
f 3198 3199 3200
f 3194 3201 3195
f 3195 3201 3202
f 3195 3202 3200
f 3200 3202 3203
f 3200 3203 3198
f 3204 3205 3206
f 3198 3207 3199
f 3199 3207 3208
f 3199 3208 3206
f 3206 3208 3209
f 3206 3209 3204
f 3210 3211 3212
f 3212 3211 3213
f 3204 3214 3205
f 3205 3214 3215
f 3205 3215 3213
f 3213 3215 3216
f 3213 3216 3212
f 3217 3200 3199
f 3206 3218 3199
f 3199 3218 3219
f 3199 3219 3217
f 3205 3220 3206
f 3206 3220 3221
f 3206 3221 3218
f 3196 3195 3222
f 3217 3223 3200
f 3200 3223 3224
f 3200 3224 3195
f 3195 3224 3225
f 3195 3225 3222
f 3222 3226 3196
f 3196 3226 3227
f 3196 3227 3191
f 3228 3229 3230
f 3231 3232 3233
f 3234 3213 3211
f 3227 3235 3191
f 3191 3235 3236
f 3191 3236 3229
f 3229 3236 3237
f 3229 3237 3230
f 3230 3238 3228
f 3228 3238 3239
f 3228 3239 3233
f 3233 3239 3240
f 3233 3240 3231
f 3234 3241 3213
f 3213 3241 3242
f 3213 3242 3205
f 3205 3242 3243
f 3205 3243 3220
f 3231 3244 3232
f 3232 3244 3245
f 3232 3245 3246
f 3245 3247 3246
f 3246 3247 3248
f 3246 3248 3249
f 3248 3250 3249
f 3249 3250 3251
f 3249 3251 3252
f 3251 3253 3252
f 3252 3253 3254
f 3252 3254 3211
f 3211 3254 3255
f 3211 3255 3234
f 3210 3256 3257
f 3256 3258 3259
f 3258 3255 3254
f 3258 3254 3259
f 3259 3254 3253
f 3259 3253 3260
f 3260 3253 3251
f 3260 3251 3261
f 3261 3251 3250
f 3261 3250 3262
f 3262 3250 3248
f 3262 3248 3263
f 3263 3248 3247
f 3263 3247 3264
f 3264 3247 3245
f 3264 3245 3265
f 3265 3245 3244
f 3265 3244 3266
f 3266 3244 3231
f 3266 3231 3267
f 3267 3231 3240
f 3267 3240 3268
f 3268 3240 3239
f 3268 3239 3269
f 3269 3239 3238
f 3269 3238 3270
f 3270 3238 3230
f 3270 3230 3271
f 3271 3230 3237
f 3271 3237 3272
f 3272 3237 3236
f 3272 3236 3273
f 3273 3236 3235
f 3273 3235 3274
f 3256 3259 3257
f 3257 3259 3260
f 3257 3260 3275
f 3275 3260 3261
f 3275 3261 3276
f 3276 3261 3262
f 3276 3262 3277
f 3277 3262 3263
f 3277 3263 3278
f 3278 3263 3264
f 3278 3264 3279
f 3279 3264 3265
f 3279 3265 3280
f 3280 3265 3266
f 3280 3266 3281
f 3281 3266 3267
f 3281 3267 3282
f 3282 3267 3268
f 3282 3268 3283
f 3283 3268 3269
f 3283 3269 3284
f 3284 3269 3270
f 3284 3270 3285
f 3285 3270 3271
f 3285 3271 3286
f 3286 3271 3272
f 3286 3272 3287
f 3287 3272 3273
f 3287 3273 3288
f 3288 3273 3274
f 3288 3274 3289
f 3210 3257 3290
f 3290 3257 3275
f 3290 3275 3291
f 3291 3275 3276
f 3291 3276 3292
f 3292 3276 3277
f 3292 3277 3293
f 3293 3277 3278
f 3293 3278 3294
f 3294 3278 3279
f 3294 3279 3295
f 3295 3279 3280
f 3295 3280 3296
f 3296 3280 3281
f 3296 3281 3297
f 3297 3281 3282
f 3297 3282 3298
f 3298 3282 3283
f 3298 3283 3299
f 3299 3283 3284
f 3299 3284 3300
f 3300 3284 3285
f 3300 3285 3301
f 3301 3285 3286
f 3301 3286 3302
f 3302 3286 3287
f 3302 3287 3303
f 3303 3287 3288
f 3303 3288 3304
f 3304 3288 3289
f 3304 3289 3192
f 3192 3289 3305
f 3289 3274 3306
f 3274 3235 3227
f 3274 3227 3306
f 3306 3227 3226
f 3306 3226 3307
f 3307 3226 3222
f 3307 3222 3308
f 3308 3222 3225
f 3308 3225 3309
f 3309 3225 3224
f 3309 3224 3310
f 3310 3224 3223
f 3310 3223 3311
f 3311 3223 3217
f 3311 3217 3312
f 3312 3217 3219
f 3312 3219 3313
f 3313 3219 3218
f 3313 3218 3314
f 3314 3218 3221
f 3314 3221 3315
f 3315 3221 3220
f 3315 3220 3316
f 3316 3220 3243
f 3316 3243 3317
f 3317 3243 3242
f 3317 3242 3318
f 3318 3242 3241
f 3318 3241 3319
f 3319 3241 3234
f 3319 3234 3320
f 3320 3234 3255
f 3320 3255 3258
f 3289 3306 3305
f 3305 3306 3307
f 3305 3307 3321
f 3321 3307 3308
f 3321 3308 3322
f 3322 3308 3309
f 3322 3309 3323
f 3323 3309 3310
f 3323 3310 3324
f 3324 3310 3311
f 3324 3311 3325
f 3325 3311 3312
f 3325 3312 3326
f 3326 3312 3313
f 3326 3313 3327
f 3327 3313 3314
f 3327 3314 3328
f 3328 3314 3315
f 3328 3315 3329
f 3329 3315 3316
f 3329 3316 3330
f 3330 3316 3317
f 3330 3317 3331
f 3331 3317 3318
f 3331 3318 3332
f 3332 3318 3319
f 3332 3319 3333
f 3333 3319 3320
f 3333 3320 3334
f 3334 3320 3258
f 3334 3258 3256
f 3192 3305 3193
f 3193 3305 3321
f 3193 3321 3197
f 3197 3321 3322
f 3197 3322 3194
f 3194 3322 3323
f 3194 3323 3201
f 3201 3323 3324
f 3201 3324 3202
f 3202 3324 3325
f 3202 3325 3203
f 3203 3325 3326
f 3203 3326 3198
f 3198 3326 3327
f 3198 3327 3207
f 3207 3327 3328
f 3207 3328 3208
f 3208 3328 3329
f 3208 3329 3209
f 3209 3329 3330
f 3209 3330 3204
f 3204 3330 3331
f 3204 3331 3214
f 3214 3331 3332
f 3214 3332 3215
f 3215 3332 3333
f 3215 3333 3216
f 3216 3333 3334
f 3216 3334 3212
f 3212 3334 3256
f 3212 3256 3210
f 3252 3211 3290
f 3290 3211 3210
f 3294 3246 3249
f 3290 3291 3252
f 3252 3291 3292
f 3252 3292 3249
f 3249 3292 3293
f 3249 3293 3294
f 3294 3295 3246
f 3246 3295 3296
f 3246 3296 3232
f 3296 3297 3232
f 3232 3297 3298
f 3232 3298 3233
f 3298 3299 3233
f 3233 3299 3300
f 3233 3300 3228
f 3192 3191 3304
f 3304 3191 3229
f 3300 3301 3228
f 3228 3301 3302
f 3228 3302 3229
f 3229 3302 3303
f 3229 3303 3304
f 3335 3336 3337
f 3337 3336 3338
f 3337 3338 3339
f 3339 3338 3340
f 3339 3340 3341
f 3341 3340 3342
f 3336 3335 3343
f 3343 3335 3344
f 3343 3344 3342
f 3342 3344 3341
f 3335 3337 3344
f 3344 3337 3339
f 3344 3339 3341
f 3338 3336 3340
f 3340 3336 3343
f 3340 3343 3342
f 3345 3346 3347
f 3347 3346 3348
f 3347 3348 3349
f 3349 3348 3350
f 3349 3350 3351
f 3351 3350 3352
f 3346 3345 3353
f 3353 3345 3354
f 3353 3354 3352
f 3352 3354 3351
f 3349 3351 3347
f 3347 3351 3354
f 3347 3354 3345
f 3352 3350 3353
f 3353 3350 3348
f 3353 3348 3346
f 3355 3356 3357
f 3357 3356 3358
f 3357 3358 3359
f 3359 3358 3360
f 3359 3360 3361
f 3361 3360 3362
f 3356 3355 3363
f 3363 3355 3364
f 3363 3364 3362
f 3362 3364 3361
f 3358 3356 3360
f 3360 3356 3363
f 3360 3363 3362
f 3359 3361 3357
f 3357 3361 3364
f 3357 3364 3355
f 3365 3366 3367
f 3367 3366 3368
f 3367 3368 3369
f 3369 3368 3370
f 3369 3370 3371
f 3371 3370 3372
f 3366 3365 3373
f 3373 3365 3374
f 3373 3374 3372
f 3372 3374 3371
f 3372 3370 3373
f 3373 3370 3368
f 3373 3368 3366
f 3365 3367 3374
f 3374 3367 3369
f 3374 3369 3371
f 3375 3376 3377
f 3377 3376 3378
f 3377 3378 3379
f 3379 3378 3380
f 3379 3380 3381
f 3381 3380 3382
f 3381 3382 3383
f 3383 3382 3384
f 3383 3384 3385
f 3385 3384 3386
f 3385 3386 3387
f 3387 3386 3388
f 3389 3379 3381
f 3377 3379 3389
f 3375 3377 3389
f 3389 3385 3387
f 3383 3385 3389
f 3381 3383 3389
f 3390 3391 3392
f 3392 3391 3393
f 3392 3393 3394
f 3394 3393 3395
f 3394 3395 3396
f 3396 3395 3397
f 3396 3397 3398
f 3398 3397 3399
f 3398 3399 3400
f 3400 3399 3401
f 3400 3401 3402
f 3402 3401 3403
f 3404 3394 3396
f 3392 3394 3404
f 3390 3392 3404
f 3404 3400 3402
f 3398 3400 3404
f 3396 3398 3404
f 3405 3406 3407
f 3405 3407 3408
f 3408 3407 3409
f 3408 3409 3410
f 3410 3409 3411
f 3410 3411 3412
f 3412 3411 3413
f 3412 3413 3414
f 3414 3413 3415
f 3414 3415 3416
f 3416 3415 3417
f 3416 3417 3418
f 3419 3420 3421
f 3419 3421 3422
f 3422 3421 3423
f 3422 3423 3424
f 3424 3423 3425
f 3424 3425 3426
f 3426 3425 3427
f 3426 3427 3428
f 3428 3427 3429
f 3428 3429 3430
f 3430 3429 3431
f 3430 3431 3432
f 3433 3434 3435
f 3433 3435 3436
f 3436 3435 3437
f 3436 3437 3438
f 3438 3437 3439
f 3438 3439 3440
f 3440 3439 3441
f 3440 3441 3442
f 3442 3441 3443
f 3442 3443 3444
f 3444 3443 3445
f 3444 3445 3446
f 3447 3448 3449
f 3447 3449 3450
f 3450 3449 3451
f 3450 3451 3452
f 3452 3451 3453
f 3452 3453 3454
f 3454 3453 3455
f 3454 3455 3456
f 3456 3455 3457
f 3456 3457 3458
f 3458 3457 3459
f 3458 3459 3460
f 3461 3462 3463
f 3463 3462 3464
f 3463 3464 3465
f 3465 3464 3466
f 3465 3466 3467
f 3467 3466 3468
f 3467 3468 3469
f 3469 3468 3470
f 3469 3470 3471
f 3471 3470 3472
f 3471 3472 3473
f 3473 3472 3474
f 3475 3476 3477
f 3477 3476 3478
f 3477 3478 3479
f 3479 3478 3480
f 3479 3480 3481
f 3481 3480 3482
f 3481 3482 3483
f 3483 3482 3484
f 3483 3484 3485
f 3485 3484 3486
f 3485 3486 3487
f 3487 3486 3488
f 3489 3490 3491
f 3491 3490 3492
f 3491 3492 3493
f 3493 3492 3494
f 3493 3494 3495
f 3495 3494 3496
f 3495 3496 3497
f 3497 3496 3498
f 3497 3498 3499
f 3499 3498 3500
f 3499 3500 3501
f 3501 3500 3502
f 3503 3504 3505
f 3505 3504 3506
f 3505 3506 3507
f 3507 3506 3508
f 3507 3508 3509
f 3509 3508 3510
f 3509 3510 3511
f 3511 3510 3512
f 3511 3512 3513
f 3513 3512 3514
f 3513 3514 3515
f 3515 3514 3516
f 3517 3518 3519
f 3519 3518 3520
f 3519 3520 3521
f 3521 3520 3522
f 3521 3522 3523
f 3523 3522 3524
f 3523 3524 3525
f 3525 3524 3526
f 3525 3526 3527
f 3527 3526 3528
f 3527 3528 3529
f 3529 3528 3530
f 3531 3532 3533
f 3533 3532 3534
f 3533 3534 3535
f 3535 3534 3536
f 3535 3536 3537
f 3537 3536 3538
f 3537 3538 3539
f 3539 3538 3540
f 3539 3540 3541
f 3541 3540 3542
f 3541 3542 3543
f 3543 3542 3544
f 3545 3546 3547
f 3547 3546 3548
f 3547 3548 3549
f 3549 3548 3550
f 3549 3550 3551
f 3551 3550 3552
f 3551 3552 3553
f 3553 3552 3554
f 3553 3554 3555
f 3555 3554 3556
f 3555 3556 3557
f 3557 3556 3558
f 3559 3560 3561
f 3561 3560 3562
f 3561 3562 3563
f 3563 3562 3564
f 3563 3564 3565
f 3565 3564 3566
f 3565 3566 3567
f 3567 3566 3568
f 3567 3568 3569
f 3569 3568 3570
f 3569 3570 3571
f 3571 3570 3572
f 3573 3563 3565
f 3561 3563 3573
f 3559 3561 3573
f 3573 3569 3571
f 3567 3569 3573
f 3565 3567 3573
f 3574 3575 3576
f 3576 3575 3577
f 3576 3577 3578
f 3578 3577 3579
f 3578 3579 3580
f 3580 3579 3581
f 3580 3581 3582
f 3582 3581 3583
f 3582 3583 3584
f 3584 3583 3585
f 3584 3585 3586
f 3586 3585 3587
f 3588 3578 3580
f 3576 3578 3588
f 3574 3576 3588
f 3588 3584 3586
f 3582 3584 3588
f 3580 3582 3588
f 3589 3590 3591
f 3591 3590 3592
f 3591 3592 3593
f 3593 3592 3594
f 3593 3594 3595
f 3595 3594 3596
f 3595 3596 3597
f 3597 3596 3598
f 3597 3598 3599
f 3599 3598 3600
f 3599 3600 3601
f 3601 3600 3602
f 3603 3593 3595
f 3591 3593 3603
f 3589 3591 3603
f 3603 3599 3601
f 3597 3599 3603
f 3595 3597 3603
f 3604 3605 3606
f 3606 3605 3607
f 3606 3607 3608
f 3608 3607 3609
f 3608 3609 3610
f 3610 3609 3611
f 3610 3611 3612
f 3612 3611 3613
f 3612 3613 3614
f 3614 3613 3615
f 3614 3615 3616
f 3616 3615 3617
f 3618 3608 3610
f 3606 3608 3618
f 3604 3606 3618
f 3618 3614 3616
f 3612 3614 3618
f 3610 3612 3618
f 3619 3620 3621
f 3621 3620 3622
f 3621 3622 3623
f 3623 3622 3624
f 3623 3624 3625
f 3625 3624 3626
f 3625 3626 3627
f 3627 3626 3628
f 3627 3628 3629
f 3629 3628 3630
f 3629 3630 3631
f 3631 3630 3632
f 3633 3623 3625
f 3621 3623 3633
f 3619 3621 3633
f 3633 3629 3631
f 3627 3629 3633
f 3625 3627 3633
f 3634 3635 3636
f 3636 3635 3637
f 3636 3637 3638
f 3638 3637 3639
f 3638 3639 3640
f 3640 3639 3641
f 3640 3641 3642
f 3642 3641 3643
f 3642 3643 3644
f 3644 3643 3645
f 3644 3645 3646
f 3646 3645 3647
f 3648 3638 3640
f 3636 3638 3648
f 3634 3636 3648
f 3648 3644 3646
f 3642 3644 3648
f 3640 3642 3648
f 3649 3650 3651
f 3651 3650 3652
f 3651 3652 3653
f 3653 3652 3654
f 3653 3654 3655
f 3655 3654 3656
f 3655 3656 3657
f 3657 3656 3658
f 3657 3658 3659
f 3659 3658 3660
f 3659 3660 3661
f 3661 3660 3662
f 3663 3664 3665
f 3665 3664 3666
f 3665 3666 3667
f 3667 3666 3668
f 3667 3668 3669
f 3669 3668 3670
f 3669 3670 3671
f 3671 3670 3672
f 3671 3672 3673
f 3673 3672 3674
f 3673 3674 3675
f 3675 3674 3676
f 3677 3678 3679
f 3679 3678 3680
f 3679 3680 3681
f 3681 3680 3682
f 3681 3682 3683
f 3683 3682 3684
f 3683 3684 3685
f 3685 3684 3686
f 3685 3686 3687
f 3687 3686 3688
f 3687 3688 3689
f 3689 3688 3690
f 3691 3692 3693
f 3693 3692 3694
f 3693 3694 3695
f 3695 3694 3696
f 3695 3696 3697
f 3697 3696 3698
f 3697 3698 3699
f 3699 3698 3700
f 3699 3700 3701
f 3701 3700 3702
f 3701 3702 3703
f 3703 3702 3704
f 3705 3706 3707
f 3707 3706 3708
f 3707 3708 3709
f 3709 3708 3710
f 3709 3710 3711
f 3711 3710 3712
f 3711 3712 3713
f 3713 3712 3714
f 3713 3714 3715
f 3715 3714 3716
f 3715 3716 3717
f 3717 3716 3718
f 3719 3720 3721
f 3721 3720 3722
f 3721 3722 3723
f 3723 3722 3724
f 3723 3724 3725
f 3725 3724 3726
f 3725 3726 3727
f 3727 3726 3728
f 3727 3728 3729
f 3729 3728 3730
f 3729 3730 3731
f 3731 3730 3732
f 3733 3734 3735
f 3735 3734 3736
f 3735 3736 3737
f 3737 3736 3738
f 3737 3738 3739
f 3739 3738 3740
f 3739 3740 3741
f 3741 3740 3742
f 3741 3742 3743
f 3743 3742 3744
f 3743 3744 3745
f 3745 3744 3746
f 3747 3748 3749
f 3749 3748 3750
f 3749 3750 3751
f 3751 3750 3752
f 3751 3752 3753
f 3753 3752 3754
f 3753 3754 3755
f 3755 3754 3756
f 3755 3756 3757
f 3757 3756 3758
f 3757 3758 3759
f 3759 3758 3760
f 3761 3762 3763
f 3763 3762 3764
f 3763 3764 3765
f 3765 3764 3766
f 3765 3766 3767
f 3767 3766 3768
f 3767 3768 3769
f 3769 3768 3770
f 3769 3770 3771
f 3771 3770 3772
f 3771 3772 3773
f 3773 3772 3774
f 3775 3776 3777
f 3777 3776 3778
f 3777 3778 3779
f 3779 3778 3780
f 3779 3780 3781
f 3781 3780 3782
f 3781 3782 3783
f 3783 3782 3784
f 3783 3784 3785
f 3785 3784 3786
f 3785 3786 3787
f 3787 3786 3788
f 3789 3790 3791
f 3792 3793 3794
f 3795 3789 3796
f 3796 3789 3791
f 3796 3791 3797
f 3797 3791 3798
f 3797 3798 3799
f 3799 3798 3800
f 3799 3800 3801
f 3801 3800 3802
f 3801 3802 3794
f 3794 3802 3803
f 3794 3803 3792
f 3792 3803 3804
f 3792 3804 3805
f 3805 3804 3806
f 3805 3806 3807
f 3807 3806 3808
f 3807 3808 3809
f 3809 3808 3810
f 3809 3810 3811
f 3811 3810 3812
f 3811 3812 3813
f 3813 3812 3814
f 3813 3814 3815
f 3815 3814 3816
f 3448 3817 3818
f 3448 3818 3449
f 3449 3818 3819
f 3449 3819 3451
f 3451 3819 3820
f 3451 3820 3453
f 3453 3820 3821
f 3453 3821 3455
f 3455 3821 3822
f 3455 3822 3457
f 3457 3822 3823
f 3457 3823 3459
f 3824 3825 3826
f 3824 3826 3827
f 3827 3826 3828
f 3827 3828 3829
f 3829 3828 3830
f 3829 3830 3831
f 3831 3830 3832
f 3831 3832 3833
f 3833 3832 3834
f 3833 3834 3835
f 3835 3834 3836
f 3835 3836 3837
f 3434 3838 3839
f 3434 3839 3435
f 3435 3839 3840
f 3435 3840 3437
f 3437 3840 3841
f 3437 3841 3439
f 3439 3841 3842
f 3439 3842 3441
f 3441 3842 3843
f 3441 3843 3443
f 3443 3843 3844
f 3443 3844 3445
f 3845 3846 3847
f 3845 3847 3848
f 3848 3847 3849
f 3848 3849 3850
f 3850 3849 3851
f 3850 3851 3852
f 3852 3851 3853
f 3852 3853 3854
f 3854 3853 3855
f 3854 3855 3856
f 3856 3855 3857
f 3856 3857 3858
f 3406 3859 3860
f 3406 3860 3407
f 3407 3860 3861
f 3407 3861 3409
f 3409 3861 3862
f 3409 3862 3411
f 3411 3862 3863
f 3411 3863 3413
f 3413 3863 3864
f 3413 3864 3415
f 3415 3864 3865
f 3415 3865 3417
f 3866 3867 3868
f 3866 3868 3869
f 3869 3868 3870
f 3869 3870 3871
f 3871 3870 3872
f 3871 3872 3873
f 3873 3872 3874
f 3873 3874 3875
f 3875 3874 3876
f 3875 3876 3877
f 3877 3876 3878
f 3877 3878 3879
f 3420 3880 3881
f 3420 3881 3421
f 3421 3881 3882
f 3421 3882 3423
f 3423 3882 3883
f 3423 3883 3425
f 3425 3883 3884
f 3425 3884 3427
f 3427 3884 3885
f 3427 3885 3429
f 3429 3885 3886
f 3429 3886 3431
f 3887 3888 3889
f 3887 3889 3890
f 3890 3889 3891
f 3890 3891 3892
f 3892 3891 3893
f 3892 3893 3894
f 3894 3893 3895
f 3894 3895 3896
f 3896 3895 3897
f 3896 3897 3898
f 3898 3897 3899
f 3898 3899 3900
f 3901 3902 3903
f 3903 3902 3904
f 3903 3904 3905
f 3905 3904 3906
f 3905 3906 3907
f 3907 3906 3908
f 3907 3908 3909
f 3909 3908 3910
f 3909 3910 3911
f 3911 3910 3912
f 3911 3912 3913
f 3913 3912 3914
f 3915 3916 3917
f 3915 3918 3919
f 3919 3918 3920
f 3920 3921 3919
f 3919 3921 3922
f 3919 3922 3923
f 3923 3922 3924
f 3923 3924 3925
f 3925 3924 3926
f 3926 3924 3927
f 3926 3927 3928
f 3915 3917 3918
f 3918 3917 3929
f 3918 3929 3930
f 3930 3929 3931
f 3930 3931 3932
f 3932 3931 3933
f 3932 3933 3934
f 3935 3936 3937
f 3938 3939 3940
f 3940 3939 3941
f 3940 3941 3942
f 3943 3944 3945
f 3945 3935 3943
f 3943 3935 3937
f 3943 3937 3946
f 3946 3937 3947
f 3946 3947 3948
f 3948 3947 3949
f 3948 3949 3950
f 3950 3949 3951
f 3950 3951 3941
f 3941 3951 3952
f 3941 3952 3942
f 3953 3954 3955
f 3955 3954 3956
f 3955 3956 3957
f 3957 3956 3958
f 3958 3956 3959
f 3958 3959 3960
f 3960 3959 3961
f 3961 3959 3962
f 3961 3962 3963
f 3963 3962 3964
f 3964 3962 3965
f 3964 3965 3966
f 3966 3965 3967
f 3967 3965 3968
f 3967 3968 3969
f 3969 3968 3970
f 3970 3968 3971
f 3970 3971 3972
f 3973 3974 3975
f 3975 3974 3976
f 3975 3976 3977
f 3977 3976 3978
f 3978 3976 3979
f 3978 3979 3980
f 3980 3979 3981
f 3981 3979 3982
f 3981 3982 3983
f 3983 3982 3984
f 3984 3982 3985
f 3984 3985 3986
f 3986 3985 3987
f 3987 3985 3988
f 3987 3988 3989
f 3989 3988 3990
f 3990 3988 3991
f 3990 3991 3992
f 3993 3994 3995
f 3995 3994 3996
f 3995 3996 3997
f 3997 3996 3998
f 3998 3996 3999
f 3998 3999 4000
f 4000 3999 4001
f 4001 3999 4002
f 4001 4002 4003
f 4003 4002 4004
f 4004 4002 4005
f 4004 4005 4006
f 4006 4005 4007
f 4007 4005 4008
f 4007 4008 4009
f 4009 4008 4010
f 4010 4008 4011
f 4010 4011 4012
f 4013 4014 4015
f 4015 4014 4016
f 4017 4018 4016
f 4016 4018 4019
f 4016 4019 4015
f 4020 4021 4017
f 4017 4021 4022
f 4017 4022 4018
f 4023 4024 4025
f 4025 4024 4026
f 4025 4026 4027
f 4027 4026 4028
f 4027 4028 4020
f 4020 4028 4029
f 4020 4029 4021
f 4030 4031 4032
f 4032 4031 4033
f 4034 4035 4033
f 4033 4035 4036
f 4033 4036 4032
f 4037 4038 4034
f 4034 4038 4039
f 4034 4039 4035
f 4040 4041 4042
f 4042 4041 4043
f 4042 4043 4044
f 4044 4043 4045
f 4044 4045 4037
f 4037 4045 4046
f 4037 4046 4038
f 4047 4048 4049
f 4047 4049 4050
f 4050 4049 4051
f 4050 4051 4052
f 4052 4051 4053
f 4052 4053 4054
f 4054 4053 4055
f 4055 4053 4056
f 4055 4056 4057
f 4057 4056 4058
f 4058 4056 4059
f 4058 4059 4060
f 4060 4059 4061
f 4061 4059 4062
f 4061 4062 4063
f 4063 4062 4064
f 4064 4062 4065
f 4064 4065 4066
f 4067 4066 4068
f 4067 4068 4069
f 4069 4068 4070
f 4069 4070 4071
f 4071 4070 4072
f 4071 4072 4073
f 4073 4074 4071
f 4071 4074 4075
f 4071 4075 4076
f 4077 4078 4079
f 4077 4079 4080
f 4080 4079 4081
f 4080 4081 4082
f 4078 4077 4083
f 4083 4077 4084
f 4083 4084 4085
f 4085 4084 4086
f 4086 4084 4087
f 4086 4087 4088
f 4088 4087 4089
f 4089 4087 4090
f 4089 4090 4091
f 4091 4090 4092
f 4092 4090 4093
f 4092 4093 4094
f 4095 4096 4097
f 4094 4093 4097
f 4097 4093 4098
f 4097 4098 4095
f 4095 4098 4099
f 4095 4099 4100
f 4100 4099 4101
f 4100 4101 4102
f 4102 4101 4103
f 4102 4103 4104
f 4104 4103 4105
f 4104 4105 4106
f 4106 4105 4107
f 4106 4107 4108
f 4108 4107 4109
f 4108 4109 4110
f 4111 4112 4113
f 4113 4112 4114
f 4113 4114 4115
f 4116 4115 4114
f 4117 4116 4118
f 4118 4116 4114
f 4118 4114 4119
f 4119 4114 4120
f 4119 4120 4121
f 4121 4120 4122
f 4121 4122 4123
f 4123 4122 4124
f 4123 4124 4125
f 4125 4124 4126
f 4125 4126 4127
f 4127 4126 4128
f 4127 4128 4129
f 4129 4128 4110
f 4129 4110 4109
f 4130 4131 4118
f 4118 4131 4132
f 4118 4132 4117
f 4133 4134 4135
f 4135 4136 4133
f 4133 4136 4137
f 4133 4137 4130
f 4130 4137 4138
f 4130 4138 4131
f 4139 4082 4081
f 4081 4140 4139
f 4139 4140 4141
f 4139 4141 4134
f 4134 4141 4142
f 4134 4142 4135
f 4143 4096 4095
f 4144 4145 4146
f 4144 4146 4095
f 4095 4146 4147
f 4095 4147 4143
f 4148 4149 4024
f 4024 4150 4147
f 4147 4150 4151
f 4147 4151 4143
f 4143 4151 4152
f 4143 4152 4153
f 3678 4154 3794
f 3794 4154 3801
f 3801 4154 4155
f 3801 4155 3799
f 3951 3949 3933
f 3658 3656 3797
f 3797 3656 3654
f 3797 3654 3796
f 3796 3654 3652
f 3796 3652 3795
f 3795 3652 3650
f 3795 3650 4156
f 4157 4158 4159
f 4159 4158 3793
f 3532 3660 3534
f 3534 3660 3658
f 3534 3658 3536
f 3536 3658 3797
f 3536 3797 3538
f 4160 4161 4041
f 4043 4162 4045
f 4045 4162 4111
f 4045 4111 4046
f 4046 4111 4113
f 4046 4113 4038
f 3933 3949 4163
f 4155 4164 3799
f 3799 4164 4160
f 3799 4160 3797
f 3797 4160 4041
f 3797 4041 3538
f 3538 4041 4165
f 3538 4165 3540
f 3540 4165 4166
f 3540 4166 3542
f 3650 4167 4156
f 4156 4167 4168
f 4156 4168 4169
f 4169 4168 4148
f 4169 4148 4170
f 4170 4148 4024
f 4170 4024 4171
f 4171 4024 4147
f 4172 4024 4173
f 4173 4024 4149
f 4173 4149 4174
f 4174 4149 4175
f 4174 4175 3532
f 3532 4175 3662
f 3532 3662 3660
f 4166 4176 3542
f 3542 4176 4177
f 3542 4177 3544
f 3544 4177 4021
f 3544 4021 4178
f 4178 4021 4029
f 4178 4029 4179
f 4179 4029 4028
f 4179 4028 4172
f 4172 4028 4026
f 4172 4026 4024
f 3949 3947 4163
f 4163 3947 3937
f 4163 3937 3936
f 4043 4041 4162
f 4162 4041 4161
f 4162 4161 4180
f 4180 4161 3690
f 4180 3690 3916
f 3916 3690 3917
f 4181 4182 4183
f 4158 3942 3933
f 3933 3942 3952
f 3933 3952 3951
f 3794 3793 3678
f 3678 3793 4158
f 3678 4158 3680
f 3680 4158 3933
f 3680 3933 3682
f 3682 3933 3931
f 3682 3931 3684
f 3684 3931 3929
f 3684 3929 3686
f 3686 3929 3917
f 3686 3917 3688
f 3688 3917 3690
f 4184 4185 4186
f 4186 4185 4187
f 4188 4186 4189
f 4189 4186 4187
f 4189 4187 4190
f 4190 4187 4191
f 4190 4191 4183
f 4183 4191 4163
f 4183 4163 4181
f 4181 4163 3936
f 4055 4057 4192
f 4192 4057 4058
f 4192 4058 4193
f 4058 4060 4193
f 4193 4060 4061
f 4193 4061 4063
f 4063 4064 4193
f 4193 4064 4066
f 4193 4066 4067
f 4194 4195 4196
f 4196 4195 4197
f 4196 4197 4076
f 4198 4049 4048
f 4048 4199 4198
f 4198 4199 4200
f 4198 4200 4194
f 4194 4200 4201
f 4194 4201 4195
f 4066 4065 4068
f 4068 4065 4202
f 4203 4072 4202
f 4202 4072 4070
f 4202 4070 4068
f 4076 4075 4196
f 4196 4075 4074
f 4196 4074 4203
f 4203 4074 4073
f 4203 4073 4072
f 4204 4031 4030
f 4205 4206 4207
f 4207 4206 4204
f 4207 4204 4208
f 4208 4204 4030
f 4205 4209 4206
f 4206 4209 4177
f 4206 4177 4210
f 4210 4177 4176
f 4210 4176 4211
f 4211 4176 4166
f 4211 4166 4212
f 4212 4166 4165
f 4212 4165 4040
f 4040 4165 4041
f 4213 4014 4013
f 4214 4215 4216
f 4216 4215 4213
f 4216 4213 4217
f 4217 4213 4013
f 4214 4218 4215
f 4215 4218 4153
f 4215 4153 4219
f 4219 4153 4152
f 4219 4152 4220
f 4220 4152 4151
f 4220 4151 4221
f 4221 4151 4150
f 4221 4150 4023
f 4023 4150 4024
f 4012 4011 4222
f 4222 4011 4223
f 4222 4223 4224
f 4224 4223 4225
f 4225 4223 4226
f 4225 4226 4227
f 4227 4226 4228
f 4228 4226 4229
f 4228 4229 4230
f 4231 4232 4229
f 4229 4232 4233
f 4229 4233 4230
f 4234 3994 3993
f 3993 4235 4234
f 4234 4235 4236
f 4234 4236 4231
f 4231 4236 4237
f 4231 4237 4232
f 3992 3991 4238
f 4238 3991 4239
f 4238 4239 4240
f 4240 4239 4241
f 4241 4239 4242
f 4241 4242 4243
f 4243 4242 4244
f 4244 4242 4245
f 4244 4245 4246
f 4247 4248 4245
f 4245 4248 4249
f 4245 4249 4246
f 4250 3974 3973
f 3973 4251 4250
f 4250 4251 4252
f 4250 4252 4247
f 4247 4252 4253
f 4247 4253 4248
f 3972 3971 4254
f 4254 3971 4255
f 4254 4255 4256
f 4256 4255 4257
f 4257 4255 4258
f 4257 4258 4259
f 4259 4258 4260
f 4260 4258 4261
f 4260 4261 4262
f 4263 4264 4261
f 4261 4264 4265
f 4261 4265 4262
f 4266 3954 3953
f 3953 4267 4266
f 4266 4267 4268
f 4266 4268 4263
f 4263 4268 4269
f 4263 4269 4264
f 4144 4095 4100
f 3915 3919 4270
f 4270 3919 4271
f 4271 3919 4112
f 4112 3919 4120
f 4112 4120 4114
f 4128 4126 3919
f 4126 4124 3919
f 3919 4124 4122
f 3919 4122 4120
f 4100 4102 4144
f 4144 4102 4104
f 4144 4104 4272
f 4272 4104 4106
f 4272 4106 4273
f 3919 3923 4128
f 4128 3923 3925
f 4128 3925 4110
f 4110 3925 3926
f 4110 3926 4108
f 3926 4274 4108
f 4108 4274 4275
f 4108 4275 4106
f 4106 4275 4276
f 4106 4276 4273
f 4273 4276 4277
f 4273 4277 4278
f 3792 4279 3793
f 3793 4279 4159
f 3939 3938 4280
f 4280 3938 4281
f 4280 4281 4282
f 4282 4281 4283
f 4282 4283 4284
f 4284 4283 4285
f 4284 4285 4286
f 4286 4285 4287
f 4286 4287 4288
f 4288 4287 4289
f 4288 4289 3944
f 3944 4289 3945
f 4190 4183 4290
f 4290 4183 4291
f 4292 4187 4185
f 4292 4185 4293
f 4293 4185 4184
f 4293 4184 4294
f 4294 4184 4186
f 4294 4186 4295
f 4295 4186 4188
f 4295 4188 4296
f 4296 4188 4189
f 4296 4189 4297
f 4297 4189 4190
f 4297 4190 4290
f 4298 4299 4300
f 4298 4300 4301
f 4301 4300 4302
f 4301 4302 4303
f 4303 4302 4304
f 4303 4304 4305
f 4305 4304 4306
f 4305 4306 4307
f 4307 4306 4292
f 4292 4306 4308
f 4292 4308 4187
f 4187 4308 4191
f 4191 4308 4309
f 4191 4309 4163
f 4163 4309 4310
f 4310 4311 4163
f 4163 4311 4312
f 4163 4312 3933
f 3933 4312 4313
f 3933 4313 3934
f 4277 4276 4314
f 4314 4276 4275
f 4314 4275 4315
f 4315 4275 4274
f 4315 4274 4316
f 4316 4274 3926
f 4316 3926 3928
f 4314 4317 4277
f 4277 4317 4318
f 4277 4318 4278
f 4278 4318 4319
f 4320 4321 4322
f 4322 4321 4323
f 4324 4325 4323
f 4323 4325 4326
f 4323 4326 4322
f 4327 4328 4324
f 4324 4328 4329
f 4324 4329 4325
f 4327 4330 4328
f 4328 4330 4331
f 4328 4331 4332
f 4332 4331 4333
f 4332 4333 4334
f 4334 4333 4335
f 4334 4335 4336
f 4336 4335 4337
f 4336 4337 4319
f 4319 4337 4338
f 4319 4338 4278
f 4146 4339 4147
f 4147 4339 4171
f 3795 4156 3789
f 3789 4156 4340
f 4341 4342 4343
f 3813 3815 3774
f 3774 3815 4344
f 4344 3815 4341
f 4344 4341 4345
f 4345 4341 4343
f 4345 4343 4346
f 3768 3811 3770
f 3770 3811 3813
f 3770 3813 3772
f 3772 3813 3774
f 4347 3766 3764
f 4294 4348 4349
f 4350 3811 4291
f 4291 3811 3768
f 4291 3768 4290
f 4290 3768 3766
f 4290 3766 4297
f 4347 3764 4351
f 4351 3764 3762
f 4351 3762 3888
f 3888 3762 4352
f 3888 4352 3889
f 3899 3897 4353
f 4354 3872 3899
f 3899 3872 3870
f 3899 3870 4355
f 4355 3870 3868
f 4355 3868 4356
f 4356 3868 3867
f 4356 3867 4357
f 4348 4294 4358
f 4358 4294 4295
f 4358 4295 4296
f 3897 3895 4353
f 4353 3895 3893
f 4353 3893 4359
f 4359 3893 3891
f 4359 3891 4360
f 4360 3891 3889
f 4360 3889 4361
f 3766 4347 4297
f 4297 4347 4357
f 4297 4357 4296
f 4296 4357 3867
f 4296 3867 4358
f 4292 4293 4307
f 4307 4293 4305
f 4362 4354 4363
f 4363 4354 3899
f 4363 3899 4364
f 4364 3899 4353
f 4293 4294 4305
f 4305 4294 4349
f 4305 4349 4303
f 4303 4349 4365
f 4303 4365 4301
f 4301 4365 4366
f 4301 4366 4298
f 4298 4366 3878
f 4298 3878 4367
f 4367 3878 3876
f 4367 3876 4354
f 4354 3876 3874
f 4354 3874 3872
f 4335 4368 4369
f 4335 4369 4337
f 4337 4369 4370
f 4337 4370 4338
f 4371 3718 3716
f 4372 4324 3734
f 3734 4324 4323
f 3734 4323 3736
f 4368 4335 4373
f 4373 4335 4333
f 4373 4333 3706
f 4371 4374 3718
f 3718 4374 4338
f 3718 4338 4375
f 4375 4338 4370
f 3740 3738 4376
f 4376 3738 4343
f 4376 4343 4377
f 4377 4343 4342
f 3889 4352 4361
f 4361 4352 4378
f 4361 4378 4379
f 4379 4378 4346
f 4379 4346 4321
f 4321 4346 4343
f 4321 4343 4323
f 4323 4343 3738
f 4323 3738 3736
f 4380 4381 3706
f 3706 4381 4382
f 3706 4382 3708
f 3708 4382 3746
f 4339 4146 4145
f 4372 4383 4324
f 4324 4383 4384
f 4324 4384 4327
f 4327 4384 4380
f 4327 4380 4330
f 4330 4380 3706
f 4330 3706 4331
f 4331 3706 4333
f 4145 4371 4339
f 4339 4371 3716
f 4339 3716 4385
f 4385 3716 3714
f 4385 3714 3712
f 4386 3712 3746
f 3746 3712 3710
f 3746 3710 3708
f 3740 4376 3742
f 3742 4376 4387
f 3742 4387 3744
f 3744 4387 4388
f 3744 4388 3746
f 3746 4388 4389
f 3746 4389 4386
f 4386 4390 3712
f 3712 4390 4391
f 3712 4391 4385
f 4385 4391 4392
f 4385 4392 4393
f 4393 4392 4394
f 4393 4394 4340
f 4340 4394 4395
f 4340 4395 3789
f 4396 3935 3945
f 4396 3945 4350
f 4350 3945 4289
f 4350 4289 3811
f 3811 4289 4287
f 3811 4287 3809
f 3809 4287 4285
f 3809 4285 3807
f 3807 4285 4283
f 3807 4283 3805
f 3805 4283 4281
f 3805 4281 3938
f 3940 4397 3938
f 3938 4397 4398
f 3938 4398 3805
f 3805 4398 4279
f 3805 4279 3792
f 4359 4399 4353
f 4353 4399 4400
f 4353 4400 4401
f 4402 4363 4364
f 4402 4364 4403
f 4403 4364 4353
f 4403 4353 4401
f 4404 4282 4405
f 4405 4282 4284
f 4405 4284 4406
f 4406 4284 4286
f 4406 4286 4407
f 4407 4286 4288
f 4407 4288 3902
f 3902 4288 3944
f 3902 3944 3904
f 3904 3944 3943
f 3904 3943 3906
f 3906 3943 3946
f 3906 3946 3908
f 3908 3946 3948
f 3908 3948 3910
f 3910 3948 3950
f 3910 3950 3912
f 3912 3950 3941
f 3912 3941 3914
f 3914 3941 3939
f 3914 3939 4408
f 4408 3939 4280
f 4408 4280 4404
f 4404 4280 4282
f 3790 4409 4410
f 4325 4411 4326
f 4315 4412 4314
f 3832 3830 4413
f 4413 3830 4414
f 4413 4414 4415
f 3830 3828 4414
f 4414 3828 3826
f 4414 3826 4299
f 4299 3826 3825
f 4299 3825 4300
f 4300 3825 4416
f 4300 4416 4302
f 4416 4417 4302
f 4302 4417 4418
f 4302 4418 4419
f 4419 4418 4420
f 4421 3836 4422
f 4422 3836 3834
f 4423 4306 4304
f 4306 4423 4308
f 4308 4423 4424
f 4308 4424 4309
f 4425 3691 4426
f 3918 3703 3920
f 3920 3703 4427
f 4427 4428 3920
f 3920 4428 4429
f 3920 4429 4426
f 4426 4429 4430
f 4426 4430 4425
f 3691 3693 3934
f 3934 3693 3932
f 3932 3693 3695
f 3932 3695 3930
f 3695 3697 3930
f 3930 3697 3699
f 3930 3699 3918
f 3918 3699 3701
f 3918 3701 3703
f 3922 4431 3924
f 3924 4431 4432
f 3924 4432 3927
f 3376 4433 4434
f 4434 4433 4315
f 4434 4315 4316
f 4317 4314 4435
f 4435 4314 4412
f 4435 4412 4436
f 4319 4318 4437
f 4437 4438 4319
f 4319 4438 4439
f 4319 4439 4336
f 4336 4439 4440
f 4336 4440 4441
f 4441 4440 4442
f 4441 4442 4443
f 4443 4442 3719
f 4443 3719 3721
f 3721 3723 4443
f 4443 3723 3725
f 4443 3725 4317
f 3725 3727 4317
f 4317 3727 3729
f 4317 3729 4318
f 4318 3729 3731
f 4318 3731 4437
f 4328 4332 4441
f 4441 4332 4334
f 4441 4334 4336
f 4329 4328 4444
f 4443 3759 4441
f 4441 3759 4445
f 4441 4445 4328
f 4328 4445 4446
f 4328 4446 4444
f 4444 4447 4329
f 4329 4447 4448
f 4329 4448 4325
f 4325 4448 3747
f 4325 3747 4411
f 4411 3747 3749
f 4411 3749 3751
f 3753 3755 4443
f 4443 3755 3757
f 4443 3757 3759
f 4320 4322 4449
f 4449 4322 4326
f 4320 4449 4450
f 4450 4449 4451
f 4450 4451 4452
f 4401 4400 4453
f 4453 4400 4399
f 4453 4399 4454
f 4454 4399 4455
f 4454 4455 4452
f 4415 4456 4457
f 4457 4456 4402
f 4457 4402 4453
f 4453 4402 4403
f 4453 4403 4401
f 4415 4457 4413
f 4413 4457 3846
f 4413 3846 4458
f 4458 4459 4413
f 4413 4459 4460
f 4413 4460 4461
f 4461 4460 4462
f 4461 4462 4463
f 4463 3857 4464
f 4464 3857 3855
f 4464 3855 4454
f 3855 3853 4454
f 4454 3853 3851
f 4454 3851 4453
f 4453 3851 3849
f 4453 3849 4457
f 4457 3849 3847
f 4457 3847 3846
f 4465 4466 4467
f 4467 4466 4468
f 4467 4468 4469
f 3751 3753 4411
f 4411 3753 4443
f 4411 4443 4470
f 4435 4471 4317
f 4317 4471 4472
f 4317 4472 4443
f 4443 4472 4473
f 4443 4473 4470
f 3802 3800 4474
f 4474 3800 3798
f 4474 3798 4475
f 3808 3806 4476
f 4476 3806 4426
f 4477 3812 4478
f 4478 3812 3810
f 4469 4468 4479
f 4479 4468 4480
f 4479 4480 4481
f 4481 4480 3816
f 4481 3816 4482
f 4482 3816 3814
f 4482 3814 4483
f 4484 4485 4486
f 3928 3927 3673
f 3673 3927 4432
f 3673 4432 3671
f 3671 4432 3669
f 4487 4488 4410
f 4489 3663 4490
f 4490 3663 3665
f 4490 3665 3667
f 4488 4489 4410
f 4410 4489 4490
f 4410 4490 3790
f 3790 4490 4475
f 3790 4475 3791
f 3791 4475 3798
f 4491 4492 4493
f 3403 3401 4494
f 4494 3401 3399
f 4494 3399 4495
f 4495 3399 3397
f 4495 3397 3395
f 4491 4493 4496
f 4496 4493 4497
f 4496 4497 4498
f 3393 3391 4483
f 4483 3391 4499
f 3395 3393 4495
f 4495 3393 4483
f 4495 4483 4477
f 4477 4483 3814
f 4477 3814 3812
f 4433 4500 4315
f 4315 4500 4501
f 4315 4501 4412
f 4412 4501 4502
f 4412 4502 4503
f 4503 4502 4504
f 4503 4504 3388
f 3386 3384 4410
f 4410 3384 4484
f 4410 4484 4487
f 4487 4484 4486
f 3384 3382 4484
f 4484 3382 3380
f 4484 3380 3378
f 4436 4412 4409
f 4409 4412 4503
f 4409 4503 4410
f 4410 4503 3388
f 4410 3388 3386
f 3673 3675 3928
f 3928 3675 4485
f 3928 4485 4316
f 4316 4485 4484
f 4316 4484 4434
f 4434 4484 3378
f 4434 3378 3376
f 4505 4506 4464
f 4507 4508 4509
f 3783 3785 4510
f 4510 3785 3787
f 4510 3787 4509
f 4509 3787 4511
f 4509 4511 4507
f 4463 4464 4461
f 4461 4464 4506
f 4461 4506 3775
f 3775 3777 4461
f 4461 3777 3779
f 4461 3779 4510
f 4510 3779 3781
f 4510 3781 3783
f 4452 4451 4454
f 4454 4451 4509
f 4454 4509 4464
f 4464 4509 4508
f 4464 4508 4505
f 4510 4497 4461
f 4461 4497 4493
f 4461 4493 4413
f 4413 4493 4422
f 4413 4422 3832
f 3832 4422 3834
f 4470 4465 4411
f 4411 4465 4467
f 4411 4467 4326
f 4326 4467 4469
f 4326 4469 4449
f 4449 4469 4479
f 4449 4479 4451
f 4451 4479 4481
f 4451 4481 4509
f 4509 4481 4482
f 4509 4482 4510
f 4510 4482 4483
f 4510 4483 4497
f 4497 4483 4499
f 4497 4499 4498
f 3806 3804 4426
f 4426 3804 3803
f 4426 3803 3920
f 3920 3803 3802
f 3920 3802 3921
f 3921 3802 4474
f 3921 4474 3922
f 3922 4474 4475
f 3922 4475 4431
f 4431 4475 4490
f 4431 4490 4432
f 4432 4490 3667
f 4432 3667 3669
f 4492 3403 4493
f 4493 3403 4494
f 4493 4494 4422
f 4422 4494 4419
f 4422 4419 4421
f 4421 4419 4420
f 3810 3808 4478
f 4478 3808 4476
f 4478 4476 4477
f 4477 4476 4512
f 4477 4512 4495
f 4495 4512 4513
f 4495 4513 4494
f 4494 4513 4424
f 4494 4424 4419
f 4419 4424 4423
f 4419 4423 4302
f 4302 4423 4304
f 3901 3903 4313
f 4426 3913 4514
f 3691 3934 4426
f 4426 3934 3911
f 4426 3911 3913
f 4515 3901 4476
f 4476 3901 4313
f 4476 4313 4512
f 4512 4313 4312
f 4512 4312 4513
f 4513 4312 4311
f 4513 4311 4424
f 4424 4311 4310
f 4424 4310 4309
f 3903 3905 4313
f 4313 3905 3907
f 4313 3907 3934
f 3934 3907 3909
f 3934 3909 3911
f 4514 4516 4426
f 4426 4516 4517
f 4426 4517 4476
f 4476 4517 4518
f 4476 4518 4515
f 3527 3529 4519
f 4098 4520 4521
f 4127 4129 4522
f 4107 4523 4109
f 4109 4523 3545
f 4109 3545 4129
f 4125 4524 4123
f 4123 4524 4519
f 4123 4519 4121
f 4121 4519 3568
f 4121 3568 4119
f 3568 3566 4119
f 4119 3566 3564
f 4119 3564 4118
f 3564 4525 4118
f 4118 4525 4526
f 4118 4526 4130
f 4130 4526 4527
f 4130 4527 4133
f 4080 4528 4529
f 4080 4529 4530
f 4530 4529 4531
f 4530 4531 4532
f 3461 3463 4533
f 4533 3463 3465
f 4533 3465 4134
f 3465 3467 4134
f 4134 3467 3469
f 4134 3469 4139
f 4139 3469 3471
f 4139 3471 4082
f 4082 3471 3473
f 4082 3473 4080
f 4080 3473 4534
f 4080 4534 4528
f 4080 4051 4077
f 4077 4051 4049
f 4077 4049 4084
f 3483 3485 4535
f 3485 3487 4535
f 4535 3487 4090
f 4535 4090 4536
f 4536 4090 4087
f 4536 4087 4084
f 3487 4537 4090
f 4090 4537 4538
f 4090 4538 4093
f 4093 4538 4539
f 4093 4539 4098
f 4098 4539 4540
f 4520 3479 4535
f 4535 3479 3481
f 4535 3481 3483
f 4540 4541 4098
f 4098 4541 3475
f 4098 3475 4520
f 4520 3475 3477
f 4520 3477 3479
f 4542 3503 4101
f 4543 4544 4098
f 4521 4545 3509
f 3503 3505 4545
f 4545 3505 3507
f 4545 3507 3509
f 4098 4544 4099
f 4099 4544 4546
f 4099 4546 4101
f 4101 4546 4547
f 4101 4547 4542
f 3509 3511 4521
f 4521 3511 3513
f 4521 3513 4098
f 4098 3513 3515
f 4098 3515 4543
f 3503 4545 4101
f 4101 4545 4548
f 4101 4548 4103
f 4103 4548 4105
f 4105 4548 4549
f 4105 4549 4107
f 4065 4062 4550
f 4550 4062 4059
f 4550 4059 4530
f 4530 4059 4056
f 4530 4056 4080
f 4080 4056 4053
f 4080 4053 4051
f 4049 4198 4084
f 4084 4198 4194
f 4084 4194 4536
f 4536 4194 4196
f 4536 4196 4535
f 4535 4196 4203
f 4535 4203 4202
f 4551 4552 3560
f 3560 4552 4525
f 3560 4525 3562
f 3562 4525 3564
f 4551 4553 4552
f 4552 4553 4554
f 4552 4554 4555
f 4555 4554 4556
f 4555 4556 4557
f 4557 3572 4519
f 4519 3572 3570
f 4519 3570 3568
f 3545 3547 4129
f 4129 3547 3549
f 4129 3549 4522
f 4522 3549 3551
f 4522 3551 4558
f 4558 3551 3553
f 4558 3553 3555
f 3557 4559 4560
f 4560 4559 4561
f 4560 4561 4549
f 4549 4561 4562
f 4549 4562 4107
f 4107 4562 4563
f 4107 4563 4523
f 3501 4564 4565
f 3499 3501 4526
f 4526 3501 4565
f 4526 4565 4527
f 4527 4565 4533
f 4527 4533 4133
f 4133 4533 4134
f 4564 4566 4565
f 4565 4566 4567
f 4565 4567 4552
f 3491 3493 4525
f 4525 3493 3495
f 4525 3495 4526
f 4526 3495 3497
f 4526 3497 3499
f 4567 4568 4552
f 4552 4568 4569
f 4552 4569 4525
f 4525 4569 3489
f 4525 3489 3491
f 4532 3461 4530
f 4530 3461 4533
f 4530 4533 4550
f 4550 4533 4565
f 4550 4565 4570
f 4570 4565 4552
f 4570 4552 4571
f 4571 4552 4555
f 4571 4555 4560
f 4572 4573 4558
f 4557 4519 4555
f 4555 4519 3529
f 4555 3529 4574
f 3519 3521 4524
f 4524 3521 3523
f 4524 3523 4519
f 4519 3523 3525
f 4519 3525 3527
f 4574 4572 4555
f 4555 4572 4558
f 4555 4558 4560
f 4560 4558 3555
f 4560 3555 3557
f 4573 4575 4558
f 4558 4575 4576
f 4558 4576 3517
f 4127 4522 4125
f 4125 4522 4558
f 4125 4558 4524
f 4524 4558 3517
f 4524 3517 3519
f 4560 3579 3577
f 4545 3575 4577
f 3585 3583 4549
f 4202 4065 4535
f 4535 4065 4550
f 4535 4550 4520
f 4520 4550 4570
f 4520 4570 4521
f 4521 4570 4571
f 4521 4571 4545
f 4545 4571 4560
f 4545 4560 3575
f 3575 4560 3577
f 4549 3583 4560
f 4560 3583 3581
f 4560 3581 3579
f 3585 4549 3587
f 3587 4549 4548
f 3587 4548 4578
f 4577 4579 4545
f 4545 4579 4580
f 4545 4580 4548
f 4548 4580 4581
f 4548 4581 4578
f 3913 3914 4514
f 4514 3914 4408
f 4514 4408 4516
f 4516 4408 4404
f 4516 4404 4517
f 4517 4404 4405
f 4517 4405 4518
f 4518 4405 4406
f 4518 4406 4515
f 4515 4406 4407
f 4515 4407 3901
f 3901 4407 3902
f 3900 3899 4355
f 3900 4355 4582
f 4582 4355 4356
f 4582 4356 4583
f 4583 4356 4357
f 4583 4357 4584
f 4584 4357 4347
f 4584 4347 4585
f 4585 4347 4351
f 4585 4351 4586
f 4586 4351 3888
f 4586 3888 3887
f 4587 4582 4588
f 4588 4582 4583
f 4588 4583 4589
f 4589 4583 4584
f 4589 4584 4590
f 4590 4584 4585
f 4590 4585 4591
f 4591 4585 4586
f 4591 4586 3880
f 3880 4586 3887
f 3880 3887 3881
f 3881 3887 3890
f 3881 3890 3882
f 3882 3890 3892
f 3882 3892 3883
f 3883 3892 3894
f 3883 3894 3884
f 3884 3894 3896
f 3884 3896 3885
f 3885 3896 3898
f 3885 3898 3886
f 3886 3898 3900
f 3886 3900 4587
f 4587 3900 4582
f 3431 3886 4587
f 3431 4587 4592
f 4592 4587 4588
f 4592 4588 4593
f 4593 4588 4589
f 4593 4589 4594
f 4594 4589 4590
f 4594 4590 4595
f 4595 4590 4591
f 4595 4591 4596
f 4596 4591 3880
f 4596 3880 3420
f 3594 4597 3596
f 3596 4597 4598
f 3596 4598 3598
f 3598 4598 4599
f 3598 4599 3600
f 3600 4599 4600
f 3600 4600 3602
f 3602 4600 3419
f 3602 3419 4601
f 4601 3419 3422
f 4601 3422 4602
f 4602 3422 3424
f 4602 3424 4603
f 4603 3424 3426
f 4603 3426 4604
f 4604 3426 3428
f 4604 3428 4605
f 4605 3428 3430
f 4605 3430 3590
f 3590 3430 3432
f 3590 3432 3592
f 3592 3432 4606
f 3592 4606 3594
f 3594 4606 4597
f 3879 3878 4366
f 3879 4366 4607
f 4607 4366 4365
f 4607 4365 4608
f 4608 4365 4349
f 4608 4349 4609
f 4609 4349 4348
f 4609 4348 4610
f 4610 4348 4358
f 4610 4358 4611
f 4611 4358 3867
f 4611 3867 3866
f 4612 4607 4613
f 4613 4607 4608
f 4613 4608 4614
f 4614 4608 4609
f 4614 4609 4615
f 4615 4609 4610
f 4615 4610 4616
f 4616 4610 4611
f 4616 4611 3859
f 3859 4611 3866
f 3859 3866 3860
f 3860 3866 3869
f 3860 3869 3861
f 3861 3869 3871
f 3861 3871 3862
f 3862 3871 3873
f 3862 3873 3863
f 3863 3873 3875
f 3863 3875 3864
f 3864 3875 3877
f 3864 3877 3865
f 3865 3877 3879
f 3865 3879 4612
f 4612 3879 4607
f 3417 3865 4612
f 3417 4612 4617
f 4617 4612 4613
f 4617 4613 4618
f 4618 4613 4614
f 4618 4614 4619
f 4619 4614 4615
f 4619 4615 4620
f 4620 4615 4616
f 4620 4616 4621
f 4621 4616 3859
f 4621 3859 3406
f 4622 3412 4623
f 4623 3412 3414
f 4623 3414 4624
f 4624 3414 3416
f 4624 3416 3605
f 3605 3416 3418
f 3605 3418 3607
f 3607 3418 4625
f 3607 4625 3609
f 3609 4625 4626
f 3609 4626 3611
f 3611 4626 4627
f 3611 4627 3613
f 3613 4627 4628
f 3613 4628 3615
f 3615 4628 4629
f 3615 4629 3617
f 3617 4629 3405
f 3617 3405 4630
f 4630 3405 3408
f 4630 3408 4631
f 4631 3408 3410
f 4631 3410 4622
f 4622 3410 3412
f 3858 3857 4463
f 3858 4463 4632
f 4632 4463 4462
f 4632 4462 4633
f 4633 4462 4460
f 4633 4460 4634
f 4634 4460 4459
f 4634 4459 4635
f 4635 4459 4458
f 4635 4458 4636
f 4636 4458 3846
f 4636 3846 3845
f 4637 4632 4638
f 4638 4632 4633
f 4638 4633 4639
f 4639 4633 4634
f 4639 4634 4640
f 4640 4634 4635
f 4640 4635 4641
f 4641 4635 4636
f 4641 4636 3838
f 3838 4636 3845
f 3838 3845 3839
f 3839 3845 3848
f 3839 3848 3840
f 3840 3848 3850
f 3840 3850 3841
f 3841 3850 3852
f 3841 3852 3842
f 3842 3852 3854
f 3842 3854 3843
f 3843 3854 3856
f 3843 3856 3844
f 3844 3856 3858
f 3844 3858 4637
f 4637 3858 4632
f 3445 3844 4637
f 3445 4637 4642
f 4642 4637 4638
f 4642 4638 4643
f 4643 4638 4639
f 4643 4639 4644
f 4644 4639 4640
f 4644 4640 4645
f 4645 4640 4641
f 4645 4641 4646
f 4646 4641 3838
f 4646 3838 3434
f 3639 4647 3641
f 3641 4647 4648
f 3641 4648 3643
f 3643 4648 4649
f 3643 4649 3645
f 3645 4649 4650
f 3645 4650 3647
f 3647 4650 3433
f 3647 3433 4651
f 4651 3433 3436
f 4651 3436 4652
f 4652 3436 3438
f 4652 3438 4653
f 4653 3438 3440
f 4653 3440 4654
f 4654 3440 3442
f 4654 3442 4655
f 4655 3442 3444
f 4655 3444 3635
f 3635 3444 3446
f 3635 3446 3637
f 3637 3446 4656
f 3637 4656 3639
f 3639 4656 4647
f 3837 3836 4421
f 3837 4421 4657
f 4657 4421 4420
f 4657 4420 4658
f 4658 4420 4418
f 4658 4418 4659
f 4659 4418 4417
f 4659 4417 4660
f 4660 4417 4416
f 4660 4416 4661
f 4661 4416 3825
f 4661 3825 3824
f 4662 4657 4663
f 4663 4657 4658
f 4663 4658 4664
f 4664 4658 4659
f 4664 4659 4665
f 4665 4659 4660
f 4665 4660 4666
f 4666 4660 4661
f 4666 4661 3817
f 3817 4661 3824
f 3817 3824 3818
f 3818 3824 3827
f 3818 3827 3819
f 3819 3827 3829
f 3819 3829 3820
f 3820 3829 3831
f 3820 3831 3821
f 3821 3831 3833
f 3821 3833 3822
f 3822 3833 3835
f 3822 3835 3823
f 3823 3835 3837
f 3823 3837 4662
f 4662 3837 4657
f 3459 3823 4662
f 3459 4662 4667
f 4667 4662 4663
f 4667 4663 4668
f 4668 4663 4664
f 4668 4664 4669
f 4669 4664 4665
f 4669 4665 4670
f 4670 4665 4666
f 4670 4666 4671
f 4671 4666 3817
f 4671 3817 3448
f 4672 3454 4673
f 4673 3454 3456
f 4673 3456 4674
f 4674 3456 3458
f 4674 3458 3620
f 3620 3458 3460
f 3620 3460 3622
f 3622 3460 4675
f 3622 4675 3624
f 3624 4675 4676
f 3624 4676 3626
f 3626 4676 4677
f 3626 4677 3628
f 3628 4677 4678
f 3628 4678 3630
f 3630 4678 4679
f 3630 4679 3632
f 3632 4679 3447
f 3632 3447 4680
f 4680 3447 3450
f 4680 3450 4681
f 4681 3450 3452
f 4681 3452 4672
f 4672 3452 3454
f 3790 3789 4409
f 4409 3789 4395
f 4409 4395 4436
f 4395 4394 4436
f 4436 4394 4392
f 4436 4392 4435
f 4435 4392 4391
f 4435 4391 4471
f 4471 4391 4390
f 4471 4390 4472
f 4472 4390 4386
f 4472 4386 4473
f 4473 4386 4389
f 4473 4389 4470
f 4470 4389 4388
f 4470 4388 4465
f 4465 4388 4387
f 4465 4387 4466
f 4387 4376 4466
f 4466 4376 4377
f 4466 4377 4468
f 4468 4377 4342
f 4468 4342 4480
f 4480 4342 4341
f 4480 4341 3816
f 3816 4341 3815
f 3787 3788 4511
f 4511 3788 4682
f 4511 4682 4507
f 4507 4682 4683
f 4507 4683 4508
f 4508 4683 4684
f 4508 4684 4505
f 4505 4684 4685
f 4505 4685 4506
f 4506 4685 4686
f 4506 4686 3775
f 3775 4686 3776
f 4683 4687 4684
f 4684 4687 4688
f 4684 4688 4685
f 4685 4688 4689
f 4685 4689 4686
f 4686 4689 4690
f 4686 4690 3776
f 3776 4690 3761
f 3776 3761 3778
f 3778 3761 3763
f 3778 3763 3780
f 3780 3763 3765
f 3780 3765 3782
f 3782 3765 3767
f 3782 3767 3784
f 3784 3767 3769
f 3784 3769 3786
f 3786 3769 3771
f 3786 3771 3788
f 3788 3771 3773
f 3788 3773 4682
f 4682 3773 4691
f 4682 4691 4683
f 4683 4691 4687
f 3773 3774 4691
f 4691 3774 4344
f 4691 4344 4687
f 4687 4344 4345
f 4687 4345 4688
f 4688 4345 4346
f 4688 4346 4689
f 4689 4346 4378
f 4689 4378 4690
f 4690 4378 4352
f 4690 4352 3761
f 3761 4352 3762
f 3759 3760 4445
f 4445 3760 4692
f 4445 4692 4446
f 4446 4692 4693
f 4446 4693 4444
f 4444 4693 4694
f 4444 4694 4447
f 4447 4694 4695
f 4447 4695 4448
f 4448 4695 4696
f 4448 4696 3747
f 3747 4696 3748
f 4693 4697 4694
f 4694 4697 4698
f 4694 4698 4695
f 4695 4698 4699
f 4695 4699 4696
f 4696 4699 4700
f 4696 4700 3748
f 3748 4700 3733
f 3748 3733 3750
f 3750 3733 3735
f 3750 3735 3752
f 3752 3735 3737
f 3752 3737 3754
f 3754 3737 3739
f 3754 3739 3756
f 3756 3739 3741
f 3756 3741 3758
f 3758 3741 3743
f 3758 3743 3760
f 3760 3743 3745
f 3760 3745 4692
f 4692 3745 4701
f 4692 4701 4693
f 4693 4701 4697
f 3745 3746 4701
f 4701 3746 4382
f 4701 4382 4697
f 4697 4382 4381
f 4697 4381 4698
f 4698 4381 4380
f 4698 4380 4699
f 4380 4384 4699
f 4699 4384 4383
f 4699 4383 4700
f 4700 4383 4372
f 4700 4372 3733
f 3733 4372 3734
f 3731 3732 4437
f 4437 3732 4702
f 4437 4702 4438
f 4438 4702 4703
f 4438 4703 4439
f 4439 4703 4704
f 4439 4704 4440
f 4440 4704 4705
f 4440 4705 4442
f 4442 4705 4706
f 4442 4706 3719
f 3719 4706 3720
f 4706 4707 3720
f 3720 4707 3705
f 3720 3705 3722
f 3722 3705 3707
f 3722 3707 3724
f 3724 3707 3709
f 3724 3709 3726
f 3726 3709 3711
f 3726 3711 3728
f 3728 3711 3713
f 3728 3713 3730
f 3730 3713 3715
f 3730 3715 3732
f 3732 3715 3717
f 3732 3717 4702
f 4702 3717 4708
f 4702 4708 4703
f 4703 4708 4709
f 4703 4709 4704
f 4704 4709 4710
f 4704 4710 4705
f 4705 4710 4711
f 4705 4711 4706
f 4706 4711 4707
f 3717 3718 4708
f 4708 3718 4375
f 4708 4375 4709
f 4709 4375 4370
f 4709 4370 4710
f 4710 4370 4369
f 4710 4369 4711
f 4711 4369 4368
f 4711 4368 4707
f 4707 4368 4373
f 4707 4373 3705
f 3705 4373 3706
f 3703 3704 4427
f 4427 3704 4712
f 4427 4712 4428
f 4428 4712 4713
f 4428 4713 4429
f 4429 4713 4714
f 4429 4714 4430
f 4430 4714 4715
f 4430 4715 4425
f 4425 4715 4716
f 4425 4716 3691
f 3691 4716 3692
f 3700 3685 3702
f 3702 3685 3687
f 3702 3687 3704
f 3704 3687 3689
f 3704 3689 4712
f 4712 3689 4717
f 4712 4717 4713
f 4713 4717 4718
f 4713 4718 4714
f 4714 4718 4719
f 4714 4719 4715
f 4715 4719 4720
f 4715 4720 4716
f 4716 4720 4721
f 4716 4721 3692
f 3692 4721 3677
f 3692 3677 3694
f 3694 3677 3679
f 3694 3679 3696
f 3696 3679 3681
f 3696 3681 3698
f 3698 3681 3683
f 3698 3683 3700
f 3700 3683 3685
f 3689 3690 4717
f 4717 3690 4161
f 4717 4161 4718
f 4718 4161 4160
f 4718 4160 4719
f 4719 4160 4164
f 4719 4164 4720
f 4720 4164 4155
f 4720 4155 4721
f 4721 4155 4154
f 4721 4154 3677
f 3677 4154 3678
f 3675 3676 4485
f 4485 3676 4722
f 4485 4722 4486
f 4486 4722 4723
f 4486 4723 4487
f 4487 4723 4724
f 4487 4724 4488
f 4488 4724 4725
f 4488 4725 4489
f 4489 4725 4726
f 4489 4726 3663
f 3663 4726 3664
f 3672 3657 3674
f 3674 3657 3659
f 3674 3659 3676
f 3676 3659 3661
f 3676 3661 4722
f 4722 3661 4727
f 4722 4727 4723
f 4723 4727 4728
f 4723 4728 4724
f 4724 4728 4729
f 4724 4729 4725
f 4725 4729 4730
f 4725 4730 4726
f 4726 4730 4731
f 4726 4731 3664
f 3664 4731 3649
f 3664 3649 3666
f 3666 3649 3651
f 3666 3651 3668
f 3668 3651 3653
f 3668 3653 3670
f 3670 3653 3655
f 3670 3655 3672
f 3672 3655 3657
f 3661 3662 4727
f 4727 3662 4175
f 4727 4175 4728
f 4728 4175 4149
f 4728 4149 4729
f 4729 4149 4148
f 4729 4148 4730
f 4730 4148 4168
f 4730 4168 4731
f 4731 4168 4167
f 4731 4167 3649
f 3649 4167 3650
f 3648 4732 4733
f 4734 4732 3648
f 3646 4734 3648
f 3648 4735 3634
f 4736 4735 3648
f 4733 4736 3648
f 3646 3647 4734
f 4734 3647 4651
f 4734 4651 4732
f 4732 4651 4652
f 4732 4652 4733
f 4733 4652 4653
f 4733 4653 4736
f 4736 4653 4654
f 4736 4654 4735
f 4735 4654 4655
f 4735 4655 3634
f 3634 4655 3635
f 3633 4737 4738
f 4739 4737 3633
f 3631 4739 3633
f 3633 4740 3619
f 4741 4740 3633
f 4738 4741 3633
f 3631 3632 4739
f 4739 3632 4680
f 4739 4680 4737
f 4737 4680 4681
f 4737 4681 4738
f 4738 4681 4672
f 4738 4672 4741
f 4741 4672 4673
f 4741 4673 4740
f 4740 4673 4674
f 4740 4674 3619
f 3619 4674 3620
f 3618 4742 4743
f 4744 4742 3618
f 3616 4744 3618
f 3618 4745 3604
f 4746 4745 3618
f 4743 4746 3618
f 3616 3617 4744
f 4744 3617 4630
f 4744 4630 4742
f 4742 4630 4631
f 4742 4631 4743
f 4743 4631 4622
f 4743 4622 4746
f 4746 4622 4623
f 4746 4623 4745
f 4745 4623 4624
f 4745 4624 3604
f 3604 4624 3605
f 3603 4747 4748
f 4749 4747 3603
f 3601 4749 3603
f 3603 4750 3589
f 4751 4750 3603
f 4748 4751 3603
f 3601 3602 4749
f 4749 3602 4601
f 4749 4601 4747
f 4747 4601 4602
f 4747 4602 4748
f 4748 4602 4603
f 4748 4603 4751
f 4751 4603 4604
f 4751 4604 4750
f 4750 4604 4605
f 4750 4605 3589
f 3589 4605 3590
f 3588 4752 4753
f 4754 4752 3588
f 3586 4754 3588
f 3588 4755 3574
f 4756 4755 3588
f 4753 4756 3588
f 3586 3587 4754
f 4754 3587 4578
f 4754 4578 4752
f 4752 4578 4581
f 4752 4581 4753
f 4753 4581 4580
f 4753 4580 4756
f 4756 4580 4579
f 4756 4579 4755
f 4755 4579 4577
f 4755 4577 3574
f 3574 4577 3575
f 3573 4757 4758
f 4759 4757 3573
f 3571 4759 3573
f 3573 4760 3559
f 4761 4760 3573
f 4758 4761 3573
f 3571 3572 4759
f 4759 3572 4557
f 4759 4557 4757
f 4757 4557 4556
f 4757 4556 4758
f 4758 4556 4554
f 4758 4554 4761
f 4761 4554 4553
f 4761 4553 4760
f 4760 4553 4551
f 4760 4551 3559
f 3559 4551 3560
f 3557 3558 4559
f 4559 3558 4762
f 4559 4762 4561
f 4561 4762 4763
f 4561 4763 4562
f 4562 4763 4764
f 4562 4764 4563
f 4563 4764 4765
f 4563 4765 4523
f 4523 4765 4766
f 4523 4766 3545
f 3545 4766 3546
f 4763 4767 4764
f 4764 4767 4768
f 4764 4768 4765
f 4765 4768 4769
f 4765 4769 4766
f 4766 4769 4770
f 4766 4770 3546
f 3546 4770 3531
f 3546 3531 3548
f 3548 3531 3533
f 3548 3533 3550
f 3550 3533 3535
f 3550 3535 3552
f 3552 3535 3537
f 3552 3537 3554
f 3554 3537 3539
f 3554 3539 3556
f 3556 3539 3541
f 3556 3541 3558
f 3558 3541 3543
f 3558 3543 4762
f 4762 3543 4771
f 4762 4771 4763
f 4763 4771 4767
f 3543 3544 4771
f 4771 3544 4178
f 4771 4178 4767
f 4767 4178 4179
f 4767 4179 4768
f 4768 4179 4172
f 4768 4172 4769
f 4769 4172 4173
f 4769 4173 4770
f 4770 4173 4174
f 4770 4174 3531
f 3531 4174 3532
f 3529 3530 4574
f 4574 3530 4772
f 4574 4772 4572
f 4572 4772 4773
f 4572 4773 4573
f 4573 4773 4774
f 4573 4774 4575
f 4575 4774 4775
f 4575 4775 4576
f 4576 4775 4776
f 4576 4776 3517
f 3517 4776 3518
f 3528 4033 3530
f 3530 4033 4031
f 3530 4031 4772
f 4772 4031 4204
f 4772 4204 4773
f 4773 4204 4206
f 4773 4206 4774
f 4774 4206 4210
f 4774 4210 4775
f 4775 4210 4211
f 4775 4211 4776
f 4776 4211 4212
f 4776 4212 3518
f 3518 4212 4040
f 3518 4040 3520
f 3520 4040 4042
f 3520 4042 3522
f 3522 4042 4044
f 3522 4044 3524
f 3524 4044 4037
f 3524 4037 3526
f 3526 4037 4034
f 3526 4034 3528
f 3528 4034 4033
f 3515 3516 4543
f 4543 3516 4777
f 4543 4777 4544
f 4544 4777 4778
f 4544 4778 4546
f 4546 4778 4779
f 4546 4779 4547
f 4547 4779 4780
f 4547 4780 4542
f 4542 4780 4781
f 4542 4781 3503
f 3503 4781 3504
f 4777 4213 4778
f 4778 4213 4215
f 4778 4215 4779
f 4779 4215 4219
f 4779 4219 4780
f 4780 4219 4220
f 4780 4220 4781
f 4781 4220 4221
f 4781 4221 3504
f 3504 4221 4023
f 3504 4023 3506
f 3506 4023 4025
f 3506 4025 3508
f 3508 4025 4027
f 3508 4027 3510
f 3510 4027 4020
f 3510 4020 3512
f 3512 4020 4017
f 3512 4017 3514
f 3514 4017 4016
f 3514 4016 3516
f 3516 4016 4014
f 3516 4014 4777
f 4777 4014 4213
f 3501 3502 4564
f 4564 3502 4782
f 4564 4782 4566
f 4566 4782 4783
f 4566 4783 4567
f 4567 4783 4784
f 4567 4784 4568
f 4568 4784 4785
f 4568 4785 4569
f 4569 4785 4786
f 4569 4786 3489
f 3489 4786 3490
f 3500 3996 3502
f 3502 3996 3994
f 3502 3994 4782
f 4782 3994 4234
f 4782 4234 4783
f 4783 4234 4231
f 4783 4231 4784
f 4784 4231 4229
f 4784 4229 4785
f 4785 4229 4226
f 4785 4226 4786
f 4786 4226 4223
f 4786 4223 3490
f 3490 4223 4011
f 3490 4011 3492
f 3492 4011 4008
f 3492 4008 3494
f 3494 4008 4005
f 3494 4005 3496
f 3496 4005 4002
f 3496 4002 3498
f 3498 4002 3999
f 3498 3999 3500
f 3500 3999 3996
f 3487 3488 4537
f 4537 3488 4787
f 4537 4787 4538
f 4538 4787 4788
f 4538 4788 4539
f 4539 4788 4789
f 4539 4789 4540
f 4540 4789 4790
f 4540 4790 4541
f 4541 4790 4791
f 4541 4791 3475
f 3475 4791 3476
f 4787 4250 4788
f 4788 4250 4247
f 4788 4247 4789
f 4789 4247 4245
f 4789 4245 4790
f 4790 4245 4242
f 4790 4242 4791
f 4791 4242 4239
f 4791 4239 3476
f 3476 4239 3991
f 3476 3991 3478
f 3478 3991 3988
f 3478 3988 3480
f 3480 3988 3985
f 3480 3985 3482
f 3482 3985 3982
f 3482 3982 3484
f 3484 3982 3979
f 3484 3979 3486
f 3486 3979 3976
f 3486 3976 3488
f 3488 3976 3974
f 3488 3974 4787
f 4787 3974 4250
f 3473 3474 4534
f 4534 3474 4792
f 4534 4792 4528
f 4528 4792 4793
f 4528 4793 4529
f 4529 4793 4794
f 4529 4794 4531
f 4531 4794 4795
f 4531 4795 4532
f 4532 4795 4796
f 4532 4796 3461
f 3461 4796 3462
f 4793 4263 4794
f 4794 4263 4261
f 4794 4261 4795
f 4795 4261 4258
f 4795 4258 4796
f 4796 4258 4255
f 4796 4255 3462
f 3462 4255 3971
f 3462 3971 3464
f 3464 3971 3968
f 3464 3968 3466
f 3466 3968 3965
f 3466 3965 3468
f 3468 3965 3962
f 3468 3962 3470
f 3470 3962 3959
f 3470 3959 3472
f 3472 3959 3956
f 3472 3956 3474
f 3474 3956 3954
f 3474 3954 4792
f 4792 3954 4266
f 4792 4266 4793
f 4793 4266 4263
f 4340 4156 4169
f 4340 4169 4393
f 4393 4169 4170
f 4393 4170 4385
f 4385 4170 4171
f 4385 4171 4339
f 4299 4298 4367
f 4299 4367 4414
f 4414 4367 4354
f 4414 4354 4415
f 4415 4354 4362
f 4415 4362 4456
f 4456 4362 4363
f 4456 4363 4402
f 4278 4338 4273
f 4273 4338 4374
f 4273 4374 4272
f 4272 4374 4371
f 4272 4371 4144
f 4144 4371 4145
f 4112 4111 4271
f 4271 4111 4162
f 4271 4162 4270
f 4270 4162 4180
f 4270 4180 3915
f 3915 4180 3916
f 4399 4359 4455
f 4455 4359 4360
f 4455 4360 4452
f 4452 4360 4361
f 4452 4361 4450
f 4450 4361 4379
f 4450 4379 4320
f 4320 4379 4321
f 4291 4183 4182
f 4291 4182 4350
f 4350 4182 4181
f 4350 4181 4396
f 4396 4181 3936
f 4396 3936 3935
f 3940 3942 4158
f 3940 4158 4397
f 4397 4158 4157
f 4397 4157 4398
f 4398 4157 4159
f 4398 4159 4279
f 3460 3459 4667
f 3460 4667 4675
f 4675 4667 4668
f 4675 4668 4676
f 4676 4668 4669
f 4676 4669 4677
f 4677 4669 4670
f 4677 4670 4678
f 4678 4670 4671
f 4678 4671 4679
f 4679 4671 3448
f 4679 3448 3447
f 3446 3445 4642
f 3446 4642 4656
f 4656 4642 4643
f 4656 4643 4647
f 4647 4643 4644
f 4647 4644 4648
f 4648 4644 4645
f 4648 4645 4649
f 4649 4645 4646
f 4649 4646 4650
f 4650 4646 3434
f 4650 3434 3433
f 3432 3431 4592
f 3432 4592 4606
f 4606 4592 4593
f 4606 4593 4597
f 4597 4593 4594
f 4597 4594 4598
f 4598 4594 4595
f 4598 4595 4599
f 4599 4595 4596
f 4599 4596 4600
f 4600 4596 3420
f 4600 3420 3419
f 3418 3417 4617
f 3418 4617 4625
f 4625 4617 4618
f 4625 4618 4626
f 4626 4618 4619
f 4626 4619 4627
f 4627 4619 4620
f 4627 4620 4628
f 4628 4620 4621
f 4628 4621 4629
f 4629 4621 3406
f 4629 3406 3405
f 3404 4797 4798
f 4799 4797 3404
f 3402 4799 3404
f 3404 4800 3390
f 4801 4800 3404
f 4798 4801 3404
f 3402 3403 4799
f 4799 3403 4492
f 4799 4492 4797
f 4797 4492 4491
f 4797 4491 4798
f 4798 4491 4496
f 4798 4496 4801
f 4801 4496 4498
f 4801 4498 4800
f 4800 4498 4499
f 4800 4499 3390
f 3390 4499 3391
f 3389 4802 4803
f 4804 4802 3389
f 3387 4804 3389
f 3389 4805 3375
f 4806 4805 3389
f 4803 4806 3389
f 3387 3388 4804
f 4804 3388 4504
f 4804 4504 4802
f 4802 4504 4502
f 4802 4502 4803
f 4803 4502 4501
f 4803 4501 4806
f 4806 4501 4500
f 4806 4500 4805
f 4805 4500 4433
f 4805 4433 3375
f 3375 4433 3376
f 4267 3953 4081
f 3977 3978 4076
f 4135 4142 4235
f 4019 4018 4067
f 4081 3953 4140
f 4055 4192 4177
f 4177 4192 4193
f 4177 4193 4021
f 4021 4193 4067
f 4021 4067 4022
f 4022 4067 4018
f 3986 3987 4013
f 4013 3987 3989
f 4083 4048 4078
f 4078 4048 4047
f 4078 4047 4079
f 4079 4047 4050
f 4079 4050 4081
f 3983 3984 4069
f 4214 4238 4218
f 4218 4238 4153
f 3989 3990 4013
f 4013 3990 3992
f 4013 3992 4217
f 4217 3992 4238
f 4217 4238 4216
f 4216 4238 4214
f 4254 4055 3972
f 3972 4055 4177
f 3972 4177 3970
f 4076 3978 4071
f 4071 3978 3980
f 4071 3980 4069
f 4069 3980 3981
f 4069 3981 3983
f 4235 4142 4236
f 4038 4113 4039
f 4039 4113 4115
f 4039 4115 4035
f 3984 3986 4069
f 4069 3986 4013
f 4069 4013 4067
f 4067 4013 4015
f 4067 4015 4019
f 4197 3973 4076
f 4076 3973 3975
f 4076 3975 3977
f 4205 4207 4222
f 4222 4207 4208
f 4222 4208 4012
f 4012 4208 4030
f 4012 4030 4010
f 4010 4030 4032
f 4010 4032 4009
f 4035 4115 4036
f 4036 4115 4116
f 4036 4116 4032
f 4032 4116 4117
f 4032 4117 4132
f 4091 4253 4089
f 4089 4253 4252
f 4089 4252 4251
f 4224 4177 4222
f 4222 4177 4209
f 4222 4209 4205
f 4135 4235 4136
f 4136 4235 3993
f 4136 3993 4137
f 4137 3993 3995
f 4137 3995 4138
f 4138 3995 3997
f 4138 3997 4131
f 4153 4238 4143
f 4143 4238 4240
f 4143 4240 4096
f 4096 4240 4241
f 4096 4241 4097
f 4097 4241 4243
f 4097 4243 4094
f 4251 3973 4089
f 4089 3973 4197
f 4089 4197 4088
f 4088 4197 4195
f 4088 4195 4086
f 4086 4195 4201
f 4086 4201 4085
f 4085 4201 4200
f 4085 4200 4083
f 4083 4200 4199
f 4083 4199 4048
f 4254 4256 4055
f 4055 4256 4257
f 4055 4257 4054
f 4054 4257 4259
f 4054 4259 4052
f 4052 4259 4260
f 4052 4260 4050
f 4050 4260 4262
f 4050 4262 4265
f 4265 4264 4050
f 4050 4264 4269
f 4050 4269 4081
f 4081 4269 4268
f 4081 4268 4267
f 4243 4244 4094
f 4094 4244 4246
f 4094 4246 4092
f 4092 4246 4249
f 4092 4249 4091
f 4091 4249 4248
f 4091 4248 4253
f 3997 3998 4131
f 4131 3998 4000
f 4131 4000 4132
f 4132 4000 4001
f 4132 4001 4003
f 3953 3955 4140
f 4140 3955 3957
f 4140 3957 4141
f 4141 3957 3958
f 4141 3958 4142
f 4003 4004 4132
f 4132 4004 4006
f 4132 4006 4032
f 4032 4006 4007
f 4032 4007 4009
f 4237 3966 4232
f 4232 3966 3967
f 3958 3960 4142
f 4142 3960 3961
f 4142 3961 4236
f 4236 3961 3963
f 4236 3963 4237
f 4237 3963 3964
f 4237 3964 3966
f 4224 4225 4177
f 4177 4225 4227
f 4177 4227 3970
f 3970 4227 4228
f 3970 4228 3969
f 3969 4228 4230
f 3969 4230 3967
f 3967 4230 4233
f 3967 4233 4232

