# https://github.com/mikedh/trimesh
v -0.00066626 -0.00049395 -0.00136527
v -0.00116262 -0.00043761 -0.00120955
v -0.00116262 -0.00050806 -0.00118169
v -0.00022984 -0.00059216 -0.00163673
v -0.00066626 -0.00057347 -0.00133382
v 0.00011677 -0.00072552 -0.00200534
v -0.00022984 -0.00068749 -0.00159903
v 0.00034984 -0.00088491 -0.00244588
v 0.00011677 -0.00084232 -0.00195915
v 0.00043858 -0.00101099 -0.00279436
v 0.00034984 -0.00102737 -0.00238954
v 0.00034984 -0.00151560 -0.00211385
v 0.00043858 -0.00166962 -0.00245824
v 0.00043858 -0.00117374 -0.00273000
v 0.00034984 -0.00193341 -0.00173992
v 0.00043858 -0.00213152 -0.00207055
v 0.00043858 -0.00173154 -0.00241502
v 0.00034984 -0.00226138 -0.00128515
v 0.00043858 -0.00250565 -0.00159760
v 0.00043858 -0.00220888 -0.00198783
v 0.00034984 -0.00248426 -0.00077065
v 0.00043858 -0.00277659 -0.00105886
v 0.00043858 -0.00258357 -0.00146826
v 0.00034984 -0.00259170 -0.00022035
v 0.00043858 -0.00293319 -0.00047651
v 0.00043858 -0.00283821 -0.00088046
v 0.00034984 -0.00257871 0.00034020
v 0.00043858 -0.00296900 0.00012546
v 0.00043858 -0.00296096 -0.00025174
v 0.00043858 -0.00267738 0.00128934
v 0.00043858 -0.00279438 0.00101102
v 0.00034984 -0.00244590 0.00088494
v 0.00043858 -0.00288254 0.00072227
v 0.00043858 -0.00294612 0.00038867
v 0.00043858 -0.00251279 0.00158640
v 0.00034984 -0.00219942 0.00138856
v 0.00043858 -0.00236196 0.00180331
v 0.00034984 -0.00185075 0.00182766
v 0.00043858 -0.00211443 0.00208805
v 0.00043858 -0.00194928 0.00224302
v 0.00034984 -0.00141607 0.00218183
v 0.00043858 -0.00161782 0.00249268
v 0.00043858 -0.00145632 0.00259036
v 0.00034984 -0.00091558 0.00243461
v 0.00043858 -0.00104603 0.00278149
v 0.00043858 -0.00090339 0.00283103
v 0.00034984 -0.00037256 0.00257427
v 0.00043858 -0.00042564 0.00294104
v 0.00043858 -0.00031326 0.00295512
v 0.00034984 0.00018778 0.00259430
v 0.00043858 0.00021454 0.00296393
v 0.00043858 0.00028977 0.00295752
v 0.00034984 0.00073940 0.00249379
v 0.00043858 0.00084474 0.00284909
v 0.00034984 0.00088493 0.00244593
v 0.00043858 0.00101101 0.00279442
v -0.00116262 -0.00045278 0.00120400
v -0.00154196 -0.00017904 0.00123714
v -0.00116262 -0.00018424 0.00127306
v -0.00154196 0.00009025 0.00124676
v -0.00116262 0.00009287 0.00128297
v -0.00154196 0.00035534 0.00119846
v -0.00116262 0.00036566 0.00123326
v -0.00154196 0.00042528 0.00117546
v -0.00116262 0.00043763 0.00120960
v -0.00116262 -0.00122853 -0.00038110
v -0.00154196 -0.00124550 -0.00010588
v -0.00116262 -0.00128167 -0.00010895
v -0.00154196 -0.00123925 0.00016350
v -0.00116262 -0.00127525 0.00016825
v -0.00154196 -0.00117543 0.00042529
v -0.00116262 -0.00120956 0.00043764
v -0.00154196 -0.00105698 0.00066732
v -0.00116262 -0.00108767 0.00068670
v -0.00154196 -0.00088941 0.00087834
v -0.00116262 -0.00091524 0.00090384
v -0.00154196 -0.00068052 0.00104854
v -0.00116262 -0.00070028 0.00107899
v -0.00154196 -0.00065383 0.00106538
v -0.00154196 -0.00044000 0.00117002
v -0.00154196 -0.00108675 -0.00061759
v -0.00154196 -0.00118413 -0.00040036
v -0.00154196 -0.00119386 -0.00037034
v -0.00116262 -0.00111831 -0.00063553
v -0.00116262 -0.00095612 -0.00086043
v -0.00154196 -0.00092914 -0.00083615
v -0.00116262 -0.00074950 -0.00104535
v -0.00154196 -0.00072835 -0.00101584
v -0.00154196 -0.00049372 -0.00114834
v -0.00154196 -0.00042526 -0.00117541
v 0.00011677 -0.00124262 -0.00173311
v 0.00011677 -0.00158518 -0.00142654
v 0.00011677 -0.00185407 -0.00105367
v 0.00011677 -0.00203681 -0.00063184
v 0.00011677 -0.00212490 -0.00018065
v 0.00011677 -0.00211425 0.00027893
v 0.00011677 -0.00200536 0.00072556
v 0.00011677 -0.00180328 0.00113847
v 0.00011677 -0.00151740 0.00149848
v 0.00011677 -0.00116101 0.00178886
v 0.00011677 -0.00075067 0.00199611
v 0.00011677 -0.00030545 0.00211061
v 0.00011677 0.00015396 0.00212704
v 0.00011677 0.00060622 0.00204463
v 0.00011677 0.00072554 0.00200539
v -0.00022984 -0.00101421 -0.00141454
v -0.00022984 -0.00129380 -0.00116431
v -0.00022984 -0.00151326 -0.00085999
v -0.00022984 -0.00166241 -0.00051570
v -0.00022984 -0.00173431 -0.00014744
v -0.00022984 -0.00172562 0.00022766
v -0.00022984 -0.00163674 0.00059219
v -0.00022984 -0.00147181 0.00092921
v -0.00022984 -0.00123848 0.00122304
v -0.00022984 -0.00094760 0.00146005
v -0.00022984 -0.00061269 0.00162920
v -0.00022984 -0.00024930 0.00172266
v -0.00022984 0.00012566 0.00173606
v -0.00022984 0.00049479 0.00166880
v -0.00022984 0.00059218 0.00163678
v -0.00066626 -0.00084600 -0.00117993
v -0.00066626 -0.00107922 -0.00097121
v -0.00066626 -0.00126229 -0.00071735
v -0.00066626 -0.00138670 -0.00043016
v -0.00066626 -0.00144667 -0.00012298
v -0.00066626 -0.00143942 0.00018991
v -0.00066626 -0.00136528 0.00049398
v -0.00066626 -0.00122770 0.00077510
v -0.00066626 -0.00103307 0.00102020
v -0.00066626 -0.00079044 0.00121790
v -0.00066626 -0.00051107 0.00135900
v -0.00066626 -0.00020796 0.00143696
v -0.00066626 0.00010482 0.00144814
v -0.00066626 0.00041273 0.00139203
v -0.00066626 0.00049397 0.00136532
v 0.00076506 0.00180132 0.00497883
v 0.00076755 0.00200141 0.00492109
v 0.00043858 0.00117376 0.00273005
v 0.00100148 0.00392477 0.00576831
v 0.00100148 0.00363574 0.00595471
v 0.00098276 0.00359465 0.00582379
v 0.00096120 0.00353164 0.00568235
v 0.00092047 0.00337109 0.00544090
v 0.00089888 0.00326489 0.00532589
v 0.00043858 0.00166964 0.00245829
v 0.00087837 0.00314971 0.00522512
v 0.00083920 0.00288426 0.00505772
v 0.00082436 0.00276583 0.00500307
v 0.00080334 0.00257300 0.00493692
v 0.00078008 0.00228526 0.00489442
v 0.00089879 0.00618142 -0.00089775
v 0.00092889 0.00639871 -0.00089129
v 0.00100148 0.00697067 -0.00029448
v 0.00043858 0.00288256 -0.00072222
v 0.00078481 0.00527157 -0.00132382
v 0.00043858 0.00294614 -0.00038862
v 0.00080951 0.00549278 -0.00114575
v 0.00043858 0.00296901 -0.00012541
v 0.00082426 0.00561393 -0.00107536
v 0.00084408 0.00577061 -0.00100258
v 0.00088368 0.00607039 -0.00091380
v 0.00097161 0.00669889 -0.00093944
v 0.00098276 0.00677561 -0.00096362
v 0.00100148 0.00694420 -0.00067452
v 0.00100148 0.00690252 -0.00101591
v 0.00078546 0.00489917 -0.00236458
v 0.00078008 0.00489440 -0.00228522
v 0.00043858 0.00267740 -0.00128929
v 0.00076755 0.00492107 -0.00200137
v 0.00043858 0.00279440 -0.00101097
v 0.00076506 0.00497882 -0.00180128
v 0.00077096 0.00511629 -0.00151811
v 0.00100148 0.00576829 -0.00392474
v 0.00100148 0.00595469 -0.00363571
v 0.00098276 0.00582377 -0.00359462
v 0.00100148 0.00554547 -0.00423373
v 0.00096120 0.00568234 -0.00353161
v 0.00092047 0.00544089 -0.00337105
v 0.00089888 0.00532587 -0.00326486
v 0.00087837 0.00522510 -0.00314968
v 0.00043858 0.00236198 -0.00180326
v 0.00083920 0.00505770 -0.00288422
v 0.00082436 0.00500306 -0.00276579
v 0.00080334 0.00493690 -0.00257296
v 0.00043858 0.00251281 -0.00158634
v 0.00089879 -0.00089777 -0.00618138
v 0.00092889 -0.00089130 -0.00639868
v 0.00100148 -0.00067454 -0.00694417
v 0.00077096 -0.00151813 -0.00511625
v 0.00078481 -0.00132383 -0.00527153
v 0.00043858 -0.00028975 -0.00295747
v 0.00080951 -0.00114576 -0.00549274
v 0.00082426 -0.00107538 -0.00561390
v 0.00084408 -0.00100259 -0.00577058
v 0.00088368 -0.00091382 -0.00607035
v 0.00097161 -0.00093945 -0.00669886
v 0.00098276 -0.00096364 -0.00677558
v 0.00100148 -0.00101593 -0.00690249
v 0.00043858 -0.00084473 -0.00284904
v 0.00076506 -0.00180130 -0.00497878
v 0.00043858 0.00213154 0.00207060
v 0.00100148 0.00465904 0.00519331
v 0.00043858 0.00173156 0.00241508
v 0.00043858 0.00293321 0.00047656
v 0.00100148 0.00687547 0.00118527
v 0.00043858 0.00283823 0.00088051
v 0.00100148 0.00665597 0.00209169
v 0.00043858 0.00277661 0.00105891
v 0.00100148 0.00651893 0.00248608
v 0.00043858 0.00258359 0.00146831
v 0.00100148 0.00631753 0.00296073
v 0.00043858 0.00250567 0.00159765
v 0.00100148 0.00586621 0.00377687
v 0.00043858 0.00220889 0.00198788
v 0.00100148 0.00531007 0.00452552
v 0.00100148 0.00500444 0.00486135
v 0.00043858 0.00296098 0.00025179
v 0.00100148 0.00697213 0.00025768
v 0.00100148 0.00688660 0.00111884
v 0.00100148 0.00519330 -0.00465901
v 0.00043858 0.00211445 -0.00208800
v 0.00100148 0.00457656 -0.00526609
v 0.00043858 0.00194930 -0.00224297
v 0.00100148 0.00452551 -0.00531003
v 0.00043858 0.00161784 -0.00249263
v 0.00043858 -0.00021452 -0.00296387
v 0.00100148 0.00025766 -0.00697209
v 0.00043858 0.00031328 -0.00295507
v 0.00100148 0.00073550 -0.00693798
v 0.00043858 0.00042566 -0.00294099
v 0.00100148 0.00118526 -0.00687544
v 0.00043858 0.00090341 -0.00283098
v 0.00100148 0.00209167 -0.00665593
v 0.00043858 0.00104605 -0.00278143
v 0.00100148 0.00296071 -0.00631749
v 0.00043858 0.00145634 -0.00259031
v 0.00100148 0.00341919 -0.00608159
v 0.00100148 0.00377685 -0.00586617
v -0.01083862 -0.00628575 0.00649606
v -0.01083862 -0.00643593 0.00634731
v -0.01070488 -0.00668482 0.00636766
v -0.01083860 -0.00450105 -0.00783900
v -0.01083860 -0.00380249 -0.00820064
v -0.01070485 -0.00408530 -0.00827913
v -0.01083860 -0.00126549 -0.00895031
v -0.01083860 -0.00123095 -0.00895512
v -0.01062133 -0.00126864 -0.00922932
v -0.01070485 -0.00191180 -0.00903209
v -0.01032162 -0.00129375 -0.00941199
v -0.01083860 -0.00187186 -0.00884339
v -0.01070485 -0.00302209 -0.00872357
v -0.01083860 -0.00295895 -0.00854131
v -0.01083860 -0.00307530 -0.00850012
v -0.01083860 -0.00475420 -0.00768810
v -0.01070485 -0.00508486 -0.00770571
v -0.01083860 -0.00516553 -0.00741800
v -0.01070485 -0.00600520 -0.00701223
v -0.01083860 -0.00579088 -0.00694082
v -0.01070485 -0.00683198 -0.00620950
v -0.01083860 -0.00637239 -0.00641108
v -0.01083860 -0.00606641 -0.00670134
v -0.01070485 -0.00755232 -0.00531003
v -0.01083860 -0.00717849 -0.00549350
v -0.01083860 -0.00690564 -0.00583279
v -0.01083860 -0.00817747 -0.00385206
v -0.01083860 -0.00805375 -0.00410443
v -0.01070485 -0.00815499 -0.00432783
v -0.01083860 -0.00781161 -0.00454842
v -0.01083860 -0.00738659 -0.00521033
v -0.01083860 -0.00848140 -0.00312652
v -0.01070487 -0.00863061 -0.00327820
v -0.01083862 -0.00866332 -0.00257996
v -0.01070487 -0.00897176 -0.00217749
v -0.01083862 -0.00872110 -0.00237732
v -0.01070487 -0.00917314 -0.00104286
v -0.01070487 -0.00923159 0.00010802
v -0.01083862 -0.00903921 -0.00004501
v -0.01083862 -0.00900107 -0.00083070
v -0.01083862 -0.00898708 -0.00097038
v -0.01083862 -0.00889477 -0.00161011
v -0.01070487 -0.00855154 0.00347924
v -0.01083862 -0.00874435 0.00229035
v -0.01070487 -0.00891836 0.00238682
v -0.01083862 -0.00891036 0.00152145
v -0.01070487 -0.00914622 0.00125721
v -0.01083862 -0.00900890 0.00074103
v -0.01083862 -0.00901437 0.00067122
v -0.01083862 -0.00818569 0.00383456
v -0.01083862 -0.00821542 0.00377043
v -0.01083862 -0.00851212 0.00304191
v -0.01083862 -0.00785652 0.00447040
v -0.01070487 -0.00805149 0.00451745
v -0.01083862 -0.00743812 0.00513652
v -0.01070488 -0.00742601 0.00548529
v -0.01083862 -0.00735707 0.00525194
v -0.01083862 -0.00696339 0.00576374
v -0.01083862 -0.00585973 0.00688281
v -0.01070488 -0.00583948 0.00715082
v -0.01083862 -0.00523915 0.00736619
v -0.01070488 -0.00490317 0.00782258
v -0.01083862 -0.00500706 0.00752588
v -0.01070488 -0.00281715 0.00879189
v -0.01083863 -0.00241138 0.00871176
v -0.01083863 -0.00315964 0.00846913
v -0.01070488 -0.00389047 0.00837246
v -0.01083862 -0.00356319 0.00830742
v -0.01083862 -0.00388398 0.00816236
v -0.01083862 -0.00457890 0.00779379
v -0.01083863 -0.00200176 0.00881490
v -0.01070488 -0.00169994 0.00907435
v -0.01083863 -0.00164485 0.00888841
v -0.01083863 -0.00086587 0.00899776
v -0.01070488 -0.00055625 0.00921543
v -0.01083863 -0.00037431 0.00903157
v -0.01062135 0.00126864 0.00922932
v -0.01083863 0.00123094 0.00895512
v -0.01083863 0.00070582 0.00901173
v -0.01020909 0.00061581 0.00951732
v -0.01032164 0.00129374 0.00941199
v -0.00997662 -0.00336859 0.00895717
v -0.00997663 -0.00292011 0.00911324
v -0.01020909 -0.00291022 0.00908236
v -0.00997663 -0.00176207 0.00940602
v -0.01020909 -0.00175610 0.00937415
v -0.00997663 -0.00057658 0.00955226
v -0.01020909 -0.00057462 0.00951989
v -0.00997663 -0.00013531 0.00956869
v -0.00997663 0.00061790 0.00954967
v -0.00997663 0.00130316 0.00948049
v -0.00997663 -0.00403266 0.00867847
v -0.01020909 -0.00401900 0.00864907
v -0.00997662 -0.00485842 0.00824463
v -0.01020909 -0.00506516 0.00808102
v -0.00997662 -0.00508238 0.00810849
v -0.01020909 -0.00603241 0.00738707
v -0.00997662 -0.00605292 0.00741219
v -0.01020909 -0.00767135 0.00566651
v -0.00997662 -0.00736397 0.00611149
v -0.01020909 -0.00690567 0.00657804
v -0.00997662 -0.00692915 0.00660040
v -0.00997662 -0.00620357 0.00728656
v -0.00997662 -0.00899882 0.00325573
v -0.00997662 -0.00886410 0.00360641
v -0.01020908 -0.00883407 0.00359419
v -0.00997662 -0.00834578 0.00468257
v -0.01020909 -0.00831750 0.00466670
v -0.00997662 -0.00830506 0.00475441
v -0.00997662 -0.00769742 0.00568578
v -0.00997662 -0.00924432 0.00247406
v -0.01020908 -0.00921300 0.00246568
v -0.00997660 -0.00942457 0.00166009
v -0.01020908 -0.00944840 0.00129875
v -0.00997662 -0.00948052 0.00130316
v -0.01020908 -0.00953659 0.00011159
v -0.00997660 -0.00956901 0.00011197
v -0.00997660 -0.00956965 0.00001501
v -0.01020908 -0.00947620 -0.00107732
v -0.00997660 -0.00950841 -0.00108098
v -0.00997660 -0.00831993 -0.00472833
v -0.00997660 -0.00845305 -0.00448601
v -0.01020908 -0.00842442 -0.00447081
v -0.00997660 -0.00894606 -0.00339801
v -0.01020908 -0.00891575 -0.00338650
v -0.00997660 -0.00900898 -0.00322748
v -0.01020908 -0.00926817 -0.00224943
v -0.00997660 -0.00929968 -0.00225708
v -0.00997660 -0.00942973 -0.00163052
v -0.00997660 -0.00782835 -0.00550411
v -0.01020906 -0.00780183 -0.00548546
v -0.00997660 -0.00738311 -0.00608836
v -0.01020906 -0.00705770 -0.00641465
v -0.00997660 -0.00708169 -0.00643646
v -0.01020906 -0.00620360 -0.00724390
v -0.00997660 -0.00622469 -0.00726853
v -0.01020906 -0.00525286 -0.00796029
v -0.00997660 -0.00527071 -0.00798735
v -0.00997660 -0.00151185 -0.00944946
v -0.00997660 -0.00198167 -0.00936221
v -0.01020906 -0.00197496 -0.00933050
v -0.00997660 -0.00313255 -0.00904242
v -0.01020906 -0.00312194 -0.00901178
v -0.00997660 -0.00325572 -0.00899879
v -0.01020906 -0.00422027 -0.00855266
v -0.00997660 -0.00423462 -0.00858174
v -0.00997660 -0.00488426 -0.00822935
v -0.01047965 -0.00195101 -0.00921737
v -0.01047965 -0.00308408 -0.00890252
v -0.01047965 -0.00416910 -0.00844896
v -0.01047965 -0.00518917 -0.00786378
v -0.01047965 -0.00612839 -0.00715607
v -0.01047965 -0.00697212 -0.00633688
v -0.01047965 -0.00770724 -0.00541895
v -0.01047965 -0.00832227 -0.00441660
v -0.01047965 -0.00880765 -0.00334544
v -0.01047965 -0.00915580 -0.00222216
v -0.01047965 -0.00936131 -0.00106425
v -0.01047965 -0.00942096 0.00011023
v -0.01047965 -0.00933384 0.00128300
v -0.01047967 -0.00910130 0.00243578
v -0.01047967 -0.00872696 0.00355061
v -0.01047967 -0.00821665 0.00461012
v -0.01047967 -0.00757833 0.00559781
v -0.01047967 -0.00682194 0.00649828
v -0.01047967 -0.00595927 0.00729751
v -0.01047967 -0.00500375 0.00798304
v -0.01047967 -0.00397027 0.00854420
v -0.01047968 -0.00287494 0.00897224
v -0.01047968 -0.00173481 0.00926049
v -0.01047968 -0.00056766 0.00940447
v -0.01047968 0.00060834 0.00940192
v -0.01070488 0.00059611 0.00921294
v -0.00997660 -0.00130316 -0.00948049
v -0.01083863 -0.00008033 0.00903897
v 0.00102095 -0.00825516 0.00298668
v 0.00097070 -0.00854949 0.00309316
v 0.00097070 -0.00885999 0.00204008
v 0.00082500 -0.00881424 0.00318895
v 0.00082500 -0.00913436 0.00210326
v 0.00059851 -0.00902280 0.00326441
v 0.00059851 -0.00935050 0.00215303
v 0.00031398 -0.00915423 0.00331195
v 0.00031398 -0.00948670 0.00218439
v 0.00000000 -0.00919530 0.00332681
v 0.00000000 -0.00952926 0.00219419
v 0.00000000 -0.00963036 0.00169634
v 0.00031398 -0.00968083 0.00102496
v 0.00000000 -0.00972426 0.00102956
v 0.00000000 -0.00977860 0.00001534
v 0.00031398 -0.00973379 -0.00014940
v 0.00000000 -0.00977746 -0.00015007
v 0.00000000 -0.00968808 -0.00132752
v 0.00031398 -0.00964481 -0.00132159
v 0.00000000 -0.00963563 -0.00166612
v 0.00031398 -0.00941519 -0.00247451
v 0.00000000 -0.00945743 -0.00248561
v 0.00031398 -0.00904827 -0.00359134
v 0.00000000 -0.00920569 -0.00329795
v 0.00000000 -0.00908887 -0.00360746
v 0.00000000 -0.00858777 -0.00467670
v 0.00031398 -0.00854941 -0.00465581
v 0.00000000 -0.00850160 -0.00483157
v 0.00031398 -0.00792588 -0.00565238
v 0.00000000 -0.00796144 -0.00567774
v 0.00031398 -0.00718677 -0.00656653
v 0.00000000 -0.00754432 -0.00622130
v 0.00000000 -0.00219419 -0.00952926
v 0.00031398 -0.00331195 -0.00915423
v 0.00000000 -0.00332681 -0.00919530
v 0.00031398 -0.00439123 -0.00868827
v 0.00000000 -0.00441093 -0.00872726
v 0.00031398 -0.00540646 -0.00809562
v 0.00000000 -0.00543072 -0.00813195
v 0.00031398 -0.00634286 -0.00738492
v 0.00000000 -0.00637132 -0.00741805
v 0.00000000 -0.00721902 -0.00659599
v 0.00000000 -0.00154486 -0.00965581
v 0.00031398 -0.00102496 -0.00968083
v 0.00031398 -0.00218439 -0.00948670
v 0.00000000 -0.00102956 -0.00972426
v 0.00000000 0.00015007 -0.00977746
v 0.00031398 0.00014940 -0.00973379
v 0.00000000 0.00132752 -0.00968808
v 0.00031398 0.00132159 -0.00964481
v 0.00000000 0.00181726 -0.00960827
v 0.00031398 0.00247451 -0.00941519
v 0.00000000 0.00248561 -0.00945743
v 0.00000000 0.00344214 -0.00915276
v 0.00031398 0.00359134 -0.00904827
v 0.00000000 0.00360746 -0.00908887
v 0.00000000 0.00467670 -0.00858777
v 0.00031398 0.00465581 -0.00854941
v 0.00000000 0.00496451 -0.00842466
v 0.00031398 0.00565238 -0.00792588
v 0.00000000 0.00567774 -0.00796144
v 0.00031398 0.00656653 -0.00718677
v 0.00000000 0.00633903 -0.00744567
v 0.00000000 0.00659599 -0.00721902
v 0.00000000 0.00741805 -0.00637132
v 0.00031398 0.00738492 -0.00634286
v 0.00000000 0.00752477 -0.00624493
v 0.00031398 0.00809562 -0.00540646
v 0.00000000 0.00813195 -0.00543072
v 0.00031398 0.00868827 -0.00439123
v 0.00000000 0.00848640 -0.00485822
v 0.00000000 0.00872726 -0.00441093
v 0.00000000 0.00919530 -0.00332681
v 0.00031398 0.00915423 -0.00331195
v 0.00059851 -0.00954184 0.00101025
v 0.00059851 -0.00959404 -0.00014726
v 0.00059851 -0.00950634 -0.00130262
v 0.00059851 -0.00928002 -0.00243898
v 0.00059851 -0.00891837 -0.00353978
v 0.00059851 -0.00842667 -0.00458896
v 0.00059851 -0.00781209 -0.00557123
v 0.00059851 -0.00708359 -0.00647225
v 0.00059851 -0.00625180 -0.00727890
v 0.00059851 -0.00532885 -0.00797939
v 0.00059851 -0.00432818 -0.00856354
v 0.00059851 -0.00326441 -0.00902280
v 0.00059851 -0.00215303 -0.00935050
v 0.00059851 -0.00101025 -0.00954184
v 0.00059851 0.00014726 -0.00959404
v 0.00059851 0.00130262 -0.00950634
v 0.00059851 0.00243898 -0.00928002
v 0.00059851 0.00353978 -0.00891837
v 0.00059851 0.00458897 -0.00842667
v 0.00059851 0.00557123 -0.00781209
v 0.00059851 0.00647225 -0.00708359
v 0.00059851 0.00727890 -0.00625180
v 0.00059851 0.00797939 -0.00532885
v 0.00059851 0.00856354 -0.00432818
v 0.00059851 0.00902280 -0.00326441
v 0.00082500 -0.00932128 0.00098690
v 0.00082500 -0.00937227 -0.00014385
v 0.00082500 -0.00928660 -0.00127251
v 0.00082500 -0.00906550 -0.00238261
v 0.00082500 -0.00871221 -0.00345796
v 0.00082500 -0.00823188 -0.00448289
v 0.00082500 -0.00763151 -0.00544245
v 0.00082500 -0.00691985 -0.00632264
v 0.00082500 -0.00610729 -0.00711064
v 0.00082500 -0.00520567 -0.00779495
v 0.00082500 -0.00422813 -0.00836559
v 0.00082500 -0.00318895 -0.00881424
v 0.00082500 -0.00210326 -0.00913436
v 0.00082500 -0.00098690 -0.00932128
v 0.00082500 0.00014385 -0.00937227
v 0.00082500 0.00127251 -0.00928660
v 0.00082500 0.00238261 -0.00906550
v 0.00082500 0.00345796 -0.00871221
v 0.00082500 0.00448289 -0.00823188
v 0.00082500 0.00544245 -0.00763151
v 0.00082500 0.00632264 -0.00691985
v 0.00082500 0.00711064 -0.00610729
v 0.00082500 0.00779495 -0.00520567
v 0.00082500 0.00836559 -0.00422813
v 0.00082500 0.00881424 -0.00318895
v 0.00097070 -0.00904130 0.00095725
v 0.00097070 -0.00909076 -0.00013953
v 0.00097070 -0.00900766 -0.00123429
v 0.00097070 -0.00879321 -0.00231104
v 0.00097070 -0.00845053 -0.00335409
v 0.00097070 -0.00798462 -0.00434824
v 0.00097070 -0.00740229 -0.00527897
v 0.00097070 -0.00671200 -0.00613273
v 0.00097070 -0.00592385 -0.00689706
v 0.00097070 -0.00504931 -0.00756081
v 0.00097070 -0.00410114 -0.00811431
v 0.00097070 -0.00309316 -0.00854949
v 0.00097070 -0.00204008 -0.00885999
v 0.00097070 -0.00095725 -0.00904130
v 0.00097070 0.00013953 -0.00909076
v 0.00097070 0.00123429 -0.00900766
v 0.00097070 0.00231104 -0.00879321
v 0.00097070 0.00335409 -0.00845053
v 0.00097070 0.00434824 -0.00798462
v 0.00097070 0.00527898 -0.00740229
v 0.00097070 0.00613273 -0.00671200
v 0.00097070 0.00689706 -0.00592385
v 0.00097070 0.00756081 -0.00504931
v 0.00097070 0.00811431 -0.00410114
v 0.00097070 0.00854949 -0.00309316
v 0.00102095 -0.00855498 0.00196985
v 0.00102095 -0.00873004 0.00092430
v 0.00102095 -0.00877780 -0.00013473
v 0.00102095 -0.00869756 -0.00119179
v 0.00102095 -0.00849049 -0.00223148
v 0.00102095 -0.00815961 -0.00323863
v 0.00102095 -0.00770974 -0.00419854
v 0.00102095 -0.00714745 -0.00509724
v 0.00102095 -0.00648093 -0.00592161
v 0.00102095 -0.00571991 -0.00665962
v 0.00102095 -0.00487548 -0.00730052
v 0.00102095 -0.00395995 -0.00783497
v 0.00102095 -0.00298668 -0.00825516
v 0.00102095 -0.00196985 -0.00855498
v 0.00102095 -0.00092430 -0.00873004
v 0.00102095 0.00013473 -0.00877780
v 0.00102095 0.00119179 -0.00869756
v 0.00102095 0.00223148 -0.00849049
v 0.00102095 0.00323863 -0.00815961
v 0.00102095 0.00419854 -0.00770974
v 0.00102095 0.00509724 -0.00714745
v 0.00102095 0.00592161 -0.00648093
v 0.00102095 0.00665962 -0.00571991
v 0.00102095 0.00730052 -0.00487548
v 0.00102095 0.00783497 -0.00395995
v 0.00102095 0.00825516 -0.00298668
v 0.00000000 0.00219419 0.00952926
v 0.00000000 0.00332681 0.00919530
v -0.00997663 0.00325572 0.00899879
v 0.00000000 -0.00848640 0.00485822
v 0.00000000 -0.00872726 0.00441093
v 0.00000000 -0.00813195 0.00543072
v 0.00000000 -0.00752477 0.00624493
v 0.00000000 -0.00741805 0.00637132
v 0.00000000 -0.00659599 0.00721902
v 0.00000000 -0.00633903 0.00744567
v 0.00000000 -0.00567774 0.00796144
v 0.00000000 -0.00496451 0.00842466
v 0.00000000 -0.00467670 0.00858777
v 0.00000000 -0.00360746 0.00908887
v 0.00000000 -0.00344214 0.00915276
v 0.00000000 -0.00248561 0.00945743
v 0.00000000 -0.00015007 0.00977746
v 0.00000000 -0.00132752 0.00968808
v 0.00000000 -0.00181726 0.00960827
v 0.00000000 0.00154486 0.00965581
v 0.00000000 0.00102956 0.00972426
v -0.00997663 0.00313255 0.00904241
v -0.00997663 0.00198167 0.00936221
v -0.00997663 0.00151184 0.00944946
v -0.01458961 -0.00104386 -0.00168803
v -0.01458961 -0.00113526 -0.00162796
v -0.01464797 -0.00099351 -0.00142468
v -0.01458961 -0.00133197 -0.00147137
v -0.01458961 -0.00151793 -0.00127866
v -0.01464797 -0.00132839 -0.00111900
v -0.01458961 -0.00191994 0.00050298
v -0.01458961 -0.00186633 0.00067526
v -0.01464797 -0.00163329 0.00059095
v -0.01458961 -0.00138014 0.00142634
v -0.01458961 -0.00127867 0.00151797
v -0.01464797 -0.00111901 0.00132843
v -0.01458961 -0.00043951 0.00193548
v -0.01458961 -0.00034839 0.00195394
v -0.01464797 -0.00030489 0.00170997
v -0.01458961 0.00062875 0.00188254
v -0.01458961 0.00067524 0.00186637
v -0.01464797 0.00059093 0.00163333
v -0.01414814 -0.00089314 -0.00087449
v -0.01414814 -0.00071499 -0.00102529
v -0.01439435 -0.00075207 -0.00107846
v -0.01414814 -0.00118413 -0.00040036
v -0.01414814 -0.00113186 -0.00053042
v -0.01439435 -0.00119055 -0.00055793
v -0.01414814 -0.00105132 0.00067619
v -0.01414814 -0.00117543 0.00042529
v -0.01439435 -0.00123638 0.00044735
v -0.01414814 -0.00065383 0.00106538
v -0.01414814 -0.00080531 0.00095603
v -0.01439435 -0.00084708 0.00100561
v -0.01414814 -0.00012684 0.00124357
v -0.01414814 -0.00021942 0.00123062
v -0.01439435 -0.00023080 0.00129443
v -0.01414814 0.00010656 0.00124548
v -0.01414814 -0.00123058 -0.00021940
v -0.01464797 0.00014806 0.00173062
v -0.01457672 -0.00026198 0.00146933
v -0.01457672 0.00012723 0.00148707
v -0.01439435 0.00011209 0.00131006
v -0.01464797 -0.00157275 -0.00073705
v -0.01464797 -0.00170993 -0.00030487
v -0.01457672 -0.00135142 -0.00063332
v -0.01457672 -0.00146930 -0.00026197
v -0.01439435 -0.00129440 -0.00023078
v -0.01458961 0.00027787 0.00196521
v -0.01458961 0.00016919 0.00197754
v -0.01457672 0.00050777 0.00140348
v -0.01439435 0.00044733 0.00123642
v -0.01414814 0.00042528 0.00117546
v -0.01458961 -0.00008218 0.00198306
v -0.01458961 -0.00109938 0.00165246
v -0.01458961 -0.00084223 0.00179719
v -0.01464797 -0.00073707 0.00157279
v -0.01458961 -0.00078235 0.00182406
v -0.01457672 -0.00063334 0.00135146
v -0.01439435 -0.00055795 0.00119059
v -0.01414814 -0.00053044 0.00113189
v -0.01457672 -0.00096153 0.00114149
v -0.01458961 -0.00179730 0.00084196
v -0.01458961 -0.00162798 0.00113530
v -0.01464797 -0.00142470 0.00099354
v -0.01458961 -0.00161536 0.00115317
v -0.01457672 -0.00122420 0.00085373
v -0.01439435 -0.00107848 0.00075210
v -0.01414814 -0.00102531 0.00071503
v -0.01457672 -0.00140344 0.00050779
v -0.01414814 -0.00124544 0.00010658
v -0.01439435 -0.00131003 0.00011210
v -0.01457672 -0.00148704 0.00012725
v -0.01464797 -0.00173058 0.00014808
v -0.01458961 -0.00197326 -0.00021304
v -0.01458961 -0.00197925 0.00014740
v -0.01458961 -0.00197750 0.00016921
v -0.01458961 -0.00195391 -0.00034838
v -0.01458961 -0.00157615 -0.00120617
v -0.01458961 -0.00176833 -0.00090118
v -0.01458961 -0.00179716 -0.00084222
v -0.01458961 -0.00190217 -0.00056645
v -0.01457672 -0.00114145 -0.00096152
v -0.01439435 -0.00100558 -0.00084706
v -0.01414814 -0.00095600 -0.00080530
v -0.01457672 -0.00085369 -0.00122419
v -0.01464797 -0.00059091 -0.00163328
v -0.01458961 -0.00067522 -0.00186632
v -0.01458961 -0.00072130 -0.00184900
v -0.01457672 -0.00050775 -0.00140343
v -0.01439435 -0.00044731 -0.00123637
v -0.01414814 -0.00042526 -0.00117541
v -0.01256699 0.00081794 0.00572114
v -0.01269776 0.00089904 0.00546941
v -0.01276023 0.00096358 0.00533827
v -0.01298282 0.00170334 0.00470803
v -0.01296220 0.00145117 0.00482949
v -0.01291140 0.00124611 0.00498312
v -0.01282232 0.00105116 0.00520083
v -0.01214906 0.00086935 0.00651704
v -0.01227022 0.00080827 0.00629262
v -0.01209988 0.00090468 0.00660540
v -0.01205722 0.00094052 0.00668098
v -0.01083863 0.00126550 0.00895030
v -0.01241755 0.00078418 0.00600973
v -0.01246589 0.00078861 0.00591612
v -0.01083863 0.00187186 0.00884339
v -0.01154312 0.00202963 0.00744361
v -0.01161530 0.00173878 0.00737683
v -0.01171363 0.00146370 0.00724696
v -0.01182569 0.00123440 0.00707210
v -0.01185138 0.00119139 0.00702999
v -0.01194902 0.00105444 0.00686737
v -0.01083863 0.00307530 0.00850012
v -0.01147727 0.00266667 0.00737066
v -0.01083863 0.00295895 0.00854131
v -0.01147777 0.00261420 0.00738847
v -0.01149695 0.00232588 0.00744718
v -0.01266984 -0.00480651 0.00286085
v -0.01252664 -0.00497029 0.00309340
v -0.01246605 -0.00505114 0.00317932
v -0.01236948 -0.00519299 0.00330098
v -0.01221446 -0.00544862 0.00345394
v -0.01214919 -0.00556440 0.00350169
v -0.01206786 -0.00571707 0.00354752
v -0.01192645 -0.00600680 0.00358638
v -0.01185518 -0.00616470 0.00358246
v -0.01179881 -0.00629576 0.00356573
v -0.01168205 -0.00659060 0.00348021
v -0.01159242 -0.00685254 0.00333789
v -0.01156134 -0.00695485 0.00326008
v -0.01162853 -0.00674219 0.00340673
v -0.01152845 -0.00707438 0.00314758
v -0.01150104 -0.00719126 0.00300620
v -0.01149138 -0.00724118 0.00293208
v -0.01149710 -0.00744728 0.00232448
v -0.01147779 -0.00738886 0.00261288
v -0.01147727 -0.00737063 0.00266669
v -0.01161571 -0.00737632 0.00173741
v -0.01171403 -0.00724630 0.00146268
v -0.01154341 -0.00744341 0.00202821
v -0.01156168 -0.00743047 0.00194297
v -0.01182579 -0.00707147 0.00123378
v -0.01185108 -0.00702995 0.00119140
v -0.01194892 -0.00686713 0.00105430
v -0.01209967 -0.00660572 0.00090484
v -0.01214906 -0.00651701 0.00086937
v -0.01227016 -0.00629269 0.00080831
v -0.01241764 -0.00600951 0.00078420
v -0.01246587 -0.00591608 0.00078863
v -0.01256708 -0.00572092 0.00081799
v -0.01269784 -0.00546923 0.00089912
v -0.01276023 -0.00533823 0.00096360
v -0.01282237 -0.00520070 0.00105125
v -0.01252561 -0.00309476 -0.00497148
v -0.01246596 -0.00317928 -0.00505112
v -0.01236846 -0.00330202 -0.00519440
v -0.01221365 -0.00345453 -0.00544995
v -0.01214919 -0.00350165 -0.00556440
v -0.01206731 -0.00354773 -0.00571807
v -0.01179836 -0.00356551 -0.00629678
v -0.01168171 -0.00347978 -0.00659154
v -0.01185515 -0.00358242 -0.00616468
v -0.01205296 -0.00355414 -0.00574610
v -0.01192594 -0.00358638 -0.00600783
v -0.01162853 -0.00340670 -0.00674217
v -0.01159223 -0.00333743 -0.00685314
v -0.01152836 -0.00314719 -0.00707470
v -0.01150104 -0.00300616 -0.00719125
v -0.01149138 -0.00293204 -0.00724116
v -0.01147727 -0.00266665 -0.00737061
v -0.01297852 -0.00182350 -0.00467062
v -0.01294228 -0.00209247 -0.00462803
v -0.01287161 -0.00237349 -0.00464010
v -0.01278437 -0.00261792 -0.00469841
v -0.01276048 -0.00267457 -0.00471880
v -0.01266900 -0.00286234 -0.00480735
v -0.01298282 -0.00170332 -0.00470798
v -0.01297849 -0.00467055 0.00182386
v -0.01294253 -0.00462812 0.00209124
v -0.01287203 -0.00463994 0.00237226
v -0.01278517 -0.00469778 0.00261602
v -0.01276048 -0.00471882 0.00267463
v -0.01291142 -0.00498304 0.00124617
v -0.01296220 -0.00482945 0.00145118
v -0.01298282 -0.00470800 0.00170336
v -0.01276048 0.00471883 -0.00267456
v 0.00102095 0.00734272 -0.00321392
v 0.00102095 0.00761683 -0.00275570
v -0.01147727 0.00737065 -0.00266663
v -0.01149138 0.00724119 -0.00293202
v -0.01150104 0.00719128 -0.00300615
v 0.00102095 0.00699214 -0.00349639
v -0.01152836 0.00707474 -0.00314717
v -0.01156133 0.00695487 -0.00326002
v -0.01159222 0.00685319 -0.00333740
v -0.01162853 0.00674221 -0.00340668
v 0.00102095 0.00691797 -0.00353564
v -0.01168170 0.00659160 -0.00347975
v 0.00102095 0.00641556 -0.00367440
v -0.01179834 0.00629684 -0.00356549
v -0.01185515 0.00616471 -0.00358241
v 0.00102095 0.00625364 -0.00367835
v 0.00102090 0.00623976 -0.00367781
v -0.01192593 0.00600789 -0.00358636
v -0.01214919 0.00556443 -0.00350164
v -0.01221365 0.00545001 -0.00345452
v -0.01206729 0.00571814 -0.00354772
v -0.01236845 0.00519446 -0.00330202
v -0.01246596 0.00505116 -0.00317927
v -0.01266897 0.00480741 -0.00286237
v -0.01252559 0.00497154 -0.00309477
v -0.01278434 0.00469847 -0.00261797
v -0.01298282 0.00470802 -0.00170331
v -0.01297852 0.00467065 -0.00182347
v -0.01294226 0.00462806 -0.00209251
v -0.01287160 0.00464015 -0.00237353
v 0.00102095 -0.00321394 -0.00734269
v 0.00102095 -0.00275572 -0.00761680
v 0.00102095 -0.00349640 -0.00699211
v 0.00102095 -0.00353565 -0.00691793
v 0.00102095 -0.00367442 -0.00641553
v 0.00102095 -0.00367836 -0.00625360
v 0.00098276 -0.00359463 -0.00582374
v 0.00100148 -0.00363572 -0.00595466
v 0.00102090 -0.00367783 -0.00623972
v 0.00092047 -0.00337107 -0.00544085
v 0.00089888 -0.00326487 -0.00532584
v 0.00096120 -0.00353162 -0.00568230
v 0.00087837 -0.00314970 -0.00522507
v 0.00083920 -0.00288424 -0.00505767
v 0.00082436 -0.00276581 -0.00500302
v 0.00078008 -0.00228524 -0.00489437
v 0.00080334 -0.00257298 -0.00493687
v 0.00076755 -0.00200139 -0.00492104
v 0.00080334 -0.00493688 0.00257301
v 0.00082436 -0.00500304 0.00276584
v 0.00102095 -0.00734271 0.00321397
v 0.00102095 -0.00761681 0.00275575
v 0.00102095 -0.00699212 0.00349644
v 0.00102095 -0.00691795 0.00353569
v 0.00102095 -0.00641554 0.00367445
v 0.00102095 -0.00625362 0.00367840
v 0.00102090 -0.00623974 0.00367786
v 0.00100148 -0.00595467 0.00363576
v 0.00098276 -0.00582375 0.00359467
v 0.00092047 -0.00544087 0.00337110
v 0.00089888 -0.00532585 0.00326491
v 0.00096120 -0.00568232 0.00353166
v 0.00087837 -0.00522508 0.00314973
v 0.00083920 -0.00505769 0.00288428
v 0.00078008 -0.00489438 0.00228528
v 0.00078546 -0.00489915 0.00236464
v 0.00076506 -0.00497880 0.00180133
v 0.00076755 -0.00492105 0.00200142
v 0.00102095 0.00321396 0.00734274
v 0.00102095 0.00275574 0.00761685
v -0.01149138 0.00293206 0.00724121
v -0.01150104 0.00300618 0.00719130
v 0.00102095 0.00349642 0.00699216
v -0.01152838 0.00314731 0.00707465
v -0.01159228 0.00333756 0.00685302
v -0.01162853 0.00340671 0.00674223
v 0.00102095 0.00353567 0.00691798
v -0.01168180 0.00347991 0.00659132
v 0.00102095 0.00367443 0.00641558
v -0.01179848 0.00356558 0.00629654
v -0.01185516 0.00358244 0.00616473
v 0.00102095 0.00367838 0.00625365
v -0.01205297 0.00355416 0.00574613
v -0.01192608 0.00358639 0.00600758
v 0.00102090 0.00367785 0.00623977
v -0.01214919 0.00350167 0.00556445
v -0.01221386 0.00345439 0.00544966
v -0.01206746 0.00354768 0.00571784
v -0.01236872 0.00330176 0.00519408
v -0.01246598 0.00317930 0.00505118
v -0.01266926 0.00286188 0.00480714
v -0.01276048 0.00267460 0.00471885
v -0.01252588 0.00309441 0.00497121
v -0.01278462 0.00261732 0.00469826
v -0.01297850 0.00182364 0.00467064
v -0.01294237 0.00209204 0.00462810
v -0.01287176 0.00237305 0.00464009
v -0.00154196 0.00044002 -0.00116997
v -0.01414814 0.00021944 -0.00123056
v -0.00154196 0.00017905 -0.00123709
v -0.01414814 0.00012686 -0.00124352
v -0.00154196 -0.00009023 -0.00124671
v -0.01414814 -0.00010654 -0.00124542
v -0.00154196 -0.00035532 -0.00119841
v -0.01414814 0.00102533 -0.00071498
v -0.00154196 0.00065385 -0.00106533
v -0.01414814 0.00105134 -0.00067614
v -0.00154196 0.00068054 -0.00104849
v -0.01414814 0.00080533 -0.00095598
v -0.01414814 0.00065385 -0.00106533
v -0.01414814 0.00053046 -0.00113184
v -0.00154196 0.00088943 -0.00087828
v -0.00154196 0.00105700 -0.00066727
v -0.01414814 0.00117544 -0.00042524
v -0.00154196 0.00117544 -0.00042524
v -0.01414814 0.00124546 -0.00010653
v -0.00154196 0.00123927 -0.00016345
v -0.01414814 0.00123060 0.00021945
v -0.00154196 0.00124551 0.00010593
v -0.00154196 0.00119388 0.00037039
v -0.01414814 0.00118415 0.00040041
v -0.00154196 0.00118415 0.00040041
v -0.01414814 0.00113188 0.00053047
v -0.00154196 0.00108677 0.00061765
v -0.01414814 0.00095602 0.00080535
v -0.00154196 0.00092916 0.00083620
v -0.01414814 0.00089316 0.00087454
v -0.00154196 0.00049374 0.00114839
v -0.01414814 0.00071501 0.00102534
v -0.00154196 0.00072837 0.00101589
v 0.00082426 0.00107540 0.00561395
v 0.00080951 0.00114578 0.00549280
v 0.00078481 0.00132385 0.00527158
v 0.00077096 0.00151815 0.00511630
v 0.00089879 0.00089778 0.00618144
v 0.00088368 0.00091384 0.00607041
v 0.00084408 0.00100261 0.00577063
v 0.00092889 0.00089132 0.00639873
v 0.00098276 0.00096366 0.00677563
v 0.00097161 0.00093947 0.00669891
v 0.00102095 0.00128355 0.00728397
v 0.00102095 0.00117445 0.00715956
v 0.00100148 0.00101594 0.00690254
v 0.00101608 0.00108664 0.00703271
v 0.00102095 0.00157664 0.00751097
v 0.00102095 0.00178681 0.00761069
v 0.00102095 0.00207994 0.00768600
v 0.00102095 0.00238058 0.00769668
v 0.00102095 0.00260058 0.00766302
v 0.00082426 -0.00561392 0.00107542
v 0.00080951 -0.00549276 0.00114580
v 0.00078481 -0.00527155 0.00132387
v 0.00077096 -0.00511627 0.00151817
v 0.00089879 -0.00618140 0.00089780
v 0.00088368 -0.00607037 0.00091385
v 0.00084408 -0.00577060 0.00100263
v 0.00098276 -0.00677559 0.00096367
v 0.00097161 -0.00669888 0.00093949
v 0.00092889 -0.00639869 0.00089134
v 0.00102095 -0.00728393 0.00128356
v 0.00102095 -0.00715953 0.00117447
v 0.00100148 -0.00690250 0.00101596
v 0.00101608 -0.00703268 0.00108665
v 0.00102095 -0.00751093 0.00157666
v 0.00102095 -0.00761065 0.00178683
v 0.00102095 -0.00768597 0.00207995
v 0.00102095 -0.00769664 0.00238060
v 0.00102095 -0.00766299 0.00260060
v -0.01276023 -0.00096356 -0.00533822
v -0.01282205 -0.00105072 -0.00520136
v -0.01291128 -0.00124576 -0.00498336
v -0.01296220 -0.00145115 -0.00482943
v -0.01246578 -0.00078859 -0.00591606
v -0.01256692 -0.00081792 -0.00572108
v -0.01269729 -0.00089861 -0.00547034
v -0.01214906 -0.00086933 -0.00651699
v -0.01226892 -0.00080869 -0.00629490
v -0.01241747 -0.00078416 -0.00600963
v -0.01209863 -0.00090564 -0.00660758
v -0.01185111 -0.00119135 -0.00702993
v 0.00102095 -0.00128353 -0.00728392
v 0.00102095 -0.00117443 -0.00715951
v -0.01205411 -0.00094327 -0.00668633
v -0.01194797 -0.00105548 -0.00686880
v 0.00101608 -0.00108662 -0.00703266
v -0.01182499 -0.00123517 -0.00707279
v -0.01171332 -0.00146431 -0.00724730
v 0.00102095 -0.00157662 -0.00751091
v -0.01161516 -0.00173918 -0.00737693
v 0.00102095 -0.00178679 -0.00761063
v -0.01154303 -0.00203006 -0.00744362
v 0.00102095 -0.00207992 -0.00768595
v -0.01149689 -0.00232632 -0.00744709
v 0.00102095 -0.00238056 -0.00769663
v -0.01147776 -0.00261461 -0.00738828
v 0.00102095 -0.00260056 -0.00766297
v -0.01276023 0.00533825 -0.00096355
v -0.01282235 0.00520074 -0.00105118
v -0.01291142 0.00498307 -0.00124611
v -0.01296220 0.00482947 -0.00145113
v -0.01246586 0.00591610 -0.00078858
v -0.01256712 0.00572082 -0.00081797
v -0.01269782 0.00546928 -0.00089906
v -0.01214906 0.00651703 -0.00086932
v -0.01226994 0.00629311 -0.00080833
v -0.01241768 0.00600940 -0.00078415
v -0.01185109 0.00702997 -0.00119135
v 0.00102095 0.00728395 -0.00128351
v 0.00102095 0.00715954 -0.00117442
v -0.01209944 0.00660615 -0.00090498
v -0.01194868 0.00686757 -0.00105456
v 0.00101608 0.00703270 -0.00108660
v -0.01182564 0.00707176 -0.00123402
v -0.01171388 0.00724653 -0.00146298
v 0.00102095 0.00751095 -0.00157660
v -0.01161560 0.00737646 -0.00173772
v 0.00102095 0.00761067 -0.00178678
v -0.01156168 0.00743049 -0.00194292
v -0.01154333 0.00744347 -0.00202854
v 0.00102095 0.00768599 -0.00207990
v -0.01149706 0.00744726 -0.00232481
v 0.00102095 0.00769666 -0.00238055
v -0.01147779 0.00738876 -0.00261319
v 0.00102095 0.00766301 -0.00260055
v -0.01458961 -0.00062873 -0.00188249
v -0.01458961 0.00179732 -0.00084191
v -0.01458961 0.00191996 -0.00050292
v -0.01458961 0.00186635 -0.00067521
v -0.01083862 0.00874430 -0.00229063
v -0.01083862 0.00895514 -0.00123095
v -0.01083862 0.00901440 -0.00067117
v -0.01458961 0.00197927 -0.00014735
v -0.01458961 0.00197752 -0.00016915
v -0.01083862 0.00837288 -0.00340656
v -0.01083862 0.00818574 -0.00383452
v -0.01083862 0.00873203 -0.00233696
v -0.01458961 0.00162799 -0.00113524
v -0.01458961 0.00161538 -0.00115312
v -0.01083862 0.00735712 -0.00525191
v -0.01083862 0.00788328 -0.00442308
v -0.01458961 -0.00027785 -0.00196516
v -0.01083860 0.00037433 -0.00903158
v -0.01083860 -0.00058366 -0.00902047
v -0.01458961 0.00008220 -0.00198301
v -0.01458961 -0.00016917 -0.00197749
v -0.01458961 0.00109940 -0.00165240
v -0.01083860 0.00480073 -0.00765915
v -0.01458961 0.00084225 -0.00179714
v -0.01083860 0.00380919 -0.00819755
v -0.01458961 0.00078237 -0.00182401
v -0.01083862 0.00727086 -0.00537069
v -0.01083862 0.00654516 -0.00623463
v -0.01458961 0.00138015 -0.00142629
v -0.01083862 0.00628580 -0.00649604
v -0.01458961 0.00127869 -0.00151792
v -0.01083862 0.00571748 -0.00700143
v -0.01083860 0.00500710 -0.00752586
v -0.01083862 0.00903873 -0.00010577
v -0.01458961 0.00197328 0.00021309
v -0.01458961 0.00195393 0.00034843
v -0.01083863 0.00898149 0.00102107
v -0.01083862 0.00898710 0.00097043
v -0.01458961 0.00176835 0.00090123
v -0.01083863 0.00805376 0.00410448
v -0.01458961 0.00179718 0.00084227
v -0.01083863 0.00845030 0.00320970
v -0.01458961 0.00190219 0.00056650
v -0.01083863 0.00866333 0.00258001
v -0.01083863 0.00878432 0.00213199
v -0.01458961 0.00157617 0.00120622
v -0.01083863 0.00739453 0.00519909
v -0.01083863 0.00798461 0.00423740
v -0.01458961 0.00133199 0.00147142
v -0.01083863 0.00606641 0.00670136
v -0.01458961 0.00151795 0.00127871
v -0.01083863 0.00668925 0.00607977
v -0.01083863 0.00717849 0.00549354
v -0.01458961 0.00104387 0.00168808
v -0.01458961 0.00113528 0.00162801
v -0.01083863 0.00587974 0.00686573
v -0.01083863 0.00475420 0.00768811
v -0.01083863 0.00497863 0.00754472
v -0.01083863 0.00399995 0.00810616
v -0.01458961 0.00072132 0.00184905
v -0.01083860 0.00054463 -0.00902291
v -0.01458961 0.00034841 -0.00195389
v -0.01083860 0.00356322 -0.00830741
v -0.01083860 0.00275829 -0.00860822
v -0.01458961 0.00043953 -0.00193543
v -0.01083860 0.00200180 -0.00881490
v -0.01083860 0.00166442 -0.00888478
v 0.00102095 -0.00783497 0.00395995
v 0.00102095 -0.00730052 0.00487548
v 0.00102095 -0.00722122 0.00070148
v 0.00102095 0.00070147 0.00722126
v 0.00102095 0.00298668 0.00825516
v 0.00102095 0.00395995 0.00783497
v 0.00102095 0.00487548 0.00730052
v 0.00102095 0.00196985 0.00855498
v 0.00102095 0.00092430 0.00873004
v 0.00102095 0.00722124 -0.00070143
v 0.00102095 -0.00070145 -0.00722121
v 0.00102095 -0.00665962 0.00571991
v 0.00102095 0.00855498 -0.00196985
v 0.00102095 0.00873004 -0.00092430
v 0.00102095 -0.00725027 -0.00026791
v 0.00102095 -0.00714976 -0.00123251
v 0.00102095 -0.00692149 -0.00217509
v 0.00102095 -0.00656955 -0.00307880
v 0.00102095 -0.00026792 0.00725030
v 0.00102095 -0.00013473 0.00877780
v 0.00102095 -0.00123252 0.00714979
v 0.00102095 -0.00119179 0.00869756
v 0.00102095 -0.00217510 0.00692153
v 0.00102095 -0.00223148 0.00849049
v 0.00102095 -0.00307881 0.00656958
v 0.00102095 0.00571991 0.00665962
v 0.00102095 0.00725028 0.00026796
v 0.00102095 0.00877780 0.00013473
v 0.00102095 0.00714977 0.00123256
v 0.00102095 0.00869756 0.00119179
v 0.00102095 0.00692151 0.00217514
v 0.00102095 0.00599842 -0.00408132
v 0.00102095 0.00540048 -0.00484488
v 0.00102095 0.00470605 -0.00552188
v 0.00102095 0.00392753 -0.00610021
v 0.00102095 0.00307883 -0.00656953
v 0.00102095 0.00217512 -0.00692147
v 0.00102095 -0.00610022 -0.00392750
v 0.00102095 -0.00552189 -0.00470602
v 0.00102095 -0.00484490 -0.00540045
v 0.00102095 -0.00408133 -0.00599838
v 0.00102095 -0.00599840 0.00408137
v 0.00102095 -0.00540047 0.00484493
v 0.00102095 -0.00592161 0.00648093
v 0.00102095 -0.00470603 0.00552193
v 0.00102095 -0.00509724 0.00714745
v 0.00102095 -0.00392751 0.00610026
v 0.00102095 -0.00419854 0.00770974
v 0.00102095 -0.00323863 0.00815961
v 0.00102095 0.00408135 0.00599843
v 0.00102095 0.00484492 0.00540050
v 0.00102095 0.00648093 0.00592161
v 0.00102095 0.00552191 0.00470607
v 0.00102095 0.00714745 0.00509724
v 0.00102095 0.00610024 0.00392755
v 0.00102095 0.00770974 0.00419854
v 0.00102095 0.00656957 0.00307885
v 0.00102095 0.00815961 0.00323863
v 0.00102095 0.00849049 0.00223148
v 0.00102095 0.00026794 -0.00725025
v 0.00102095 0.00123254 -0.00714974
v -0.01464797 0.00099352 0.00142473
v -0.01464797 0.00132841 0.00111905
v -0.01464797 0.00163331 -0.00059089
v -0.01464797 0.00111903 -0.00132838
v -0.01464797 0.00030491 -0.00170992
v -0.01439435 0.00075209 0.00107851
v -0.01439435 0.00119057 0.00055798
v -0.01439435 0.00123640 -0.00044729
v -0.01439435 0.00084710 -0.00100556
v -0.01439435 0.00023081 -0.00129438
v -0.01464797 -0.00014805 -0.00173056
v -0.01457672 0.00026200 -0.00146928
v -0.01457672 -0.00012721 -0.00148702
v -0.01439435 -0.00011207 -0.00131001
v -0.01464797 0.00157277 0.00073710
v -0.01464797 0.00170995 0.00030492
v -0.01457672 0.00135144 0.00063337
v -0.01457672 0.00146932 0.00026202
v -0.01439435 0.00129442 0.00023083
v -0.01464797 0.00073708 -0.00157274
v -0.01457672 0.00063336 -0.00135141
v -0.01439435 0.00055797 -0.00119054
v -0.01457672 0.00096155 -0.00114144
v -0.01464797 0.00142472 -0.00099349
v -0.01457672 0.00122422 -0.00085367
v -0.01439435 0.00107850 -0.00075205
v -0.01457672 0.00140346 -0.00050774
v -0.01439435 0.00131005 -0.00011205
v -0.01457672 0.00148706 -0.00012719
v -0.01464797 0.00173060 -0.00014803
v -0.01457672 0.00114147 0.00096157
v -0.01439435 0.00100560 0.00084711
v -0.01457672 0.00085371 0.00122424
v -0.00997663 0.00423462 0.00858173
v 0.00000000 0.00441093 0.00872726
v 0.00000000 0.00499092 0.00840905
v -0.00997663 0.00488426 0.00822935
v -0.00997663 0.00527071 0.00798735
v 0.00000000 0.00543072 0.00813195
v -0.00997663 0.00622469 0.00726852
v 0.00000000 0.00977860 -0.00001534
v -0.00997662 0.00956965 -0.00001501
v 0.00000000 0.00977746 0.00015007
v -0.00997662 0.00950841 0.00108097
v 0.00000000 0.00636236 0.00742575
v 0.00000000 0.00637132 0.00741805
v -0.00997663 0.00708169 0.00643646
v 0.00000000 0.00721902 0.00659599
v -0.00997663 0.00738310 0.00608835
v 0.00000000 0.00754432 0.00622130
v -0.00997662 0.00782835 0.00550411
v 0.00000000 0.00796144 0.00567774
v -0.00997662 0.00831993 0.00472833
v 0.00000000 0.00850160 0.00483157
v -0.00997662 0.00845305 0.00448600
v 0.00000000 0.00858777 0.00467670
v -0.00997662 0.00894606 0.00339801
v 0.00000000 0.00908887 0.00360746
v -0.00997662 0.00900898 0.00322748
v 0.00000000 0.00920569 0.00329795
v -0.00997662 0.00929968 0.00225707
v 0.00000000 0.00945743 0.00248561
v -0.00997662 0.00942973 0.00163051
v 0.00000000 0.00963563 0.00166612
v 0.00000000 0.00968808 0.00132752
v -0.00997660 0.00830506 -0.00475441
v -0.00997660 0.00834578 -0.00468257
v -0.00997660 0.00886410 -0.00360641
v -0.00997662 0.00899882 -0.00325573
v 0.00000000 0.00952926 -0.00219419
v -0.00997662 0.00924432 -0.00247406
v 0.00000000 0.00963036 -0.00169634
v -0.00997662 0.00942457 -0.00166009
v 0.00000000 0.00972426 -0.00102956
v -0.00997662 0.00948052 -0.00130317
v -0.00997662 0.00956901 -0.00011197
v -0.00997660 0.00769742 -0.00568578
v -0.00997660 0.00736397 -0.00611149
v -0.00997660 0.00692915 -0.00660040
v -0.00997660 0.00620358 -0.00728656
v -0.00997660 0.00605292 -0.00741219
v -0.00997660 0.00508238 -0.00810850
v -0.00997660 0.00485842 -0.00824464
v -0.00997660 0.00403266 -0.00867848
v -0.00997660 0.00336859 -0.00895717
v -0.00997660 0.00292011 -0.00911324
v -0.00997660 0.00176207 -0.00940602
v -0.00997660 0.00057658 -0.00955226
v -0.00997660 0.00013531 -0.00956869
v -0.00997660 -0.00061790 -0.00954967
v 0.00097070 0.00885999 -0.00204008
v 0.00082500 0.00913436 -0.00210326
v 0.00059851 0.00935050 -0.00215303
v 0.00031398 0.00948670 -0.00218439
v 0.00031398 0.00968083 -0.00102496
v 0.00031398 0.00973379 0.00014940
v 0.00031398 0.00964481 0.00132159
v 0.00031398 0.00941519 0.00247451
v 0.00031398 0.00904827 0.00359134
v 0.00031398 0.00854941 0.00465581
v 0.00031398 0.00792588 0.00565238
v 0.00031398 0.00718677 0.00656653
v 0.00031398 0.00634286 0.00738492
v 0.00031398 0.00540646 0.00809562
v 0.00031398 0.00439123 0.00868827
v 0.00031398 0.00331195 0.00915423
v 0.00031398 0.00102496 0.00968083
v 0.00031398 0.00218439 0.00948670
v 0.00031398 -0.00014940 0.00973379
v 0.00031398 -0.00132159 0.00964481
v 0.00031398 -0.00247451 0.00941519
v 0.00031398 -0.00359134 0.00904827
v 0.00031398 -0.00465581 0.00854941
v 0.00031398 -0.00565238 0.00792588
v 0.00031398 -0.00656653 0.00718677
v 0.00031398 -0.00738492 0.00634286
v 0.00031398 -0.00809562 0.00540646
v 0.00031398 -0.00868827 0.00439123
v 0.00059851 0.00954184 -0.00101025
v 0.00059851 0.00959404 0.00014726
v 0.00059851 0.00950634 0.00130262
v 0.00059851 0.00928002 0.00243898
v 0.00059851 0.00891837 0.00353978
v 0.00059851 0.00842667 0.00458896
v 0.00059851 0.00781209 0.00557123
v 0.00059851 0.00708359 0.00647225
v 0.00059851 0.00625180 0.00727890
v 0.00059851 0.00532885 0.00797939
v 0.00059851 0.00432818 0.00856354
v 0.00059851 0.00326441 0.00902280
v 0.00059851 0.00215303 0.00935050
v 0.00059851 0.00101025 0.00954184
v 0.00059851 -0.00014726 0.00959404
v 0.00059851 -0.00130262 0.00950634
v 0.00059851 -0.00243898 0.00928002
v 0.00059851 -0.00353978 0.00891837
v 0.00059851 -0.00458897 0.00842667
v 0.00059851 -0.00557123 0.00781209
v 0.00059851 -0.00647225 0.00708359
v 0.00059851 -0.00727890 0.00625180
v 0.00059851 -0.00797940 0.00532885
v 0.00059851 -0.00856354 0.00432818
v 0.00082500 0.00932128 -0.00098690
v 0.00082500 0.00937227 0.00014385
v 0.00082500 0.00928660 0.00127251
v 0.00082500 0.00906550 0.00238261
v 0.00082500 0.00871221 0.00345796
v 0.00082500 0.00823188 0.00448289
v 0.00082500 0.00763151 0.00544245
v 0.00082500 0.00691985 0.00632264
v 0.00082500 0.00610729 0.00711064
v 0.00082500 0.00520567 0.00779495
v 0.00082500 0.00422813 0.00836559
v 0.00082500 0.00318895 0.00881424
v 0.00082500 0.00210326 0.00913436
v 0.00082500 0.00098690 0.00932128
v 0.00082500 -0.00014385 0.00937227
v 0.00082500 -0.00127251 0.00928660
v 0.00082500 -0.00238261 0.00906550
v 0.00082500 -0.00345796 0.00871222
v 0.00082500 -0.00448289 0.00823188
v 0.00082500 -0.00544245 0.00763151
v 0.00082500 -0.00632264 0.00691985
v 0.00082500 -0.00711064 0.00610729
v 0.00082500 -0.00779495 0.00520567
v 0.00082500 -0.00836559 0.00422813
v 0.00097070 0.00904130 -0.00095725
v 0.00097070 0.00909076 0.00013953
v 0.00097070 0.00900766 0.00123429
v 0.00097070 0.00879321 0.00231104
v 0.00097070 0.00845053 0.00335409
v 0.00097070 0.00798462 0.00434824
v 0.00097070 0.00740229 0.00527897
v 0.00097070 0.00671200 0.00613273
v 0.00097070 0.00592385 0.00689706
v 0.00097070 0.00504931 0.00756081
v 0.00097070 0.00410114 0.00811431
v 0.00097070 0.00309316 0.00854949
v 0.00097070 0.00204008 0.00885999
v 0.00097070 0.00095725 0.00904130
v 0.00097070 -0.00013953 0.00909076
v 0.00097070 -0.00123429 0.00900766
v 0.00097070 -0.00231104 0.00879321
v 0.00097070 -0.00335409 0.00845053
v 0.00097070 -0.00434824 0.00798462
v 0.00097070 -0.00527898 0.00740229
v 0.00097070 -0.00613273 0.00671200
v 0.00097070 -0.00689706 0.00592385
v 0.00097070 -0.00756081 0.00504931
v 0.00097070 -0.00811431 0.00410114
v -0.01070488 0.00191180 0.00903209
v -0.01070488 0.00302209 0.00872357
v -0.01070488 0.00408530 0.00827913
v -0.01070488 0.00508486 0.00770571
v -0.01070488 0.00600520 0.00701223
v -0.01070488 0.00815499 0.00432782
v -0.01070488 0.00755232 0.00531003
v -0.01070488 0.00683198 0.00620950
v -0.01070488 0.00863061 0.00327819
v -0.01070488 0.00897176 0.00217749
v -0.01070488 0.00917314 0.00104286
v -0.01070487 0.00914623 -0.00125722
v -0.01070487 0.00923160 -0.00010802
v -0.01070487 0.00855154 -0.00347925
v -0.01070487 0.00891836 -0.00238682
v -0.01070487 0.00805150 -0.00451746
v -0.01070487 0.00742601 -0.00548529
v -0.01070487 0.00668482 -0.00636767
v -0.01070485 0.00389047 -0.00837246
v -0.01070485 0.00490317 -0.00782259
v -0.01070487 0.00583948 -0.00715083
v -0.01070485 0.00281715 -0.00879190
v -0.01070485 0.00169994 -0.00907436
v -0.01070485 0.00055625 -0.00921544
v -0.01070485 -0.00059611 -0.00921294
v -0.01020906 0.00291022 -0.00908237
v -0.01020906 0.00175610 -0.00937416
v -0.01020906 0.00057462 -0.00951990
v -0.01020906 -0.00061581 -0.00951732
v -0.01020908 0.00401900 -0.00864907
v -0.01020908 0.00506516 -0.00808103
v -0.01020908 0.00603241 -0.00738708
v -0.01020908 0.00767135 -0.00566652
v -0.01020908 0.00690567 -0.00657804
v -0.01020908 0.00883407 -0.00359419
v -0.01020908 0.00831750 -0.00466671
v -0.01020908 0.00921300 -0.00246568
v -0.01020908 0.00944840 -0.00129875
v -0.01020909 0.00953659 -0.00011159
v -0.01020909 0.00947620 0.00107731
v -0.01020909 0.00842441 0.00447081
v -0.01020909 0.00891575 0.00338650
v -0.01020909 0.00926817 0.00224943
v -0.01020909 0.00780183 0.00548546
v -0.01020909 0.00705769 0.00641465
v -0.01020909 0.00620360 0.00724390
v -0.01020909 0.00525286 0.00796029
v -0.01020909 0.00197496 0.00933049
v -0.01020909 0.00312193 0.00901178
v -0.01020909 0.00422027 0.00855266
v -0.01047965 -0.00060834 -0.00940193
v -0.01047965 0.00056766 -0.00940448
v -0.01047965 0.00173481 -0.00926050
v -0.01047965 0.00287494 -0.00897225
v -0.01047965 0.00397027 -0.00854421
v -0.01047965 0.00500375 -0.00798305
v -0.01047965 0.00595927 -0.00729751
v -0.01047965 0.00682194 -0.00649829
v -0.01047965 0.00757833 -0.00559781
v -0.01047965 0.00821665 -0.00461013
v -0.01047965 0.00872696 -0.00355062
v -0.01047967 0.00910130 -0.00243579
v -0.01047967 0.00933384 -0.00128301
v -0.01047967 0.00942096 -0.00011024
v -0.01047967 0.00936131 0.00106425
v -0.01047967 0.00915580 0.00222215
v -0.01047967 0.00880765 0.00334544
v -0.01047967 0.00832227 0.00441660
v -0.01047967 0.00770724 0.00541895
v -0.01047967 0.00697212 0.00633687
v -0.01047968 0.00612839 0.00715607
v -0.01047968 0.00518917 0.00786377
v -0.01047968 0.00416910 0.00844896
v -0.01047968 0.00308408 0.00890251
v -0.01047968 0.00195101 0.00921736
v 0.00100148 -0.00392475 -0.00576825
v 0.00100148 -0.00697065 0.00029453
v 0.00100148 -0.00694418 0.00067457
v 0.00100148 -0.00576827 0.00392479
v 0.00100148 -0.00554545 0.00423379
v 0.00100148 0.00067456 0.00694422
v 0.00100148 -0.00465902 -0.00519326
v 0.00100148 -0.00687545 -0.00118522
v 0.00100148 -0.00665595 -0.00209164
v 0.00100148 -0.00651891 -0.00248603
v 0.00100148 -0.00631751 -0.00296068
v 0.00100148 -0.00586619 -0.00377682
v 0.00100148 -0.00531005 -0.00452547
v 0.00100148 -0.00500442 -0.00486130
v 0.00100148 -0.00697211 -0.00025763
v 0.00100148 -0.00688658 -0.00111878
v 0.00100148 -0.00519328 0.00465906
v 0.00100148 -0.00457654 0.00526614
v 0.00100148 -0.00452549 0.00531008
v 0.00100148 -0.00025764 0.00697214
v 0.00100148 -0.00073549 0.00693803
v 0.00100148 -0.00118524 0.00687549
v 0.00100148 -0.00209165 0.00665598
v 0.00100148 -0.00296070 0.00631754
v 0.00100148 -0.00341917 0.00608164
v 0.00100148 -0.00377683 0.00586622
v 0.00034984 0.00102738 0.00238959
v 0.00034984 0.00151562 0.00211390
v 0.00034984 0.00193343 0.00173998
v 0.00034984 0.00226139 0.00128520
v 0.00034984 0.00248428 0.00077070
v 0.00034984 0.00259172 0.00022040
v 0.00034984 0.00257873 -0.00034015
v 0.00034984 0.00244592 -0.00088489
v 0.00034984 0.00219944 -0.00138851
v 0.00034984 0.00185076 -0.00182761
v 0.00034984 0.00141608 -0.00218178
v 0.00034984 0.00091560 -0.00243456
v 0.00034984 0.00037257 -0.00257422
v 0.00034984 -0.00018777 -0.00259425
v 0.00034984 -0.00073938 -0.00249373
v -0.00116262 0.00045280 -0.00120395
v -0.00116262 0.00018425 -0.00127301
v -0.00116262 -0.00009285 -0.00128292
v -0.00116262 -0.00036564 -0.00123321
v -0.00116262 0.00122855 0.00038115
v -0.00116262 0.00128169 0.00010901
v -0.00116262 0.00127526 -0.00016820
v -0.00116262 0.00120958 -0.00043759
v -0.00116262 0.00108769 -0.00068665
v -0.00116262 0.00091526 -0.00090379
v -0.00116262 0.00070030 -0.00107894
v -0.00116262 0.00111833 0.00063558
v -0.00116262 0.00095614 0.00086048
v -0.00116262 0.00074952 0.00104540
v -0.00116262 0.00050808 0.00118174
v -0.00066626 0.00057348 0.00133387
v -0.00022984 0.00068751 0.00159908
v 0.00011677 0.00084234 0.00195920
v 0.00011677 0.00124264 0.00173316
v 0.00011677 0.00158519 0.00142659
v 0.00011677 0.00185409 0.00105372
v 0.00011677 0.00203683 0.00063190
v 0.00011677 0.00212492 0.00018071
v 0.00011677 0.00211427 -0.00027888
v 0.00011677 0.00200538 -0.00072551
v 0.00011677 0.00180330 -0.00113842
v 0.00011677 0.00151742 -0.00149843
v 0.00011677 0.00116103 -0.00178881
v 0.00011677 0.00075069 -0.00199606
v 0.00011677 0.00030547 -0.00211056
v 0.00011677 -0.00015394 -0.00212699
v 0.00011677 -0.00060621 -0.00204458
v -0.00022984 0.00101423 0.00141459
v -0.00022984 0.00129382 0.00116437
v -0.00022984 0.00151328 0.00086004
v -0.00022984 0.00166243 0.00051575
v -0.00022984 0.00173433 0.00014749
v -0.00022984 0.00172564 -0.00022761
v -0.00022984 0.00163676 -0.00059214
v -0.00022984 0.00147183 -0.00092916
v -0.00022984 0.00123850 -0.00122299
v -0.00022984 0.00094762 -0.00145999
v -0.00022984 0.00061271 -0.00162915
v -0.00022984 0.00024932 -0.00172261
v -0.00022984 -0.00012565 -0.00173601
v -0.00022984 -0.00049478 -0.00166875
v -0.00066626 0.00084602 0.00117998
v -0.00066626 0.00107923 0.00097126
v -0.00066626 0.00126230 0.00071740
v -0.00066626 0.00138672 0.00043022
v -0.00066626 0.00144669 0.00012304
v -0.00066626 0.00143944 -0.00018986
v -0.00066626 0.00136530 -0.00049393
v -0.00066626 0.00122772 -0.00077505
v -0.00066626 0.00103309 -0.00102015
v -0.00066626 0.00079046 -0.00121785
v -0.00066626 0.00051109 -0.00135895
v -0.00066626 0.00020797 -0.00143691
v -0.00066626 -0.00010481 -0.00144809
v -0.00066626 -0.00041271 -0.00139198
f 1 2 3
f 4 1 5
f 6 4 7
f 8 6 9
f 10 8 11
f 12 13 11
f 11 13 14
f 11 14 10
f 15 16 12
f 12 16 17
f 12 17 13
f 18 19 15
f 15 19 20
f 15 20 16
f 21 22 18
f 18 22 23
f 18 23 19
f 24 25 21
f 21 25 26
f 21 26 22
f 27 28 24
f 24 28 29
f 24 29 25
f 30 31 32
f 32 31 33
f 32 33 27
f 27 33 34
f 27 34 28
f 30 32 35
f 35 32 36
f 35 36 37
f 37 36 38
f 37 38 39
f 39 38 40
f 40 38 41
f 40 41 42
f 42 41 43
f 43 41 44
f 43 44 45
f 45 44 46
f 46 44 47
f 46 47 48
f 48 47 49
f 49 47 50
f 49 50 51
f 51 50 52
f 52 50 53
f 52 53 54
f 54 53 55
f 54 55 56
f 57 58 59
f 59 58 60
f 59 60 61
f 61 60 62
f 61 62 63
f 63 62 64
f 63 64 65
f 66 67 68
f 68 67 69
f 68 69 70
f 70 69 71
f 70 71 72
f 72 71 73
f 72 73 74
f 74 73 75
f 74 75 76
f 76 75 77
f 76 77 78
f 78 77 79
f 78 79 57
f 57 79 80
f 57 80 58
f 81 82 66
f 66 82 83
f 66 83 67
f 66 84 81
f 81 84 85
f 81 85 86
f 86 85 87
f 86 87 88
f 88 87 3
f 88 3 89
f 89 3 2
f 89 2 90
f 8 9 11
f 11 9 91
f 11 91 12
f 12 91 92
f 12 92 15
f 15 92 93
f 15 93 18
f 18 93 94
f 18 94 21
f 21 94 95
f 21 95 24
f 24 95 96
f 24 96 27
f 27 96 97
f 27 97 32
f 32 97 98
f 32 98 36
f 36 98 99
f 36 99 38
f 38 99 100
f 38 100 41
f 41 100 101
f 41 101 44
f 44 101 102
f 44 102 47
f 47 102 103
f 47 103 50
f 50 103 104
f 50 104 53
f 53 104 105
f 53 105 55
f 6 7 9
f 9 7 106
f 9 106 91
f 91 106 107
f 91 107 92
f 92 107 108
f 92 108 93
f 93 108 109
f 93 109 94
f 94 109 110
f 94 110 95
f 95 110 111
f 95 111 96
f 96 111 112
f 96 112 97
f 97 112 113
f 97 113 98
f 98 113 114
f 98 114 99
f 99 114 115
f 99 115 100
f 100 115 116
f 100 116 101
f 101 116 117
f 101 117 102
f 102 117 118
f 102 118 103
f 103 118 119
f 103 119 104
f 104 119 120
f 104 120 105
f 4 5 7
f 7 5 121
f 7 121 106
f 106 121 122
f 106 122 107
f 107 122 123
f 107 123 108
f 108 123 124
f 108 124 109
f 109 124 125
f 109 125 110
f 110 125 126
f 110 126 111
f 111 126 127
f 111 127 112
f 112 127 128
f 112 128 113
f 113 128 129
f 113 129 114
f 114 129 130
f 114 130 115
f 115 130 131
f 115 131 116
f 116 131 132
f 116 132 117
f 117 132 133
f 117 133 118
f 118 133 134
f 118 134 119
f 119 134 135
f 119 135 120
f 1 3 5
f 5 3 87
f 5 87 121
f 121 87 85
f 121 85 122
f 122 85 84
f 122 84 123
f 123 84 66
f 123 66 124
f 124 66 68
f 124 68 125
f 125 68 70
f 125 70 126
f 126 70 72
f 126 72 127
f 127 72 74
f 127 74 128
f 128 74 76
f 128 76 129
f 129 76 78
f 129 78 130
f 130 78 57
f 130 57 131
f 131 57 59
f 131 59 132
f 132 59 61
f 132 61 133
f 133 61 63
f 133 63 134
f 134 63 65
f 134 65 135
f 136 56 137
f 137 56 138
f 139 140 141
f 141 142 139
f 139 142 143
f 139 143 144
f 145 146 147
f 147 148 145
f 145 148 149
f 145 149 138
f 138 149 150
f 138 150 137
f 151 152 153
f 154 155 156
f 156 155 157
f 156 157 158
f 158 157 159
f 158 159 160
f 151 153 161
f 152 162 153
f 153 162 163
f 153 163 164
f 164 163 165
f 166 167 168
f 168 167 169
f 168 169 170
f 170 169 171
f 170 171 154
f 154 171 172
f 154 172 155
f 173 174 175
f 173 175 176
f 176 175 177
f 176 177 178
f 179 180 181
f 180 182 181
f 181 182 183
f 181 183 184
f 166 168 184
f 184 168 185
f 184 185 181
f 186 187 188
f 189 190 191
f 191 190 192
f 192 193 191
f 191 193 194
f 191 194 195
f 187 196 188
f 188 196 197
f 188 197 198
f 191 199 189
f 189 199 10
f 189 10 200
f 201 202 203
f 203 202 139
f 203 139 145
f 145 139 144
f 145 144 146
f 204 205 206
f 206 205 207
f 206 207 208
f 208 207 209
f 208 209 210
f 210 209 211
f 210 211 212
f 212 211 213
f 212 213 214
f 214 213 215
f 214 215 201
f 201 215 216
f 201 216 202
f 160 161 158
f 158 161 153
f 158 153 217
f 217 153 218
f 217 218 204
f 204 218 219
f 204 219 205
f 178 179 176
f 176 179 181
f 176 181 220
f 220 181 221
f 220 221 222
f 222 221 223
f 222 223 224
f 224 223 225
f 195 186 191
f 191 186 188
f 191 188 226
f 226 188 227
f 226 227 228
f 228 227 229
f 228 229 230
f 230 229 231
f 230 231 232
f 232 231 233
f 232 233 234
f 234 233 235
f 234 235 236
f 236 235 237
f 236 237 225
f 225 237 238
f 225 238 224
f 239 240 241
f 242 243 244
f 245 246 247
f 248 247 249
f 245 247 250
f 247 248 250
f 250 248 251
f 250 251 252
f 244 243 251
f 251 243 253
f 251 253 252
f 242 244 254
f 254 244 255
f 254 255 256
f 256 255 257
f 256 257 258
f 259 260 257
f 257 260 261
f 257 261 258
f 262 263 259
f 259 263 264
f 259 264 260
f 265 266 267
f 267 266 268
f 267 268 262
f 262 268 269
f 262 269 263
f 265 267 270
f 270 267 271
f 270 271 272
f 272 271 273
f 272 273 274
f 275 276 277
f 277 278 275
f 275 278 279
f 275 279 273
f 273 279 280
f 273 280 274
f 281 282 283
f 283 282 284
f 283 284 285
f 285 284 286
f 285 286 276
f 276 286 287
f 276 287 277
f 288 289 281
f 281 289 290
f 281 290 282
f 288 281 291
f 291 281 292
f 291 292 293
f 293 292 294
f 293 294 295
f 241 240 294
f 294 240 296
f 294 296 295
f 239 241 297
f 297 241 298
f 297 298 299
f 299 298 300
f 299 300 301
f 302 303 304
f 302 304 305
f 304 306 305
f 305 306 307
f 305 307 300
f 300 307 308
f 300 308 301
f 303 302 309
f 309 302 310
f 309 310 311
f 311 310 312
f 312 310 313
f 312 313 314
f 315 316 317
f 318 319 315
f 320 321 322
f 322 321 323
f 322 323 324
f 324 323 325
f 324 325 326
f 326 325 327
f 326 327 318
f 318 327 328
f 318 328 319
f 319 328 329
f 320 322 330
f 330 322 331
f 330 331 332
f 332 331 333
f 332 333 334
f 334 333 335
f 334 335 336
f 337 338 339
f 339 338 340
f 339 340 335
f 335 340 341
f 335 341 336
f 342 343 344
f 344 343 345
f 344 345 346
f 346 345 347
f 346 347 337
f 337 347 348
f 337 348 338
f 342 344 349
f 349 344 350
f 349 350 351
f 351 350 352
f 351 352 353
f 353 352 354
f 353 354 355
f 355 354 356
f 356 354 357
f 356 357 358
f 359 360 361
f 361 360 362
f 361 362 363
f 363 362 364
f 363 364 365
f 365 364 366
f 365 366 357
f 357 366 367
f 357 367 358
f 359 361 368
f 368 361 369
f 368 369 370
f 370 369 371
f 370 371 372
f 372 371 373
f 372 373 374
f 374 373 375
f 374 375 376
f 377 378 379
f 379 378 380
f 379 380 381
f 381 380 382
f 381 382 383
f 383 382 384
f 383 384 375
f 375 384 385
f 375 385 376
f 249 386 248
f 248 386 387
f 248 387 251
f 251 387 388
f 251 388 244
f 244 388 389
f 244 389 255
f 255 389 390
f 255 390 257
f 257 390 391
f 257 391 259
f 259 391 392
f 259 392 262
f 262 392 393
f 262 393 267
f 267 393 394
f 267 394 271
f 271 394 395
f 271 395 273
f 273 395 396
f 273 396 275
f 275 396 397
f 275 397 276
f 276 397 398
f 276 398 285
f 285 398 399
f 285 399 283
f 283 399 400
f 283 400 281
f 281 400 401
f 281 401 292
f 292 401 402
f 292 402 294
f 294 402 403
f 294 403 241
f 241 403 404
f 241 404 298
f 298 404 405
f 298 405 300
f 300 405 406
f 300 406 305
f 305 406 407
f 305 407 302
f 302 407 408
f 302 408 310
f 310 408 409
f 310 409 313
f 313 409 410
f 313 410 411
f 412 377 249
f 249 377 379
f 249 379 386
f 386 379 381
f 386 381 387
f 387 381 383
f 387 383 388
f 388 383 375
f 388 375 389
f 389 375 373
f 389 373 390
f 390 373 371
f 390 371 391
f 391 371 369
f 391 369 392
f 392 369 361
f 392 361 393
f 393 361 363
f 393 363 394
f 394 363 365
f 394 365 395
f 395 365 357
f 395 357 396
f 396 357 354
f 396 354 397
f 397 354 352
f 397 352 398
f 398 352 350
f 398 350 399
f 399 350 344
f 399 344 400
f 400 344 346
f 400 346 401
f 401 346 337
f 401 337 402
f 402 337 339
f 402 339 403
f 403 339 335
f 403 335 404
f 404 335 333
f 404 333 405
f 405 333 331
f 405 331 406
f 406 331 322
f 406 322 407
f 407 322 324
f 407 324 408
f 408 324 326
f 408 326 409
f 409 326 318
f 409 318 410
f 410 318 315
f 410 315 411
f 411 315 317
f 411 317 313
f 313 317 413
f 313 413 314
f 414 415 416
f 415 417 418
f 417 419 420
f 419 421 422
f 421 423 424
f 421 424 422
f 422 424 425
f 422 425 426
f 425 427 426
f 426 427 428
f 426 428 429
f 428 430 429
f 429 430 431
f 429 431 432
f 432 431 433
f 432 433 434
f 434 433 435
f 434 435 436
f 436 435 437
f 437 438 436
f 436 438 439
f 436 439 440
f 440 439 441
f 440 441 442
f 442 441 443
f 442 443 444
f 444 443 445
f 446 447 448
f 448 447 449
f 448 449 450
f 450 449 451
f 450 451 452
f 452 451 453
f 452 453 454
f 454 453 444
f 454 444 455
f 455 444 445
f 456 457 446
f 446 457 458
f 446 458 447
f 456 459 457
f 457 459 460
f 457 460 461
f 461 460 462
f 461 462 463
f 463 462 464
f 463 464 465
f 464 466 465
f 465 466 467
f 465 467 468
f 467 469 468
f 468 469 470
f 468 470 471
f 471 470 472
f 471 472 473
f 473 472 474
f 473 474 475
f 475 474 476
f 476 477 475
f 475 477 478
f 475 478 479
f 479 478 480
f 479 480 481
f 481 480 482
f 481 482 483
f 483 482 484
f 484 485 483
f 483 485 486
f 483 486 487
f 419 422 420
f 420 422 426
f 420 426 488
f 488 426 429
f 488 429 489
f 489 429 432
f 489 432 490
f 490 432 434
f 490 434 491
f 491 434 436
f 491 436 492
f 492 436 440
f 492 440 493
f 493 440 442
f 493 442 494
f 494 442 444
f 494 444 495
f 495 444 453
f 495 453 496
f 496 453 451
f 496 451 497
f 497 451 449
f 497 449 498
f 498 449 447
f 498 447 499
f 499 447 458
f 499 458 500
f 500 458 457
f 500 457 501
f 501 457 461
f 501 461 502
f 502 461 463
f 502 463 503
f 503 463 465
f 503 465 504
f 504 465 468
f 504 468 505
f 505 468 471
f 505 471 506
f 506 471 473
f 506 473 507
f 507 473 475
f 507 475 508
f 508 475 479
f 508 479 509
f 509 479 481
f 509 481 510
f 510 481 483
f 510 483 511
f 511 483 487
f 511 487 512
f 417 420 418
f 418 420 488
f 418 488 513
f 513 488 489
f 513 489 514
f 514 489 490
f 514 490 515
f 515 490 491
f 515 491 516
f 516 491 492
f 516 492 517
f 517 492 493
f 517 493 518
f 518 493 494
f 518 494 519
f 519 494 495
f 519 495 520
f 520 495 496
f 520 496 521
f 521 496 497
f 521 497 522
f 522 497 498
f 522 498 523
f 523 498 499
f 523 499 524
f 524 499 500
f 524 500 525
f 525 500 501
f 525 501 526
f 526 501 502
f 526 502 527
f 527 502 503
f 527 503 528
f 528 503 504
f 528 504 529
f 529 504 505
f 529 505 530
f 530 505 506
f 530 506 531
f 531 506 507
f 531 507 532
f 532 507 508
f 532 508 533
f 533 508 509
f 533 509 534
f 534 509 510
f 534 510 535
f 535 510 511
f 535 511 536
f 536 511 512
f 536 512 537
f 415 418 416
f 416 418 513
f 416 513 538
f 538 513 514
f 538 514 539
f 539 514 515
f 539 515 540
f 540 515 516
f 540 516 541
f 541 516 517
f 541 517 542
f 542 517 518
f 542 518 543
f 543 518 519
f 543 519 544
f 544 519 520
f 544 520 545
f 545 520 521
f 545 521 546
f 546 521 522
f 546 522 547
f 547 522 523
f 547 523 548
f 548 523 524
f 548 524 549
f 549 524 525
f 549 525 550
f 550 525 526
f 550 526 551
f 551 526 527
f 551 527 552
f 552 527 528
f 552 528 553
f 553 528 529
f 553 529 554
f 554 529 530
f 554 530 555
f 555 530 531
f 555 531 556
f 556 531 532
f 556 532 557
f 557 532 533
f 557 533 558
f 558 533 534
f 558 534 559
f 559 534 535
f 559 535 560
f 560 535 536
f 560 536 561
f 561 536 537
f 561 537 562
f 414 416 563
f 563 416 538
f 563 538 564
f 564 538 539
f 564 539 565
f 565 539 540
f 565 540 566
f 566 540 541
f 566 541 567
f 567 541 542
f 567 542 568
f 568 542 543
f 568 543 569
f 569 543 544
f 569 544 570
f 570 544 545
f 570 545 571
f 571 545 546
f 571 546 572
f 572 546 547
f 572 547 573
f 573 547 548
f 573 548 574
f 574 548 549
f 574 549 575
f 575 549 550
f 575 550 576
f 576 550 551
f 576 551 577
f 577 551 552
f 577 552 578
f 578 552 553
f 578 553 579
f 579 553 554
f 579 554 580
f 580 554 555
f 580 555 581
f 581 555 556
f 581 556 582
f 582 556 557
f 582 557 583
f 583 557 558
f 583 558 584
f 584 558 559
f 584 559 585
f 585 559 560
f 585 560 586
f 586 560 561
f 586 561 587
f 587 561 562
f 587 562 588
f 589 590 591
f 384 382 448
f 376 385 452
f 452 385 384
f 452 384 450
f 450 384 448
f 428 356 430
f 430 356 358
f 376 452 374
f 374 452 454
f 374 454 372
f 372 454 455
f 372 455 370
f 370 455 445
f 370 445 368
f 368 445 443
f 368 443 359
f 359 443 441
f 359 441 360
f 360 441 439
f 360 439 362
f 362 439 438
f 362 438 364
f 364 438 437
f 364 437 366
f 366 437 435
f 366 435 367
f 367 435 433
f 367 433 358
f 358 433 431
f 358 431 430
f 592 347 345
f 592 345 593
f 593 345 343
f 593 343 423
f 423 343 342
f 423 342 424
f 424 342 349
f 424 349 425
f 425 349 351
f 425 351 427
f 427 351 353
f 427 353 428
f 428 353 355
f 428 355 356
f 347 592 348
f 348 592 594
f 348 594 338
f 338 594 595
f 338 595 340
f 595 596 340
f 340 596 597
f 340 597 341
f 341 597 598
f 341 598 336
f 336 598 599
f 336 599 334
f 334 599 600
f 334 600 332
f 332 600 601
f 332 601 330
f 330 601 602
f 330 602 320
f 320 602 603
f 320 603 321
f 321 603 604
f 321 604 323
f 605 325 606
f 606 325 323
f 606 323 607
f 607 323 604
f 608 329 609
f 609 329 328
f 609 328 605
f 605 328 327
f 605 327 325
f 591 610 589
f 589 610 611
f 589 611 608
f 608 611 612
f 608 612 329
f 613 614 615
f 616 617 618
f 619 620 621
f 622 623 624
f 625 626 627
f 628 629 630
f 631 632 633
f 634 635 636
f 637 638 639
f 640 641 642
f 643 644 645
f 643 645 646
f 634 636 647
f 627 648 649
f 649 648 650
f 649 650 645
f 645 650 651
f 645 651 646
f 652 653 654
f 654 653 655
f 654 655 636
f 636 655 656
f 636 656 647
f 628 630 657
f 658 657 648
f 648 657 630
f 648 630 650
f 650 630 659
f 650 659 651
f 651 659 660
f 651 660 646
f 646 660 661
f 627 626 648
f 648 626 662
f 648 662 658
f 663 664 665
f 665 664 666
f 666 625 665
f 665 625 627
f 665 627 667
f 667 627 649
f 667 649 668
f 668 649 645
f 668 645 669
f 669 645 644
f 623 663 624
f 624 663 665
f 624 665 670
f 670 665 667
f 670 667 642
f 642 667 668
f 642 668 640
f 640 668 669
f 671 672 673
f 673 672 674
f 674 622 673
f 673 622 624
f 673 624 675
f 675 624 670
f 675 670 676
f 676 670 642
f 676 642 677
f 677 642 641
f 620 671 621
f 621 671 673
f 621 673 678
f 678 673 675
f 678 675 639
f 639 675 676
f 639 676 637
f 637 676 677
f 638 679 639
f 639 679 680
f 639 680 678
f 678 680 681
f 678 681 621
f 621 681 682
f 621 682 619
f 683 684 682
f 682 684 685
f 682 685 619
f 686 683 653
f 653 683 682
f 653 682 655
f 655 682 681
f 655 681 656
f 656 681 680
f 656 680 647
f 647 680 679
f 687 688 652
f 652 688 689
f 652 689 653
f 653 689 690
f 653 690 686
f 617 687 618
f 618 687 652
f 618 652 691
f 691 652 654
f 691 654 692
f 692 654 636
f 692 636 693
f 693 636 635
f 614 616 615
f 615 616 618
f 615 618 694
f 694 618 691
f 694 691 633
f 633 691 692
f 633 692 631
f 631 692 693
f 695 696 697
f 697 613 695
f 695 613 615
f 695 615 698
f 698 615 694
f 698 694 699
f 699 694 633
f 699 633 700
f 700 633 632
f 240 239 622
f 622 239 623
f 626 625 309
f 701 702 657
f 657 702 703
f 704 629 705
f 705 629 628
f 705 628 706
f 706 628 657
f 706 657 707
f 707 657 703
f 708 709 314
f 708 314 710
f 314 413 710
f 710 413 317
f 710 317 711
f 711 317 316
f 711 316 712
f 658 713 657
f 657 713 714
f 657 714 701
f 712 715 716
f 716 717 712
f 712 717 718
f 712 718 719
f 719 720 712
f 712 720 721
f 712 721 711
f 722 723 724
f 724 723 725
f 724 725 715
f 715 725 726
f 715 726 716
f 309 311 626
f 626 311 312
f 626 312 662
f 662 312 314
f 662 314 658
f 658 314 709
f 658 709 713
f 666 304 625
f 625 304 303
f 625 303 309
f 663 308 664
f 664 308 307
f 664 307 666
f 666 307 306
f 666 306 304
f 239 297 623
f 623 297 299
f 623 299 663
f 663 299 301
f 663 301 308
f 240 622 296
f 296 622 674
f 296 674 295
f 674 727 728
f 728 729 674
f 674 729 730
f 674 730 295
f 295 730 731
f 295 731 732
f 732 733 295
f 295 733 734
f 295 734 735
f 735 736 295
f 295 736 737
f 295 737 293
f 738 739 288
f 737 740 293
f 293 740 738
f 293 738 291
f 291 738 288
f 739 741 288
f 288 741 742
f 288 742 289
f 289 742 743
f 289 743 290
f 744 282 745
f 745 282 290
f 745 290 746
f 746 290 743
f 747 748 287
f 744 749 282
f 282 749 750
f 282 750 284
f 284 750 747
f 284 747 286
f 286 747 287
f 748 751 287
f 287 751 752
f 287 752 753
f 753 754 287
f 287 754 755
f 287 755 756
f 757 758 684
f 684 758 759
f 684 759 760
f 760 761 684
f 684 761 762
f 684 762 685
f 685 762 619
f 756 757 287
f 287 757 684
f 287 684 277
f 277 684 683
f 277 683 278
f 690 274 686
f 686 274 280
f 686 280 683
f 683 280 279
f 683 279 278
f 689 270 690
f 690 270 272
f 690 272 274
f 263 269 687
f 687 269 268
f 687 268 688
f 688 268 266
f 688 266 689
f 689 266 265
f 689 265 270
f 263 687 264
f 264 687 617
f 264 617 260
f 260 617 616
f 260 616 261
f 613 763 614
f 614 763 764
f 614 764 616
f 616 764 261
f 261 764 765
f 261 765 766
f 766 767 261
f 261 767 768
f 261 768 258
f 769 770 254
f 769 254 771
f 258 768 256
f 256 768 772
f 256 772 254
f 254 772 773
f 254 773 771
f 770 774 254
f 254 774 775
f 254 775 242
f 242 775 776
f 242 776 243
f 243 776 777
f 777 778 243
f 243 778 779
f 243 779 253
f 780 781 613
f 613 781 782
f 613 782 783
f 783 784 613
f 613 784 785
f 613 785 763
f 613 697 780
f 780 697 696
f 780 696 786
f 787 788 671
f 671 788 789
f 671 789 672
f 672 789 790
f 672 790 674
f 674 790 791
f 674 791 727
f 762 792 619
f 619 792 793
f 619 793 794
f 787 671 794
f 794 671 620
f 794 620 619
f 184 183 795
f 796 797 798
f 798 799 796
f 796 799 800
f 796 800 801
f 801 800 802
f 801 802 803
f 803 804 801
f 801 804 805
f 801 805 806
f 806 805 807
f 806 807 808
f 807 809 808
f 808 809 810
f 808 810 811
f 811 810 812
f 812 810 174
f 174 810 813
f 174 813 175
f 814 815 178
f 178 815 179
f 813 816 175
f 175 816 814
f 175 814 177
f 177 814 178
f 815 817 179
f 179 817 818
f 179 818 180
f 180 818 182
f 795 183 819
f 182 818 183
f 183 818 820
f 183 820 819
f 821 167 795
f 795 167 166
f 795 166 184
f 822 171 823
f 823 171 169
f 823 169 824
f 824 169 167
f 824 167 825
f 825 167 821
f 826 827 779
f 779 778 826
f 826 778 777
f 826 777 828
f 828 777 776
f 776 775 828
f 828 775 774
f 828 774 829
f 829 774 770
f 829 770 830
f 770 769 830
f 830 769 771
f 830 771 831
f 772 832 773
f 773 832 833
f 773 833 771
f 771 833 834
f 771 834 831
f 767 766 835
f 835 766 836
f 772 768 832
f 832 768 767
f 832 767 837
f 837 767 835
f 766 765 836
f 836 765 764
f 836 764 838
f 838 764 839
f 785 784 840
f 839 764 840
f 840 764 763
f 840 763 785
f 783 841 784
f 784 841 842
f 784 842 840
f 786 200 780
f 780 200 843
f 780 843 781
f 781 843 841
f 781 841 782
f 782 841 783
f 844 845 791
f 846 847 746
f 746 743 846
f 846 743 742
f 846 742 848
f 848 742 741
f 848 741 739
f 739 738 848
f 848 738 740
f 848 740 849
f 849 740 737
f 849 737 850
f 737 736 850
f 850 736 735
f 850 735 851
f 851 735 852
f 852 735 853
f 853 735 734
f 853 734 854
f 732 731 855
f 855 731 856
f 734 733 854
f 854 733 732
f 854 732 857
f 857 732 855
f 731 730 856
f 856 730 729
f 856 729 858
f 858 729 859
f 791 845 727
f 859 729 845
f 845 729 728
f 845 728 727
f 790 860 791
f 791 860 861
f 791 861 844
f 794 862 787
f 787 862 863
f 787 863 788
f 788 863 860
f 788 860 789
f 789 860 790
f 864 865 723
f 723 866 864
f 864 866 867
f 864 867 868
f 868 867 869
f 869 870 868
f 868 870 871
f 868 871 872
f 872 871 873
f 872 873 874
f 873 875 874
f 874 875 876
f 874 876 877
f 878 141 879
f 879 141 140
f 879 140 876
f 876 140 880
f 876 880 877
f 881 882 143
f 143 882 144
f 878 883 141
f 141 883 881
f 141 881 142
f 142 881 143
f 882 884 144
f 144 884 885
f 144 885 146
f 146 885 147
f 886 887 148
f 147 885 148
f 148 885 888
f 148 888 886
f 889 150 887
f 887 150 149
f 887 149 148
f 704 136 890
f 890 136 137
f 890 137 891
f 891 137 150
f 891 150 892
f 892 150 889
f 893 894 895
f 895 894 896
f 895 896 897
f 897 896 898
f 897 898 899
f 899 898 700
f 899 700 90
f 900 901 902
f 902 901 903
f 900 904 901
f 901 904 905
f 901 905 893
f 893 905 906
f 893 906 894
f 903 907 902
f 902 907 908
f 902 908 909
f 909 908 910
f 909 910 911
f 911 910 912
f 911 912 913
f 912 914 913
f 913 914 915
f 913 915 916
f 916 915 917
f 916 917 918
f 918 917 919
f 918 919 920
f 920 919 921
f 920 921 922
f 64 661 923
f 923 661 924
f 922 921 924
f 924 921 925
f 924 925 923
f 80 644 58
f 58 644 643
f 58 643 60
f 60 643 646
f 60 646 62
f 62 646 661
f 62 661 64
f 677 79 637
f 637 79 77
f 677 641 79
f 79 641 640
f 79 640 80
f 80 640 669
f 80 669 644
f 77 75 637
f 637 75 73
f 637 73 638
f 638 73 71
f 638 71 679
f 679 71 69
f 679 69 647
f 69 67 647
f 647 67 83
f 647 83 634
f 634 83 82
f 634 82 635
f 635 82 81
f 635 81 693
f 693 81 86
f 693 86 631
f 90 700 89
f 89 700 632
f 631 86 632
f 632 86 88
f 632 88 89
f 703 926 927
f 703 927 707
f 707 927 928
f 707 928 706
f 706 928 929
f 706 929 705
f 705 929 136
f 705 136 704
f 930 931 714
f 714 931 932
f 714 932 701
f 701 932 926
f 701 926 702
f 702 926 703
f 708 933 709
f 709 933 930
f 709 930 713
f 713 930 714
f 710 934 708
f 708 934 935
f 708 935 933
f 720 936 937
f 710 711 934
f 934 711 721
f 934 721 938
f 938 721 720
f 938 720 939
f 939 720 937
f 720 719 936
f 936 719 718
f 936 718 940
f 940 718 717
f 940 717 941
f 941 717 716
f 941 716 942
f 942 716 726
f 942 726 943
f 943 726 725
f 943 725 944
f 944 725 723
f 944 723 865
f 761 945 946
f 761 946 762
f 762 946 947
f 762 947 792
f 792 947 948
f 792 948 793
f 793 948 862
f 793 862 794
f 949 950 758
f 758 950 951
f 758 951 759
f 759 951 945
f 759 945 760
f 760 945 761
f 952 953 755
f 755 953 954
f 755 954 756
f 756 954 949
f 756 949 757
f 757 949 758
f 752 955 956
f 755 754 952
f 952 754 753
f 952 753 957
f 957 753 752
f 957 752 958
f 958 752 956
f 752 751 955
f 955 751 748
f 955 748 959
f 959 748 747
f 959 747 960
f 747 750 960
f 960 750 749
f 960 749 961
f 961 749 744
f 961 744 962
f 962 744 745
f 962 745 963
f 963 745 746
f 963 746 847
f 964 193 192
f 964 192 965
f 965 192 190
f 965 190 966
f 966 190 189
f 966 189 967
f 967 189 200
f 967 200 786
f 186 195 968
f 968 195 194
f 968 194 969
f 969 194 193
f 969 193 970
f 970 193 964
f 971 187 972
f 972 187 186
f 972 186 973
f 973 186 968
f 974 197 971
f 971 197 196
f 971 196 187
f 975 976 977
f 974 978 197
f 197 978 979
f 197 979 198
f 198 979 975
f 198 975 980
f 980 975 977
f 975 981 976
f 976 981 982
f 976 982 983
f 983 982 984
f 983 984 985
f 985 984 986
f 985 986 987
f 987 986 988
f 987 988 989
f 989 988 990
f 989 990 991
f 991 990 779
f 991 779 827
f 992 159 157
f 992 157 993
f 993 157 155
f 993 155 994
f 994 155 172
f 994 172 995
f 995 172 171
f 995 171 822
f 151 161 996
f 996 161 160
f 996 160 997
f 997 160 159
f 997 159 998
f 998 159 992
f 163 162 999
f 999 162 152
f 999 152 1000
f 1000 152 151
f 1000 151 1001
f 1001 151 996
f 1002 1003 1004
f 999 1005 163
f 163 1005 1006
f 163 1006 165
f 165 1006 1002
f 165 1002 1007
f 1007 1002 1004
f 1002 1008 1003
f 1003 1008 1009
f 1003 1009 1010
f 1010 1009 1011
f 1010 1011 1012
f 1011 1013 1012
f 1012 1013 1014
f 1012 1014 1015
f 1015 1014 1016
f 1015 1016 1017
f 1017 1016 1018
f 1017 1018 1019
f 1019 1018 798
f 1019 798 797
f 786 696 1020
f 822 823 1021
f 994 995 1022
f 1022 995 822
f 1022 822 1023
f 1023 822 1021
f 1024 1013 1025
f 1025 1013 1011
f 1025 1011 1026
f 1026 1011 1009
f 1009 1008 1026
f 1026 1008 1002
f 1026 1002 1006
f 1006 1005 1026
f 1026 1005 999
f 1026 999 1000
f 997 1027 996
f 996 1027 1001
f 997 998 1027
f 1027 998 992
f 1027 992 993
f 994 1022 993
f 993 1022 1028
f 993 1028 1027
f 799 1029 800
f 800 1029 1030
f 800 1030 802
f 802 1030 803
f 799 798 1029
f 1029 798 1018
f 1029 1018 1031
f 1031 1018 1016
f 1031 1016 1024
f 1024 1016 1014
f 1024 1014 1013
f 823 824 1021
f 1021 824 825
f 1021 825 1032
f 1032 825 821
f 1032 821 1033
f 821 795 1033
f 1033 795 819
f 1033 819 820
f 814 816 1034
f 820 818 1033
f 1033 818 817
f 1033 817 1034
f 1034 817 815
f 1034 815 814
f 816 813 1034
f 1034 813 810
f 1034 810 809
f 809 807 1034
f 1034 807 805
f 1034 805 804
f 803 1030 804
f 804 1030 1035
f 804 1035 1034
f 964 965 1036
f 1036 965 966
f 1036 966 1020
f 1020 966 967
f 1020 967 786
f 974 1037 1038
f 974 1038 978
f 978 1038 246
f 978 246 245
f 974 971 1037
f 1037 971 972
f 1037 972 973
f 1039 968 1040
f 1040 968 969
f 1040 969 1036
f 1036 969 970
f 1036 970 964
f 245 250 986
f 986 984 245
f 245 984 982
f 245 982 981
f 981 975 245
f 245 975 979
f 245 979 978
f 253 779 252
f 252 779 990
f 252 990 250
f 250 990 988
f 250 988 986
f 1041 1042 1043
f 1043 1042 1044
f 1043 1044 1045
f 1034 1046 1033
f 1033 1046 1047
f 1033 1047 1048
f 1048 1047 1049
f 1048 1049 1050
f 1050 1049 1051
f 1050 1051 1041
f 1041 1051 1052
f 1041 1052 1042
f 1000 1001 1026
f 1026 1001 1027
f 1026 1027 1053
f 1053 1027 1054
f 1055 1056 1054
f 1054 1056 1057
f 1054 1057 1053
f 1058 1059 1060
f 1060 1059 1061
f 1060 1061 1062
f 1062 1061 1063
f 1062 1063 1055
f 1055 1063 1064
f 1055 1064 1056
f 1065 1066 1058
f 1058 1066 1067
f 1058 1067 1059
f 1068 1069 1070
f 1070 1069 1071
f 1070 1071 1065
f 1065 1071 1072
f 1065 1072 1066
f 1073 888 1074
f 1074 888 885
f 1074 885 1068
f 1068 885 1069
f 1069 885 884
f 1069 884 882
f 882 881 1069
f 1069 881 883
f 1069 883 1075
f 875 873 1076
f 875 1076 876
f 1075 883 1077
f 1077 883 878
f 1077 878 1076
f 1076 878 879
f 1076 879 876
f 873 871 1076
f 1076 871 870
f 1076 870 1078
f 1078 870 869
f 1078 869 867
f 867 866 1078
f 1078 866 723
f 1078 723 722
f 890 891 1073
f 1073 891 892
f 1073 892 889
f 889 887 1073
f 1073 887 886
f 1073 886 888
f 1073 1079 890
f 890 1079 629
f 890 629 704
f 973 968 1037
f 1037 968 1039
f 1037 1039 1080
f 1080 1039 1081
f 1044 1082 1045
f 1045 1082 1083
f 1045 1083 1084
f 1084 1083 1085
f 1084 1085 1081
f 1081 1085 1086
f 1081 1086 1080
f 575 827 574
f 574 827 826
f 574 826 573
f 414 847 1087
f 1087 847 846
f 1087 846 1088
f 1089 956 955
f 1090 937 936
f 1091 865 1092
f 1092 865 864
f 1092 864 1093
f 588 797 587
f 587 797 796
f 587 796 586
f 563 564 960
f 960 961 563
f 563 961 962
f 563 962 414
f 414 962 963
f 414 963 847
f 1094 1095 941
f 941 942 1094
f 1094 942 943
f 1094 943 1091
f 1091 943 944
f 1091 944 865
f 1096 1004 1003
f 1097 977 976
f 846 848 1088
f 1088 848 849
f 1088 849 1098
f 1098 849 850
f 1098 850 851
f 1099 1100 1012
f 1012 1015 1099
f 1099 1015 1017
f 1099 1017 588
f 588 1017 1019
f 588 1019 797
f 576 577 985
f 985 987 576
f 576 987 989
f 576 989 575
f 575 989 991
f 575 991 827
f 1101 1089 565
f 565 1089 955
f 565 955 564
f 564 955 959
f 564 959 960
f 796 801 586
f 586 801 806
f 586 806 585
f 585 806 808
f 585 808 811
f 826 828 573
f 573 828 829
f 573 829 572
f 572 829 830
f 572 830 831
f 1101 565 1102
f 1102 565 566
f 1102 566 1103
f 1103 566 567
f 1103 567 1104
f 1105 1106 1107
f 1107 1106 1108
f 1107 1108 1109
f 1109 1108 1110
f 1109 1110 1111
f 864 868 1093
f 1093 868 872
f 1093 872 1112
f 1112 872 874
f 1112 874 877
f 1113 1114 1115
f 1115 1114 1116
f 1115 1116 1117
f 811 1118 585
f 585 1118 1119
f 585 1119 584
f 584 1119 1120
f 584 1120 583
f 583 1120 1121
f 583 1121 582
f 582 1121 1122
f 582 1122 581
f 581 1122 1123
f 567 568 1104
f 1104 568 569
f 1104 569 1124
f 1124 569 570
f 1124 570 1125
f 1125 570 571
f 1125 571 1126
f 1126 571 572
f 1126 572 1127
f 1127 572 831
f 851 1128 1098
f 1098 1128 1129
f 1098 1129 1130
f 1130 1129 1131
f 1130 1131 1132
f 1132 1131 1133
f 1132 1133 1134
f 1134 1133 1111
f 1134 1111 1135
f 1135 1111 1110
f 1105 1090 1106
f 1106 1090 936
f 1106 936 1095
f 1095 936 940
f 1095 940 941
f 877 1136 1112
f 1112 1136 1137
f 1112 1137 1138
f 1138 1137 1139
f 1138 1139 1140
f 1140 1139 1141
f 1140 1141 1142
f 1142 1141 1143
f 1142 1143 1144
f 1144 1143 1117
f 1144 1117 1145
f 1145 1117 1116
f 1113 1096 1114
f 1114 1096 1003
f 1114 1003 1100
f 1100 1003 1010
f 1100 1010 1012
f 1146 578 1147
f 1147 578 579
f 1147 579 1123
f 1123 579 580
f 1123 580 581
f 1146 1097 578
f 578 1097 976
f 578 976 577
f 577 976 983
f 577 983 985
f 1073 1074 1148
f 1068 1070 1149
f 1022 1023 1150
f 1048 1050 1151
f 1084 1081 1152
f 1020 696 695
f 922 924 1153
f 916 918 1154
f 902 909 1155
f 905 904 1156
f 896 894 1157
f 896 1157 898
f 916 1154 913
f 1152 1158 1159
f 1159 1158 1160
f 1159 1160 1157
f 1157 1160 1161
f 1157 1161 898
f 1162 1163 1164
f 1164 1163 1165
f 1164 1165 1154
f 1154 1165 1166
f 1154 1166 913
f 1020 695 1036
f 1040 1036 1158
f 1158 1036 695
f 1158 695 1160
f 1160 695 698
f 1160 698 1161
f 1161 698 699
f 1161 699 898
f 898 699 700
f 1152 1081 1158
f 1158 1081 1039
f 1158 1039 1040
f 1041 1043 1167
f 1167 1043 1045
f 1045 1084 1167
f 1167 1084 1152
f 1167 1152 1168
f 1168 1152 1159
f 1168 1159 1169
f 1169 1159 1157
f 1169 1157 906
f 906 1157 894
f 1050 1041 1151
f 1151 1041 1167
f 1151 1167 1170
f 1170 1167 1168
f 1170 1168 1156
f 1156 1168 1169
f 1156 1169 905
f 905 1169 906
f 1021 1032 1171
f 1171 1032 1033
f 1033 1048 1171
f 1171 1048 1151
f 1171 1151 1172
f 1172 1151 1170
f 1172 1170 1173
f 1173 1170 1156
f 1173 1156 900
f 900 1156 904
f 1023 1021 1150
f 1150 1021 1171
f 1150 1171 1174
f 1174 1171 1172
f 1174 1172 1155
f 1155 1172 1173
f 1155 1173 902
f 902 1173 900
f 909 911 1155
f 1155 911 1175
f 1155 1175 1174
f 1174 1175 1176
f 1174 1176 1150
f 1150 1176 1177
f 1150 1177 1022
f 1054 1027 1177
f 1177 1027 1028
f 1177 1028 1022
f 1055 1054 1163
f 1163 1054 1177
f 1163 1177 1165
f 1165 1177 1176
f 1165 1176 1166
f 1166 1176 1175
f 1166 1175 913
f 913 1175 911
f 1065 1058 1162
f 1162 1058 1060
f 1162 1060 1163
f 1163 1060 1062
f 1163 1062 1055
f 1070 1065 1149
f 1149 1065 1162
f 1149 1162 1178
f 1178 1162 1164
f 1178 1164 1179
f 1179 1164 1154
f 1179 1154 920
f 920 1154 918
f 1074 1068 1148
f 1148 1068 1149
f 1148 1149 1180
f 1180 1149 1178
f 1180 1178 1153
f 1153 1178 1179
f 1153 1179 922
f 922 1179 920
f 630 629 1079
f 1079 1073 630
f 630 1073 1148
f 630 1148 659
f 659 1148 1180
f 659 1180 660
f 660 1180 1153
f 660 1153 661
f 661 1153 924
f 1181 591 590
f 590 1182 1181
f 1181 1182 1183
f 1181 1183 1184
f 1184 1183 1185
f 1185 1183 1186
f 1185 1186 1187
f 1188 1189 1190
f 1190 1189 1191
f 1186 1192 1187
f 1187 1192 1193
f 1187 1193 1194
f 1194 1193 1195
f 1194 1195 1196
f 1196 1195 1197
f 1196 1197 1198
f 1198 1197 1199
f 1198 1199 1200
f 1200 1199 1201
f 1200 1201 1202
f 1202 1201 1203
f 1202 1203 1204
f 1204 1203 1205
f 1204 1205 1206
f 1206 1205 1207
f 1206 1207 1208
f 1208 1207 1209
f 1208 1209 1210
f 1210 1209 1211
f 1210 1211 1191
f 1191 1211 1212
f 1191 1212 1190
f 484 1213 1214
f 484 1214 485
f 485 1214 1215
f 485 1215 486
f 486 1215 1216
f 486 1216 1217
f 1217 1216 1218
f 1217 1218 1219
f 1219 1218 1220
f 1219 1220 1221
f 1221 1220 1222
f 1221 1222 1188
f 1188 1222 1223
f 1188 1223 1189
f 1213 484 1224
f 1224 484 482
f 1224 482 1225
f 1225 482 480
f 1225 480 1226
f 480 478 1226
f 1226 478 477
f 1226 477 1227
f 1227 477 476
f 1227 476 1228
f 1228 476 474
f 1228 474 1229
f 1229 474 472
f 1229 472 1230
f 1230 472 470
f 1230 470 1231
f 1231 470 469
f 1231 469 1232
f 1232 469 467
f 1232 467 1233
f 1233 467 466
f 1233 466 1234
f 466 464 1234
f 1234 464 462
f 1234 462 1235
f 1235 462 460
f 1235 460 1236
f 1236 460 1237
f 1237 460 459
f 1237 459 412
f 412 459 456
f 412 456 377
f 377 456 378
f 378 456 446
f 378 446 380
f 380 446 448
f 380 448 382
f 588 562 1238
f 562 537 1239
f 537 512 1240
f 512 487 1241
f 487 486 1217
f 487 1217 1241
f 1241 1217 1219
f 1241 1219 1242
f 1219 1221 1242
f 1242 1221 1188
f 1242 1188 1243
f 1188 1190 1243
f 1243 1190 1212
f 1243 1212 1244
f 1244 1212 1211
f 1244 1211 1245
f 1245 1211 1209
f 1245 1209 1246
f 1246 1209 1207
f 1207 1205 1246
f 1246 1205 1203
f 1246 1203 1247
f 1247 1203 1201
f 1247 1201 1248
f 1248 1201 1199
f 1248 1199 1249
f 1249 1199 1197
f 1197 1195 1249
f 1249 1195 1193
f 1249 1193 1250
f 1250 1193 1192
f 1250 1192 1251
f 1192 1186 1251
f 1251 1186 1183
f 1251 1183 1252
f 589 1253 590
f 590 1253 1252
f 590 1252 1182
f 1182 1252 1183
f 608 1254 589
f 589 1254 1255
f 589 1255 1253
f 608 609 1254
f 1254 609 605
f 1254 605 1256
f 1256 605 606
f 1256 606 1257
f 1257 606 607
f 1257 607 1258
f 607 604 1258
f 1258 604 603
f 1258 603 1259
f 603 602 1259
f 1259 602 601
f 1259 601 1260
f 1260 601 600
f 1260 600 1261
f 1261 600 599
f 1261 599 1262
f 1262 599 598
f 598 597 1262
f 1262 597 596
f 1262 596 1263
f 1263 596 595
f 1263 595 1264
f 1264 595 594
f 1264 594 1265
f 1265 594 592
f 592 593 1265
f 1265 593 423
f 1265 423 421
f 512 1241 1240
f 1240 1241 1242
f 1240 1242 1266
f 1266 1242 1243
f 1266 1243 1267
f 1267 1243 1244
f 1267 1244 1268
f 1268 1244 1245
f 1268 1245 1269
f 1269 1245 1246
f 1269 1246 1270
f 1270 1246 1247
f 1270 1247 1271
f 1271 1247 1248
f 1271 1248 1272
f 1272 1248 1249
f 1272 1249 1273
f 1273 1249 1250
f 1273 1250 1274
f 1274 1250 1251
f 1274 1251 1275
f 1275 1251 1252
f 1275 1252 1276
f 1276 1252 1253
f 1276 1253 1277
f 1277 1253 1255
f 1277 1255 1278
f 1278 1255 1254
f 1278 1254 1279
f 1279 1254 1256
f 1279 1256 1280
f 1280 1256 1257
f 1280 1257 1281
f 1281 1257 1258
f 1281 1258 1282
f 1282 1258 1259
f 1282 1259 1283
f 1283 1259 1260
f 1283 1260 1284
f 1284 1260 1261
f 1284 1261 1285
f 1285 1261 1262
f 1285 1262 1286
f 1286 1262 1263
f 1286 1263 1287
f 1287 1263 1264
f 1287 1264 1288
f 1288 1264 1265
f 1288 1265 1289
f 1289 1265 421
f 1289 421 419
f 537 1240 1239
f 1239 1240 1266
f 1239 1266 1290
f 1290 1266 1267
f 1290 1267 1291
f 1291 1267 1268
f 1291 1268 1292
f 1292 1268 1269
f 1292 1269 1293
f 1293 1269 1270
f 1293 1270 1294
f 1294 1270 1271
f 1294 1271 1295
f 1295 1271 1272
f 1295 1272 1296
f 1296 1272 1273
f 1296 1273 1297
f 1297 1273 1274
f 1297 1274 1298
f 1298 1274 1275
f 1298 1275 1299
f 1299 1275 1276
f 1299 1276 1300
f 1300 1276 1277
f 1300 1277 1301
f 1301 1277 1278
f 1301 1278 1302
f 1302 1278 1279
f 1302 1279 1303
f 1303 1279 1280
f 1303 1280 1304
f 1304 1280 1281
f 1304 1281 1305
f 1305 1281 1282
f 1305 1282 1306
f 1306 1282 1283
f 1306 1283 1307
f 1307 1283 1284
f 1307 1284 1308
f 1308 1284 1285
f 1308 1285 1309
f 1309 1285 1286
f 1309 1286 1310
f 1310 1286 1287
f 1310 1287 1311
f 1311 1287 1288
f 1311 1288 1312
f 1312 1288 1289
f 1312 1289 1313
f 1313 1289 419
f 1313 419 417
f 562 1239 1238
f 1238 1239 1290
f 1238 1290 1314
f 1314 1290 1291
f 1314 1291 1315
f 1315 1291 1292
f 1315 1292 1316
f 1316 1292 1293
f 1316 1293 1317
f 1317 1293 1294
f 1317 1294 1318
f 1318 1294 1295
f 1318 1295 1319
f 1319 1295 1296
f 1319 1296 1320
f 1320 1296 1297
f 1320 1297 1321
f 1321 1297 1298
f 1321 1298 1322
f 1322 1298 1299
f 1322 1299 1323
f 1323 1299 1300
f 1323 1300 1324
f 1324 1300 1301
f 1324 1301 1325
f 1325 1301 1302
f 1325 1302 1326
f 1326 1302 1303
f 1326 1303 1327
f 1327 1303 1304
f 1327 1304 1328
f 1328 1304 1305
f 1328 1305 1329
f 1329 1305 1306
f 1329 1306 1330
f 1330 1306 1307
f 1330 1307 1331
f 1331 1307 1308
f 1331 1308 1332
f 1332 1308 1309
f 1332 1309 1333
f 1333 1309 1310
f 1333 1310 1334
f 1334 1310 1311
f 1334 1311 1335
f 1335 1311 1312
f 1335 1312 1336
f 1336 1312 1313
f 1336 1313 1337
f 1337 1313 417
f 1337 417 415
f 588 1238 1099
f 1099 1238 1314
f 1099 1314 1100
f 1100 1314 1315
f 1100 1315 1114
f 1114 1315 1316
f 1114 1316 1116
f 1116 1316 1317
f 1116 1317 1145
f 1145 1317 1318
f 1145 1318 1144
f 1144 1318 1319
f 1144 1319 1142
f 1142 1319 1320
f 1142 1320 1140
f 1140 1320 1321
f 1140 1321 1138
f 1138 1321 1322
f 1138 1322 1112
f 1112 1322 1323
f 1112 1323 1093
f 1093 1323 1324
f 1093 1324 1092
f 1092 1324 1325
f 1092 1325 1091
f 1091 1325 1326
f 1091 1326 1094
f 1094 1326 1327
f 1094 1327 1095
f 1095 1327 1328
f 1095 1328 1106
f 1106 1328 1329
f 1106 1329 1108
f 1108 1329 1330
f 1108 1330 1110
f 1110 1330 1331
f 1110 1331 1135
f 1135 1331 1332
f 1135 1332 1134
f 1134 1332 1333
f 1134 1333 1132
f 1132 1333 1334
f 1132 1334 1130
f 1130 1334 1335
f 1130 1335 1098
f 1098 1335 1336
f 1098 1336 1088
f 1088 1336 1337
f 1088 1337 1087
f 1087 1337 415
f 1087 415 414
f 712 316 315
f 712 315 715
f 315 1338 715
f 715 1338 1339
f 715 1339 724
f 724 1339 722
f 722 1339 1078
f 1078 1339 1340
f 1078 1340 1076
f 1076 1340 1341
f 1076 1341 1077
f 1077 1341 1342
f 1077 1342 1075
f 1059 1067 1343
f 1343 1067 1066
f 1343 1066 1344
f 1344 1066 1072
f 1344 1072 1345
f 1345 1072 1071
f 1345 1071 1342
f 1342 1071 1069
f 1342 1069 1075
f 1059 1343 1061
f 1061 1343 1346
f 1061 1346 1063
f 1063 1346 1347
f 1063 1347 1064
f 1064 1347 1348
f 1064 1348 1056
f 1349 1026 1350
f 1350 1026 1053
f 1350 1053 1348
f 1348 1053 1057
f 1348 1057 1056
f 1030 1029 1351
f 1351 1029 1031
f 1351 1031 1352
f 1352 1031 1024
f 1352 1024 1349
f 1349 1024 1025
f 1349 1025 1026
f 1030 1351 1035
f 1035 1351 1353
f 1035 1353 1034
f 1034 1353 1354
f 1034 1354 1046
f 1046 1354 1355
f 1046 1355 1047
f 1082 1044 1356
f 1356 1044 1042
f 1356 1042 1357
f 1357 1042 1052
f 1357 1052 1358
f 1358 1052 1051
f 1358 1051 1355
f 1355 1051 1049
f 1355 1049 1047
f 1082 1356 1083
f 1083 1356 1359
f 1083 1359 1085
f 1085 1359 1360
f 1085 1360 1086
f 1086 1360 1361
f 1086 1361 1080
f 1362 1038 1361
f 1361 1038 1037
f 1361 1037 1080
f 1232 1233 1363
f 1363 1233 1234
f 1363 1234 1364
f 1364 1234 1235
f 1364 1235 1365
f 1365 1235 1236
f 1365 1236 1366
f 1366 1236 1237
f 1366 1237 249
f 249 1237 412
f 1232 1363 1231
f 1231 1363 1367
f 1231 1367 1230
f 1230 1367 1368
f 1230 1368 1229
f 1229 1368 1369
f 1229 1369 1228
f 1370 1225 1371
f 1371 1225 1226
f 1371 1226 1369
f 1369 1226 1227
f 1369 1227 1228
f 1216 1215 1372
f 1372 1215 1214
f 1372 1214 1373
f 1373 1214 1213
f 1373 1213 1370
f 1370 1213 1224
f 1370 1224 1225
f 1216 1372 1218
f 1218 1372 1374
f 1218 1374 1220
f 1220 1374 1375
f 1220 1375 1222
f 1222 1375 1376
f 1222 1376 1223
f 1223 1376 1189
f 1189 1376 1377
f 1189 1377 1191
f 1200 1202 1378
f 1378 1202 1204
f 1378 1204 1379
f 1379 1204 1206
f 1379 1206 1380
f 1380 1206 1208
f 1380 1208 1377
f 1377 1208 1210
f 1377 1210 1191
f 1200 1378 1198
f 1198 1378 1381
f 1198 1381 1196
f 1196 1381 1382
f 1196 1382 1194
f 1194 1382 1383
f 1194 1383 1187
f 1187 1383 1384
f 1187 1384 1185
f 612 611 1385
f 1385 611 610
f 1385 610 1386
f 1386 610 591
f 1386 591 1387
f 1387 591 1181
f 1387 1181 1384
f 1384 1181 1184
f 1384 1184 1185
f 246 1038 247
f 247 1038 1362
f 247 1362 1388
f 1388 1362 1361
f 1388 1361 1389
f 1389 1361 1360
f 1389 1360 1390
f 1390 1360 1359
f 1390 1359 1391
f 1391 1359 1356
f 1391 1356 1392
f 1392 1356 1357
f 1392 1357 1393
f 1393 1357 1358
f 1393 1358 1394
f 1394 1358 1355
f 1394 1355 1395
f 1395 1355 1354
f 1395 1354 1396
f 1396 1354 1353
f 1396 1353 1397
f 1397 1353 1351
f 1397 1351 1398
f 1398 1351 1352
f 1398 1352 1399
f 1399 1352 1349
f 1399 1349 1400
f 1400 1349 1350
f 1400 1350 1401
f 1401 1350 1348
f 1401 1348 1402
f 1402 1348 1347
f 1402 1347 1403
f 1403 1347 1346
f 1403 1346 1404
f 1404 1346 1343
f 1404 1343 1405
f 1405 1343 1344
f 1405 1344 1406
f 1406 1344 1345
f 1406 1345 1407
f 1407 1345 1342
f 1407 1342 1408
f 1408 1342 1341
f 1408 1341 1409
f 1409 1341 1340
f 1409 1340 1410
f 1410 1340 1339
f 1410 1339 1411
f 1411 1339 1338
f 1411 1338 1412
f 1412 1338 315
f 1412 315 319
f 329 612 319
f 319 612 1385
f 319 1385 1412
f 1412 1385 1386
f 1412 1386 1411
f 1411 1386 1387
f 1411 1387 1410
f 1410 1387 1384
f 1410 1384 1409
f 1409 1384 1383
f 1409 1383 1408
f 1408 1383 1382
f 1408 1382 1407
f 1407 1382 1381
f 1407 1381 1406
f 1406 1381 1378
f 1406 1378 1405
f 1405 1378 1379
f 1405 1379 1404
f 1404 1379 1380
f 1404 1380 1403
f 1403 1380 1377
f 1403 1377 1402
f 1402 1377 1376
f 1402 1376 1401
f 1401 1376 1375
f 1401 1375 1400
f 1400 1375 1374
f 1400 1374 1399
f 1399 1374 1372
f 1399 1372 1398
f 1398 1372 1373
f 1398 1373 1397
f 1397 1373 1370
f 1397 1370 1396
f 1396 1370 1371
f 1396 1371 1395
f 1395 1371 1369
f 1395 1369 1394
f 1394 1369 1368
f 1394 1368 1393
f 1393 1368 1367
f 1393 1367 1392
f 1392 1367 1363
f 1392 1363 1391
f 1391 1363 1364
f 1391 1364 1390
f 1390 1364 1365
f 1390 1365 1389
f 1389 1365 1366
f 1389 1366 1388
f 1388 1366 249
f 1388 249 247
f 200 10 843
f 843 10 14
f 1413 833 832
f 832 837 1413
f 1413 837 835
f 1413 835 836
f 13 838 839
f 839 840 13
f 13 840 842
f 13 842 14
f 14 842 841
f 14 841 843
f 949 954 1414
f 33 947 34
f 34 947 946
f 34 946 28
f 28 946 945
f 28 945 951
f 949 1414 950
f 954 953 1414
f 1414 953 952
f 1414 952 1415
f 1415 952 957
f 861 860 30
f 30 860 863
f 30 863 31
f 31 863 862
f 31 862 33
f 33 862 948
f 33 948 947
f 1416 853 854
f 1416 854 1417
f 1417 854 857
f 1417 857 855
f 856 858 37
f 858 859 37
f 37 859 845
f 37 845 844
f 861 30 844
f 844 30 35
f 844 35 37
f 930 933 1418
f 929 928 52
f 52 928 927
f 927 926 52
f 52 926 932
f 52 932 931
f 933 935 1418
f 1418 935 934
f 1418 934 938
f 52 54 929
f 929 54 56
f 929 56 136
f 16 1419 17
f 17 1419 1413
f 17 1413 13
f 13 1413 836
f 13 836 838
f 25 1420 26
f 26 1420 1421
f 26 1421 22
f 22 1421 1422
f 22 1422 23
f 23 1422 1423
f 23 1423 19
f 19 1423 1424
f 19 1424 20
f 20 1424 1425
f 20 1425 16
f 16 1425 1426
f 16 1426 1419
f 951 950 28
f 28 950 1414
f 28 1414 29
f 29 1414 1427
f 29 1427 25
f 25 1427 1428
f 25 1428 1420
f 855 856 1417
f 1417 856 37
f 1417 37 1429
f 1429 37 39
f 1429 39 1430
f 1430 39 40
f 1430 40 1431
f 1431 40 42
f 931 930 52
f 52 930 1418
f 52 1418 51
f 51 1418 1432
f 51 1432 49
f 49 1432 1433
f 49 1433 48
f 48 1433 1434
f 48 1434 46
f 46 1434 1435
f 46 1435 45
f 45 1435 1436
f 45 1436 43
f 43 1436 1437
f 43 1437 42
f 42 1437 1438
f 42 1438 1431
f 1418 1090 1105
f 1418 938 1090
f 1090 938 939
f 1090 939 937
f 1111 1435 1109
f 1109 1435 1434
f 1109 1434 1107
f 1107 1434 1433
f 1107 1433 1105
f 1105 1433 1432
f 1105 1432 1418
f 1430 1431 1131
f 1131 1431 1438
f 1131 1438 1133
f 1133 1438 1437
f 1133 1437 1111
f 1111 1437 1436
f 1111 1436 1435
f 1128 851 852
f 1430 1131 1429
f 1429 1131 1129
f 1429 1129 1417
f 1417 1129 1128
f 1417 1128 1416
f 1416 1128 852
f 1416 852 853
f 1415 957 1089
f 1089 957 958
f 1089 958 956
f 1103 1420 1102
f 1102 1420 1428
f 1102 1428 1101
f 1101 1428 1427
f 1101 1427 1089
f 1089 1427 1414
f 1089 1414 1415
f 1423 1422 1103
f 1103 1422 1421
f 1103 1421 1420
f 1125 1424 1124
f 1124 1424 1423
f 1124 1423 1104
f 1104 1423 1103
f 1419 1426 1125
f 1125 1426 1425
f 1125 1425 1424
f 1127 831 834
f 1125 1126 1419
f 1419 1126 1127
f 1419 1127 1413
f 1413 1127 834
f 1413 834 833
f 188 1097 1146
f 188 198 1097
f 1097 198 980
f 1097 980 977
f 1122 233 1123
f 1123 233 231
f 1123 231 1147
f 1147 231 229
f 1147 229 1146
f 1146 229 227
f 1146 227 188
f 222 224 1120
f 1120 224 238
f 1120 238 1121
f 1121 238 237
f 1121 237 1122
f 1122 237 235
f 1122 235 233
f 1118 811 812
f 222 1120 220
f 220 1120 1119
f 220 1119 176
f 176 1119 1118
f 176 1118 173
f 173 1118 812
f 173 812 174
f 164 165 1096
f 1096 165 1007
f 1096 1007 1004
f 1117 205 1115
f 1115 205 219
f 1115 219 1113
f 1113 219 218
f 1113 218 1096
f 1096 218 153
f 1096 153 164
f 211 209 1117
f 1117 209 207
f 1117 207 205
f 1139 213 1141
f 1141 213 211
f 1141 211 1143
f 1143 211 1117
f 202 216 1139
f 1139 216 215
f 1139 215 213
f 1136 877 880
f 1139 1137 202
f 202 1137 1136
f 202 1136 139
f 139 1136 880
f 139 880 140
f 56 55 1439
f 1440 145 1439
f 1439 145 138
f 1439 138 56
f 1441 201 1440
f 1440 201 203
f 1440 203 145
f 1442 212 1441
f 1441 212 214
f 1441 214 201
f 1443 208 1442
f 1442 208 210
f 1442 210 212
f 1444 204 1443
f 1443 204 206
f 1443 206 208
f 1445 158 1444
f 1444 158 217
f 1444 217 204
f 168 170 1446
f 1446 170 154
f 1446 154 1445
f 1445 154 156
f 1445 156 158
f 168 1446 185
f 185 1446 1447
f 185 1447 181
f 181 1447 1448
f 181 1448 221
f 221 1448 223
f 223 1448 1449
f 223 1449 225
f 225 1449 236
f 236 1449 1450
f 236 1450 234
f 234 1450 232
f 232 1450 1451
f 232 1451 230
f 230 1451 228
f 228 1451 1452
f 228 1452 226
f 226 1452 191
f 191 1452 1453
f 191 1453 199
f 199 1453 8
f 199 8 10
f 1454 895 1455
f 1455 895 897
f 1455 897 1456
f 1456 897 899
f 1456 899 1457
f 1457 899 90
f 1457 90 2
f 1458 914 1459
f 1459 914 912
f 1459 912 1460
f 1460 912 910
f 1460 910 1461
f 1461 910 908
f 1461 908 1462
f 1462 908 907
f 1462 907 1463
f 1463 907 903
f 1463 903 1464
f 1464 903 901
f 1464 901 1454
f 1454 901 893
f 1454 893 895
f 919 917 1458
f 1458 917 915
f 1458 915 914
f 1458 1465 919
f 919 1465 1466
f 919 1466 921
f 921 1466 1467
f 921 1467 925
f 925 1467 1468
f 925 1468 923
f 64 923 65
f 65 923 1468
f 65 1468 135
f 120 135 1469
f 105 120 1470
f 55 105 1471
f 55 1471 1439
f 1439 1471 1472
f 1439 1472 1440
f 1440 1472 1473
f 1440 1473 1441
f 1441 1473 1474
f 1441 1474 1442
f 1442 1474 1475
f 1442 1475 1443
f 1443 1475 1476
f 1443 1476 1444
f 1444 1476 1477
f 1444 1477 1445
f 1445 1477 1478
f 1445 1478 1446
f 1446 1478 1479
f 1446 1479 1447
f 1447 1479 1480
f 1447 1480 1448
f 1448 1480 1481
f 1448 1481 1449
f 1449 1481 1482
f 1449 1482 1450
f 1450 1482 1483
f 1450 1483 1451
f 1451 1483 1484
f 1451 1484 1452
f 1452 1484 1485
f 1452 1485 1453
f 1453 1485 6
f 1453 6 8
f 105 1470 1471
f 1471 1470 1486
f 1471 1486 1472
f 1472 1486 1487
f 1472 1487 1473
f 1473 1487 1488
f 1473 1488 1474
f 1474 1488 1489
f 1474 1489 1475
f 1475 1489 1490
f 1475 1490 1476
f 1476 1490 1491
f 1476 1491 1477
f 1477 1491 1492
f 1477 1492 1478
f 1478 1492 1493
f 1478 1493 1479
f 1479 1493 1494
f 1479 1494 1480
f 1480 1494 1495
f 1480 1495 1481
f 1481 1495 1496
f 1481 1496 1482
f 1482 1496 1497
f 1482 1497 1483
f 1483 1497 1498
f 1483 1498 1484
f 1484 1498 1499
f 1484 1499 1485
f 1485 1499 4
f 1485 4 6
f 120 1469 1470
f 1470 1469 1500
f 1470 1500 1486
f 1486 1500 1501
f 1486 1501 1487
f 1487 1501 1502
f 1487 1502 1488
f 1488 1502 1503
f 1488 1503 1489
f 1489 1503 1504
f 1489 1504 1490
f 1490 1504 1505
f 1490 1505 1491
f 1491 1505 1506
f 1491 1506 1492
f 1492 1506 1507
f 1492 1507 1493
f 1493 1507 1508
f 1493 1508 1494
f 1494 1508 1509
f 1494 1509 1495
f 1495 1509 1510
f 1495 1510 1496
f 1496 1510 1511
f 1496 1511 1497
f 1497 1511 1512
f 1497 1512 1498
f 1498 1512 1513
f 1498 1513 1499
f 1499 1513 1
f 1499 1 4
f 135 1468 1469
f 1469 1468 1467
f 1469 1467 1500
f 1500 1467 1466
f 1500 1466 1501
f 1501 1466 1465
f 1501 1465 1502
f 1502 1465 1458
f 1502 1458 1503
f 1503 1458 1459
f 1503 1459 1504
f 1504 1459 1460
f 1504 1460 1505
f 1505 1460 1461
f 1505 1461 1506
f 1506 1461 1462
f 1506 1462 1507
f 1507 1462 1463
f 1507 1463 1508
f 1508 1463 1464
f 1508 1464 1509
f 1509 1464 1454
f 1509 1454 1510
f 1510 1454 1455
f 1510 1455 1511
f 1511 1455 1456
f 1511 1456 1512
f 1512 1456 1457
f 1512 1457 1513
f 1513 1457 2
f 1513 2 1

