# https://github.com/mikedh/trimesh
v -0.00110731 -0.00121741 -0.00028351
v -0.00082282 -0.00124393 -0.00028968
v -0.00082282 -0.00114491 -0.00056608
v -0.00110731 0.00042527 0.00117546
v -0.00082282 0.00043454 0.00120106
v -0.00082282 0.00034541 0.00122966
v -0.00045054 -0.00047678 -0.00131781
v -0.00082282 -0.00043452 -0.00120102
v -0.00082282 -0.00052132 -0.00116597
v -0.00012322 -0.00055044 -0.00152140
v -0.00045054 -0.00057201 -0.00127935
v 0.00013673 -0.00065046 -0.00179786
v -0.00012322 -0.00066038 -0.00147700
v 0.00031153 -0.00077000 -0.00212827
v 0.00013673 -0.00078038 -0.00174540
v 0.00037810 -0.00086456 -0.00238963
v 0.00031153 -0.00092380 -0.00206616
v 0.00037810 -0.00176177 -0.00183138
v 0.00037810 -0.00153960 -0.00202174
v 0.00031153 -0.00137121 -0.00180062
v 0.00037810 -0.00137995 -0.00213390
v 0.00037810 -0.00103725 -0.00231989
v 0.00037810 -0.00196059 -0.00161675
v 0.00031153 -0.00174615 -0.00143992
v 0.00037810 -0.00207885 -0.00146157
v 0.00031153 -0.00202883 -0.00100314
v 0.00037810 -0.00227798 -0.00112633
v 0.00037810 -0.00231954 -0.00103805
v 0.00031153 -0.00220430 -0.00051335
v 0.00037810 -0.00247500 -0.00057639
v 0.00037810 -0.00253951 -0.00009355
v 0.00031153 -0.00226329 0.00000357
v 0.00037810 -0.00254123 0.00000401
v 0.00037810 -0.00251071 0.00039273
v 0.00031153 -0.00220268 0.00052030
v 0.00037810 -0.00247318 0.00058420
v 0.00031153 -0.00174163 0.00144544
v 0.00037810 -0.00218077 0.00130467
v 0.00031153 -0.00202567 0.00100954
v 0.00037810 -0.00227444 0.00113351
v 0.00037810 -0.00238964 0.00086458
v 0.00031153 -0.00136555 0.00180495
v 0.00037810 -0.00189177 0.00169681
v 0.00037810 -0.00195551 0.00162294
v 0.00031153 -0.00091731 0.00206909
v 0.00037810 -0.00111839 0.00228193
v 0.00037810 -0.00153325 0.00202660
v 0.00037810 -0.00018213 0.00253473
v 0.00037810 -0.00047226 0.00249699
v 0.00031153 -0.00042060 0.00222389
v 0.00037810 -0.00066243 0.00245340
v 0.00037810 -0.00102997 0.00232318
v 0.00037810 0.00011041 0.00253886
v 0.00031153 0.00009833 0.00226118
v 0.00037810 0.00030486 0.00252291
v 0.00031153 0.00061207 0.00217899
v 0.00037810 0.00068724 0.00244657
v 0.00031153 0.00077001 0.00212831
v 0.00037810 0.00086457 0.00238967
v -0.00110731 0.00033805 0.00120345
v -0.00082282 0.00005549 0.00127604
v -0.00110731 0.00005431 0.00124884
v -0.00082282 -0.00023735 0.00125500
v -0.00110731 -0.00023229 0.00122825
v -0.00082282 -0.00051766 0.00116764
v -0.00110731 -0.00050662 0.00114275
v -0.00082282 -0.00077061 0.00101858
v -0.00110731 -0.00075418 0.00099687
v -0.00110731 -0.00088941 0.00087833
v -0.00082282 -0.00098283 0.00081570
v -0.00110731 -0.00096188 0.00079831
v -0.00082282 -0.00114313 0.00056971
v -0.00110731 -0.00111876 0.00055757
v -0.00110731 -0.00117543 0.00042529
v -0.00082282 -0.00124301 0.00029363
v -0.00110731 -0.00121652 0.00028737
v -0.00082282 -0.00127722 0.00000202
v -0.00110731 -0.00124999 0.00000198
v -0.00110731 -0.00124550 -0.00010588
v -0.00110731 -0.00096438 -0.00079525
v -0.00110731 -0.00108675 -0.00061760
v -0.00110731 -0.00112050 -0.00055402
v -0.00082282 -0.00098539 -0.00081257
v -0.00082282 -0.00077380 -0.00101612
v -0.00110731 -0.00075730 -0.00099445
v -0.00110731 -0.00051020 -0.00114111
v -0.00110731 -0.00042526 -0.00117541
v 0.00013673 -0.00115833 -0.00152108
v 0.00013673 -0.00147507 -0.00121638
v 0.00013673 -0.00171387 -0.00084741
v 0.00013673 -0.00186209 -0.00043365
v 0.00013673 -0.00191192 0.00000302
v 0.00013673 -0.00186072 0.00043953
v 0.00013673 -0.00171120 0.00085282
v 0.00013673 -0.00147125 0.00122104
v 0.00013673 -0.00115356 0.00152475
v 0.00013673 -0.00077491 0.00174788
v 0.00013673 -0.00035531 0.00187865
v 0.00013673 0.00008307 0.00191015
v 0.00013673 0.00051705 0.00184072
v 0.00013673 0.00065047 0.00179791
v -0.00012322 -0.00098022 -0.00128718
v -0.00012322 -0.00124825 -0.00102933
v -0.00012322 -0.00145032 -0.00071710
v -0.00012322 -0.00157576 -0.00036696
v -0.00012322 -0.00161793 0.00000256
v -0.00012322 -0.00157460 0.00037195
v -0.00012322 -0.00144807 0.00072168
v -0.00012322 -0.00124501 0.00103329
v -0.00012322 -0.00097617 0.00129029
v -0.00012322 -0.00065575 0.00147911
v -0.00012322 -0.00030067 0.00158977
v -0.00012322 0.00007030 0.00161643
v -0.00012322 0.00043755 0.00155767
v -0.00012322 0.00055045 0.00152144
v -0.00045054 -0.00084904 -0.00111493
v -0.00045054 -0.00108121 -0.00089159
v -0.00045054 -0.00125624 -0.00062113
v -0.00045054 -0.00136489 -0.00031786
v -0.00045054 -0.00140142 0.00000222
v -0.00045054 -0.00136389 0.00032218
v -0.00045054 -0.00125429 0.00062511
v -0.00045054 -0.00107841 0.00089502
v -0.00045054 -0.00084554 0.00111763
v -0.00045054 -0.00056800 0.00128118
v -0.00045054 -0.00026043 0.00137703
v -0.00045054 0.00006089 0.00140012
v -0.00045054 0.00037900 0.00134923
v -0.00045054 0.00047679 0.00131785
v 0.00100634 0.00335832 0.00615493
v 0.00097477 0.00342074 0.00586186
v 0.00100634 0.00348764 0.00608258
v 0.00100634 0.00380743 0.00588769
v 0.00094160 0.00341970 0.00558748
v 0.00090332 0.00335755 0.00530541
v 0.00089859 0.00334611 0.00527283
v 0.00086644 0.00324824 0.00506382
v 0.00082413 0.00306955 0.00482079
v 0.00037810 0.00137997 0.00213394
v 0.00081705 0.00303421 0.00478366
v 0.00078716 0.00286568 0.00463813
v 0.00075191 0.00261632 0.00449529
v 0.00074382 0.00254839 0.00446797
v 0.00068753 0.00161364 0.00446011
v 0.00068980 0.00179643 0.00440719
v 0.00037810 0.00103726 0.00231994
v 0.00070053 0.00205116 0.00437905
v 0.00072398 0.00235711 0.00441231
v 0.00100634 0.00687889 -0.00135723
v 0.00100634 0.00690604 -0.00121155
v 0.00098612 0.00676232 -0.00119833
v 0.00100634 0.00700653 -0.00026415
v 0.00097323 0.00668378 -0.00111387
v 0.00081705 0.00561766 -0.00072894
v 0.00083923 0.00577712 -0.00072530
v 0.00100634 0.00700675 0.00025819
v 0.00087943 0.00606039 -0.00076588
v 0.00089850 0.00619200 -0.00080618
v 0.00091636 0.00631340 -0.00085684
v 0.00095510 0.00656921 -0.00101352
v 0.00037810 0.00251072 -0.00039269
v 0.00070869 0.00475878 -0.00114114
v 0.00073446 0.00498662 -0.00095381
v 0.00074416 0.00506608 -0.00090383
v 0.00076457 0.00522678 -0.00082376
v 0.00037810 0.00254124 -0.00000396
v 0.00080327 0.00551710 -0.00074121
v 0.00037810 0.00253952 0.00009359
v 0.00074382 0.00446796 -0.00254837
v 0.00072398 0.00441230 -0.00235708
v 0.00037810 0.00218079 -0.00130463
v 0.00070053 0.00437904 -0.00205113
v 0.00068980 0.00440718 -0.00179640
v 0.00069314 0.00458767 -0.00135285
v 0.00037810 0.00247319 -0.00058415
v 0.00068753 0.00446009 -0.00161362
v 0.00037810 0.00238966 -0.00086454
v 0.00037810 0.00227445 -0.00113347
v 0.00086644 0.00506381 -0.00324821
v 0.00100634 0.00521958 -0.00468156
v 0.00089859 0.00527282 -0.00334608
v 0.00090332 0.00530540 -0.00335752
v 0.00082413 0.00482077 -0.00306952
v 0.00081705 0.00478365 -0.00303418
v 0.00078716 0.00463812 -0.00286565
v 0.00094160 0.00558747 -0.00341967
v 0.00100634 0.00555362 -0.00428000
v 0.00097477 0.00586185 -0.00342071
v 0.00100634 0.00608257 -0.00348762
v 0.00100634 0.00615491 -0.00335829
v 0.00069314 -0.00135287 -0.00458764
v 0.00070869 -0.00114115 -0.00475875
v 0.00037810 -0.00030484 -0.00252287
v 0.00073446 -0.00095382 -0.00498659
v 0.00074416 -0.00090385 -0.00506605
v 0.00076457 -0.00082377 -0.00522675
v 0.00080327 -0.00074122 -0.00551707
v 0.00081705 -0.00072895 -0.00561763
v 0.00083923 -0.00072531 -0.00577709
v 0.00087943 -0.00076590 -0.00606036
v 0.00100634 -0.00084110 -0.00696085
v 0.00089850 -0.00080620 -0.00619197
v 0.00091636 -0.00085685 -0.00631337
v 0.00095510 -0.00101353 -0.00656918
v 0.00097323 -0.00111388 -0.00668375
v 0.00098612 -0.00119835 -0.00676229
v 0.00100634 -0.00121156 -0.00690601
v 0.00100634 -0.00135724 -0.00687886
v 0.00037810 -0.00068722 -0.00244653
v 0.00068753 -0.00161363 -0.00446007
v 0.00100634 0.00428003 0.00555363
v 0.00037810 0.00153961 0.00202178
v 0.00100634 0.00486090 0.00505303
v 0.00037810 0.00176178 0.00183143
v 0.00100634 0.00499339 0.00492215
v 0.00037810 0.00196061 0.00161680
v 0.00100634 0.00561455 0.00419978
v 0.00100634 0.00573575 0.00403268
v 0.00037810 0.00207886 0.00146162
v 0.00100634 0.00613206 0.00339988
v 0.00037810 0.00227800 0.00112637
v 0.00100634 0.00639984 0.00286416
v 0.00037810 0.00231956 0.00103810
v 0.00100634 0.00653635 0.00253721
v 0.00037810 0.00247501 0.00057643
v 0.00100634 0.00681997 0.00162769
v 0.00100634 0.00697766 0.00068812
v 0.00037810 0.00153326 -0.00202656
v 0.00100634 0.00492213 -0.00499336
v 0.00037810 0.00189178 -0.00169677
v 0.00037810 0.00195552 -0.00162290
v 0.00075191 0.00449527 -0.00261629
v 0.00037810 0.00111840 -0.00228189
v 0.00100634 0.00339987 -0.00613203
v 0.00100634 0.00419977 -0.00561453
v 0.00037810 0.00018215 -0.00253468
v 0.00100634 0.00068811 -0.00697763
v 0.00037810 0.00047227 -0.00249695
v 0.00100634 0.00162768 -0.00681994
v 0.00037810 0.00066245 -0.00245336
v 0.00100634 0.00182773 -0.00676907
v 0.00037810 0.00102998 -0.00232314
v 0.00100634 0.00253719 -0.00653632
v 0.00100634 0.00308575 -0.00629595
v 0.00037810 -0.00011039 -0.00253882
v 0.00100634 -0.00026417 -0.00700650
v 0.00100634 0.00050255 -0.00699345
v -0.01072813 0.00303155 0.00837921
v -0.01099681 0.00298550 0.00825191
v -0.01099681 0.00192772 0.00856102
v -0.01121305 0.00291434 0.00805522
v -0.01135730 0.00282452 0.00780696
v -0.01135730 0.00182377 0.00809940
v -0.01072813 0.00195746 0.00869309
v -0.01043855 0.00304830 0.00842548
v -0.01043855 0.00196827 0.00874110
v -0.01043855 -0.00157284 0.00882083
v -0.01043855 -0.00138776 0.00885183
v -0.01072813 -0.00138014 0.00880322
v -0.01043855 -0.00026739 0.00895597
v -0.01072813 -0.00026592 0.00890678
v -0.01043855 -0.00001722 0.00895994
v -0.01072813 0.00085249 0.00886987
v -0.01043855 0.00085720 0.00891886
v -0.01043855 0.00153892 0.00882681
v -0.01043855 -0.00248625 0.00860810
v -0.01072813 -0.00247259 0.00856082
v -0.01043855 -0.00308066 0.00841370
v -0.01072813 -0.00352605 0.00818342
v -0.01043855 -0.00354553 0.00822861
v -0.01043855 -0.00449489 0.00775093
v -0.01072813 -0.00452390 0.00767696
v -0.01043855 -0.00454889 0.00771936
v -0.01072813 -0.00545041 0.00704943
v -0.01043855 -0.00548051 0.00708836
v -0.01072813 -0.00766273 0.00454796
v -0.01043855 -0.00707113 0.00550272
v -0.01072813 -0.00703229 0.00547250
v -0.01043855 -0.00687478 0.00574615
v -0.01072813 -0.00629096 0.00631072
v -0.01043855 -0.00632570 0.00634558
v -0.01043855 -0.00577253 0.00685264
v -0.01072813 -0.00817232 0.00355171
v -0.01043855 -0.00776815 0.00446506
v -0.01043855 -0.00770505 0.00457308
v -0.01072813 -0.00855302 0.00249944
v -0.01043855 -0.00842548 0.00304830
v -0.01043855 -0.00821745 0.00357132
v -0.01043855 -0.00895994 -0.00001722
v -0.01043855 -0.00895508 0.00029549
v -0.01072813 -0.00890590 0.00029386
v -0.01043855 -0.00884744 0.00141553
v -0.01072813 -0.00879884 0.00140775
v -0.01043855 -0.00882681 0.00153892
v -0.01043855 -0.00860026 0.00251324
v -0.01043855 -0.00892150 -0.00082921
v -0.01072813 -0.00887250 -0.00082466
v -0.01043855 -0.00882083 -0.00157284
v -0.01072813 -0.00869918 -0.00193017
v -0.01043855 -0.00874723 -0.00194084
v -0.01072813 -0.00838867 -0.00300525
v -0.01043855 -0.00843500 -0.00302185
v -0.01043855 -0.00841370 -0.00308066
v -0.01072813 -0.00794587 -0.00403293
v -0.01043855 -0.00798975 -0.00405521
v -0.01043855 -0.00574615 -0.00687478
v -0.01043855 -0.00593586 -0.00671166
v -0.01072813 -0.00590326 -0.00667480
v -0.01043855 -0.00673025 -0.00591478
v -0.01072813 -0.00669328 -0.00588229
v -0.01043855 -0.00685264 -0.00577253
v -0.01072813 -0.00737775 -0.00499701
v -0.01043855 -0.00741850 -0.00502461
v -0.01043855 -0.00775093 -0.00449489
v -0.01043855 -0.00504786 -0.00740270
v -0.01072813 -0.00502013 -0.00736204
v -0.01043855 -0.00446506 -0.00776815
v -0.01072813 -0.00405784 -0.00793318
v -0.01043855 -0.00408025 -0.00797699
v -0.01072813 -0.00303155 -0.00837920
v -0.01043855 -0.00304830 -0.00842548
v -0.01121305 0.00188177 0.00835697
v -0.01121305 0.00081953 0.00852692
v -0.01135730 0.00116230 0.00822044
v -0.01135730 0.00079427 0.00826412
v -0.01135730 -0.00024776 0.00829850
v -0.01121305 -0.00025564 0.00856240
v -0.01135730 -0.00034379 0.00829508
v -0.01121305 -0.00132678 0.00846284
v -0.01135730 -0.00128589 0.00820201
v -0.01121305 -0.00237699 0.00822982
v -0.01135730 -0.00183854 0.00809607
v -0.01135730 -0.00230373 0.00797617
v -0.01135730 -0.00328524 0.00762454
v -0.01121305 -0.00338972 0.00786701
v -0.01135730 -0.00421495 0.00715267
v -0.01121305 -0.00434898 0.00738013
v -0.01135730 -0.00459876 0.00691215
v -0.01121305 -0.00523967 0.00677686
v -0.01135730 -0.00507818 0.00656800
v -0.01121305 -0.00604772 0.00606672
v -0.01135730 -0.00577318 0.00596631
v -0.01135730 -0.00586132 0.00587974
v -0.01135730 -0.00655203 0.00509876
v -0.01121305 -0.00676039 0.00526090
v -0.01135730 -0.00675714 0.00482364
v -0.01121305 -0.00736645 0.00437212
v -0.01135730 -0.00713941 0.00423737
v -0.01121305 -0.00785633 0.00341438
v -0.01135730 -0.00751819 0.00352184
v -0.01135730 -0.00761420 0.00330915
v -0.01135730 -0.00796890 0.00232874
v -0.01121305 -0.00822232 0.00240280
v -0.01135730 -0.00803121 0.00210385
v -0.01121305 -0.00845863 0.00135332
v -0.01135730 -0.00819794 0.00131161
v -0.01121305 -0.00856155 0.00028250
v -0.01135730 -0.00827928 0.00061646
v -0.01135730 -0.00829768 0.00027380
v -0.01135730 -0.00826657 -0.00076834
v -0.01121305 -0.00852945 -0.00079277
v -0.01135730 -0.00825422 -0.00089127
v -0.01121305 -0.00836283 -0.00185554
v -0.01135730 -0.00810508 -0.00179836
v -0.01121305 -0.00806432 -0.00288905
v -0.01135730 -0.00795685 -0.00236959
v -0.01135730 -0.00781578 -0.00280001
v -0.01135730 -0.00740321 -0.00375751
v -0.01121305 -0.00763864 -0.00387700
v -0.01135730 -0.00687390 -0.00465575
v -0.01121305 -0.00709249 -0.00480380
v -0.01135730 -0.00659310 -0.00504554
v -0.01121305 -0.00643449 -0.00565485
v -0.01135730 -0.00623617 -0.00548057
v -0.01121305 -0.00567501 -0.00641671
v -0.01135730 -0.00557171 -0.00615487
v -0.01135730 -0.00550010 -0.00621895
v -0.01135730 -0.00467729 -0.00685926
v -0.01121305 -0.00482603 -0.00707738
v -0.01135730 -0.00436651 -0.00706116
v -0.01121305 -0.00390094 -0.00762644
v -0.01135730 -0.00378072 -0.00739139
v -0.01135730 -0.00282452 -0.00780696
v -0.01121305 -0.00291434 -0.00805522
v -0.01099681 0.00083954 0.00873512
v -0.01099681 -0.00026188 0.00877146
v -0.01099681 -0.00135917 0.00866947
v -0.01099681 -0.00243503 0.00843076
v -0.01099681 -0.00347248 0.00805909
v -0.01099681 -0.00445517 0.00756033
v -0.01099681 -0.00536760 0.00694233
v -0.01099681 -0.00619538 0.00621485
v -0.01099681 -0.00692546 0.00538936
v -0.01099681 -0.00754631 0.00447887
v -0.01099681 -0.00804816 0.00349775
v -0.01099681 -0.00842308 0.00246147
v -0.01099681 -0.00866517 0.00138636
v -0.01099681 -0.00877060 0.00028940
v -0.01099681 -0.00873771 -0.00081213
v -0.01099681 -0.00856702 -0.00190085
v -0.01099681 -0.00826123 -0.00295960
v -0.01099681 -0.00782515 -0.00397166
v -0.01099681 -0.00726566 -0.00492110
v -0.01099681 -0.00659160 -0.00579292
v -0.01099681 -0.00581357 -0.00657339
v -0.01099681 -0.00494387 -0.00725019
v -0.01099681 -0.00399619 -0.00781265
v -0.01099681 -0.00298550 -0.00825190
v 0.00102095 -0.00769095 0.00278255
v 0.00097070 -0.00798528 0.00288903
v 0.00097070 -0.00827529 0.00190545
v 0.00082501 -0.00825003 0.00298482
v 0.00082501 -0.00854966 0.00196863
v 0.00059851 -0.00845860 0.00306028
v 0.00059851 -0.00876580 0.00201839
v 0.00031398 -0.00859002 0.00310783
v 0.00031398 -0.00890200 0.00204975
v -0.00000001 -0.00863109 0.00312269
v -0.00000001 -0.00894456 0.00205956
v -0.00000001 -0.00904222 0.00157647
v 0.00031398 -0.00908416 0.00096179
v -0.00000001 -0.00912760 0.00096639
v -0.00000001 -0.00917860 -0.00001764
v 0.00031398 -0.00913386 -0.00014020
v -0.00000001 -0.00917753 -0.00014087
v -0.00000001 -0.00909364 -0.00124607
v 0.00031398 -0.00905036 -0.00124014
v -0.00000001 -0.00903609 -0.00161122
v 0.00031398 -0.00883489 -0.00232200
v -0.00000001 -0.00887714 -0.00233310
v 0.00031398 -0.00849059 -0.00337000
v -0.00000001 -0.00861903 -0.00315584
v -0.00000001 -0.00853119 -0.00338611
v -0.00000001 -0.00806084 -0.00438974
v 0.00031398 -0.00802248 -0.00436885
v -0.00000001 -0.00794008 -0.00460458
v 0.00031398 -0.00743738 -0.00530400
v -0.00000001 -0.00747294 -0.00532936
v 0.00031398 -0.00674382 -0.00616181
v -0.00000001 -0.00701987 -0.00591340
v -0.00000001 -0.00677607 -0.00619127
v -0.00000001 -0.00598039 -0.00696289
v 0.00031398 -0.00595193 -0.00692976
v -0.00000001 -0.00588637 -0.00704255
v 0.00031398 -0.00507324 -0.00759666
v -0.00000001 -0.00509750 -0.00763298
v 0.00031398 -0.00412058 -0.00815278
v -0.00000001 -0.00457402 -0.00795772
v -0.00000001 -0.00414028 -0.00819177
v -0.00000001 -0.00312269 -0.00863109
v 0.00031398 -0.00310783 -0.00859002
v -0.00000001 -0.00205956 -0.00894456
v 0.00031398 -0.00204975 -0.00890200
v -0.00000001 -0.00157647 -0.00904222
v 0.00031398 -0.00096179 -0.00908416
v -0.00000001 -0.00096639 -0.00912760
v -0.00000001 0.00001764 -0.00917860
v 0.00031398 0.00014020 -0.00913386
v -0.00000001 0.00014087 -0.00917753
v -0.00000001 0.00124607 -0.00909364
v 0.00031398 0.00124014 -0.00905036
v -0.00000001 0.00161122 -0.00903609
v 0.00031398 0.00232200 -0.00883489
v -0.00000001 0.00233310 -0.00887714
v 0.00031398 0.00337000 -0.00849059
v -0.00000001 0.00315584 -0.00861903
v -0.00000001 0.00338611 -0.00853119
v -0.00000001 0.00438974 -0.00806084
v 0.00031398 0.00436885 -0.00802248
v -0.00000001 0.00460458 -0.00794008
v 0.00031398 0.00530400 -0.00743738
v -0.00000001 0.00532936 -0.00747294
v 0.00031398 0.00616181 -0.00674382
v -0.00000001 0.00591340 -0.00701987
v -0.00000001 0.00619127 -0.00677607
v -0.00000001 0.00696289 -0.00598039
v 0.00031398 0.00692976 -0.00595193
v -0.00000001 0.00704255 -0.00588637
v 0.00031398 0.00759666 -0.00507324
v -0.00000001 0.00763298 -0.00509750
v 0.00031398 0.00815278 -0.00412058
v -0.00000001 0.00795772 -0.00457402
v -0.00000001 0.00819177 -0.00414028
v -0.00000001 0.00863109 -0.00312269
v 0.00031398 0.00859002 -0.00310783
v 0.00059851 -0.00894518 0.00094708
v 0.00059851 -0.00899411 -0.00013805
v 0.00059851 -0.00891190 -0.00122116
v 0.00059851 -0.00869972 -0.00228647
v 0.00059851 -0.00836069 -0.00331844
v 0.00059851 -0.00789974 -0.00430201
v 0.00059851 -0.00732359 -0.00522285
v 0.00059851 -0.00664065 -0.00606753
v 0.00059851 -0.00586087 -0.00682373
v 0.00059851 -0.00499563 -0.00748043
v 0.00059851 -0.00405754 -0.00802805
v 0.00059851 -0.00306028 -0.00845859
v 0.00059851 -0.00201839 -0.00876580
v 0.00059851 -0.00094708 -0.00894518
v 0.00059851 0.00013805 -0.00899411
v 0.00059851 0.00122116 -0.00891190
v 0.00059851 0.00228647 -0.00869972
v 0.00059851 0.00331844 -0.00836069
v 0.00059851 0.00430201 -0.00789974
v 0.00059851 0.00522285 -0.00732359
v 0.00059851 0.00606753 -0.00664065
v 0.00059851 0.00682373 -0.00586087
v 0.00059851 0.00748043 -0.00499563
v 0.00059851 0.00802805 -0.00405754
v 0.00059851 0.00845860 -0.00306028
v 0.00082501 -0.00872461 0.00092372
v 0.00082501 -0.00877234 -0.00013465
v 0.00082501 -0.00869215 -0.00119105
v 0.00082501 -0.00848521 -0.00223009
v 0.00082501 -0.00815454 -0.00323661
v 0.00082501 -0.00770495 -0.00419593
v 0.00082501 -0.00714301 -0.00509407
v 0.00082501 -0.00647691 -0.00591792
v 0.00082501 -0.00571635 -0.00665548
v 0.00082501 -0.00487245 -0.00729598
v 0.00082501 -0.00395749 -0.00783010
v 0.00082501 -0.00298482 -0.00825003
v 0.00082501 -0.00196863 -0.00854966
v 0.00082501 -0.00092372 -0.00872461
v 0.00082501 0.00013465 -0.00877234
v 0.00082501 0.00119105 -0.00869215
v 0.00082501 0.00223009 -0.00848521
v 0.00082501 0.00323661 -0.00815454
v 0.00082501 0.00419593 -0.00770495
v 0.00082501 0.00509407 -0.00714301
v 0.00082501 0.00591792 -0.00647691
v 0.00082501 0.00665548 -0.00571635
v 0.00082501 0.00729598 -0.00487245
v 0.00082501 0.00783010 -0.00395749
v 0.00082501 0.00825003 -0.00298482
v 0.00097070 -0.00844463 0.00089408
v 0.00097070 -0.00849083 -0.00013033
v 0.00097070 -0.00841322 -0.00115283
v 0.00097070 -0.00821291 -0.00215853
v 0.00097070 -0.00789285 -0.00313275
v 0.00097070 -0.00745769 -0.00406128
v 0.00097070 -0.00691378 -0.00493060
v 0.00097070 -0.00626906 -0.00572801
v 0.00097070 -0.00553291 -0.00644190
v 0.00097070 -0.00471609 -0.00706185
v 0.00097070 -0.00383049 -0.00757882
v 0.00097070 -0.00288903 -0.00798528
v 0.00097070 -0.00190545 -0.00827529
v 0.00097070 -0.00089408 -0.00844463
v 0.00097070 0.00013033 -0.00849083
v 0.00097070 0.00115283 -0.00841322
v 0.00097070 0.00215853 -0.00821291
v 0.00097070 0.00313275 -0.00789285
v 0.00097070 0.00406128 -0.00745769
v 0.00097070 0.00493060 -0.00691378
v 0.00097070 0.00572801 -0.00626906
v 0.00097070 0.00644190 -0.00553291
v 0.00097070 0.00706185 -0.00471609
v 0.00097070 0.00757882 -0.00383049
v 0.00097070 0.00798528 -0.00288903
v 0.00102095 -0.00797028 0.00183522
v 0.00102095 -0.00813337 0.00086113
v 0.00102095 -0.00817787 -0.00012552
v 0.00102095 -0.00810311 -0.00111034
v 0.00102095 -0.00791020 -0.00207897
v 0.00102095 -0.00760193 -0.00301728
v 0.00102095 -0.00718281 -0.00391159
v 0.00102095 -0.00665895 -0.00474886
v 0.00102095 -0.00603799 -0.00551689
v 0.00102095 -0.00532898 -0.00620446
v 0.00102095 -0.00454226 -0.00680156
v 0.00102095 -0.00368930 -0.00729948
v 0.00102095 -0.00278255 -0.00769095
v 0.00102095 -0.00183522 -0.00797028
v 0.00102095 -0.00086113 -0.00813337
v 0.00102095 0.00012552 -0.00817787
v 0.00102095 0.00111034 -0.00810311
v 0.00102095 0.00207897 -0.00791020
v 0.00102095 0.00301728 -0.00760193
v 0.00102095 0.00391159 -0.00718281
v 0.00102095 0.00474886 -0.00665895
v 0.00102095 0.00551689 -0.00603799
v 0.00102095 0.00620446 -0.00532898
v 0.00102095 0.00680156 -0.00454226
v 0.00102095 0.00729948 -0.00368930
v 0.00102095 0.00769095 -0.00278255
v -0.00000001 0.00312269 0.00863109
v -0.00000001 0.00205956 0.00894456
v -0.00000001 0.00157647 0.00904222
v -0.00000001 0.00096639 0.00912760
v -0.00000001 -0.00001764 0.00917860
v -0.00000001 -0.00014087 0.00917753
v -0.00000001 -0.00124607 0.00909364
v -0.00000001 -0.00161122 0.00903609
v -0.00000001 -0.00233310 0.00887714
v -0.00000001 -0.00315584 0.00861903
v -0.00000001 -0.00338611 0.00853119
v -0.00000001 -0.00438974 0.00806084
v -0.00000001 -0.00460458 0.00794008
v -0.00000001 -0.00532936 0.00747294
v -0.00000001 -0.00591340 0.00701987
v -0.00000001 -0.00619127 0.00677607
v -0.00000001 -0.00696289 0.00598039
v -0.00000001 -0.00704255 0.00588637
v -0.00000001 -0.00763298 0.00509750
v -0.00000001 -0.00795772 0.00457402
v -0.00000001 -0.00819177 0.00414028
v -0.01383837 -0.00008789 -0.00145380
v -0.01383837 0.00033353 -0.00141773
v -0.01382940 0.00033442 -0.00147268
v -0.01382793 0.00008846 -0.00151165
v -0.01382781 0.00006271 -0.00151328
v -0.01382681 -0.00021242 -0.00150236
v -0.01382956 0.00083627 -0.00125694
v -0.01383056 0.00066143 -0.00135407
v -0.01383837 0.00072682 -0.00126211
v -0.01383080 0.00059383 -0.00138435
v -0.01382982 0.00039014 -0.00145773
v -0.01383836 0.00105881 -0.00100004
v -0.01382720 0.00114469 -0.00099433
v -0.01382790 0.00105302 -0.00108825
v -0.01382901 0.00091223 -0.00120485
v -0.01382687 0.00143592 -0.00048977
v -0.01383836 0.00130150 -0.00065364
v -0.01382721 0.00146672 -0.00038421
v -0.01383836 0.00143443 -0.00025211
v -0.01382807 0.00150186 -0.00018995
v -0.01382652 0.00137472 -0.00064397
v -0.01382642 0.00131685 -0.00075591
v -0.01382660 0.00123540 -0.00088190
v -0.01383836 0.00144639 0.00017068
v -0.01383004 0.00150391 0.00011643
v -0.01382851 0.00150848 -0.00011230
v -0.01382875 0.00134713 0.00068655
v -0.01383018 0.00143799 0.00045430
v -0.01383836 0.00133638 0.00057909
v -0.01383029 0.00144499 0.00043036
v -0.01383040 0.00149873 0.00016175
v -0.01383836 0.00111365 0.00093865
v -0.01382678 0.00114965 0.00099034
v -0.01382717 0.00120417 0.00092151
v -0.01382834 0.00131789 0.00074335
v -0.01377424 0.00089479 0.00094741
v -0.01380238 0.00091694 0.00097086
v -0.01382325 0.00105020 0.00088518
v -0.01382290 0.00094252 0.00099794
v -0.01383676 0.00097775 0.00103525
v -0.01370296 0.00096394 0.00081248
v -0.01373101 0.00087388 0.00092527
v -0.01363846 0.00085830 0.00090877
v -0.01363846 0.00095577 0.00080560
v -0.01363846 0.00108674 0.00061762
v -0.01370296 0.00115673 0.00050125
v -0.01363846 0.00114692 0.00049700
v -0.01370296 0.00125196 0.00014774
v -0.01363846 0.00124135 0.00014649
v -0.01370296 0.00124161 -0.00021821
v -0.01363847 0.00123108 -0.00021636
v -0.01363847 0.00117539 -0.00042523
v -0.01370296 0.00112654 -0.00056577
v -0.01363847 0.00111699 -0.00056097
v -0.01370296 0.00091647 -0.00086561
v -0.01363847 0.00090870 -0.00085827
v -0.01370296 0.00062911 -0.00109245
v -0.01363847 0.00062378 -0.00108319
v -0.01363847 0.00044001 -0.00116996
v -0.01370296 0.00028869 -0.00122716
v -0.01363847 0.00028624 -0.00121675
v -0.01370296 -0.00007608 -0.00125837
v -0.01363847 -0.00007544 -0.00124771
v -0.01370296 -0.00043445 -0.00118347
v -0.01363847 -0.00042526 -0.00117541
v -0.01370296 -0.00075618 -0.00100876
v -0.01363847 -0.00074977 -0.00100021
v -0.01377528 -0.00078222 -0.00104351
v -0.01377425 -0.00089483 -0.00094742
v -0.01373096 -0.00087390 -0.00092526
v -0.01382292 -0.00094255 -0.00099795
v -0.01383837 -0.00087360 -0.00116543
v -0.01383676 -0.00097774 -0.00103521
v -0.01382642 -0.00101901 -0.00112566
v -0.01382641 -0.00104258 -0.00110386
v -0.01382679 -0.00021848 -0.00150154
v -0.01382641 -0.00051674 -0.00142775
v -0.01383837 -0.00050190 -0.00136727
v -0.01382642 -0.00055182 -0.00141456
v -0.01382642 -0.00079859 -0.00129141
v -0.01377526 0.00099715 0.00084047
v -0.01377526 0.00119657 0.00051851
v -0.01377526 0.00129509 0.00015283
v -0.01377528 0.00128438 -0.00022573
v -0.01377528 0.00116535 -0.00058526
v -0.01377528 0.00094804 -0.00089542
v -0.01377528 0.00065078 -0.00113008
v -0.01377528 0.00029863 -0.00126943
v -0.01377528 -0.00007870 -0.00130172
v -0.01377528 -0.00044941 -0.00122424
v -0.01363847 -0.00085829 -0.00090873
v -0.01382325 0.00126023 0.00054609
v -0.01382325 0.00136398 0.00016096
v -0.01382325 0.00135270 -0.00023774
v -0.01382325 0.00122734 -0.00061639
v -0.01382326 0.00099848 -0.00094306
v -0.01382326 0.00068540 -0.00119019
v -0.01382326 0.00031452 -0.00133696
v -0.01382326 -0.00008289 -0.00137097
v -0.01382326 -0.00047331 -0.00128937
v -0.01382326 -0.00082383 -0.00109902
v -0.01380236 -0.00091694 -0.00097083
v -0.01382639 0.00104260 0.00110391
v -0.01275524 -0.00151783 -0.00419528
v -0.01382639 0.00051659 0.00142785
v -0.01274030 0.00126522 0.00431814
v -0.01275522 0.00151785 0.00419532
v -0.01256499 0.00074146 0.00492831
v -0.01260704 0.00080444 0.00480101
v -0.01382679 0.00021242 0.00150240
v -0.01263406 0.00085674 0.00471552
v -0.01269870 0.00104112 0.00449354
v -0.01382678 0.00021849 0.00150157
v -0.01217259 0.00074431 0.00601626
v -0.01220349 0.00071186 0.00593480
v -0.01228299 0.00065315 0.00571878
v -0.01238013 0.00063033 0.00544557
v -0.01247731 0.00066276 0.00517168
v -0.01382779 -0.00006271 0.00151331
v -0.01241136 0.00063469 0.00535714
v -0.01184804 0.00158256 0.00677160
v -0.01180287 0.00186561 0.00682830
v -0.01135731 0.00182377 0.00809940
v -0.01178030 0.00208143 0.00683046
v -0.01186319 0.00150815 0.00674577
v -0.01191015 0.00131344 0.00665341
v -0.01198200 0.00108850 0.00649115
v -0.01135731 -0.00024776 0.00829850
v -0.01135731 0.00079427 0.00826412
v -0.01207433 0.00088703 0.00626740
v -0.01200861 0.00102179 0.00642763
v -0.01177496 0.00215313 0.00682346
v -0.01176495 0.00244348 0.00675377
v -0.01176496 -0.00244346 -0.00675372
v -0.01177607 -0.00270270 -0.00662687
v -0.01135731 -0.00378072 -0.00739139
v -0.01178295 -0.00277079 -0.00658093
v -0.01208872 -0.00332549 -0.00534972
v -0.01201523 -0.00332731 -0.00559355
v -0.01200042 -0.00332201 -0.00564566
v -0.01192366 -0.00325500 -0.00593295
v -0.01187108 -0.00315706 -0.00614904
v -0.01185985 -0.00312825 -0.00619775
v -0.01180879 -0.00293926 -0.00643711
v -0.01248135 -0.00279063 -0.00439158
v -0.01241144 -0.00293993 -0.00452307
v -0.01238141 -0.00299762 -0.00458565
v -0.01228381 -0.00315607 -0.00481092
v -0.01220351 -0.00325023 -0.00501639
v -0.01218752 -0.00326500 -0.00505943
v -0.01135731 -0.00550010 -0.00621895
v -0.01135731 -0.00467729 -0.00685926
v -0.01274384 -0.00175456 -0.00413347
v -0.01270879 -0.00201906 -0.00411634
v -0.01265163 -0.00229110 -0.00415373
v -0.01260704 -0.00245373 -0.00420433
v -0.01257568 -0.00255254 -0.00424662
v -0.01382718 -0.00120415 -0.00092149
v -0.01382679 -0.00114963 -0.00099030
v -0.01135731 -0.00623617 -0.00548057
v -0.01135731 -0.00687390 -0.00465575
v -0.01382836 -0.00131787 -0.00074332
v -0.01135731 -0.00740321 -0.00375751
v -0.01382876 -0.00134710 -0.00068653
v -0.01383019 -0.00143797 -0.00045426
v -0.01135731 -0.00781578 -0.00280001
v -0.01383031 -0.00144497 -0.00043035
v -0.01135731 -0.00810508 -0.00179836
v -0.01383041 -0.00149871 -0.00016174
v -0.01383006 -0.00150390 -0.00011642
v -0.01186321 -0.00674574 0.00150816
v -0.01191009 -0.00665352 0.00131370
v -0.01184798 -0.00677167 0.00158288
v -0.01135731 -0.00819794 0.00131161
v -0.01181393 -0.00681845 0.00178459
v -0.01180284 -0.00682830 0.00186594
v -0.01198191 -0.00649132 0.00108873
v -0.01200861 -0.00642760 0.00102180
v -0.01207424 -0.00626760 0.00088721
v -0.01217250 -0.00601652 0.00074445
v -0.01220349 -0.00593477 0.00071187
v -0.01228284 -0.00571917 0.00065324
v -0.01135731 -0.00826657 -0.00076834
v -0.01135731 -0.00829768 0.00027380
v -0.01382851 -0.00150846 0.00011231
v -0.01237971 -0.00544673 0.00063032
v -0.01241138 -0.00535712 0.00063470
v -0.01247690 -0.00517284 0.00066251
v -0.01256483 -0.00492877 0.00074126
v -0.01260706 -0.00480098 0.00080446
v -0.01263406 -0.00471548 0.00085676
v -0.01382807 -0.00150185 0.00018996
v -0.01382721 -0.00146671 0.00038421
v -0.01269870 -0.00449351 0.00104113
v -0.01274032 -0.00431811 0.00126523
v -0.01382687 -0.00143591 0.00048978
v -0.01275524 -0.00419529 0.00151786
v -0.01382652 -0.00137472 0.00064398
v -0.01274384 -0.00413348 0.00175461
v -0.01270882 -0.00411635 0.00201888
v -0.01382642 -0.00131684 0.00075592
v -0.01265169 -0.00415369 0.00229092
v -0.01382660 -0.00123540 0.00088191
v -0.01260704 -0.00420435 0.00245377
v -0.01257529 -0.00424717 0.00255370
v -0.01248102 -0.00439207 0.00279129
v -0.01241139 -0.00452309 0.00293996
v -0.01238099 -0.00458644 0.00299832
v -0.01228345 -0.00481172 0.00315653
v -0.01220349 -0.00501640 0.00325026
v -0.01218750 -0.00505946 0.00326503
v -0.01208868 -0.00534977 0.00332552
v -0.01201518 -0.00559356 0.00332733
v -0.01200036 -0.00564572 0.00332203
v -0.01181970 -0.00638252 0.00299056
v -0.01185981 -0.00619781 0.00312825
v -0.01135731 -0.00713941 0.00423737
v -0.01187105 -0.00614905 0.00315709
v -0.01192362 -0.00593301 0.00325502
v -0.01135731 -0.00655203 0.00509876
v -0.01382720 -0.00114469 0.00099434
v -0.01135731 -0.00586132 0.00587974
v -0.01382790 -0.00105302 0.00108826
v -0.01382901 -0.00091223 0.00120486
v -0.01135731 -0.00507818 0.00656800
v -0.01382956 -0.00083628 0.00125695
v -0.01135731 -0.00328524 0.00762454
v -0.01383056 -0.00066143 0.00135409
v -0.01135731 -0.00421495 0.00715267
v -0.01135731 -0.00128589 0.00820201
v -0.01382791 -0.00008845 0.00151168
v -0.01382940 -0.00033443 0.00147271
v -0.01135731 -0.00230373 0.00797617
v -0.01382980 -0.00039014 0.00145776
v -0.01383079 -0.00059383 0.00138437
v -0.01180876 -0.00643714 0.00293927
v -0.01178293 -0.00658094 0.00277082
v -0.01135731 -0.00761420 0.00330915
v -0.01177605 -0.00662688 0.00270273
v -0.01135731 -0.00796890 0.00232874
v -0.01176496 -0.00675374 0.00244349
v -0.01177495 -0.00682340 0.00215345
v -0.01178031 -0.00683043 0.00208145
v -0.01241141 0.00452310 -0.00293991
v -0.01218750 0.00505947 -0.00326499
v -0.01220349 0.00501642 -0.00325021
v 0.00102095 0.00679204 -0.00291640
v 0.00102095 0.00700560 -0.00253457
v -0.01176496 0.00675375 -0.00244345
v -0.01177605 0.00662690 -0.00270269
v -0.01178293 0.00658096 -0.00277078
v 0.00102095 0.00646753 -0.00320986
v -0.01180876 0.00643715 -0.00293923
v -0.01182040 0.00637918 -0.00299348
v 0.00102038 0.00640317 -0.00324882
v 0.00102068 0.00642345 -0.00323707
v -0.01185982 0.00619781 -0.00312822
v -0.01187106 0.00614907 -0.00315705
v -0.01192363 0.00593301 -0.00325498
v -0.01200037 0.00564572 -0.00332199
v -0.01201520 0.00559358 -0.00332729
v -0.01208869 0.00534977 -0.00332548
v -0.01238110 0.00458629 -0.00299813
v -0.01228355 0.00481153 -0.00315638
v -0.01248107 0.00439204 -0.00279119
v -0.01275524 0.00419531 -0.00151782
v -0.01274384 0.00413350 -0.00175450
v -0.01270870 0.00411639 -0.00201949
v -0.01265151 0.00415386 -0.00229152
v -0.01260704 0.00420436 -0.00245372
v -0.01257550 0.00424690 -0.00255305
v 0.00078716 -0.00286566 -0.00463809
v 0.00081705 -0.00303419 -0.00478362
v 0.00089859 -0.00334609 -0.00527279
v 0.00102095 -0.00291641 -0.00679201
v 0.00102095 -0.00253458 -0.00700557
v 0.00102095 -0.00320987 -0.00646750
v 0.00102068 -0.00323709 -0.00642342
v 0.00102038 -0.00324884 -0.00640314
v 0.00100634 -0.00335830 -0.00615489
v 0.00097477 -0.00342073 -0.00586182
v 0.00094160 -0.00341968 -0.00558744
v 0.00090332 -0.00335754 -0.00530537
v 0.00082413 -0.00306953 -0.00482074
v 0.00086644 -0.00324823 -0.00506378
v 0.00074382 -0.00254838 -0.00446793
v 0.00075191 -0.00261630 -0.00449524
v 0.00068980 -0.00179642 -0.00440715
v 0.00070053 -0.00205114 -0.00437901
v 0.00072398 -0.00235710 -0.00441227
v 0.00078716 -0.00463810 0.00286569
v 0.00081705 -0.00478363 0.00303422
v 0.00089859 -0.00527280 0.00334612
v 0.00102095 -0.00679202 0.00291644
v 0.00102095 -0.00700559 0.00253461
v 0.00102095 -0.00646751 0.00320990
v 0.00102038 -0.00640315 0.00324886
v 0.00102068 -0.00642343 0.00323711
v 0.00100634 -0.00615490 0.00335833
v 0.00097477 -0.00586183 0.00342076
v 0.00094160 -0.00558745 0.00341971
v 0.00090332 -0.00530538 0.00335757
v 0.00082413 -0.00482076 0.00306956
v 0.00086644 -0.00506380 0.00324826
v 0.00074382 -0.00446794 0.00254841
v 0.00075191 -0.00449526 0.00261633
v 0.00068753 -0.00446008 0.00161366
v 0.00068980 -0.00440716 0.00179645
v 0.00070053 -0.00437902 0.00205117
v 0.00072398 -0.00441228 0.00235712
v -0.01241142 0.00293994 0.00452312
v -0.01218749 0.00326502 0.00505949
v -0.01220349 0.00325024 0.00501643
v 0.00102095 0.00291643 0.00679205
v 0.00102095 0.00253460 0.00700562
v -0.01177605 0.00270272 0.00662691
v -0.01178293 0.00277081 0.00658097
v 0.00102095 0.00320989 0.00646754
v -0.01180876 0.00293927 0.00643715
v 0.00102068 0.00323710 0.00642346
v 0.00102038 0.00324885 0.00640318
v -0.01185982 0.00312826 0.00619780
v -0.01187106 0.00315708 0.00614908
v -0.01192365 0.00325502 0.00593300
v -0.01200039 0.00332202 0.00564572
v -0.01201520 0.00332732 0.00559359
v -0.01208871 0.00332551 0.00534978
v -0.01238131 0.00299779 0.00458587
v -0.01228372 0.00315618 0.00481113
v -0.01248125 0.00279087 0.00439178
v -0.01274382 0.00175456 0.00413351
v -0.01270870 0.00201946 0.00411640
v -0.01265152 0.00229150 0.00415386
v -0.01260703 0.00245374 0.00420438
v -0.01257565 0.00255261 0.00424669
v -0.00110731 -0.00033803 -0.00120340
v -0.00110731 -0.00005430 -0.00124880
v -0.00110731 0.00023231 -0.00122820
v -0.00110731 0.00050664 -0.00114271
v -0.00110731 0.00075419 -0.00099683
v -0.00110731 0.00125001 -0.00000194
v -0.00110731 0.00088943 -0.00087829
v -0.00110731 0.00096190 -0.00079827
v -0.00110731 0.00111877 -0.00055753
v -0.00110731 0.00117544 -0.00042525
v -0.00110731 0.00121653 -0.00028733
v -0.01363846 0.00042527 0.00117546
v -0.00110731 0.00051022 0.00114115
v -0.01363846 0.00074973 0.00100020
v -0.00110731 0.00075732 0.00099450
v -0.00110731 0.00096440 0.00079529
v -0.00110731 0.00108677 0.00061764
v -0.00110731 0.00112052 0.00055406
v -0.00110731 0.00121743 0.00028355
v -0.00110731 0.00124551 0.00010593
v -0.01363846 0.00007540 0.00124770
v -0.01363846 -0.00028628 0.00121674
v -0.01363846 -0.00043998 0.00116997
v -0.01363846 -0.00062381 0.00108317
v -0.01363847 -0.00090874 0.00085826
v -0.01363847 -0.00111703 0.00056096
v -0.01363847 -0.00117541 0.00042528
v -0.01363847 -0.00123112 0.00021635
v -0.01363847 -0.00124138 -0.00014651
v -0.01363847 -0.00095581 -0.00080561
v -0.01363847 -0.00108679 -0.00061762
v -0.01363847 -0.00114696 -0.00049701
v 0.00074416 0.00090386 0.00506609
v 0.00073446 0.00095383 0.00498663
v 0.00070869 0.00114117 0.00475880
v 0.00069314 0.00135288 0.00458768
v 0.00081705 0.00072896 0.00561767
v 0.00080327 0.00074124 0.00551711
v 0.00076457 0.00082378 0.00522679
v 0.00089850 0.00080621 0.00619201
v 0.00087943 0.00076591 0.00606040
v 0.00083923 0.00072532 0.00577713
v 0.00091636 0.00085686 0.00631341
v 0.00095510 0.00101354 0.00656922
v 0.00097323 0.00111390 0.00668379
v 0.00102038 0.00160019 0.00699964
v 0.00101224 0.00141858 0.00691531
v 0.00098612 0.00119836 0.00676233
v 0.00100634 0.00135725 0.00687890
v 0.00102095 0.00210451 0.00708580
v 0.00102095 0.00167135 0.00702418
v 0.00074416 -0.00506606 0.00090388
v 0.00073446 -0.00498660 0.00095385
v 0.00070869 -0.00475877 0.00114118
v 0.00069314 -0.00458765 0.00135290
v 0.00081705 -0.00561764 0.00072898
v 0.00080327 -0.00551708 0.00074125
v 0.00076457 -0.00522676 0.00082380
v 0.00089850 -0.00619198 0.00080623
v 0.00087943 -0.00606037 0.00076592
v 0.00083923 -0.00577711 0.00072534
v 0.00091636 -0.00631338 0.00085688
v 0.00095510 -0.00656920 0.00101356
v 0.00097323 -0.00668376 0.00111391
v 0.00098612 -0.00676230 0.00119838
v 0.00100634 -0.00687887 0.00135727
v 0.00102038 -0.00699961 0.00160021
v 0.00101224 -0.00691528 0.00141860
v 0.00102095 -0.00708577 0.00210452
v 0.00102095 -0.00702415 0.00167136
v -0.01260703 -0.00080439 -0.00480103
v -0.01263406 -0.00085674 -0.00471544
v -0.01269870 -0.00104111 -0.00449349
v -0.01274032 -0.00126520 -0.00431809
v -0.01241598 -0.00063462 -0.00535719
v -0.01247432 -0.00065855 -0.00519098
v -0.01255711 -0.00073151 -0.00495192
v -0.01220343 -0.00071181 -0.00593468
v -0.01227516 -0.00065841 -0.00574567
v -0.01237164 -0.00063015 -0.00548174
v -0.01217080 -0.00074558 -0.00601915
v -0.01207248 -0.00089139 -0.00627341
v -0.01201132 -0.00102183 -0.00642761
v -0.01186742 -0.00150810 -0.00674565
v 0.00102038 -0.00160018 -0.00699959
v 0.00101224 -0.00141857 -0.00691527
v -0.01198574 -0.00108739 -0.00649009
v -0.01191149 -0.00132399 -0.00665932
v -0.01185082 -0.00158966 -0.00677371
v -0.01180597 -0.00186502 -0.00682815
v 0.00102095 -0.00167134 -0.00702413
v -0.01178189 -0.00208142 -0.00683038
v 0.00102095 -0.00210449 -0.00708576
v -0.01176513 -0.00240970 -0.00676543
v -0.01177680 -0.00214374 -0.00682453
v -0.01260704 0.00480103 -0.00080440
v -0.01263406 0.00471551 -0.00085670
v -0.01269870 0.00449353 -0.00104108
v -0.01274032 0.00431812 -0.00126519
v -0.01241482 0.00535718 -0.00063462
v -0.01246968 0.00520173 -0.00065637
v -0.01256054 0.00494173 -0.00073573
v -0.01220343 0.00593464 -0.00071177
v -0.01225353 0.00580326 -0.00067159
v -0.01236225 0.00550509 -0.00063056
v -0.01215390 0.00606297 -0.00076570
v -0.01206571 0.00629075 -0.00090416
v -0.01201134 0.00642761 -0.00102179
v -0.01197996 0.00650401 -0.00110320
v -0.01190673 0.00666932 -0.00134198
v -0.01186744 0.00674567 -0.00150808
v -0.01184813 0.00677801 -0.00160377
v 0.00102038 0.00699962 -0.00160017
v 0.00101224 0.00691530 -0.00141856
v -0.01177572 0.00682278 -0.00215820
v 0.00102095 0.00708579 -0.00210448
v -0.01178189 0.00683041 -0.00208139
v 0.00102095 0.00702416 -0.00167132
v -0.01180403 0.00682943 -0.00187966
v -0.01181731 0.00681847 -0.00178505
v 0.00102095 -0.00711164 0.00124766
v 0.00102095 0.00124765 0.00711167
v 0.00102095 -0.00124763 -0.00711163
v 0.00102095 0.00711166 -0.00124762
v 0.00102095 -0.00359147 -0.00626364
v 0.00102095 -0.00571895 0.00440747
v 0.00102095 -0.00680156 0.00454226
v 0.00102095 -0.00626365 0.00359150
v 0.00102095 -0.00729948 0.00368930
v 0.00102095 -0.00440744 -0.00571894
v 0.00102095 -0.00514204 -0.00506865
v 0.00102095 -0.00578171 -0.00432478
v 0.00102095 -0.00631462 -0.00350106
v 0.00102095 -0.00673095 -0.00261271
v 0.00102095 -0.00702301 -0.00167611
v 0.00102095 -0.00718540 -0.00070857
v 0.00102095 -0.00721513 0.00027206
v 0.00102095 0.00626367 -0.00359146
v 0.00102095 0.00571897 -0.00440743
v 0.00102095 0.00368930 0.00729948
v 0.00102095 0.00278255 0.00769095
v 0.00102095 0.00183522 0.00797028
v 0.00102095 0.00086113 0.00813337
v 0.00102095 0.00027205 0.00721515
v 0.00102095 -0.00012552 0.00817787
v 0.00102095 -0.00070858 0.00718543
v 0.00102095 -0.00111034 0.00810311
v 0.00102095 -0.00167612 0.00702304
v 0.00102095 -0.00207897 0.00791020
v 0.00102095 -0.00261272 0.00673098
v 0.00102095 -0.00301728 0.00760193
v 0.00102095 -0.00350108 0.00631465
v 0.00102095 -0.00391159 0.00718281
v 0.00102095 -0.00432480 0.00578174
v 0.00102095 -0.00474886 0.00665895
v 0.00102095 -0.00506867 0.00514207
v 0.00102095 -0.00551689 0.00603799
v 0.00102095 -0.00620446 0.00532898
v 0.00102095 0.00797028 -0.00183522
v 0.00102095 0.00813337 -0.00086113
v 0.00102095 0.00721514 -0.00027202
v 0.00102095 0.00817787 0.00012552
v 0.00102095 0.00718541 0.00070861
v 0.00102095 0.00810311 0.00111034
v 0.00102095 0.00702302 0.00167615
v 0.00102095 0.00791020 0.00207897
v 0.00102095 0.00673097 0.00261275
v 0.00102095 0.00760193 0.00301728
v 0.00102095 0.00631464 0.00350111
v 0.00102095 0.00718281 0.00391159
v 0.00102095 0.00578172 0.00432483
v 0.00102095 0.00665895 0.00474886
v 0.00102095 0.00514206 0.00506870
v 0.00102095 0.00603799 0.00551689
v 0.00102095 0.00440746 0.00571898
v 0.00102095 0.00506868 -0.00514203
v 0.00102095 0.00432481 -0.00578169
v 0.00102095 0.00350109 -0.00631461
v 0.00102095 0.00261274 -0.00673094
v 0.00102095 0.00167614 -0.00702299
v 0.00102095 0.00070859 -0.00718538
v 0.00102095 -0.00027203 -0.00721511
v 0.00102095 0.00359148 0.00626368
v 0.00102095 0.00454226 0.00680156
v 0.00102095 0.00532898 0.00620446
v -0.01382641 0.00055184 0.00141460
v -0.01135730 0.00803121 -0.00210385
v -0.01135731 0.00819794 -0.00131161
v -0.01135730 0.00827928 -0.00061646
v -0.01135730 0.00751819 -0.00352184
v -0.01135731 0.00761420 -0.00330915
v -0.01135731 0.00796891 -0.00232874
v -0.01135730 0.00675714 -0.00482364
v -0.01135731 0.00713941 -0.00423736
v -0.01135730 0.00034379 -0.00829507
v -0.01135731 -0.00182377 -0.00809940
v -0.01135730 -0.00116230 -0.00822043
v -0.01135731 0.00024776 -0.00829850
v -0.01135731 -0.00079427 -0.00826412
v -0.01135731 0.00378072 0.00739139
v -0.01135730 0.00436651 0.00706117
v -0.01382641 0.00079861 0.00129145
v -0.01382641 0.00101904 0.00112569
v -0.01135730 0.00557171 0.00615488
v -0.01135731 0.00550010 0.00621895
v -0.01135731 0.00467729 0.00685926
v -0.01135731 0.00623617 0.00548057
v -0.01135730 0.00659311 0.00504554
v -0.01135731 0.00687390 0.00465575
v -0.01135731 0.00740322 0.00375751
v -0.01135731 0.00781578 0.00280002
v -0.01135731 0.00829768 -0.00027379
v -0.01135730 0.00795685 0.00236960
v -0.01135731 0.00810508 0.00179836
v -0.01135730 0.00825422 0.00089127
v -0.01135731 0.00826657 0.00076834
v -0.01135731 0.00655203 -0.00509876
v -0.01135731 0.00586133 -0.00587974
v -0.01135730 0.00577318 -0.00596631
v -0.01135731 0.00507818 -0.00656799
v -0.01135731 0.00328525 -0.00762454
v -0.01135731 0.00421495 -0.00715267
v -0.01135730 0.00459876 -0.00691215
v -0.01135731 0.00128589 -0.00820201
v -0.01135730 0.00183854 -0.00809606
v -0.01135731 0.00230373 -0.00797617
v -0.01370116 -0.00096352 -0.00081211
v -0.01370116 -0.00115621 -0.00050102
v -0.01370116 -0.00125139 -0.00014769
v -0.01370116 -0.00124104 0.00021810
v -0.01370115 -0.00112604 0.00056548
v -0.01370115 -0.00091607 0.00086518
v -0.01370115 -0.00062884 0.00109191
v -0.01370115 -0.00028859 0.00122655
v -0.01370115 0.00007601 0.00125775
v -0.01370115 0.00043420 0.00118289
v -0.01370115 0.00075577 0.00100826
v -0.01377424 0.00078161 0.00104274
v -0.01383837 0.00087333 0.00116511
v -0.01383837 0.00050173 0.00136690
v -0.01383837 0.00008783 0.00145341
v -0.01383837 -0.00033348 0.00141735
v -0.01383837 -0.00072666 0.00126176
v -0.01383837 -0.00105857 0.00099976
v -0.01383837 -0.00130120 0.00065345
v -0.01383837 -0.00143409 0.00025203
v -0.01383837 -0.00144605 -0.00017065
v -0.01383837 -0.00133606 -0.00057894
v -0.01383839 -0.00111340 -0.00093842
v -0.01382292 -0.00104961 -0.00088466
v -0.01377425 -0.00099646 -0.00083987
v -0.01377425 -0.00119574 -0.00051815
v -0.01377425 -0.00129417 -0.00015273
v -0.01377425 -0.00128347 0.00022555
v -0.01377425 -0.00116453 0.00058482
v -0.01377425 -0.00094739 0.00089476
v -0.01377425 -0.00065034 0.00112924
v -0.01377424 -0.00029845 0.00126848
v -0.01377424 0.00007861 0.00130076
v -0.01377424 0.00044904 0.00122333
v -0.01382292 -0.00125951 -0.00054578
v -0.01382292 -0.00136320 -0.00016088
v -0.01382290 -0.00135193 0.00023759
v -0.01382290 -0.00122665 0.00061601
v -0.01382290 -0.00099792 0.00094248
v -0.01382290 -0.00068503 0.00118947
v -0.01382290 -0.00031437 0.00133614
v -0.01382290 0.00008280 0.00137014
v -0.01382290 0.00047299 0.00128858
v -0.01382290 0.00082330 0.00109835
v -0.01043855 0.00892150 0.00082922
v -0.01043855 0.00882083 0.00157284
v -0.00000001 0.00903609 0.00161122
v -0.00000001 0.00861903 0.00315584
v -0.01043855 0.00841370 0.00308066
v -0.00000001 0.00853119 0.00338611
v -0.01043855 0.00798975 0.00405521
v -0.01043855 0.00408025 0.00797699
v -0.00000001 0.00414028 0.00819177
v -0.01043855 0.00446506 0.00776815
v -0.00000001 0.00457402 0.00795772
v -0.01043855 0.00504786 0.00740270
v -0.00000001 0.00509750 0.00763298
v -0.01043855 0.00574615 0.00687478
v -0.00000001 0.00588637 0.00704255
v -0.01043855 0.00593586 0.00671166
v -0.00000001 0.00598039 0.00696289
v -0.01043855 0.00673025 0.00591478
v -0.00000001 0.00677607 0.00619127
v -0.01043855 0.00685264 0.00577253
v -0.00000001 0.00701987 0.00591340
v -0.01043855 0.00741850 0.00502461
v -0.00000001 0.00747294 0.00532936
v -0.01043855 0.00775093 0.00449489
v -0.00000001 0.00794008 0.00460458
v -0.00000001 0.00806084 0.00438974
v -0.00000001 0.00887714 0.00233310
v -0.01043855 0.00874723 0.00194084
v -0.01043855 0.00843500 0.00302185
v -0.00000001 0.00904222 -0.00157647
v -0.01043855 0.00884744 -0.00141552
v -0.00000001 0.00912760 -0.00096639
v -0.01043855 0.00895508 -0.00029548
v -0.00000001 0.00917860 0.00001764
v -0.01043855 0.00895994 0.00001722
v -0.00000001 0.00917753 0.00014087
v -0.00000001 0.00909364 0.00124607
v -0.01043855 -0.00196827 -0.00874110
v -0.01043855 -0.00153892 -0.00882681
v -0.01043855 -0.00085720 -0.00891886
v -0.01043855 0.00001722 -0.00895994
v -0.01043855 0.00026739 -0.00895597
v -0.01043855 0.00138776 -0.00885183
v -0.01043855 0.00157284 -0.00882083
v -0.01043855 0.00248625 -0.00860810
v -0.01043855 0.00308066 -0.00841370
v -0.01043855 0.00354553 -0.00822861
v -0.01043855 0.00449489 -0.00775093
v -0.01043855 0.00454889 -0.00771936
v -0.01043855 0.00548051 -0.00708836
v -0.01043855 0.00577253 -0.00685264
v -0.01043855 0.00632570 -0.00634558
v -0.01043855 0.00687478 -0.00574615
v -0.01043855 0.00707113 -0.00550272
v -0.01043855 0.00770505 -0.00457308
v -0.01043855 0.00776815 -0.00446506
v -0.01043855 0.00821745 -0.00357132
v -0.01043855 0.00842548 -0.00304830
v -0.00000001 0.00894456 -0.00205956
v -0.01043855 0.00860026 -0.00251324
v -0.01043855 0.00882681 -0.00153892
v 0.00097070 0.00827529 -0.00190545
v 0.00082501 0.00854966 -0.00196863
v 0.00059851 0.00876580 -0.00201839
v 0.00031398 0.00890200 -0.00204975
v 0.00031398 0.00908416 -0.00096179
v 0.00031398 0.00913386 0.00014020
v 0.00031398 0.00905036 0.00124014
v 0.00031398 0.00883489 0.00232200
v 0.00031398 0.00849059 0.00337000
v 0.00031398 0.00802248 0.00436885
v 0.00031398 0.00743738 0.00530400
v 0.00031398 0.00674382 0.00616181
v 0.00031398 0.00595193 0.00692976
v 0.00031398 0.00507324 0.00759666
v 0.00031398 0.00412058 0.00815278
v 0.00031398 0.00310783 0.00859002
v 0.00031398 0.00204975 0.00890200
v 0.00031398 0.00096179 0.00908416
v 0.00031398 -0.00014020 0.00913386
v 0.00031398 -0.00124014 0.00905036
v 0.00031398 -0.00232200 0.00883489
v 0.00031398 -0.00337000 0.00849059
v 0.00031398 -0.00436885 0.00802248
v 0.00031398 -0.00530400 0.00743738
v 0.00031398 -0.00616181 0.00674382
v 0.00031398 -0.00692976 0.00595193
v 0.00031398 -0.00759666 0.00507324
v 0.00031398 -0.00815278 0.00412058
v 0.00059851 0.00894518 -0.00094708
v 0.00059851 0.00899411 0.00013805
v 0.00059851 0.00891190 0.00122116
v 0.00059851 0.00869972 0.00228647
v 0.00059851 0.00836069 0.00331844
v 0.00059851 0.00789974 0.00430201
v 0.00059851 0.00732359 0.00522285
v 0.00059851 0.00664065 0.00606753
v 0.00059851 0.00586087 0.00682373
v 0.00059851 0.00499563 0.00748043
v 0.00059851 0.00405754 0.00802805
v 0.00059851 0.00306028 0.00845860
v 0.00059851 0.00201839 0.00876580
v 0.00059851 0.00094708 0.00894518
v 0.00059851 -0.00013805 0.00899411
v 0.00059851 -0.00122116 0.00891190
v 0.00059851 -0.00228647 0.00869972
v 0.00059851 -0.00331844 0.00836069
v 0.00059851 -0.00430201 0.00789974
v 0.00059851 -0.00522285 0.00732359
v 0.00059851 -0.00606753 0.00664065
v 0.00059851 -0.00682373 0.00586087
v 0.00059851 -0.00748043 0.00499563
v 0.00059851 -0.00802805 0.00405754
v 0.00082501 0.00872461 -0.00092372
v 0.00082501 0.00877234 0.00013465
v 0.00082501 0.00869215 0.00119105
v 0.00082501 0.00848521 0.00223009
v 0.00082501 0.00815454 0.00323661
v 0.00082501 0.00770495 0.00419593
v 0.00082501 0.00714301 0.00509407
v 0.00082501 0.00647691 0.00591792
v 0.00082501 0.00571635 0.00665548
v 0.00082501 0.00487245 0.00729598
v 0.00082501 0.00395749 0.00783010
v 0.00082501 0.00298482 0.00825003
v 0.00082501 0.00196863 0.00854966
v 0.00082501 0.00092372 0.00872461
v 0.00082501 -0.00013465 0.00877234
v 0.00082501 -0.00119105 0.00869215
v 0.00082501 -0.00223009 0.00848521
v 0.00082501 -0.00323661 0.00815454
v 0.00082501 -0.00419593 0.00770495
v 0.00082501 -0.00509407 0.00714301
v 0.00082501 -0.00591792 0.00647691
v 0.00082501 -0.00665548 0.00571635
v 0.00082501 -0.00729598 0.00487245
v 0.00082501 -0.00783010 0.00395749
v 0.00097070 0.00844463 -0.00089408
v 0.00097070 0.00849083 0.00013033
v 0.00097070 0.00841322 0.00115283
v 0.00097070 0.00821291 0.00215853
v 0.00097070 0.00789285 0.00313275
v 0.00097070 0.00745769 0.00406128
v 0.00097070 0.00691378 0.00493060
v 0.00097070 0.00626906 0.00572801
v 0.00097070 0.00553291 0.00644190
v 0.00097070 0.00471609 0.00706185
v 0.00097070 0.00383049 0.00757882
v 0.00097070 0.00288903 0.00798528
v 0.00097070 0.00190545 0.00827529
v 0.00097070 0.00089408 0.00844463
v 0.00097070 -0.00013033 0.00849083
v 0.00097070 -0.00115283 0.00841322
v 0.00097070 -0.00215853 0.00821291
v 0.00097070 -0.00313275 0.00789285
v 0.00097070 -0.00406128 0.00745769
v 0.00097070 -0.00493060 0.00691378
v 0.00097070 -0.00572801 0.00626906
v 0.00097070 -0.00644190 0.00553291
v 0.00097070 -0.00706185 0.00471609
v 0.00097070 -0.00757882 0.00383049
v -0.01099681 -0.00192772 -0.00856102
v -0.01135730 -0.00182377 -0.00809940
v -0.01072813 -0.00195746 -0.00869309
v -0.01072813 -0.00085249 -0.00886987
v -0.01072813 0.00026592 -0.00890678
v -0.01072813 0.00138014 -0.00880321
v -0.01072813 0.00352605 -0.00818342
v -0.01072813 0.00247259 -0.00856082
v -0.01072813 0.00545041 -0.00704943
v -0.01072813 0.00452390 -0.00767696
v -0.01072813 0.00629096 -0.00631072
v -0.01072813 0.00703230 -0.00547249
v -0.01072813 0.00766273 -0.00454796
v -0.01072813 0.00817232 -0.00355170
v -0.01072813 0.00890590 -0.00029386
v -0.01072813 0.00879884 -0.00140775
v -0.01072813 0.00855302 -0.00249944
v -0.01043855 0.00892151 0.00082922
v -0.01072813 0.00887250 0.00082466
v -0.01072813 0.00869918 0.00193018
v -0.01072813 0.00838867 0.00300525
v -0.01072813 0.00794587 0.00403294
v -0.01072813 0.00590326 0.00667480
v -0.01072813 0.00669328 0.00588229
v -0.01072813 0.00737775 0.00499702
v -0.01043855 0.00741850 0.00502462
v -0.01072813 0.00502014 0.00736204
v -0.01072813 0.00405784 0.00793318
v -0.01121305 -0.00188177 -0.00835697
v -0.01121305 -0.00081953 -0.00852692
v -0.01135730 -0.00079427 -0.00826412
v -0.01135730 0.00024776 -0.00829850
v -0.01121305 0.00025564 -0.00856239
v -0.01121305 0.00132678 -0.00846284
v -0.01135730 0.00128589 -0.00820201
v -0.01121305 0.00237699 -0.00822981
v -0.01135730 0.00230373 -0.00797617
v -0.01135730 0.00328525 -0.00762454
v -0.01121305 0.00338972 -0.00786700
v -0.01135730 0.00421495 -0.00715267
v -0.01121305 0.00434899 -0.00738013
v -0.01121305 0.00523967 -0.00677686
v -0.01135730 0.00507818 -0.00656799
v -0.01121305 0.00604772 -0.00606672
v -0.01135730 0.00586133 -0.00587974
v -0.01135730 0.00655203 -0.00509876
v -0.01121305 0.00676039 -0.00526090
v -0.01121305 0.00736645 -0.00437211
v -0.01135730 0.00713941 -0.00423736
v -0.01121305 0.00785633 -0.00341438
v -0.01135730 0.00761420 -0.00330915
v -0.01135730 0.00796891 -0.00232874
v -0.01121305 0.00822232 -0.00240279
v -0.01121305 0.00845863 -0.00135332
v -0.01135730 0.00819794 -0.00131161
v -0.01121305 0.00856155 -0.00028250
v -0.01135730 0.00829768 -0.00027379
v -0.01135730 0.00826657 0.00076834
v -0.01121305 0.00852945 0.00079278
v -0.01121305 0.00836283 0.00185555
v -0.01135730 0.00810508 0.00179836
v -0.01121305 0.00806432 0.00288906
v -0.01135730 0.00781578 0.00280002
v -0.01135730 0.00740322 0.00375751
v -0.01121305 0.00763864 0.00387700
v -0.01135730 0.00687390 0.00465575
v -0.01121305 0.00709249 0.00480381
v -0.01121305 0.00643449 0.00565485
v -0.01135730 0.00623617 0.00548057
v -0.01121305 0.00567501 0.00641672
v -0.01135730 0.00550010 0.00621895
v -0.01135730 0.00467729 0.00685926
v -0.01121305 0.00482603 0.00707739
v -0.01121305 0.00390095 0.00762644
v -0.01135730 0.00378072 0.00739139
v -0.01099681 -0.00083954 -0.00873512
v -0.01099681 0.00026188 -0.00877146
v -0.01099681 0.00135917 -0.00866947
v -0.01099681 0.00243503 -0.00843076
v -0.01099681 0.00347248 -0.00805909
v -0.01099681 0.00445517 -0.00756032
v -0.01099681 0.00536760 -0.00694233
v -0.01099681 0.00619538 -0.00621485
v -0.01099681 0.00692546 -0.00538935
v -0.01099681 0.00754631 -0.00447887
v -0.01099681 0.00804816 -0.00349775
v -0.01099681 0.00842308 -0.00246146
v -0.01099681 0.00866517 -0.00138636
v -0.01099681 0.00877060 -0.00028940
v -0.01099681 0.00873771 0.00081213
v -0.01099681 0.00856702 0.00190085
v -0.01099681 0.00826123 0.00295960
v -0.01099681 0.00782515 0.00397167
v -0.01099681 0.00726567 0.00492110
v -0.01099681 0.00659160 0.00579293
v -0.01099681 0.00581357 0.00657339
v -0.01099681 0.00494387 0.00725019
v -0.01099681 0.00399619 0.00781265
v 0.00100634 -0.00348763 -0.00608254
v 0.00100634 -0.00380742 -0.00588765
v 0.00100634 -0.00690602 0.00121159
v 0.00100634 -0.00700651 0.00026419
v 0.00100634 -0.00700674 -0.00025815
v 0.00100634 -0.00521956 0.00468161
v 0.00100634 -0.00555360 0.00428004
v 0.00100634 -0.00608255 0.00348766
v 0.00100634 0.00084112 0.00696089
v 0.00100634 0.00121158 0.00690605
v 0.00100634 -0.00428001 -0.00555359
v 0.00100634 -0.00486089 -0.00505298
v 0.00100634 -0.00499337 -0.00492210
v 0.00100634 -0.00561454 -0.00419974
v 0.00100634 -0.00573574 -0.00403264
v 0.00100634 -0.00613205 -0.00339984
v 0.00100634 -0.00639982 -0.00286412
v 0.00100634 -0.00653634 -0.00253716
v 0.00100634 -0.00681995 -0.00162765
v 0.00100634 -0.00697765 -0.00068808
v 0.00100634 -0.00492212 0.00499340
v 0.00100634 -0.00339985 0.00613208
v 0.00100634 -0.00419975 0.00561457
v 0.00100634 -0.00068809 0.00697768
v 0.00100634 -0.00162766 0.00681998
v 0.00100634 -0.00182772 0.00676911
v 0.00100634 -0.00253718 0.00653637
v 0.00100634 -0.00308574 0.00629600
v 0.00100634 0.00026418 0.00700654
v 0.00100634 -0.00050253 0.00699349
v -0.00082282 0.00124394 0.00028973
v -0.00082282 0.00114492 0.00056613
v 0.00031153 0.00092382 0.00206620
v 0.00031153 0.00137122 0.00180066
v 0.00031153 0.00174617 0.00143996
v 0.00031153 0.00202885 0.00100318
v 0.00031153 0.00220432 0.00051339
v 0.00031153 0.00226330 -0.00000353
v 0.00031153 0.00220269 -0.00052026
v 0.00031153 0.00174164 -0.00144539
v 0.00031153 0.00202569 -0.00100950
v 0.00031153 0.00136557 -0.00180491
v 0.00031153 0.00091733 -0.00206905
v 0.00031153 0.00042062 -0.00222385
v 0.00031153 -0.00009832 -0.00226114
v 0.00031153 -0.00061206 -0.00217895
v -0.00082282 0.00077062 -0.00101854
v -0.00082282 0.00051767 -0.00116760
v -0.00082282 0.00023737 -0.00125496
v -0.00082282 -0.00005548 -0.00127600
v -0.00082282 -0.00034539 -0.00122962
v -0.00082282 0.00114314 -0.00056967
v -0.00082282 0.00098285 -0.00081566
v -0.00082282 0.00124303 -0.00029358
v -0.00082282 0.00127723 -0.00000198
v -0.00082282 0.00098540 0.00081261
v -0.00082282 0.00077381 0.00101616
v -0.00082282 0.00052133 0.00116601
v -0.00045054 0.00057203 0.00127939
v -0.00012322 0.00066040 0.00147704
v 0.00013673 0.00078040 0.00174544
v 0.00013673 0.00115835 0.00152112
v 0.00013673 0.00147509 0.00121642
v 0.00013673 0.00171388 0.00084745
v 0.00013673 0.00186211 0.00043369
v 0.00013673 0.00191194 -0.00000298
v 0.00013673 0.00186074 -0.00043949
v 0.00013673 0.00171121 -0.00085278
v 0.00013673 0.00147126 -0.00122100
v 0.00013673 0.00115357 -0.00152470
v 0.00013673 0.00077492 -0.00174784
v 0.00013673 0.00035532 -0.00187861
v 0.00013673 -0.00008305 -0.00191011
v 0.00013673 -0.00051704 -0.00184067
v -0.00012322 0.00098023 0.00128722
v -0.00012322 0.00124826 0.00102938
v -0.00012322 0.00145034 0.00071714
v -0.00012322 0.00157577 0.00036701
v -0.00012322 0.00161794 -0.00000252
v -0.00012322 0.00157461 -0.00037191
v -0.00012322 0.00144808 -0.00072164
v -0.00012322 0.00124503 -0.00103324
v -0.00012322 0.00097619 -0.00129025
v -0.00012322 0.00065576 -0.00147907
v -0.00012322 0.00030069 -0.00158973
v -0.00012322 -0.00007028 -0.00161639
v -0.00012322 -0.00043753 -0.00155763
v -0.00045054 0.00084906 0.00111497
v -0.00045054 0.00108123 0.00089163
v -0.00045054 0.00125626 0.00062117
v -0.00045054 0.00136491 0.00031790
v -0.00045054 0.00140143 -0.00000218
v -0.00045054 0.00136390 -0.00032214
v -0.00045054 0.00125430 -0.00062507
v -0.00045054 0.00107842 -0.00089497
v -0.00045054 0.00084556 -0.00111758
v -0.00045054 0.00056801 -0.00128114
v -0.00045054 0.00026045 -0.00137699
v -0.00045054 -0.00006087 -0.00140008
v -0.00045054 -0.00037898 -0.00134919
f 1 2 3
f 4 5 6
f 7 8 9
f 10 7 11
f 12 10 13
f 14 12 15
f 16 14 17
f 18 19 20
f 20 19 21
f 20 21 17
f 17 21 22
f 17 22 16
f 18 20 23
f 23 20 24
f 23 24 25
f 25 24 26
f 25 26 27
f 27 26 28
f 28 26 29
f 28 29 30
f 30 29 31
f 31 29 32
f 31 32 33
f 33 32 34
f 34 32 35
f 34 35 36
f 37 38 39
f 39 38 40
f 39 40 35
f 35 40 41
f 35 41 36
f 42 43 37
f 37 43 44
f 37 44 38
f 45 46 42
f 42 46 47
f 42 47 43
f 48 49 50
f 50 49 51
f 50 51 45
f 45 51 52
f 45 52 46
f 48 50 53
f 53 50 54
f 53 54 55
f 55 54 56
f 55 56 57
f 57 56 58
f 57 58 59
f 4 6 60
f 60 6 61
f 60 61 62
f 62 61 63
f 62 63 64
f 64 63 65
f 64 65 66
f 66 65 67
f 66 67 68
f 68 67 69
f 69 67 70
f 69 70 71
f 71 70 72
f 71 72 73
f 73 72 74
f 74 72 75
f 74 75 76
f 76 75 77
f 76 77 78
f 2 1 77
f 77 1 79
f 77 79 78
f 80 81 3
f 3 81 82
f 3 82 1
f 3 83 80
f 80 83 84
f 80 84 85
f 85 84 9
f 85 9 86
f 86 9 8
f 86 8 87
f 14 15 17
f 17 15 88
f 17 88 20
f 20 88 89
f 20 89 24
f 24 89 90
f 24 90 26
f 26 90 91
f 26 91 29
f 29 91 92
f 29 92 32
f 32 92 93
f 32 93 35
f 35 93 94
f 35 94 39
f 39 94 95
f 39 95 37
f 37 95 96
f 37 96 42
f 42 96 97
f 42 97 45
f 45 97 98
f 45 98 50
f 50 98 99
f 50 99 54
f 54 99 100
f 54 100 56
f 56 100 101
f 56 101 58
f 12 13 15
f 15 13 102
f 15 102 88
f 88 102 103
f 88 103 89
f 89 103 104
f 89 104 90
f 90 104 105
f 90 105 91
f 91 105 106
f 91 106 92
f 92 106 107
f 92 107 93
f 93 107 108
f 93 108 94
f 94 108 109
f 94 109 95
f 95 109 110
f 95 110 96
f 96 110 111
f 96 111 97
f 97 111 112
f 97 112 98
f 98 112 113
f 98 113 99
f 99 113 114
f 99 114 100
f 100 114 115
f 100 115 101
f 10 11 13
f 13 11 116
f 13 116 102
f 102 116 117
f 102 117 103
f 103 117 118
f 103 118 104
f 104 118 119
f 104 119 105
f 105 119 120
f 105 120 106
f 106 120 121
f 106 121 107
f 107 121 122
f 107 122 108
f 108 122 123
f 108 123 109
f 109 123 124
f 109 124 110
f 110 124 125
f 110 125 111
f 111 125 126
f 111 126 112
f 112 126 127
f 112 127 113
f 113 127 128
f 113 128 114
f 114 128 129
f 114 129 115
f 7 9 11
f 11 9 84
f 11 84 116
f 116 84 83
f 116 83 117
f 117 83 3
f 117 3 118
f 118 3 2
f 118 2 119
f 119 2 77
f 119 77 120
f 120 77 75
f 120 75 121
f 121 75 72
f 121 72 122
f 122 72 70
f 122 70 123
f 123 70 67
f 123 67 124
f 124 67 65
f 124 65 125
f 125 65 63
f 125 63 126
f 126 63 61
f 126 61 127
f 127 61 6
f 127 6 128
f 128 6 5
f 128 5 129
f 130 131 132
f 132 131 133
f 131 134 133
f 133 134 135
f 133 135 136
f 137 138 139
f 139 138 140
f 140 141 139
f 139 141 142
f 139 142 143
f 144 59 145
f 145 59 146
f 145 146 147
f 147 146 139
f 147 139 148
f 148 139 143
f 149 150 151
f 151 150 152
f 151 152 153
f 154 155 156
f 156 155 157
f 157 158 156
f 156 158 159
f 156 159 152
f 152 159 160
f 152 160 153
f 161 162 163
f 163 164 161
f 161 164 165
f 161 165 166
f 166 165 167
f 166 167 168
f 169 170 171
f 171 170 172
f 171 172 173
f 162 161 174
f 174 161 175
f 174 175 176
f 176 175 177
f 176 177 173
f 173 177 178
f 173 178 171
f 179 180 181
f 181 180 182
f 179 183 180
f 180 183 184
f 180 184 185
f 182 180 186
f 186 180 187
f 186 187 188
f 188 187 189
f 188 189 190
f 191 192 193
f 193 192 194
f 193 194 195
f 195 196 193
f 193 196 197
f 193 197 198
f 199 200 201
f 200 202 201
f 201 202 203
f 201 203 204
f 204 205 201
f 201 205 206
f 201 206 207
f 207 206 208
f 193 209 191
f 191 209 16
f 191 16 210
f 136 137 133
f 133 137 139
f 133 139 211
f 211 139 212
f 211 212 213
f 213 212 214
f 213 214 215
f 215 214 216
f 215 216 217
f 217 216 218
f 218 216 219
f 218 219 220
f 220 219 221
f 220 221 222
f 222 221 223
f 222 223 224
f 224 223 225
f 224 225 226
f 226 225 227
f 227 225 168
f 227 168 156
f 156 168 167
f 156 167 154
f 228 229 230
f 230 229 180
f 230 180 231
f 231 180 185
f 231 185 171
f 171 185 232
f 171 232 169
f 233 234 228
f 228 234 235
f 228 235 229
f 236 237 238
f 238 237 239
f 238 239 240
f 240 239 241
f 240 241 242
f 242 241 243
f 242 243 233
f 233 243 244
f 233 244 234
f 198 199 193
f 193 199 201
f 193 201 245
f 245 201 246
f 245 246 236
f 236 246 247
f 236 247 237
f 248 249 250
f 251 252 253
f 248 254 255
f 255 254 256
f 257 258 259
f 259 258 260
f 259 260 261
f 261 260 262
f 261 262 263
f 263 262 264
f 263 264 254
f 254 264 265
f 254 265 256
f 257 259 266
f 266 259 267
f 266 267 268
f 268 267 269
f 268 269 270
f 270 269 271
f 271 269 272
f 271 272 273
f 273 272 274
f 273 274 275
f 276 277 278
f 278 277 279
f 278 279 280
f 280 279 281
f 280 281 274
f 274 281 282
f 274 282 275
f 283 284 276
f 276 284 285
f 276 285 277
f 286 287 283
f 283 287 288
f 283 288 284
f 289 290 291
f 291 290 292
f 291 292 293
f 293 292 294
f 293 294 286
f 286 294 295
f 286 295 287
f 289 291 296
f 296 291 297
f 296 297 298
f 298 297 299
f 298 299 300
f 300 299 301
f 300 301 302
f 302 301 303
f 303 301 304
f 303 304 305
f 306 307 308
f 308 307 309
f 308 309 310
f 310 309 311
f 310 311 312
f 312 311 313
f 312 313 304
f 304 313 314
f 304 314 305
f 306 308 315
f 315 308 316
f 315 316 317
f 317 316 318
f 317 318 319
f 319 318 320
f 319 320 321
f 249 251 322
f 322 251 253
f 322 253 323
f 323 253 324
f 324 325 323
f 323 325 326
f 323 326 327
f 327 326 328
f 327 328 329
f 329 328 330
f 329 330 331
f 331 330 332
f 332 333 331
f 331 333 334
f 331 334 335
f 335 334 336
f 335 336 337
f 337 336 338
f 337 338 339
f 339 338 340
f 339 340 341
f 341 340 342
f 342 343 341
f 341 343 344
f 341 344 345
f 345 344 346
f 345 346 347
f 347 346 348
f 347 348 349
f 349 348 350
f 350 351 349
f 349 351 352
f 349 352 353
f 353 352 354
f 353 354 355
f 355 354 356
f 355 356 357
f 357 356 358
f 358 359 357
f 357 359 360
f 357 360 361
f 361 360 362
f 361 362 363
f 363 362 364
f 363 364 365
f 365 364 366
f 366 367 365
f 365 367 368
f 365 368 369
f 369 368 370
f 369 370 371
f 371 370 372
f 371 372 373
f 373 372 374
f 373 374 375
f 375 374 376
f 376 377 375
f 375 377 378
f 375 378 379
f 379 378 380
f 379 380 381
f 380 382 381
f 381 382 383
f 381 383 384
f 249 322 250
f 250 322 323
f 250 323 385
f 385 323 327
f 385 327 386
f 386 327 329
f 386 329 387
f 387 329 331
f 387 331 388
f 388 331 335
f 388 335 389
f 389 335 337
f 389 337 390
f 390 337 339
f 390 339 391
f 391 339 341
f 391 341 392
f 392 341 345
f 392 345 393
f 393 345 347
f 393 347 394
f 394 347 349
f 394 349 395
f 395 349 353
f 395 353 396
f 396 353 355
f 396 355 397
f 397 355 357
f 397 357 398
f 398 357 361
f 398 361 399
f 399 361 363
f 399 363 400
f 400 363 365
f 400 365 401
f 401 365 369
f 401 369 402
f 402 369 371
f 402 371 403
f 403 371 373
f 403 373 404
f 404 373 375
f 404 375 405
f 405 375 379
f 405 379 406
f 406 379 381
f 406 381 407
f 407 381 384
f 407 384 408
f 248 250 254
f 254 250 385
f 254 385 263
f 263 385 386
f 263 386 261
f 261 386 387
f 261 387 259
f 259 387 388
f 259 388 267
f 267 388 389
f 267 389 269
f 269 389 390
f 269 390 272
f 272 390 391
f 272 391 274
f 274 391 392
f 274 392 280
f 280 392 393
f 280 393 278
f 278 393 394
f 278 394 276
f 276 394 395
f 276 395 283
f 283 395 396
f 283 396 286
f 286 396 397
f 286 397 293
f 293 397 398
f 293 398 291
f 291 398 399
f 291 399 297
f 297 399 400
f 297 400 299
f 299 400 401
f 299 401 301
f 301 401 402
f 301 402 304
f 304 402 403
f 304 403 312
f 312 403 404
f 312 404 310
f 310 404 405
f 310 405 308
f 308 405 406
f 308 406 316
f 316 406 407
f 316 407 318
f 318 407 408
f 318 408 320
f 409 410 411
f 410 412 413
f 412 414 415
f 414 416 417
f 416 418 419
f 416 419 417
f 417 419 420
f 417 420 421
f 420 422 421
f 421 422 423
f 421 423 424
f 423 425 424
f 424 425 426
f 424 426 427
f 427 426 428
f 427 428 429
f 429 428 430
f 429 430 431
f 431 430 432
f 432 433 431
f 431 433 434
f 431 434 435
f 435 434 436
f 435 436 437
f 437 436 438
f 437 438 439
f 439 438 440
f 440 441 439
f 439 441 442
f 439 442 443
f 443 442 444
f 443 444 445
f 445 444 446
f 445 446 447
f 447 446 448
f 448 449 447
f 447 449 450
f 447 450 451
f 451 450 452
f 451 452 453
f 453 452 454
f 453 454 455
f 454 456 455
f 455 456 457
f 455 457 458
f 457 459 458
f 458 459 460
f 458 460 461
f 461 460 462
f 461 462 463
f 463 462 464
f 463 464 465
f 465 464 466
f 466 467 465
f 465 467 468
f 465 468 469
f 469 468 470
f 469 470 471
f 471 470 472
f 471 472 473
f 473 472 474
f 474 475 473
f 473 475 476
f 473 476 477
f 477 476 478
f 477 478 479
f 479 478 480
f 479 480 481
f 481 480 482
f 482 483 481
f 481 483 484
f 481 484 485
f 414 417 415
f 415 417 421
f 415 421 486
f 486 421 424
f 486 424 487
f 487 424 427
f 487 427 488
f 488 427 429
f 488 429 489
f 489 429 431
f 489 431 490
f 490 431 435
f 490 435 491
f 491 435 437
f 491 437 492
f 492 437 439
f 492 439 493
f 493 439 443
f 493 443 494
f 494 443 445
f 494 445 495
f 495 445 447
f 495 447 496
f 496 447 451
f 496 451 497
f 497 451 453
f 497 453 498
f 498 453 455
f 498 455 499
f 499 455 458
f 499 458 500
f 500 458 461
f 500 461 501
f 501 461 463
f 501 463 502
f 502 463 465
f 502 465 503
f 503 465 469
f 503 469 504
f 504 469 471
f 504 471 505
f 505 471 473
f 505 473 506
f 506 473 477
f 506 477 507
f 507 477 479
f 507 479 508
f 508 479 481
f 508 481 509
f 509 481 485
f 509 485 510
f 412 415 413
f 413 415 486
f 413 486 511
f 511 486 487
f 511 487 512
f 512 487 488
f 512 488 513
f 513 488 489
f 513 489 514
f 514 489 490
f 514 490 515
f 515 490 491
f 515 491 516
f 516 491 492
f 516 492 517
f 517 492 493
f 517 493 518
f 518 493 494
f 518 494 519
f 519 494 495
f 519 495 520
f 520 495 496
f 520 496 521
f 521 496 497
f 521 497 522
f 522 497 498
f 522 498 523
f 523 498 499
f 523 499 524
f 524 499 500
f 524 500 525
f 525 500 501
f 525 501 526
f 526 501 502
f 526 502 527
f 527 502 503
f 527 503 528
f 528 503 504
f 528 504 529
f 529 504 505
f 529 505 530
f 530 505 506
f 530 506 531
f 531 506 507
f 531 507 532
f 532 507 508
f 532 508 533
f 533 508 509
f 533 509 534
f 534 509 510
f 534 510 535
f 410 413 411
f 411 413 511
f 411 511 536
f 536 511 512
f 536 512 537
f 537 512 513
f 537 513 538
f 538 513 514
f 538 514 539
f 539 514 515
f 539 515 540
f 540 515 516
f 540 516 541
f 541 516 517
f 541 517 542
f 542 517 518
f 542 518 543
f 543 518 519
f 543 519 544
f 544 519 520
f 544 520 545
f 545 520 521
f 545 521 546
f 546 521 522
f 546 522 547
f 547 522 523
f 547 523 548
f 548 523 524
f 548 524 549
f 549 524 525
f 549 525 550
f 550 525 526
f 550 526 551
f 551 526 527
f 551 527 552
f 552 527 528
f 552 528 553
f 553 528 529
f 553 529 554
f 554 529 530
f 554 530 555
f 555 530 531
f 555 531 556
f 556 531 532
f 556 532 557
f 557 532 533
f 557 533 558
f 558 533 534
f 558 534 559
f 559 534 535
f 559 535 560
f 409 411 561
f 561 411 536
f 561 536 562
f 562 536 537
f 562 537 563
f 563 537 538
f 563 538 564
f 564 538 539
f 564 539 565
f 565 539 540
f 565 540 566
f 566 540 541
f 566 541 567
f 567 541 542
f 567 542 568
f 568 542 543
f 568 543 569
f 569 543 544
f 569 544 570
f 570 544 545
f 570 545 571
f 571 545 546
f 571 546 572
f 572 546 547
f 572 547 573
f 573 547 548
f 573 548 574
f 574 548 549
f 574 549 575
f 575 549 550
f 575 550 576
f 576 550 551
f 576 551 577
f 577 551 552
f 577 552 578
f 578 552 553
f 578 553 579
f 579 553 554
f 579 554 580
f 580 554 555
f 580 555 581
f 581 555 556
f 581 556 582
f 582 556 557
f 582 557 583
f 583 557 558
f 583 558 584
f 584 558 559
f 584 559 585
f 585 559 560
f 585 560 586
f 296 298 428
f 432 303 433
f 433 303 305
f 321 450 319
f 319 450 449
f 319 449 317
f 317 449 448
f 317 448 315
f 315 448 446
f 315 446 306
f 306 446 444
f 306 444 307
f 307 444 442
f 307 442 309
f 309 442 441
f 309 441 311
f 311 441 440
f 311 440 313
f 313 440 438
f 313 438 314
f 314 438 436
f 314 436 305
f 305 436 434
f 305 434 433
f 428 298 430
f 430 298 300
f 430 300 432
f 432 300 302
f 432 302 303
f 420 292 422
f 422 292 290
f 422 290 423
f 423 290 289
f 423 289 425
f 425 289 296
f 425 296 426
f 426 296 428
f 587 255 588
f 588 255 256
f 588 256 589
f 589 256 265
f 589 265 590
f 590 265 264
f 590 264 591
f 591 264 262
f 591 262 592
f 592 262 260
f 592 260 593
f 593 260 258
f 593 258 594
f 594 258 257
f 594 257 595
f 595 257 266
f 595 266 596
f 596 266 268
f 596 268 597
f 597 268 270
f 597 270 598
f 598 270 271
f 598 271 599
f 599 271 273
f 599 273 600
f 600 273 275
f 600 275 601
f 601 275 282
f 601 282 602
f 602 282 281
f 602 281 603
f 603 281 279
f 603 279 604
f 604 279 277
f 604 277 605
f 605 277 285
f 605 285 606
f 606 285 284
f 606 284 607
f 607 284 288
f 607 288 418
f 418 288 287
f 418 287 419
f 419 287 295
f 419 295 420
f 420 295 294
f 420 294 292
f 608 609 610
f 610 611 608
f 608 611 612
f 608 612 613
f 614 615 616
f 616 615 617
f 616 617 609
f 609 617 618
f 609 618 610
f 619 620 621
f 619 621 616
f 616 621 622
f 616 622 614
f 623 624 625
f 625 624 626
f 625 626 627
f 623 628 624
f 624 628 629
f 624 629 619
f 619 629 630
f 619 630 620
f 631 632 626
f 626 632 633
f 626 633 627
f 634 635 636
f 636 635 637
f 636 637 631
f 631 637 638
f 631 638 632
f 639 640 641
f 639 641 636
f 636 641 642
f 636 642 634
f 643 644 645
f 645 644 646
f 645 646 647
f 648 649 643
f 650 649 651
f 651 649 648
f 651 648 652
f 652 648 653
f 652 653 654
f 654 653 655
f 654 655 656
f 656 655 657
f 656 657 658
f 658 657 659
f 659 657 660
f 659 660 661
f 661 660 662
f 661 662 663
f 663 662 664
f 663 664 665
f 665 664 666
f 666 664 667
f 666 667 668
f 668 667 669
f 668 669 670
f 670 669 671
f 670 671 672
f 672 671 673
f 672 673 674
f 675 676 677
f 678 679 680
f 680 679 681
f 680 681 682
f 613 683 608
f 608 683 684
f 608 684 685
f 685 684 686
f 685 686 679
f 679 686 687
f 679 687 681
f 643 688 648
f 648 688 689
f 648 689 653
f 653 689 690
f 653 690 655
f 655 690 691
f 655 691 657
f 657 691 692
f 657 692 660
f 660 692 693
f 660 693 662
f 662 693 694
f 662 694 664
f 664 694 695
f 664 695 667
f 667 695 696
f 667 696 669
f 669 696 697
f 669 697 671
f 671 697 675
f 671 675 673
f 673 675 677
f 673 677 674
f 674 677 698
f 643 645 688
f 688 645 699
f 688 699 689
f 689 699 700
f 689 700 690
f 690 700 701
f 690 701 691
f 691 701 702
f 691 702 692
f 692 702 703
f 692 703 693
f 693 703 704
f 693 704 694
f 694 704 705
f 694 705 695
f 695 705 706
f 695 706 696
f 696 706 707
f 696 707 697
f 697 707 708
f 697 708 675
f 675 708 709
f 675 709 676
f 710 640 647
f 647 640 639
f 647 639 645
f 645 639 636
f 645 636 699
f 699 636 631
f 699 631 700
f 700 631 626
f 700 626 701
f 701 626 624
f 701 624 702
f 702 624 619
f 702 619 703
f 703 619 616
f 703 616 704
f 704 616 609
f 704 609 705
f 705 609 608
f 705 608 706
f 706 608 685
f 706 685 707
f 707 685 679
f 707 679 708
f 708 679 678
f 708 678 709
f 711 686 684
f 712 713 714
f 715 716 717
f 717 716 718
f 717 718 719
f 713 712 719
f 719 712 720
f 719 720 717
f 721 722 328
f 328 722 723
f 328 723 724
f 715 717 725
f 725 717 726
f 725 726 727
f 728 324 729
f 729 324 730
f 729 730 731
f 728 732 324
f 324 732 733
f 324 733 734
f 328 735 721
f 721 735 736
f 721 736 737
f 737 736 324
f 737 324 738
f 738 324 734
f 731 730 739
f 739 730 252
f 739 252 740
f 741 383 742
f 742 383 743
f 742 743 744
f 745 746 380
f 380 746 747
f 380 747 748
f 748 749 380
f 380 749 750
f 380 750 743
f 743 750 751
f 743 751 744
f 687 752 681
f 681 752 753
f 681 753 376
f 376 753 754
f 376 754 755
f 755 756 376
f 376 756 757
f 376 757 758
f 745 380 757
f 757 380 759
f 757 759 758
f 686 711 687
f 711 760 687
f 687 760 761
f 687 761 762
f 762 763 687
f 687 763 764
f 687 764 752
f 765 766 767
f 767 766 376
f 376 766 682
f 376 682 681
f 767 372 765
f 765 372 768
f 765 768 769
f 769 768 770
f 769 770 771
f 771 770 772
f 772 770 773
f 772 773 774
f 773 366 774
f 774 366 775
f 774 775 776
f 776 775 362
f 776 362 777
f 778 779 358
f 778 358 780
f 780 358 781
f 780 781 782
f 782 781 354
f 782 354 783
f 779 784 358
f 358 784 785
f 358 785 786
f 786 787 358
f 358 787 788
f 358 788 789
f 362 790 777
f 777 790 791
f 777 791 792
f 792 791 358
f 792 358 793
f 793 358 789
f 793 794 792
f 792 794 795
f 792 795 796
f 796 797 792
f 792 797 798
f 792 798 799
f 799 798 800
f 798 801 800
f 800 801 802
f 800 802 803
f 803 802 804
f 803 804 805
f 804 806 805
f 805 806 807
f 805 807 808
f 808 807 809
f 808 809 810
f 810 809 811
f 810 811 812
f 812 813 810
f 810 813 814
f 810 814 815
f 815 816 346
f 346 816 817
f 346 817 818
f 818 819 346
f 346 819 820
f 346 820 821
f 822 350 823
f 823 350 824
f 823 824 825
f 825 824 346
f 825 346 826
f 826 346 821
f 815 346 810
f 810 346 827
f 810 827 828
f 828 827 829
f 828 829 830
f 830 829 342
f 830 342 831
f 831 342 832
f 831 832 833
f 834 835 836
f 836 835 833
f 836 833 338
f 338 833 832
f 724 727 328
f 328 727 726
f 328 726 837
f 837 726 838
f 837 838 332
f 332 838 839
f 332 839 840
f 840 839 841
f 840 841 834
f 834 841 842
f 834 842 835
f 822 843 350
f 350 843 844
f 350 844 845
f 845 844 846
f 845 846 847
f 846 848 847
f 847 848 849
f 847 849 354
f 354 849 850
f 354 850 783
f 185 184 851
f 852 853 181
f 854 855 856
f 856 857 854
f 854 857 858
f 854 858 859
f 859 858 860
f 861 862 860
f 860 862 863
f 860 863 859
f 861 864 862
f 862 864 865
f 862 865 190
f 190 865 866
f 190 866 188
f 866 867 188
f 188 867 868
f 188 868 186
f 186 868 182
f 182 868 181
f 181 868 869
f 181 869 852
f 851 184 870
f 870 184 871
f 871 184 183
f 871 183 853
f 853 183 179
f 853 179 181
f 872 169 851
f 851 169 232
f 851 232 185
f 873 176 874
f 874 176 173
f 874 173 875
f 875 173 172
f 875 172 876
f 876 172 170
f 876 170 877
f 877 170 169
f 877 169 878
f 878 169 872
f 879 880 753
f 757 756 881
f 882 883 741
f 741 742 882
f 882 742 744
f 882 744 884
f 884 744 751
f 884 751 885
f 885 751 886
f 751 750 886
f 886 750 749
f 886 749 887
f 887 749 748
f 887 748 888
f 748 747 888
f 888 747 746
f 888 746 889
f 889 746 890
f 890 746 881
f 881 746 745
f 881 745 757
f 753 880 754
f 754 880 755
f 755 880 891
f 755 891 756
f 756 891 892
f 756 892 881
f 752 893 753
f 753 893 894
f 753 894 879
f 711 210 760
f 760 210 895
f 760 895 761
f 761 895 896
f 761 896 762
f 762 896 897
f 762 897 763
f 763 897 893
f 763 893 764
f 764 893 752
f 898 899 814
f 818 817 900
f 901 902 848
f 848 846 901
f 901 846 844
f 901 844 903
f 903 844 843
f 822 904 843
f 843 904 905
f 843 905 903
f 822 823 904
f 904 823 825
f 904 825 906
f 906 825 826
f 906 826 907
f 826 821 907
f 907 821 820
f 907 820 908
f 908 820 909
f 909 820 900
f 900 820 819
f 900 819 818
f 814 899 815
f 815 899 816
f 816 899 910
f 816 910 817
f 817 910 911
f 817 911 900
f 813 912 814
f 814 912 913
f 814 913 898
f 804 914 806
f 806 914 915
f 806 915 807
f 807 915 916
f 807 916 809
f 809 916 917
f 809 917 811
f 811 917 912
f 811 912 812
f 812 912 813
f 141 140 918
f 919 920 136
f 921 922 740
f 740 923 921
f 921 923 924
f 921 924 925
f 925 924 926
f 925 926 927
f 927 926 928
f 926 929 928
f 928 929 930
f 928 930 130
f 130 930 931
f 130 931 131
f 931 932 131
f 131 932 933
f 131 933 134
f 134 933 135
f 135 933 136
f 136 933 934
f 136 934 919
f 918 140 935
f 935 140 936
f 936 140 138
f 936 138 920
f 920 138 137
f 920 137 136
f 937 143 918
f 918 143 142
f 918 142 141
f 714 144 938
f 938 144 145
f 938 145 939
f 939 145 147
f 939 147 940
f 940 147 148
f 940 148 941
f 941 148 143
f 941 143 942
f 942 143 937
f 672 87 943
f 672 943 670
f 670 943 944
f 670 944 668
f 668 944 945
f 668 945 666
f 666 945 946
f 666 946 665
f 665 946 947
f 665 947 663
f 948 656 658
f 947 949 663
f 663 949 950
f 663 950 661
f 661 950 951
f 661 951 659
f 659 951 952
f 659 952 658
f 658 952 953
f 658 953 948
f 4 954 955
f 955 954 956
f 955 956 957
f 957 956 650
f 957 650 958
f 958 650 651
f 958 651 959
f 959 651 652
f 959 652 960
f 960 652 654
f 960 654 961
f 961 654 656
f 961 656 962
f 962 656 948
f 954 4 60
f 954 60 963
f 963 60 62
f 963 62 964
f 964 62 64
f 964 64 965
f 965 64 66
f 965 66 966
f 966 66 68
f 966 68 967
f 68 69 967
f 967 69 71
f 967 71 968
f 968 71 73
f 968 73 969
f 969 73 74
f 969 74 970
f 74 76 970
f 970 76 78
f 970 78 971
f 87 672 86
f 86 672 674
f 86 674 85
f 85 674 698
f 85 698 80
f 80 698 972
f 80 972 81
f 81 972 973
f 81 973 82
f 82 973 974
f 82 974 1
f 1 974 971
f 1 971 79
f 79 971 78
f 716 975 976
f 716 976 718
f 718 976 977
f 718 977 719
f 719 977 978
f 719 978 713
f 713 978 144
f 713 144 714
f 979 980 727
f 727 980 981
f 727 981 725
f 725 981 975
f 725 975 715
f 715 975 716
f 982 983 722
f 722 983 984
f 722 984 723
f 723 984 979
f 723 979 724
f 724 979 727
f 722 721 982
f 982 721 737
f 982 737 985
f 985 737 738
f 985 738 986
f 986 738 987
f 732 988 989
f 738 734 987
f 987 734 733
f 987 733 990
f 990 733 732
f 990 732 991
f 991 732 989
f 740 922 739
f 739 922 992
f 739 992 731
f 731 992 993
f 731 993 729
f 729 993 988
f 729 988 728
f 728 988 732
f 797 994 995
f 797 995 798
f 798 995 996
f 798 996 801
f 801 996 997
f 801 997 802
f 802 997 914
f 802 914 804
f 998 999 794
f 794 999 1000
f 794 1000 795
f 795 1000 994
f 795 994 796
f 796 994 797
f 1001 1002 788
f 788 1002 1003
f 788 1003 789
f 789 1003 998
f 789 998 793
f 793 998 794
f 788 787 1001
f 1001 787 786
f 1001 786 1004
f 1004 786 785
f 1004 785 1005
f 1005 785 1006
f 785 784 1006
f 1006 784 779
f 1006 779 1007
f 1007 779 778
f 1007 778 1008
f 780 1009 778
f 778 1009 1010
f 778 1010 1008
f 848 902 849
f 849 902 1011
f 849 1011 850
f 850 1011 1012
f 850 1012 783
f 783 1012 1009
f 783 1009 782
f 782 1009 780
f 1013 195 194
f 1013 194 1014
f 1014 194 192
f 1014 192 1015
f 1015 192 191
f 1015 191 1016
f 1016 191 210
f 1016 210 711
f 198 197 1017
f 1017 197 196
f 1017 196 1018
f 1018 196 195
f 1018 195 1019
f 1019 195 1013
f 202 200 1020
f 1020 200 199
f 1020 199 1021
f 1021 199 198
f 1021 198 1022
f 1022 198 1017
f 1020 1023 202
f 202 1023 1024
f 202 1024 203
f 203 1024 1025
f 203 1025 204
f 204 1025 205
f 1026 1027 1028
f 1025 1029 205
f 205 1029 1030
f 205 1030 206
f 206 1030 1026
f 206 1026 208
f 208 1026 1028
f 1026 1031 1027
f 1027 1031 1032
f 1027 1032 1033
f 1033 1032 1034
f 1033 1034 1035
f 1036 741 883
f 1035 1034 883
f 883 1034 1037
f 883 1037 1036
f 1038 164 163
f 1038 163 1039
f 1039 163 162
f 1039 162 1040
f 1040 162 174
f 1040 174 1041
f 1041 174 176
f 1041 176 873
f 154 167 1042
f 1042 167 165
f 1042 165 1043
f 1043 165 164
f 1043 164 1044
f 1044 164 1038
f 158 157 1045
f 1045 157 155
f 1045 155 1046
f 1046 155 154
f 1046 154 1047
f 1047 154 1042
f 1045 1048 158
f 158 1048 1049
f 158 1049 159
f 159 1049 1050
f 159 1050 160
f 160 1050 153
f 1050 1051 153
f 153 1051 1052
f 153 1052 151
f 151 1052 1053
f 151 1053 149
f 1054 1055 1053
f 1053 1055 1056
f 1053 1056 149
f 856 855 1057
f 1057 855 1058
f 1057 1058 1059
f 1059 1058 1060
f 1059 1060 1061
f 1061 1060 1055
f 1061 1055 1062
f 1062 1055 1054
f 1063 1012 1011
f 1064 993 992
f 1065 1033 1035
f 1066 1060 1058
f 884 1067 572
f 1068 1069 1070
f 1070 1069 1071
f 1070 1071 903
f 572 1067 571
f 571 1067 1072
f 571 1072 570
f 570 1072 569
f 569 1072 1073
f 569 1073 568
f 568 1073 1074
f 568 1074 567
f 567 1074 1075
f 567 1075 566
f 566 1075 1076
f 566 1076 565
f 565 1076 1077
f 565 1077 564
f 564 1077 1078
f 564 1078 563
f 563 1078 1079
f 563 1079 562
f 562 1079 1063
f 562 1063 561
f 561 1063 1011
f 561 1011 409
f 409 1011 902
f 409 902 1071
f 1071 902 901
f 1071 901 903
f 854 859 585
f 585 859 1080
f 585 1080 584
f 584 1080 1081
f 584 1081 583
f 921 1082 922
f 922 1082 1083
f 922 1083 992
f 992 1083 1084
f 992 1084 1064
f 1064 1084 1085
f 1064 1085 1086
f 1086 1085 1087
f 1086 1087 1088
f 1088 1087 1089
f 1088 1089 1090
f 1090 1089 1091
f 1090 1091 1092
f 1092 1091 1093
f 1092 1093 1094
f 1094 1093 1095
f 1094 1095 1096
f 1096 1095 1097
f 1096 1097 1098
f 1098 1097 1099
f 1098 1099 1068
f 1068 1099 1100
f 1068 1100 1069
f 854 585 855
f 855 585 586
f 855 586 1058
f 1058 586 1101
f 1058 1101 1066
f 1066 1101 1102
f 1066 1102 1103
f 1103 1102 1104
f 1103 1104 1105
f 1105 1104 1106
f 1105 1106 1107
f 1107 1106 1108
f 1107 1108 1109
f 1109 1108 1110
f 1109 1110 1111
f 1111 1110 1112
f 1111 1112 1113
f 1113 1112 1114
f 1113 1114 1115
f 1115 1114 1116
f 1115 1116 1117
f 583 1081 582
f 582 1081 1118
f 582 1118 581
f 581 1118 1119
f 581 1119 580
f 580 1119 1120
f 580 1120 579
f 579 1120 1121
f 579 1121 578
f 578 1121 1122
f 578 1122 577
f 577 1122 1123
f 577 1123 576
f 576 1123 1124
f 576 1124 575
f 575 1124 1065
f 575 1065 574
f 574 1065 1035
f 574 1035 573
f 573 1035 883
f 573 883 572
f 572 883 882
f 572 882 884
f 921 925 1082
f 1082 925 1125
f 1082 1125 1126
f 1126 1125 1117
f 1126 1117 1127
f 1127 1117 1116
f 714 1128 712
f 1061 1062 1129
f 625 1040 1041
f 625 1041 623
f 623 1041 873
f 623 873 628
f 1129 1062 1130
f 1130 1062 1054
f 1130 1054 1131
f 1131 1054 1053
f 1131 1053 1052
f 1052 1051 1131
f 1131 1051 1050
f 1131 1050 1049
f 1049 1048 1131
f 1131 1048 1045
f 1131 1045 1046
f 1043 633 1042
f 1042 633 1047
f 1043 1044 633
f 633 1044 1038
f 633 1038 1039
f 1040 625 1039
f 1039 625 627
f 1039 627 633
f 860 858 1132
f 1132 858 1133
f 1133 858 857
f 1133 857 1134
f 857 856 1134
f 1134 856 1057
f 1134 1057 1129
f 1129 1057 1059
f 1129 1059 1061
f 873 874 628
f 628 874 875
f 628 875 629
f 629 875 876
f 629 876 630
f 630 876 877
f 630 877 878
f 878 872 630
f 630 872 851
f 630 851 870
f 870 871 1135
f 1135 871 853
f 1135 853 852
f 852 869 1135
f 1135 869 868
f 1135 868 867
f 867 866 1135
f 1135 866 865
f 1135 865 1136
f 1136 865 864
f 1136 864 1132
f 1132 864 861
f 1132 861 860
f 1014 613 1013
f 1013 613 1019
f 1014 1015 613
f 613 1015 1016
f 613 1016 683
f 683 1016 711
f 683 711 684
f 1023 1020 1137
f 1137 1020 1021
f 1137 1021 1022
f 1019 613 1018
f 1018 613 612
f 1018 612 1017
f 1037 1034 1138
f 1138 1034 1032
f 1138 1032 1139
f 1139 1032 1031
f 1031 1026 1139
f 1139 1026 1030
f 1139 1030 1029
f 1137 1140 1023
f 1023 1140 1141
f 1023 1141 1024
f 1024 1141 1139
f 1024 1139 1025
f 1025 1139 1029
f 1037 1138 1036
f 1036 1138 383
f 1036 383 741
f 740 252 923
f 923 252 1142
f 923 1142 924
f 934 933 1143
f 1143 933 932
f 1143 932 931
f 931 930 1143
f 1143 930 929
f 1143 929 1142
f 1142 929 926
f 1142 926 924
f 1144 937 1145
f 1145 937 918
f 1145 918 1146
f 1146 918 935
f 1146 935 936
f 936 920 1146
f 1146 920 919
f 1146 919 1147
f 934 1143 919
f 919 1143 1148
f 919 1148 1147
f 1128 714 1144
f 714 938 1144
f 1144 938 939
f 1144 939 940
f 940 941 1144
f 1144 941 942
f 1144 942 937
f 641 640 1149
f 1149 640 1146
f 1146 640 710
f 1146 710 1145
f 1149 1150 641
f 641 1150 1151
f 641 1151 642
f 642 1151 1152
f 642 1152 634
f 634 1152 635
f 635 1152 1153
f 635 1153 637
f 1046 1047 1131
f 1131 1047 633
f 1131 633 1154
f 1154 633 632
f 1153 1155 637
f 637 1155 1156
f 637 1156 638
f 638 1156 1157
f 638 1157 632
f 632 1157 1158
f 632 1158 1154
f 870 1135 630
f 630 1135 1159
f 630 1159 620
f 620 1159 1160
f 620 1160 621
f 621 1160 1161
f 621 1161 622
f 622 1161 1162
f 622 1162 614
f 1163 615 1164
f 1164 615 614
f 1164 614 1165
f 1165 614 1162
f 1022 1017 1137
f 1137 1017 612
f 1137 612 1166
f 1166 612 611
f 1166 611 1167
f 1167 611 610
f 1167 610 1168
f 1168 610 618
f 1168 618 1163
f 1163 618 617
f 1163 617 615
f 1145 710 647
f 972 1169 973
f 973 1169 1170
f 973 1170 974
f 974 1170 1171
f 974 1171 971
f 971 1171 1172
f 971 1172 970
f 970 1172 969
f 969 1172 1173
f 969 1173 968
f 968 1173 1174
f 968 1174 967
f 967 1174 1175
f 967 1175 966
f 966 1175 965
f 965 1175 1176
f 965 1176 964
f 964 1176 1177
f 964 1177 963
f 963 1177 1178
f 963 1178 954
f 954 1178 1179
f 954 1179 956
f 1180 643 649
f 1144 1145 1181
f 1181 1145 647
f 1181 647 646
f 1144 1181 1128
f 1128 1181 1182
f 1128 1182 712
f 712 1182 1183
f 712 1183 720
f 838 1183 839
f 839 1183 1184
f 838 726 1183
f 1183 726 717
f 1183 717 720
f 833 835 1185
f 1185 835 842
f 1185 842 1184
f 1184 842 841
f 1184 841 839
f 1186 828 830
f 1186 830 1185
f 1185 830 831
f 1185 831 833
f 803 1187 800
f 800 1187 1188
f 800 1188 799
f 803 805 1187
f 1187 805 808
f 1187 808 1186
f 1186 808 810
f 1186 810 828
f 1189 777 1188
f 1188 777 792
f 1188 792 799
f 771 772 1190
f 1190 772 774
f 1190 774 1189
f 1189 774 776
f 1189 776 777
f 1191 766 765
f 1191 765 1190
f 1190 765 769
f 1190 769 771
f 676 709 1192
f 1192 709 678
f 1192 678 680
f 972 698 1169
f 1169 698 677
f 1169 677 676
f 676 1193 1169
f 1169 1193 1194
f 1169 1194 1170
f 1170 1194 1195
f 1170 1195 1171
f 1171 1195 1196
f 1171 1196 1172
f 1172 1196 1197
f 1172 1197 1173
f 1173 1197 1198
f 1173 1198 1174
f 1174 1198 1199
f 1174 1199 1175
f 1175 1199 1200
f 1175 1200 1176
f 1176 1200 1201
f 1176 1201 1177
f 1177 1201 1202
f 1177 1202 1178
f 1178 1202 1180
f 1178 1180 1179
f 1179 1180 649
f 1179 649 956
f 956 649 650
f 676 1192 1193
f 1193 1192 1203
f 1193 1203 1194
f 1194 1203 1204
f 1194 1204 1195
f 1195 1204 1205
f 1195 1205 1196
f 1196 1205 1206
f 1196 1206 1197
f 1197 1206 1207
f 1197 1207 1198
f 1198 1207 1208
f 1198 1208 1199
f 1199 1208 1209
f 1199 1209 1200
f 1200 1209 1210
f 1200 1210 1201
f 1201 1210 1211
f 1201 1211 1202
f 1202 1211 1212
f 1202 1212 1180
f 1180 1212 644
f 1180 644 643
f 682 766 680
f 680 766 1191
f 680 1191 1192
f 1192 1191 1190
f 1192 1190 1203
f 1203 1190 1189
f 1203 1189 1204
f 1204 1189 1188
f 1204 1188 1205
f 1205 1188 1187
f 1205 1187 1206
f 1206 1187 1186
f 1206 1186 1207
f 1207 1186 1185
f 1207 1185 1208
f 1208 1185 1184
f 1208 1184 1209
f 1209 1184 1183
f 1209 1183 1210
f 1210 1183 1182
f 1210 1182 1211
f 1211 1182 1181
f 1211 1181 1212
f 1212 1181 646
f 1212 646 644
f 1213 1214 1215
f 1216 1217 1218
f 1218 1217 1219
f 255 587 1220
f 1220 587 1221
f 1220 1221 1222
f 1222 1221 1223
f 1222 1223 1224
f 1224 1223 1225
f 1224 1225 1226
f 1226 1225 1227
f 1226 1227 1228
f 1228 1227 1229
f 1228 1229 1230
f 1230 1229 1231
f 1230 1231 1232
f 1232 1231 1233
f 1232 1233 1234
f 1234 1233 1235
f 1234 1235 1236
f 1236 1235 1237
f 1236 1237 1219
f 1219 1237 1238
f 1219 1238 1218
f 1215 1214 1239
f 1239 1214 1240
f 1239 1240 1216
f 1216 1240 1241
f 1216 1241 1217
f 1242 1243 1244
f 1244 1243 1245
f 1244 1245 1246
f 1246 1245 1247
f 1246 1247 1248
f 1248 1247 1213
f 1248 1213 1249
f 1249 1213 1215
f 450 321 452
f 452 321 1250
f 452 1250 454
f 454 1250 1251
f 454 1251 456
f 456 1251 1252
f 456 1252 457
f 457 1252 1253
f 457 1253 459
f 459 1253 1254
f 459 1254 460
f 460 1254 1255
f 460 1255 462
f 462 1255 1256
f 462 1256 464
f 464 1256 1257
f 464 1257 466
f 466 1257 1258
f 466 1258 467
f 467 1258 1259
f 467 1259 468
f 468 1259 1260
f 468 1260 470
f 470 1260 1261
f 470 1261 472
f 472 1261 1262
f 472 1262 474
f 474 1262 1263
f 474 1263 475
f 475 1263 1264
f 475 1264 476
f 476 1264 1265
f 476 1265 478
f 478 1265 1266
f 478 1266 480
f 480 1266 1267
f 480 1267 482
f 482 1267 1268
f 482 1268 483
f 483 1268 1269
f 483 1269 484
f 484 1269 1270
f 484 1270 1271
f 1271 1270 1272
f 1271 1272 1242
f 1242 1272 1273
f 1242 1273 1243
f 586 560 1274
f 560 535 1275
f 535 510 1276
f 510 485 1277
f 485 484 1271
f 485 1271 1277
f 1277 1271 1242
f 1277 1242 1278
f 1242 1244 1278
f 1278 1244 1246
f 1278 1246 1279
f 1246 1248 1279
f 1279 1248 1249
f 1279 1249 1280
f 1280 1249 1215
f 1280 1215 1281
f 1281 1215 1239
f 1281 1239 1282
f 1282 1239 1216
f 1216 1218 1282
f 1282 1218 1238
f 1282 1238 1283
f 1283 1238 1237
f 1283 1237 1284
f 1284 1237 1235
f 1284 1235 1285
f 1285 1235 1233
f 1233 1231 1285
f 1285 1231 1229
f 1285 1229 1286
f 1286 1229 1227
f 1286 1227 1287
f 1287 1227 1225
f 1287 1225 1288
f 1288 1225 1223
f 1223 1221 1288
f 1288 1221 587
f 1288 587 1289
f 1289 587 588
f 1289 588 1290
f 1290 588 589
f 1290 589 1291
f 589 590 1291
f 1291 590 591
f 1291 591 1292
f 591 592 1292
f 1292 592 593
f 1292 593 1293
f 1293 593 594
f 1293 594 1294
f 1294 594 595
f 1294 595 1295
f 1295 595 596
f 596 597 1295
f 1295 597 598
f 1295 598 1296
f 1296 598 599
f 1296 599 1297
f 1297 599 600
f 1297 600 1298
f 1298 600 601
f 601 602 1298
f 1298 602 603
f 1298 603 1299
f 1299 603 604
f 1299 604 1300
f 1300 604 605
f 1300 605 1301
f 1301 605 606
f 606 607 1301
f 1301 607 418
f 1301 418 416
f 510 1277 1276
f 1276 1277 1278
f 1276 1278 1302
f 1302 1278 1279
f 1302 1279 1303
f 1303 1279 1280
f 1303 1280 1304
f 1304 1280 1281
f 1304 1281 1305
f 1305 1281 1282
f 1305 1282 1306
f 1306 1282 1283
f 1306 1283 1307
f 1307 1283 1284
f 1307 1284 1308
f 1308 1284 1285
f 1308 1285 1309
f 1309 1285 1286
f 1309 1286 1310
f 1310 1286 1287
f 1310 1287 1311
f 1311 1287 1288
f 1311 1288 1312
f 1312 1288 1289
f 1312 1289 1313
f 1313 1289 1290
f 1313 1290 1314
f 1314 1290 1291
f 1314 1291 1315
f 1315 1291 1292
f 1315 1292 1316
f 1316 1292 1293
f 1316 1293 1317
f 1317 1293 1294
f 1317 1294 1318
f 1318 1294 1295
f 1318 1295 1319
f 1319 1295 1296
f 1319 1296 1320
f 1320 1296 1297
f 1320 1297 1321
f 1321 1297 1298
f 1321 1298 1322
f 1322 1298 1299
f 1322 1299 1323
f 1323 1299 1300
f 1323 1300 1324
f 1324 1300 1301
f 1324 1301 1325
f 1325 1301 416
f 1325 416 414
f 535 1276 1275
f 1275 1276 1302
f 1275 1302 1326
f 1326 1302 1303
f 1326 1303 1327
f 1327 1303 1304
f 1327 1304 1328
f 1328 1304 1305
f 1328 1305 1329
f 1329 1305 1306
f 1329 1306 1330
f 1330 1306 1307
f 1330 1307 1331
f 1331 1307 1308
f 1331 1308 1332
f 1332 1308 1309
f 1332 1309 1333
f 1333 1309 1310
f 1333 1310 1334
f 1334 1310 1311
f 1334 1311 1335
f 1335 1311 1312
f 1335 1312 1336
f 1336 1312 1313
f 1336 1313 1337
f 1337 1313 1314
f 1337 1314 1338
f 1338 1314 1315
f 1338 1315 1339
f 1339 1315 1316
f 1339 1316 1340
f 1340 1316 1317
f 1340 1317 1341
f 1341 1317 1318
f 1341 1318 1342
f 1342 1318 1319
f 1342 1319 1343
f 1343 1319 1320
f 1343 1320 1344
f 1344 1320 1321
f 1344 1321 1345
f 1345 1321 1322
f 1345 1322 1346
f 1346 1322 1323
f 1346 1323 1347
f 1347 1323 1324
f 1347 1324 1348
f 1348 1324 1325
f 1348 1325 1349
f 1349 1325 414
f 1349 414 412
f 560 1275 1274
f 1274 1275 1326
f 1274 1326 1350
f 1350 1326 1327
f 1350 1327 1351
f 1351 1327 1328
f 1351 1328 1352
f 1352 1328 1329
f 1352 1329 1353
f 1353 1329 1330
f 1353 1330 1354
f 1354 1330 1331
f 1354 1331 1355
f 1355 1331 1332
f 1355 1332 1356
f 1356 1332 1333
f 1356 1333 1357
f 1357 1333 1334
f 1357 1334 1358
f 1358 1334 1335
f 1358 1335 1359
f 1359 1335 1336
f 1359 1336 1360
f 1360 1336 1337
f 1360 1337 1361
f 1361 1337 1338
f 1361 1338 1362
f 1362 1338 1339
f 1362 1339 1363
f 1363 1339 1340
f 1363 1340 1364
f 1364 1340 1341
f 1364 1341 1365
f 1365 1341 1342
f 1365 1342 1366
f 1366 1342 1343
f 1366 1343 1367
f 1367 1343 1344
f 1367 1344 1368
f 1368 1344 1345
f 1368 1345 1369
f 1369 1345 1346
f 1369 1346 1370
f 1370 1346 1347
f 1370 1347 1371
f 1371 1347 1348
f 1371 1348 1372
f 1372 1348 1349
f 1372 1349 1373
f 1373 1349 412
f 1373 412 410
f 586 1274 1101
f 1101 1274 1350
f 1101 1350 1102
f 1102 1350 1351
f 1102 1351 1104
f 1104 1351 1352
f 1104 1352 1106
f 1106 1352 1353
f 1106 1353 1108
f 1108 1353 1354
f 1108 1354 1110
f 1110 1354 1355
f 1110 1355 1112
f 1112 1355 1356
f 1112 1356 1114
f 1114 1356 1357
f 1114 1357 1116
f 1116 1357 1358
f 1116 1358 1127
f 1127 1358 1359
f 1127 1359 1126
f 1126 1359 1360
f 1126 1360 1082
f 1082 1360 1361
f 1082 1361 1083
f 1083 1361 1362
f 1083 1362 1084
f 1084 1362 1363
f 1084 1363 1085
f 1085 1363 1364
f 1085 1364 1087
f 1087 1364 1365
f 1087 1365 1089
f 1089 1365 1366
f 1089 1366 1091
f 1091 1366 1367
f 1091 1367 1093
f 1093 1367 1368
f 1093 1368 1095
f 1095 1368 1369
f 1095 1369 1097
f 1097 1369 1370
f 1097 1370 1099
f 1099 1370 1371
f 1099 1371 1100
f 1100 1371 1372
f 1100 1372 1069
f 1069 1372 1373
f 1069 1373 1071
f 1071 1373 410
f 1071 410 409
f 320 408 1374
f 384 383 1375
f 1251 1250 1376
f 1376 1250 321
f 1376 321 320
f 1251 1376 1252
f 1252 1376 1377
f 1252 1377 1253
f 1253 1377 1378
f 1253 1378 1254
f 1254 1378 1379
f 1254 1379 1255
f 1380 1258 1381
f 1381 1258 1257
f 1381 1257 1379
f 1379 1257 1256
f 1379 1256 1255
f 1263 1262 1382
f 1382 1262 1261
f 1382 1261 1383
f 1383 1261 1260
f 1383 1260 1380
f 1380 1260 1259
f 1380 1259 1258
f 1263 1382 1264
f 1264 1382 1384
f 1264 1384 1265
f 1265 1384 1385
f 1265 1385 1266
f 1266 1385 1386
f 1266 1386 1267
f 1267 1386 1268
f 1268 1386 1387
f 1268 1387 1269
f 1247 1245 1388
f 1388 1245 1243
f 1388 1243 1389
f 1389 1243 1273
f 1389 1273 1390
f 1390 1273 1272
f 1390 1272 1387
f 1387 1272 1270
f 1387 1270 1269
f 1247 1388 1391
f 1391 1388 1392
f 1391 1392 1214
f 1214 1392 1393
f 1214 1393 1240
f 1240 1393 1394
f 1240 1394 1241
f 1241 1394 1217
f 1217 1394 1395
f 1217 1395 1219
f 1226 1228 1396
f 1396 1228 1230
f 1396 1230 1397
f 1397 1230 1232
f 1397 1232 1398
f 1398 1232 1399
f 1398 1399 1395
f 1395 1399 1236
f 1395 1236 1219
f 1226 1396 1224
f 1224 1396 1400
f 1224 1400 1222
f 1222 1400 1401
f 1222 1401 1220
f 1220 1401 248
f 1220 248 255
f 408 384 1402
f 1402 384 1375
f 1402 1375 1403
f 1403 1375 1139
f 1139 1404 1403
f 1403 1404 1405
f 1403 1405 1406
f 1406 1405 1137
f 1406 1137 1407
f 1407 1137 1408
f 1407 1408 1409
f 1409 1408 1167
f 1167 1410 1409
f 1409 1410 1411
f 1409 1411 1412
f 1412 1411 1413
f 1412 1413 1414
f 1414 1413 1165
f 1414 1165 1415
f 1415 1165 1416
f 1415 1416 1417
f 1417 1416 1161
f 1161 1418 1417
f 1417 1418 1419
f 1417 1419 1420
f 1420 1419 1135
f 1420 1135 1421
f 1421 1135 1422
f 1421 1422 1423
f 1423 1422 1132
f 1132 1424 1423
f 1423 1424 1425
f 1423 1425 1426
f 1426 1425 1129
f 1426 1129 1427
f 1427 1129 1428
f 1427 1428 1429
f 1429 1428 1131
f 1131 1430 1429
f 1429 1430 1431
f 1429 1431 1432
f 1432 1431 1157
f 1432 1157 1433
f 1433 1157 1434
f 1433 1434 1435
f 1435 1434 1155
f 1155 1436 1435
f 1435 1436 1437
f 1435 1437 1438
f 1438 1437 1439
f 1438 1439 1440
f 1440 1439 1150
f 1440 1150 1441
f 1441 1150 1442
f 1441 1442 1443
f 1443 1442 1146
f 1146 1444 1443
f 1443 1444 1445
f 1443 1445 1446
f 1446 1445 1143
f 1446 1143 1447
f 1143 1448 1447
f 1447 1448 252
f 1447 252 251
f 408 1402 1374
f 1374 1402 1403
f 1374 1403 1449
f 1449 1403 1406
f 1449 1406 1450
f 1450 1406 1407
f 1450 1407 1451
f 1451 1407 1409
f 1451 1409 1452
f 1452 1409 1412
f 1452 1412 1453
f 1453 1412 1414
f 1453 1414 1454
f 1454 1414 1415
f 1454 1415 1455
f 1455 1415 1417
f 1455 1417 1456
f 1456 1417 1420
f 1456 1420 1457
f 1457 1420 1421
f 1457 1421 1458
f 1458 1421 1423
f 1458 1423 1459
f 1459 1423 1426
f 1459 1426 1460
f 1460 1426 1427
f 1460 1427 1461
f 1461 1427 1429
f 1461 1429 1462
f 1462 1429 1432
f 1462 1432 1463
f 1463 1432 1433
f 1463 1433 1464
f 1464 1433 1435
f 1464 1435 1465
f 1465 1435 1438
f 1465 1438 1466
f 1466 1438 1440
f 1466 1440 1467
f 1467 1440 1441
f 1467 1441 1468
f 1468 1441 1443
f 1468 1443 1469
f 1469 1443 1446
f 1469 1446 1470
f 1470 1446 1447
f 1470 1447 1471
f 1471 1447 251
f 1471 251 249
f 320 1374 1376
f 1376 1374 1449
f 1376 1449 1377
f 1377 1449 1450
f 1377 1450 1378
f 1378 1450 1451
f 1378 1451 1379
f 1379 1451 1452
f 1379 1452 1381
f 1381 1452 1453
f 1381 1453 1380
f 1380 1453 1454
f 1380 1454 1383
f 1383 1454 1455
f 1383 1455 1382
f 1382 1455 1456
f 1382 1456 1384
f 1384 1456 1457
f 1384 1457 1385
f 1385 1457 1458
f 1385 1458 1386
f 1386 1458 1459
f 1386 1459 1387
f 1387 1459 1460
f 1387 1460 1390
f 1390 1460 1461
f 1390 1461 1389
f 1389 1461 1462
f 1389 1462 1388
f 1388 1462 1463
f 1388 1463 1392
f 1392 1463 1464
f 1392 1464 1393
f 1393 1464 1465
f 1393 1465 1394
f 1394 1465 1466
f 1394 1466 1395
f 1395 1466 1467
f 1395 1467 1398
f 1398 1467 1468
f 1398 1468 1397
f 1397 1468 1469
f 1397 1469 1396
f 1396 1469 1470
f 1396 1470 1400
f 1400 1470 1471
f 1400 1471 1401
f 1401 1471 249
f 1401 249 248
f 210 16 22
f 887 888 1472
f 1472 888 1473
f 888 889 1473
f 1473 889 890
f 1473 890 881
f 892 891 21
f 21 891 880
f 880 879 21
f 21 879 894
f 21 894 893
f 893 897 21
f 21 897 896
f 21 896 22
f 22 896 895
f 22 895 210
f 1008 1474 1007
f 1007 1474 1475
f 1007 1475 1006
f 998 1003 1476
f 1476 1003 1002
f 1002 1001 1476
f 1476 1001 1004
f 1476 1004 1475
f 1475 1004 1005
f 1475 1005 1006
f 34 996 995
f 995 994 34
f 34 994 1000
f 34 1000 33
f 33 1000 999
f 33 999 31
f 912 917 38
f 38 917 916
f 38 916 915
f 996 34 997
f 997 34 36
f 997 36 914
f 914 36 41
f 914 41 915
f 915 41 40
f 915 40 38
f 911 1477 900
f 900 1477 909
f 911 910 1477
f 1477 910 899
f 1477 899 898
f 909 1477 908
f 908 1477 1478
f 908 1478 907
f 907 1478 1479
f 907 1479 906
f 978 977 55
f 55 977 976
f 55 976 975
f 975 981 55
f 55 981 980
f 55 980 979
f 984 983 1480
f 983 982 1480
f 1480 982 985
f 1480 985 986
f 986 987 1480
f 1480 987 990
f 1480 990 1481
f 1481 990 991
f 55 57 978
f 978 57 59
f 978 59 144
f 881 892 1473
f 1473 892 21
f 1473 21 1482
f 1482 21 19
f 1482 19 1483
f 1483 19 18
f 1483 18 1484
f 1484 18 23
f 1484 23 1485
f 1485 23 1486
f 1486 23 25
f 1486 25 1487
f 1487 25 27
f 1487 27 1488
f 1488 27 28
f 1488 28 1489
f 1489 28 30
f 1489 30 1490
f 1490 30 1491
f 1491 30 31
f 1491 31 1476
f 1476 31 999
f 1476 999 998
f 47 1492 43
f 43 1492 1477
f 43 1477 44
f 44 1477 898
f 44 898 38
f 38 898 913
f 38 913 912
f 46 1493 47
f 47 1493 1494
f 47 1494 1492
f 48 1495 49
f 49 1495 1496
f 49 1496 51
f 51 1496 1497
f 51 1497 52
f 52 1497 1498
f 52 1498 46
f 46 1498 1499
f 46 1499 1493
f 979 984 55
f 55 984 1480
f 55 1480 53
f 53 1480 1500
f 53 1500 48
f 48 1500 1501
f 48 1501 1495
f 1008 1010 1063
f 1063 1010 1009
f 1063 1009 1012
f 1008 1063 1474
f 1474 1063 1079
f 1474 1079 1475
f 1475 1079 1476
f 1476 1079 1078
f 1476 1078 1491
f 1491 1078 1077
f 1491 1077 1490
f 1490 1077 1076
f 1490 1076 1489
f 1483 1484 1073
f 1073 1484 1485
f 1073 1485 1074
f 1074 1485 1486
f 1074 1486 1075
f 1075 1486 1487
f 1075 1487 1076
f 1076 1487 1488
f 1076 1488 1489
f 886 1067 885
f 885 1067 884
f 1483 1073 1482
f 1482 1073 1072
f 1482 1072 1473
f 1473 1072 1067
f 1473 1067 1472
f 1472 1067 886
f 1472 886 887
f 1480 1481 1064
f 988 993 1064
f 1481 991 1064
f 1064 991 989
f 1064 989 988
f 1480 1064 1500
f 1500 1064 1086
f 1500 1086 1501
f 1501 1086 1088
f 1501 1088 1495
f 1495 1088 1090
f 1495 1090 1496
f 1098 1494 1096
f 1096 1494 1493
f 1096 1493 1094
f 1094 1493 1499
f 1094 1499 1092
f 1092 1499 1498
f 1092 1498 1090
f 1090 1498 1497
f 1090 1497 1496
f 1478 1477 1098
f 1098 1477 1492
f 1098 1492 1494
f 904 1070 905
f 905 1070 903
f 1098 1068 1478
f 1478 1068 1070
f 1478 1070 1479
f 1479 1070 904
f 1479 904 906
f 149 1056 1066
f 1066 1056 1055
f 1066 1055 1060
f 149 1066 150
f 150 1066 1103
f 150 1103 152
f 152 1103 156
f 156 1103 1105
f 156 1105 227
f 227 1105 1107
f 227 1107 226
f 226 1107 1109
f 226 1109 224
f 213 215 1115
f 1115 215 217
f 1115 217 1113
f 1113 217 218
f 1113 218 1111
f 1111 218 220
f 1111 220 1109
f 1109 220 222
f 1109 222 224
f 928 1125 927
f 927 1125 925
f 213 1115 211
f 211 1115 1117
f 211 1117 133
f 133 1117 1125
f 133 1125 132
f 132 1125 928
f 132 928 130
f 201 207 1065
f 1027 1033 1065
f 207 208 1065
f 1065 208 1028
f 1065 1028 1027
f 201 1065 246
f 246 1065 1124
f 246 1124 247
f 247 1124 1123
f 247 1123 237
f 237 1123 1122
f 237 1122 239
f 1118 235 1119
f 1119 235 234
f 1119 234 1120
f 1120 234 244
f 1120 244 1121
f 1121 244 243
f 1121 243 1122
f 1122 243 241
f 1122 241 239
f 187 180 1118
f 1118 180 229
f 1118 229 235
f 862 1080 863
f 863 1080 859
f 1118 1081 187
f 187 1081 1080
f 187 1080 189
f 189 1080 862
f 189 862 190
f 961 1502 1503
f 59 58 1504
f 214 212 1505
f 1505 212 139
f 1505 139 1504
f 1504 139 146
f 1504 146 59
f 214 1505 216
f 216 1505 1506
f 216 1506 219
f 219 1506 1507
f 219 1507 221
f 221 1507 223
f 223 1507 1508
f 223 1508 225
f 225 1508 168
f 168 1508 1509
f 168 1509 166
f 166 1509 161
f 161 1509 1510
f 161 1510 175
f 1511 171 1512
f 1512 171 178
f 1512 178 1510
f 1510 178 177
f 1510 177 175
f 1513 230 1511
f 1511 230 231
f 1511 231 171
f 1514 233 1513
f 1513 233 228
f 1513 228 230
f 236 238 1515
f 1515 238 240
f 1515 240 1514
f 1514 240 242
f 1514 242 233
f 236 1515 245
f 245 1515 1516
f 245 1516 193
f 193 1516 1517
f 193 1517 209
f 209 1517 14
f 209 14 16
f 1518 946 1519
f 1519 946 945
f 1519 945 1520
f 1520 945 944
f 1520 944 1521
f 1521 944 943
f 1521 943 1522
f 1522 943 87
f 1522 87 8
f 1523 950 1524
f 1524 950 949
f 1524 949 1518
f 1518 949 947
f 1518 947 946
f 953 952 1523
f 1523 952 951
f 1523 951 950
f 1523 1525 953
f 953 1525 1526
f 953 1526 948
f 1502 961 1526
f 1526 961 962
f 1526 962 948
f 958 959 1503
f 1503 959 960
f 1503 960 961
f 1503 1527 958
f 958 1527 1528
f 958 1528 957
f 957 1528 1529
f 957 1529 955
f 4 955 5
f 5 955 1529
f 5 1529 129
f 115 129 1530
f 101 115 1531
f 58 101 1532
f 58 1532 1504
f 1504 1532 1533
f 1504 1533 1505
f 1505 1533 1534
f 1505 1534 1506
f 1506 1534 1535
f 1506 1535 1507
f 1507 1535 1536
f 1507 1536 1508
f 1508 1536 1537
f 1508 1537 1509
f 1509 1537 1538
f 1509 1538 1510
f 1510 1538 1539
f 1510 1539 1512
f 1512 1539 1540
f 1512 1540 1511
f 1511 1540 1541
f 1511 1541 1513
f 1513 1541 1542
f 1513 1542 1514
f 1514 1542 1543
f 1514 1543 1515
f 1515 1543 1544
f 1515 1544 1516
f 1516 1544 1545
f 1516 1545 1517
f 1517 1545 12
f 1517 12 14
f 101 1531 1532
f 1532 1531 1546
f 1532 1546 1533
f 1533 1546 1547
f 1533 1547 1534
f 1534 1547 1548
f 1534 1548 1535
f 1535 1548 1549
f 1535 1549 1536
f 1536 1549 1550
f 1536 1550 1537
f 1537 1550 1551
f 1537 1551 1538
f 1538 1551 1552
f 1538 1552 1539
f 1539 1552 1553
f 1539 1553 1540
f 1540 1553 1554
f 1540 1554 1541
f 1541 1554 1555
f 1541 1555 1542
f 1542 1555 1556
f 1542 1556 1543
f 1543 1556 1557
f 1543 1557 1544
f 1544 1557 1558
f 1544 1558 1545
f 1545 1558 10
f 1545 10 12
f 115 1530 1531
f 1531 1530 1559
f 1531 1559 1546
f 1546 1559 1560
f 1546 1560 1547
f 1547 1560 1561
f 1547 1561 1548
f 1548 1561 1562
f 1548 1562 1549
f 1549 1562 1563
f 1549 1563 1550
f 1550 1563 1564
f 1550 1564 1551
f 1551 1564 1565
f 1551 1565 1552
f 1552 1565 1566
f 1552 1566 1553
f 1553 1566 1567
f 1553 1567 1554
f 1554 1567 1568
f 1554 1568 1555
f 1555 1568 1569
f 1555 1569 1556
f 1556 1569 1570
f 1556 1570 1557
f 1557 1570 1571
f 1557 1571 1558
f 1558 1571 7
f 1558 7 10
f 129 1529 1530
f 1530 1529 1528
f 1530 1528 1559
f 1559 1528 1527
f 1559 1527 1560
f 1560 1527 1503
f 1560 1503 1561
f 1561 1503 1502
f 1561 1502 1562
f 1562 1502 1526
f 1562 1526 1563
f 1563 1526 1525
f 1563 1525 1564
f 1564 1525 1523
f 1564 1523 1565
f 1565 1523 1524
f 1565 1524 1566
f 1566 1524 1518
f 1566 1518 1567
f 1567 1518 1519
f 1567 1519 1568
f 1568 1519 1520
f 1568 1520 1569
f 1569 1520 1521
f 1569 1521 1570
f 1570 1521 1522
f 1570 1522 1571
f 1571 1522 8
f 1571 8 7

