# https://github.com/mikedh/trimesh
v 0.00097200 0.00646534 -0.00326231
v 0.00097200 0.00637283 -0.00320935
v 0.00102095 0.00626784 -0.00349998
v 0.00097200 0.00657163 -0.00344341
v 0.00097200 0.00653434 -0.00334356
v 0.00094482 0.00626784 -0.00311730
v 0.00097200 0.00626784 -0.00319096
v 0.00002094 0.00647798 -0.00252231
v 0.00002094 0.00626784 -0.00249998
v 0.00032996 0.00626784 -0.00254892
v 0.00002094 0.00722748 -0.00378120
v 0.00002094 0.00725465 -0.00366186
v 0.00032996 0.00720635 -0.00365393
v 0.00002094 0.00726688 -0.00345623
v 0.00032996 0.00720283 -0.00332589
v 0.00002094 0.00725094 -0.00331693
v 0.00002094 0.00719923 -0.00313595
v 0.00032996 0.00708805 -0.00301856
v 0.00002094 0.00713026 -0.00299379
v 0.00002094 0.00703177 -0.00285468
v 0.00032996 0.00687568 -0.00276852
v 0.00002094 0.00690696 -0.00273087
v 0.00002094 0.00678245 -0.00264255
v 0.00032996 0.00659098 -0.00260550
v 0.00002094 0.00660761 -0.00255947
v 0.00060873 0.00706619 -0.00363094
v 0.00059851 0.00698058 -0.00389798
v 0.00031397 0.00710261 -0.00396612
v 0.00002094 0.00714094 -0.00398752
v 0.00060873 0.00706319 -0.00335189
v 0.00060873 0.00696555 -0.00309046
v 0.00060873 0.00678490 -0.00287776
v 0.00060873 0.00654272 -0.00273909
v 0.00082996 0.00684787 -0.00359513
v 0.00082501 0.00678693 -0.00378984
v 0.00040362 0.00626784 -0.00257610
v 0.00060873 0.00626784 -0.00269096
v 0.00072805 0.00626784 -0.00279287
v 0.00082996 0.00684569 -0.00339239
v 0.00082996 0.00677476 -0.00320245
v 0.00082996 0.00664350 -0.00304791
v 0.00082996 0.00646755 -0.00294716
v 0.00082996 0.00626784 -0.00291219
v 0.00097070 0.00654112 -0.00365258
v 0.00097200 0.00657278 -0.00355000
v 0.00097200 -0.00646532 0.00326235
v 0.00097200 -0.00637281 0.00320939
v 0.00102095 -0.00626782 0.00350002
v 0.00097200 -0.00657161 0.00344346
v 0.00097200 -0.00653432 0.00334360
v 0.00094482 -0.00626782 0.00311734
v 0.00097200 -0.00626782 0.00319100
v 0.00002094 -0.00647927 0.00252263
v 0.00002094 -0.00626782 0.00250002
v 0.00032996 -0.00626782 0.00254896
v 0.00002094 -0.00722426 0.00379193
v 0.00002094 -0.00725463 0.00366190
v 0.00032996 -0.00720633 0.00365398
v 0.00002094 -0.00726722 0.00346546
v 0.00032996 -0.00720280 0.00332594
v 0.00002094 -0.00725092 0.00331698
v 0.00002094 -0.00720181 0.00314273
v 0.00032996 -0.00708803 0.00301861
v 0.00002094 -0.00713024 0.00299383
v 0.00002094 -0.00703513 0.00285875
v 0.00032996 -0.00687566 0.00276856
v 0.00002094 -0.00690694 0.00273092
v 0.00002094 -0.00678525 0.00264430
v 0.00032996 -0.00659096 0.00260555
v 0.00002094 -0.00660759 0.00255951
v 0.00060873 -0.00706616 0.00363099
v 0.00059851 -0.00698056 0.00389802
v 0.00031397 -0.00710258 0.00396616
v 0.00002094 -0.00714091 0.00398757
v 0.00060873 -0.00706316 0.00335194
v 0.00060873 -0.00696553 0.00309051
v 0.00060873 -0.00678488 0.00287780
v 0.00060873 -0.00654270 0.00273914
v 0.00082996 -0.00684785 0.00359517
v 0.00082501 -0.00678691 0.00378989
v 0.00040362 -0.00626782 0.00257614
v 0.00060873 -0.00626782 0.00269100
v 0.00072805 -0.00626782 0.00279291
v 0.00082996 -0.00684567 0.00339243
v 0.00082996 -0.00677473 0.00320249
v 0.00082996 -0.00664348 0.00304795
v 0.00082996 -0.00646753 0.00294720
v 0.00082996 -0.00626782 0.00291224
v 0.00097070 -0.00654109 0.00365262
v 0.00097200 -0.00657276 0.00355005
v 0.00102095 0.00000000 -0.00224998
v 0.00097200 0.00000000 -0.00194096
v 0.00097200 -0.00043191 -0.00189230
v 0.00082996 0.00000000 -0.00166219
v 0.00082996 -0.00036988 -0.00162052
v 0.00060873 0.00000000 -0.00144096
v 0.00060873 -0.00032065 -0.00140483
v 0.00032996 0.00000000 -0.00129892
v 0.00032996 -0.00028904 -0.00126636
v 0.00032996 -0.00080988 0.00101558
v 0.00002094 -0.00077936 0.00097731
v 0.00002094 -0.00054235 0.00112623
v 0.00002094 0.00000000 -0.00124998
v 0.00002094 -0.00027815 -0.00121864
v 0.00002094 -0.00033930 -0.00120305
v 0.00032996 -0.00056359 -0.00117029
v 0.00002094 -0.00054235 -0.00112619
v 0.00002094 -0.00077936 -0.00097727
v 0.00032996 -0.00080988 -0.00101553
v 0.00002094 -0.00081181 -0.00095049
v 0.00032996 -0.00101555 -0.00080986
v 0.00002094 -0.00097729 -0.00077934
v 0.00002094 -0.00112621 -0.00054233
v 0.00032996 -0.00117031 -0.00056357
v 0.00002094 -0.00113518 -0.00052330
v 0.00032996 -0.00126638 -0.00028902
v 0.00002094 -0.00121866 0.00027817
v 0.00032996 -0.00129894 0.00000002
v 0.00002094 -0.00125000 0.00000002
v 0.00002094 -0.00121866 -0.00027813
v 0.00002094 -0.00113518 0.00052335
v 0.00032996 -0.00117031 0.00056361
v 0.00032996 -0.00126638 0.00028906
v 0.00002094 -0.00112621 0.00054238
v 0.00002094 -0.00097729 0.00077938
v 0.00032996 -0.00101555 0.00080990
v 0.00002094 -0.00081181 0.00095053
v 0.00002094 -0.00033930 0.00120309
v 0.00032996 -0.00028904 0.00126640
v 0.00032996 -0.00056359 0.00117033
v 0.00002094 -0.00027815 0.00121868
v 0.00002094 0.00000000 0.00125002
v 0.00032996 0.00000000 0.00129896
v 0.00060873 -0.00062522 -0.00129826
v 0.00060873 -0.00089844 -0.00112659
v 0.00060873 -0.00112661 -0.00089842
v 0.00060873 -0.00129828 -0.00062520
v 0.00060873 -0.00140485 -0.00032063
v 0.00060873 -0.00144098 0.00000002
v 0.00060873 -0.00140485 0.00032067
v 0.00060873 -0.00129828 0.00062524
v 0.00060873 -0.00112661 0.00089846
v 0.00060873 -0.00089844 0.00112663
v 0.00060873 -0.00062522 0.00129830
v 0.00060873 -0.00032065 0.00140488
v 0.00060873 0.00000000 0.00144100
v 0.00082996 -0.00072121 -0.00149758
v 0.00082996 -0.00103637 -0.00129955
v 0.00082996 -0.00129957 -0.00103635
v 0.00082996 -0.00149760 -0.00072119
v 0.00082996 -0.00162054 -0.00036986
v 0.00082996 -0.00166221 0.00000002
v 0.00082996 -0.00162054 0.00036990
v 0.00082996 -0.00149760 0.00072123
v 0.00082996 -0.00129957 0.00103639
v 0.00082996 -0.00103637 0.00129959
v 0.00082996 -0.00072121 0.00149762
v 0.00082996 -0.00036988 0.00162056
v 0.00082996 0.00000000 0.00166224
v 0.00097200 -0.00084216 -0.00174874
v 0.00097200 -0.00121018 -0.00151750
v 0.00097200 -0.00151752 -0.00121016
v 0.00097200 -0.00174877 -0.00084214
v 0.00097200 -0.00189232 -0.00043189
v 0.00097200 -0.00194098 0.00000002
v 0.00097200 -0.00189232 0.00043193
v 0.00097200 -0.00174877 0.00084218
v 0.00097200 -0.00151752 0.00121020
v 0.00097200 -0.00121018 0.00151754
v 0.00097200 -0.00084216 0.00174879
v 0.00097200 -0.00043191 0.00189234
v 0.00097200 0.00000000 0.00194100
v 0.00102095 -0.00050067 -0.00219357
v 0.00102095 -0.00097624 -0.00202716
v 0.00102095 -0.00140285 -0.00175910
v 0.00102095 -0.00175912 -0.00140283
v 0.00102095 -0.00202718 -0.00097622
v 0.00102095 -0.00219359 -0.00050065
v 0.00102095 -0.00225000 0.00000002
v 0.00102095 -0.00219359 0.00050069
v 0.00102095 -0.00202718 0.00097626
v 0.00102095 -0.00175912 0.00140287
v 0.00102095 -0.00140285 0.00175914
v 0.00102095 -0.00097624 0.00202720
v 0.00102095 -0.00050067 0.00219361
v 0.00102095 0.00000000 0.00225002
v 0.00102095 0.00000000 -0.00674998
v -0.01068612 -0.00000000 -0.00650475
v 0.00102095 -0.00012298 -0.00674391
v -0.01069324 -0.00025851 -0.00647757
v 0.00102095 -0.00052815 -0.00663287
v -0.01071148 -0.00049135 -0.00640355
v 0.00102095 -0.00081163 -0.00645049
v -0.01074287 -0.00072794 -0.00626962
v -0.01075798 -0.00081176 -0.00620364
v 0.00102095 -0.00087948 -0.00638806
v -0.01078083 -0.00091613 -0.00610296
v 0.00102095 -0.00112117 -0.00605218
v 0.00102095 -0.00113493 -0.00602330
v -0.01082746 -0.00107022 -0.00589725
v -0.01085561 -0.00113502 -0.00577433
v 0.00102095 -0.00124341 -0.00562550
v -0.01088349 -0.00118268 -0.00565455
v 0.00102095 -0.00124973 -0.00549998
v 0.00102095 -0.00120703 -0.00517602
v -0.01107500 -0.00120114 -0.00490144
v 0.00102095 -0.00113493 -0.00497666
v -0.01112468 -0.00113494 -0.00472226
v 0.00102095 -0.00103180 -0.00479470
v -0.01094756 -0.00124186 -0.00538926
v -0.01098343 -0.00124973 -0.00524842
v -0.01100918 -0.00124587 -0.00514982
v 0.00102095 -0.00081163 -0.00454947
v -0.01114101 -0.00110727 -0.00466564
v -0.01120376 -0.00097460 -0.00446145
v -0.01124913 -0.00084458 -0.00432162
v -0.01125840 -0.00081177 -0.00429237
v 0.00102095 -0.00074984 -0.00449998
v -0.01129863 -0.00063852 -0.00416739
v 0.00102095 -0.00038699 -0.00431142
v -0.01135977 0.00000000 -0.00399064
v 0.00102095 0.00000000 -0.00424998
v -0.01135523 -0.00017091 -0.00400248
v -0.01133490 -0.00040691 -0.00405928
v 0.00102095 0.00074984 0.00450002
v 0.00102095 0.00081163 0.00454951
v -0.01125563 0.00081171 0.00429243
v 0.00102095 0.00000000 0.00675002
v -0.01068611 0.00000000 0.00650479
v 0.00102095 0.00012298 0.00674395
v -0.01069323 0.00025851 0.00647761
v 0.00102095 0.00052815 0.00663291
v -0.01071147 0.00049135 0.00640360
v 0.00102095 0.00081163 0.00645053
v -0.01074285 0.00072793 0.00626967
v -0.01075796 0.00081176 0.00620368
v 0.00102095 0.00087948 0.00638810
v -0.01078082 0.00091615 0.00610298
v 0.00102095 0.00112117 0.00605222
v 0.00102095 0.00113493 0.00602334
v -0.01082744 0.00107023 0.00589727
v -0.01085559 0.00113502 0.00577437
v 0.00102095 0.00124341 0.00562554
v -0.01088347 0.00118268 0.00565457
v 0.00102095 0.00124973 0.00550002
v 0.00102095 0.00120703 0.00517606
v -0.01108100 0.00119436 0.00487860
v 0.00102095 0.00113493 0.00497670
v -0.01112420 0.00113494 0.00472232
v 0.00102095 0.00103180 0.00479475
v -0.01094756 0.00124187 0.00538928
v -0.01098341 0.00124973 0.00524846
v -0.01100955 0.00124575 0.00514834
v -0.01121009 0.00095442 0.00443686
v -0.01114746 0.00109427 0.00464136
v 0.00102095 0.00038699 0.00431146
v -0.01126025 0.00079427 0.00427770
v -0.01130635 0.00058186 0.00413555
v -0.01135976 0.00000000 0.00399068
v 0.00102095 0.00000000 0.00425002
v -0.01135742 0.00011523 0.00399606
v -0.01133997 0.00034723 0.00404031
v -0.01192585 0.00038540 -0.00183801
v -0.01192572 0.00031397 -0.00185204
v -0.01194207 0.00027861 -0.00170617
v -0.01194207 -0.00015182 -0.00172211
v -0.01192548 -0.00000000 -0.00187939
v -0.01192548 -0.00004661 -0.00187881
v -0.01192648 0.00061847 -0.00177077
v -0.01194207 0.00069174 -0.00158432
v -0.01192681 0.00071015 -0.00173467
v -0.01192970 0.00127350 -0.00136063
v -0.01192947 0.00116145 -0.00145851
v -0.01194207 0.00106193 -0.00136413
v -0.01192836 0.00100909 -0.00157276
v -0.01192773 0.00090387 -0.00163819
v -0.01192934 0.00136766 -0.00126791
v -0.01194207 0.00136619 -0.00105926
v -0.01192852 0.00150216 -0.00111047
v -0.01194207 0.00170667 -0.00027526
v -0.01192557 0.00181981 -0.00046811
v -0.01194207 0.00158564 -0.00068863
v -0.01192655 0.00171934 -0.00074896
v -0.01192810 0.00155466 -0.00103846
v -0.01194205 0.00172174 0.00015520
v -0.01192608 0.00187391 0.00010984
v -0.01192557 0.00186952 -0.00018907
v -0.01192922 0.00150005 0.00110890
v -0.01192950 0.00154813 0.00103884
v -0.01194205 0.00143696 0.00096110
v -0.01192866 0.00172382 0.00071844
v -0.01194205 0.00162994 0.00057603
v -0.01192712 0.00182536 0.00042095
v -0.01192624 0.00186877 0.00017043
v -0.01192833 0.00136592 0.00127536
v -0.01194205 0.00115477 0.00128652
v -0.01192772 0.00127853 0.00136602
v -0.01194205 0.00080089 0.00153207
v -0.01192572 0.00088717 0.00165580
v -0.01192621 0.00101342 0.00157952
v -0.01192685 0.00113966 0.00148796
v -0.01189262 0.00070987 0.00135796
v -0.01190270 0.00061921 0.00142585
v -0.01194129 0.00068321 0.00157323
v -0.01176930 0.00063540 0.00121551
v -0.01181378 0.00056369 0.00129800
v -0.01144250 0.00049792 0.00114657
v -0.01154476 0.00050213 0.00115624
v -0.01159232 0.00058971 0.00112813
v -0.01169855 0.00052602 0.00121125
v -0.01159232 0.00105807 0.00070770
v -0.01144250 0.00083494 0.00093023
v -0.01159232 0.00085029 0.00094732
v -0.01144250 0.00081179 0.00095050
v -0.01144250 0.00057907 0.00110778
v -0.01159232 0.00126778 0.00011429
v -0.01144252 0.00117852 0.00041651
v -0.01159232 0.00120018 0.00042416
v -0.01144252 0.00113513 0.00052332
v -0.01144252 0.00103898 0.00069493
v -0.01144252 0.00123400 -0.00019902
v -0.01144252 0.00124995 0.00000002
v -0.01144252 0.00124490 0.00011222
v -0.01159232 0.00125667 -0.00020268
v -0.01159232 0.00116756 -0.00050707
v -0.01144252 0.00114649 -0.00049792
v -0.01144252 0.00113514 -0.00052328
v -0.01144252 0.00098781 -0.00076590
v -0.01159232 0.00100597 -0.00077997
v -0.01144252 0.00081179 -0.00095047
v -0.01159232 0.00078192 -0.00100446
v -0.01144252 0.00076781 -0.00098634
v -0.01159232 0.00050934 -0.00116660
v -0.01144252 0.00050015 -0.00114555
v -0.01159232 0.00020513 -0.00125632
v -0.01144252 0.00020143 -0.00123366
v -0.01144252 -0.00000000 -0.00124998
v -0.01159232 -0.00011181 -0.00126806
v -0.01144252 -0.00010979 -0.00124518
v -0.01159232 -0.00042182 -0.00120108
v -0.01144252 -0.00041421 -0.00117941
v -0.01154477 -0.00050216 -0.00115627
v -0.01144252 -0.00049792 -0.00114653
v -0.01194207 -0.00057283 -0.00163114
v -0.01194129 -0.00068322 -0.00157319
v -0.01190268 -0.00061922 -0.00142581
v -0.01192548 -0.00074864 -0.00172385
v -0.01192548 -0.00071203 -0.00173929
v -0.01192548 -0.00038568 -0.00183939
v -0.01192548 -0.00016504 -0.00187213
v -0.01176930 0.00091615 0.00102070
v -0.01176930 0.00114003 0.00076252
v -0.01176930 0.00129314 0.00045701
v -0.01176930 0.00136598 0.00012314
v -0.01176930 0.00135402 -0.00021838
v -0.01176930 0.00125800 -0.00054634
v -0.01176930 0.00108389 -0.00084039
v -0.01176930 0.00084249 -0.00108227
v -0.01176930 0.00054880 -0.00125696
v -0.01176930 0.00022103 -0.00135364
v -0.01176930 -0.00012047 -0.00136628
v -0.01176930 -0.00045449 -0.00129411
v -0.01169857 -0.00052605 -0.00121127
v -0.01189262 0.00102352 0.00114031
v -0.01189262 0.00127364 0.00085188
v -0.01189262 0.00144469 0.00051057
v -0.01189262 0.00152606 0.00013757
v -0.01189264 0.00151270 -0.00024397
v -0.01189264 0.00140543 -0.00061037
v -0.01189264 0.00121092 -0.00093887
v -0.01189264 0.00094123 -0.00120910
v -0.01189264 0.00061312 -0.00140427
v -0.01189264 0.00024694 -0.00151227
v -0.01189264 -0.00013457 -0.00152639
v -0.01189264 -0.00050774 -0.00144577
v -0.01181375 -0.00056370 -0.00129797
v -0.01192547 0.00074864 0.00172389
v -0.01144250 0.00041418 0.00117939
v 0.00002094 0.00027815 0.00121868
v -0.01144250 0.00010977 0.00124516
v -0.01144250 0.00000000 0.00125002
v 0.00002094 0.00027815 -0.00121864
v 0.00002094 0.00033930 -0.00120305
v 0.00002094 0.00054235 -0.00112619
v 0.00002094 0.00077936 -0.00097727
v 0.00002094 0.00081181 -0.00095049
v 0.00002094 0.00097729 -0.00077934
v 0.00002094 0.00112621 -0.00054233
v 0.00002094 0.00113518 -0.00052330
v 0.00002094 0.00121866 -0.00027813
v 0.00002094 0.00113518 0.00052335
v 0.00002094 0.00121866 0.00027817
v 0.00002094 0.00125000 0.00000002
v 0.00002094 0.00112621 0.00054238
v 0.00002094 0.00097729 0.00077938
v 0.00002094 0.00081181 0.00095053
v 0.00002094 0.00077936 0.00097731
v 0.00002094 0.00054235 0.00112623
v 0.00002094 0.00033930 0.00120309
v -0.01048971 0.00390843 0.00609169
v -0.01048971 0.00324325 0.00647039
v -0.01035709 0.00337499 0.00673322
v -0.01048971 0.00148529 0.00708368
v -0.01048971 0.00083885 0.00718894
v -0.01035709 0.00087292 0.00748096
v -0.00954474 0.00222203 0.00766302
v -0.00954474 0.00272450 0.00749910
v -0.00985459 0.00270534 0.00744638
v -0.00954474 0.00347072 0.00718425
v -0.00954474 0.00357528 0.00713279
v -0.00985459 0.00355015 0.00708265
v -0.00954474 0.00564326 0.00564030
v -0.00954474 0.00579602 0.00548320
v -0.00985459 0.00575528 0.00544465
v -0.00954474 0.00650605 0.00461851
v -0.00954474 0.00690275 0.00400143
v -0.00985459 0.00685423 0.00397330
v -0.00954474 0.00512146 0.00611800
v -0.00986006 0.00000000 0.00792066
v -0.00954474 0.00000000 0.00797868
v -0.00954474 0.00092473 0.00792491
v -0.01013777 0.00265263 0.00730128
v -0.01013777 0.00348097 0.00694464
v -0.01035709 0.00257187 0.00707900
v -0.00954474 0.00437787 0.00667035
v -0.00954474 0.00462192 0.00650363
v -0.00985459 0.00434710 0.00662346
v -0.00985459 0.00508546 0.00607500
v -0.01013777 0.00426239 0.00649439
v -0.01013777 0.00498637 0.00595662
v -0.01035709 0.00413263 0.00629668
v -0.01035709 0.00483456 0.00577528
v -0.01048971 0.00397131 0.00605089
v -0.00954474 0.00639247 0.00477449
v -0.00985459 0.00634753 0.00474093
v -0.01013777 0.00564313 0.00533856
v -0.01013777 0.00622384 0.00464854
v -0.01035709 0.00547133 0.00517603
v -0.01035709 0.00603436 0.00450702
v -0.01013777 0.00672066 0.00389587
v -0.01035709 0.00651606 0.00377727
v -0.00985459 0.00091823 0.00786921
v -0.01013777 0.00090033 0.00771586
v -0.01014083 0.00000000 0.00776583
v -0.01035816 0.00000000 0.00753011
v -0.01048971 0.00000000 0.00723772
v -0.01048971 0.00166639 0.00704327
v -0.01035709 0.00173408 0.00732938
v -0.01013777 0.00178853 0.00755952
v -0.00985459 0.00182408 0.00770975
v -0.00954474 0.00183699 0.00776433
v -0.01048971 0.00247148 0.00680267
v -0.01048971 0.00274209 0.00669817
v -0.01048971 0.00525776 0.00497398
v -0.01048971 0.00494583 0.00528425
v -0.01048971 0.00464584 0.00554984
v -0.01048971 0.00579881 0.00433109
v -0.01048971 0.00626171 0.00362982
v 0.00000001 0.00578467 0.00578164
v 0.00000001 0.00534303 0.00619208
v 0.00031397 0.00531449 0.00615901
v 0.00000001 0.00355770 0.00736427
v 0.00000001 0.00285019 0.00766591
v 0.00031397 0.00283496 0.00762497
v 0.00000001 0.00714072 0.00398746
v 0.00000001 0.00664896 0.00476246
v 0.00031397 0.00661345 0.00473703
v 0.00102095 0.00583617 0.00418028
v 0.00102095 0.00626782 0.00350002
v 0.00097070 0.00609063 0.00436254
v 0.00097070 0.00654109 0.00365262
v 0.00082501 0.00631951 0.00452649
v 0.00082501 0.00678691 0.00378989
v 0.00059851 0.00649983 0.00465564
v 0.00059851 0.00698056 0.00389802
v 0.00031397 0.00710258 0.00396616
v 0.00102095 0.00168765 0.00697764
v 0.00102095 0.00250177 0.00672880
v 0.00097070 0.00176123 0.00728187
v 0.00097070 0.00261085 0.00702218
v 0.00082501 0.00182742 0.00755552
v 0.00082501 0.00270896 0.00728607
v 0.00059851 0.00187956 0.00777110
v 0.00059851 0.00278626 0.00749397
v 0.00031397 0.00191242 0.00790695
v 0.00102095 0.00401351 0.00595209
v 0.00102095 0.00468988 0.00543514
v 0.00097070 0.00418850 0.00621160
v 0.00097070 0.00489436 0.00567211
v 0.00082501 0.00434591 0.00644503
v 0.00082501 0.00507829 0.00588527
v 0.00059851 0.00446991 0.00662893
v 0.00059851 0.00522318 0.00605319
v 0.00031397 0.00454804 0.00674481
v 0.00102095 0.00000000 0.00717883
v 0.00102095 0.00084980 0.00712836
v 0.00097070 0.00000000 0.00749183
v 0.00097070 0.00088685 0.00743916
v 0.00082501 0.00000000 0.00777338
v 0.00082501 0.00092018 0.00771872
v 0.00059851 0.00000000 0.00799517
v 0.00059851 0.00094644 0.00793896
v 0.00031397 0.00000000 0.00813493
v 0.00031397 0.00096298 0.00807774
v 0.00000001 0.00000000 0.00817861
v 0.00000001 0.00096815 0.00812111
v 0.00000001 0.00192269 0.00794940
v 0.00000001 0.00227771 0.00785505
v 0.00000001 0.00373761 0.00727462
v 0.00031397 0.00371764 0.00723576
v 0.00059851 0.00365377 0.00711145
v 0.00082501 0.00355241 0.00691417
v 0.00097070 0.00342375 0.00666374
v 0.00102095 0.00328071 0.00638534
v 0.00000001 0.00457247 0.00678102
v 0.00000001 0.00473773 0.00666660
v 0.00000001 0.00603845 0.00551605
v 0.00031397 0.00600620 0.00548659
v 0.00059851 0.00590301 0.00539233
v 0.00082501 0.00573925 0.00524274
v 0.00097070 0.00553138 0.00505285
v 0.00102095 0.00530029 0.00484175
v -0.01192947 -0.00116145 0.00145853
v -0.01192970 -0.00127352 0.00136065
v -0.01048971 -0.00494583 0.00528425
v -0.01083217 -0.00470430 -0.00365888
v -0.01048971 -0.00576911 -0.00437058
v -0.01048971 -0.00626173 -0.00362978
v -0.01048971 -0.00626171 0.00362982
v -0.01048971 -0.00582287 0.00429869
v -0.01083215 -0.00470430 0.00365892
v -0.01192547 0.00000000 0.00187943
v -0.01134985 -0.00025448 0.00401708
v -0.01192572 -0.00031397 0.00185207
v -0.01132456 -0.00048509 0.00408943
v -0.01192584 -0.00038541 0.00183804
v -0.01128948 -0.00068310 0.00419541
v -0.01125834 -0.00081189 0.00429252
v -0.01091842 -0.00122409 0.00550183
v -0.01098517 -0.00124971 0.00524171
v -0.01048971 -0.00274209 0.00669817
v -0.01104660 -0.00122752 0.00501265
v -0.01111125 -0.00115860 0.00477733
v -0.01192681 -0.00071016 0.00173470
v -0.01112685 -0.00113495 0.00472229
v -0.01192646 -0.00061847 0.00177080
v -0.01117780 -0.00103855 0.00454919
v -0.01123508 -0.00089037 0.00436615
v -0.01069764 -0.00033931 0.00645760
v -0.01070482 -0.00043246 0.00642717
v -0.01048971 -0.00084386 0.00718836
v -0.01048971 -0.00148529 0.00708368
v -0.01072895 -0.00064863 0.00632235
v -0.01075571 -0.00081172 0.00620377
v -0.01076318 -0.00084894 0.00617050
v -0.01080702 -0.00101908 0.00597581
v -0.01085318 -0.00113496 0.00577455
v -0.01048971 -0.00248570 0.00679749
v -0.01048971 -0.00167621 0.00704094
v -0.01088364 -0.00118585 0.00564518
v -0.01085898 -0.00114604 0.00574969
v -0.01068982 -0.00019155 0.00648994
v -0.01139726 -0.00289357 0.00254070
v -0.01132531 -0.00303011 0.00279047
v -0.01125260 -0.00319676 0.00300963
v -0.01122142 -0.00327661 0.00309460
v -0.01110376 -0.00362242 0.00336775
v -0.01101596 -0.00392679 0.00352031
v -0.01096069 -0.00413977 0.00359070
v -0.01092026 -0.00430646 0.00362788
v -0.01048971 -0.00528197 0.00494827
v -0.01142364 -0.00285124 0.00243923
v -0.01192934 -0.00136767 0.00126792
v -0.01151330 -0.00274470 0.00203698
v -0.01192851 -0.00150217 0.00111047
v -0.01152090 -0.00273893 0.00199699
v -0.01157851 -0.00272193 0.00163318
v -0.01192810 -0.00155467 0.00103846
v -0.01164020 -0.00274094 0.00107141
v -0.01192655 -0.00171935 0.00074897
v -0.01165999 -0.00274773 0.00082414
v -0.01192557 -0.00181981 0.00046811
v -0.01166295 -0.00274878 0.00078101
v -0.01192557 -0.00186952 0.00018908
v -0.01168684 -0.00275763 0.00025634
v -0.01168820 -0.00275817 -0.00019024
v -0.01192608 -0.00187390 -0.00010984
v -0.01168694 -0.00275768 -0.00025231
v -0.01192624 -0.00186877 -0.00017043
v -0.01192712 -0.00182535 -0.00042094
v -0.01166231 -0.00274856 -0.00079141
v -0.01165939 -0.00274753 -0.00083348
v -0.01192866 -0.00172380 -0.00071843
v -0.01161125 -0.00273165 -0.00136066
v -0.01192922 -0.00150003 -0.00110889
v -0.01151071 -0.00274714 -0.00204972
v -0.01157851 -0.00272194 -0.00163314
v -0.01192950 -0.00154811 -0.00103883
v -0.01107524 -0.00371690 -0.00342240
v -0.01111732 -0.00357901 -0.00334013
v -0.01048971 -0.00494583 -0.00528426
v -0.01048971 -0.00518933 -0.00504534
v -0.01093463 -0.00424606 -0.00361623
v -0.01101624 -0.00392581 -0.00351988
v -0.01122177 -0.00327568 -0.00309363
v -0.01132501 -0.00303076 -0.00279142
v -0.01192773 -0.00127852 -0.00136600
v -0.01134997 -0.00298003 -0.00270882
v -0.01142364 -0.00285127 -0.00243926
v -0.01147980 -0.00277715 -0.00219981
v -0.01192833 -0.00136589 -0.00127535
v -0.01048971 -0.00148529 -0.00708368
v -0.01048971 -0.00132774 -0.00711489
v -0.01048971 0.00000000 -0.00723772
v -0.01048971 -0.00044482 -0.00722404
v -0.01048971 -0.00274209 -0.00669817
v -0.01048971 -0.00219060 -0.00689825
v -0.01048971 -0.00302036 -0.00657739
v -0.01192572 -0.00088714 -0.00165577
v -0.01048971 -0.00380449 -0.00615715
v -0.01192621 -0.00101340 -0.00157949
v -0.01048971 -0.00390843 -0.00609170
v -0.01192685 -0.00113963 -0.00148795
v -0.01048971 -0.00453114 -0.00564388
v -0.01048971 -0.00466901 0.00553036
v -0.01048971 -0.00399237 0.00603701
v -0.01192834 -0.00100911 0.00157278
v -0.01048971 -0.00390843 0.00609169
v -0.01192772 -0.00090388 0.00163821
v -0.01048971 -0.00326128 0.00646132
v 0.00102095 0.00097624 0.00202720
v 0.00102095 0.00140285 0.00175914
v 0.00102095 0.00050067 0.00219361
v 0.00102095 -0.00052815 0.00436713
v 0.00102095 0.00140285 -0.00175910
v 0.00102095 0.00097624 -0.00202716
v 0.00102095 0.00052815 -0.00436709
v 0.00102095 0.00050067 -0.00219357
v 0.00102095 -0.00012298 0.00425609
v 0.00102095 0.00580945 -0.00421734
v 0.00102095 0.00450000 -0.00349998
v 0.00102095 -0.00250000 -0.00149998
v 0.00102095 -0.00255014 -0.00194502
v 0.00102095 0.00012298 -0.00425605
v 0.00102095 0.00526937 -0.00487539
v 0.00102095 0.00363223 0.00330196
v 0.00102095 0.00405496 0.00344988
v 0.00102095 0.00450000 0.00350002
v 0.00102095 -0.00581241 0.00421326
v 0.00102095 -0.00450000 0.00350002
v 0.00102095 0.00405496 -0.00344984
v 0.00102095 0.00397554 -0.00597752
v 0.00102095 0.00465519 -0.00546488
v 0.00102095 0.00363223 -0.00330192
v 0.00102095 0.00245888 -0.00674460
v 0.00102095 0.00323999 -0.00640610
v 0.00102095 0.00325302 -0.00306364
v 0.00102095 0.00080439 -0.00713363
v 0.00102095 0.00164319 -0.00698825
v 0.00102095 0.00202718 0.00097626
v 0.00102095 0.00250000 0.00150002
v 0.00102095 0.00175912 0.00140287
v 0.00102095 0.00255014 0.00194506
v 0.00102095 -0.00527624 0.00486795
v 0.00102095 -0.00405496 0.00344988
v 0.00102095 -0.00363223 0.00330196
v 0.00102095 -0.00248748 0.00673410
v 0.00102095 -0.00325302 0.00306368
v 0.00102095 -0.00084476 0.00712896
v 0.00102095 -0.00167777 0.00698002
v 0.00102095 -0.00004572 -0.00717869
v 0.00102095 -0.00089519 -0.00712280
v 0.00102095 -0.00173207 -0.00696675
v 0.00102095 -0.00626784 -0.00349998
v 0.00102095 -0.00586270 -0.00414299
v 0.00102095 -0.00450000 -0.00349998
v 0.00102095 -0.00533105 -0.00480787
v 0.00102095 0.00081163 -0.00645049
v 0.00102095 0.00074984 -0.00649998
v 0.00102095 0.00038699 -0.00668854
v 0.00102095 -0.00326262 0.00639460
v 0.00102095 -0.00399243 0.00596625
v 0.00102095 -0.00466676 0.00545500
v 0.00102095 -0.00254459 -0.00671273
v 0.00102095 -0.00363223 -0.00330192
v 0.00102095 -0.00332133 -0.00636431
v 0.00102095 -0.00405496 -0.00344984
v 0.00102095 -0.00405136 -0.00592639
v 0.00102095 -0.00472442 -0.00540514
v 0.00102095 0.00219359 0.00050069
v 0.00102095 0.00225000 0.00000002
v 0.00102095 0.00250000 -0.00149998
v 0.00102095 0.00255014 -0.00194502
v 0.00102095 0.00293634 -0.00274696
v 0.00102095 0.00269806 -0.00236775
v 0.00102095 0.00325302 0.00306368
v 0.00102095 0.00293634 0.00274700
v 0.00102095 0.00269806 0.00236779
v 0.00102095 -0.00081163 0.00645053
v 0.00102095 -0.00074984 0.00650002
v 0.00102095 -0.00038699 0.00668858
v 0.00102095 -0.00250000 0.00150002
v 0.00102095 -0.00325302 -0.00306364
v 0.00102095 -0.00293634 -0.00274696
v 0.00102095 -0.00269806 -0.00236775
v 0.00102095 0.00113493 -0.00497666
v 0.00102095 0.00124341 -0.00537446
v 0.00102095 0.00124973 -0.00549998
v 0.00102095 0.00120703 -0.00582394
v 0.00102095 0.00113493 -0.00602330
v 0.00102095 0.00103180 -0.00620525
v 0.00102095 0.00219359 -0.00050065
v 0.00102095 0.00202718 -0.00097622
v 0.00102095 0.00175912 -0.00140283
v 0.00102095 -0.00293634 0.00274700
v 0.00102095 -0.00269806 0.00236779
v 0.00102095 -0.00255014 0.00194506
v 0.00102095 -0.00113493 0.00497670
v 0.00102095 -0.00124341 0.00537450
v 0.00102095 -0.00124973 0.00550002
v 0.00102095 -0.00120703 0.00582398
v 0.00102095 -0.00113493 0.00602334
v 0.00102095 -0.00103180 0.00620530
v 0.00102095 0.00081163 -0.00454947
v 0.00102095 0.00087948 -0.00461190
v 0.00102095 0.00112117 -0.00494778
v 0.00102095 -0.00081163 0.00454951
v 0.00102095 -0.00087948 0.00461194
v 0.00102095 -0.00112117 0.00494782
v -0.01083215 0.00470430 0.00365892
v -0.01048971 0.00626173 -0.00362978
v -0.01048971 0.00576911 -0.00437058
v -0.01077459 0.00497798 -0.00365311
v -0.01125836 0.00081189 -0.00429248
v -0.01128929 0.00068408 -0.00419601
v -0.01132456 0.00048509 -0.00408939
v -0.01134986 0.00025448 -0.00401704
v -0.01048971 0.00274209 -0.00669817
v -0.01104455 0.00122907 -0.00502090
v -0.01110943 0.00116158 -0.00478476
v -0.01112714 0.00113496 -0.00472225
v -0.01117701 0.00104072 -0.00455243
v -0.01123471 0.00089154 -0.00436730
v -0.01075538 0.00081171 -0.00620374
v -0.01048971 0.00148529 -0.00708368
v -0.01072849 0.00064702 -0.00632329
v -0.01048971 0.00132774 -0.00711489
v -0.01070479 0.00043363 -0.00642670
v -0.01048971 0.00044482 -0.00722404
v -0.01069757 0.00033931 -0.00645756
v -0.01076259 0.00084773 -0.00617159
v -0.01080633 0.00101811 -0.00597715
v -0.01085282 0.00113496 -0.00577451
v -0.01085826 0.00114536 -0.00575122
v -0.01088337 0.00118588 -0.00564504
v -0.01048971 0.00219060 -0.00689825
v -0.01091778 0.00122374 -0.00550348
v -0.01098474 0.00124972 -0.00524337
v -0.01068983 0.00019240 -0.00648977
v -0.01139728 0.00289357 -0.00254066
v -0.01132531 0.00303011 -0.00279042
v -0.01125262 0.00319677 -0.00300959
v -0.01122143 0.00327661 -0.00309456
v -0.01110377 0.00362242 -0.00336771
v -0.01048971 0.00494583 -0.00528426
v -0.01101597 0.00392679 -0.00352027
v -0.01096069 0.00413977 -0.00359066
v -0.01092026 0.00430646 -0.00362784
v -0.01083217 0.00470430 -0.00365888
v -0.01048971 0.00518933 -0.00504534
v -0.01142365 0.00285124 -0.00243919
v -0.01151330 0.00274471 -0.00203701
v -0.01152090 0.00273893 -0.00199694
v -0.01157851 0.00272194 -0.00163314
v -0.01164020 0.00274094 -0.00107142
v -0.01166000 0.00274773 -0.00082406
v -0.01166295 0.00274877 -0.00078101
v -0.01168684 0.00275763 -0.00025635
v -0.01168820 0.00275817 0.00019028
v -0.01168694 0.00275768 0.00025231
v -0.01166231 0.00274856 0.00079141
v -0.01161125 0.00273165 0.00136066
v -0.01151008 0.00274765 0.00205293
v -0.01157851 0.00272193 0.00163318
v -0.01107522 0.00371690 0.00342245
v -0.01111732 0.00357900 0.00334017
v -0.01093463 0.00424606 0.00361627
v -0.01101623 0.00392581 0.00351993
v -0.01122177 0.00327568 0.00309367
v -0.01132499 0.00303076 0.00279147
v -0.01134997 0.00298003 0.00270887
v -0.01142363 0.00285126 0.00243930
v -0.01147980 0.00277715 0.00219985
v -0.01192547 0.00071204 0.00173932
v -0.01192547 0.00016502 0.00187217
v -0.01192547 0.00038569 0.00183943
v -0.01192547 0.00004661 0.00187885
v -0.01048971 0.00302036 -0.00657739
v -0.01048971 0.00453114 -0.00564388
v -0.01048971 0.00390843 -0.00609170
v -0.01048971 0.00380449 -0.00615715
v -0.00954474 0.00690278 -0.00400138
v 0.00000001 0.00714075 -0.00398741
v -0.00954474 0.00635972 -0.00481802
v 0.00000001 0.00661852 -0.00480468
v -0.00954474 0.00596286 -0.00530129
v 0.00000001 0.00611228 -0.00543413
v -0.00954474 0.00572058 -0.00556186
v 0.00000001 0.00600322 -0.00555437
v 0.00000001 0.00530351 -0.00622596
v -0.00954474 0.00499501 -0.00622167
v 0.00000001 0.00511240 -0.00638382
v -0.00954474 0.00419397 -0.00678748
v 0.00000001 0.00452921 -0.00680999
v -0.00954474 0.00387018 -0.00697718
v 0.00000001 0.00396716 -0.00715202
v -0.00954474 0.00332957 -0.00725075
v 0.00000001 0.00369122 -0.00729826
v 0.00000001 0.00280132 -0.00768390
v -0.00954474 0.00264292 -0.00752824
v 0.00000001 0.00270915 -0.00771688
v -0.00954474 0.00241486 -0.00760446
v 0.00000001 0.00187203 -0.00796148
v -0.00954474 0.00146367 -0.00784328
v 0.00000001 0.00137411 -0.00806236
v -0.00954474 0.00134051 -0.00786526
v -0.00954474 0.00049036 -0.00796360
v 0.00000001 0.00091641 -0.00812711
v -0.00954474 -0.00000000 -0.00797868
v 0.00000001 -0.00000000 -0.00817861
v -0.00954474 -0.00049036 -0.00796360
v 0.00000001 -0.00005209 -0.00817845
v 0.00000001 -0.00101986 -0.00811478
v -0.00954474 -0.00134052 -0.00786526
v 0.00000001 -0.00137411 -0.00806236
v -0.00954474 -0.00146367 -0.00784328
v 0.00000001 -0.00197329 -0.00793699
v -0.00954474 -0.00241486 -0.00760446
v 0.00000001 -0.00270915 -0.00771688
v -0.00954474 -0.00264292 -0.00752824
v 0.00000001 -0.00289897 -0.00764759
v -0.00954474 -0.00332957 -0.00725075
v 0.00000001 -0.00378388 -0.00725065
v -0.00954474 -0.00387018 -0.00697718
v 0.00000001 -0.00396717 -0.00715202
v -0.00954474 -0.00419397 -0.00678748
v 0.00000001 -0.00461559 -0.00675175
v -0.00954474 -0.00499501 -0.00622167
v 0.00000001 -0.00714075 -0.00398741
v -0.00954474 -0.00690278 -0.00400138
v 0.00000001 -0.00667919 -0.00471998
v -0.00954474 -0.00635972 -0.00481802
v 0.00000001 -0.00611228 -0.00543413
v -0.00954474 -0.00596286 -0.00530129
v 0.00000001 -0.00607349 -0.00547745
v -0.00954474 -0.00572058 -0.00556186
v 0.00000001 -0.00538238 -0.00615790
v 0.00000001 -0.00511240 -0.00638382
v 0.00000001 -0.00662189 0.00480003
v -0.00954474 -0.00650605 0.00461851
v 0.00000001 -0.00714072 0.00398746
v -0.00954474 -0.00690275 0.00400143
v 0.00000001 -0.00096240 0.00812179
v -0.00954474 -0.00093025 0.00792427
v 0.00000001 -0.00191143 0.00795212
v -0.00954474 -0.00184781 0.00776176
v 0.00000001 -0.00227771 0.00785505
v -0.00954474 -0.00222203 0.00766302
v 0.00000001 -0.00283390 0.00767194
v -0.00954474 -0.00274017 0.00749338
v 0.00000001 -0.00355770 0.00736427
v -0.00954474 -0.00347072 0.00718425
v 0.00000001 -0.00371700 0.00728517
v -0.00954474 -0.00359515 0.00712280
v 0.00000001 -0.00454844 0.00679716
v -0.00954474 -0.00440109 0.00665505
v 0.00000001 -0.00473773 0.00666660
v -0.00954474 -0.00462192 0.00650363
v 0.00000001 -0.00531668 0.00621471
v -0.00954474 -0.00514700 0.00609653
v 0.00000001 -0.00578467 0.00578164
v -0.00954474 -0.00564325 0.00564030
v 0.00000001 -0.00601105 0.00554590
v -0.00954474 -0.00582271 0.00545485
v -0.00954474 -0.00641899 0.00473877
v 0.00031397 -0.00604105 -0.00544820
v 0.00031397 -0.00459094 -0.00671569
v 0.00031397 -0.00196275 -0.00789460
v 0.00031397 0.00091152 -0.00808370
v 0.00031397 0.00186203 -0.00791896
v 0.00031397 0.00278636 -0.00764286
v 0.00031397 0.00450502 -0.00677362
v 0.00031397 0.00658317 -0.00477901
v 0.00031397 -0.00664351 -0.00469477
v 0.00097070 -0.00611832 -0.00432363
v 0.00097070 -0.00654112 -0.00365258
v 0.00082501 -0.00634824 -0.00448611
v 0.00082501 -0.00678693 -0.00378984
v 0.00059851 -0.00652938 -0.00461411
v 0.00059851 -0.00698058 -0.00389798
v 0.00031397 -0.00710261 -0.00396612
v 0.00097070 0.00485815 -0.00570315
v 0.00097070 0.00414888 -0.00623814
v 0.00082501 0.00504073 -0.00591747
v 0.00082501 0.00430479 -0.00647257
v 0.00059851 0.00518455 -0.00608631
v 0.00059851 0.00442762 -0.00665725
v 0.00031397 0.00527518 -0.00619271
v 0.00097070 -0.00093422 -0.00743336
v 0.00097070 -0.00180759 -0.00727050
v 0.00082501 -0.00096933 -0.00771270
v 0.00082501 -0.00187552 -0.00754373
v 0.00059851 -0.00099699 -0.00793277
v 0.00059851 -0.00192903 -0.00775897
v 0.00031397 -0.00101441 -0.00807144
v 0.00097070 -0.00346614 -0.00664179
v 0.00097070 -0.00422800 -0.00618478
v 0.00082501 -0.00359640 -0.00689139
v 0.00082501 -0.00438689 -0.00641721
v 0.00059851 -0.00369901 -0.00708802
v 0.00059851 -0.00451206 -0.00660031
v 0.00031397 -0.00376367 -0.00721193
v 0.00097070 0.00606274 -0.00440121
v 0.00082501 0.00629058 -0.00456661
v 0.00059851 0.00647007 -0.00469691
v 0.00031397 0.00597116 -0.00552471
v 0.00059851 0.00586858 -0.00542979
v 0.00082501 0.00570577 -0.00527916
v 0.00097070 0.00549912 -0.00508795
v 0.00031397 0.00367150 -0.00725928
v 0.00059851 0.00360843 -0.00713457
v 0.00082501 0.00350832 -0.00693664
v 0.00097070 0.00338126 -0.00668541
v 0.00097070 0.00256609 -0.00703866
v 0.00082501 0.00266252 -0.00730318
v 0.00059851 0.00273849 -0.00751156
v 0.00059851 0.00183004 -0.00778291
v 0.00082501 0.00177927 -0.00756700
v 0.00097070 0.00171483 -0.00729294
v 0.00059851 0.00089586 -0.00794482
v 0.00082501 0.00087101 -0.00772442
v 0.00097070 0.00083946 -0.00744465
v 0.00031397 -0.00005181 -0.00813477
v 0.00059851 -0.00005092 -0.00799501
v 0.00082501 -0.00004951 -0.00777322
v 0.00097070 -0.00004772 -0.00749168
v 0.00031397 -0.00288349 -0.00760675
v 0.00059851 -0.00283395 -0.00747606
v 0.00082501 -0.00275533 -0.00726867
v 0.00097070 -0.00265554 -0.00700540
v 0.00031397 -0.00535364 -0.00612501
v 0.00059851 -0.00526166 -0.00601978
v 0.00082501 -0.00511569 -0.00585278
v 0.00097070 -0.00493041 -0.00564080
v 0.00097070 -0.00556348 -0.00501749
v 0.00082501 -0.00577256 -0.00520605
v 0.00059851 -0.00593726 -0.00535460
v 0.00031397 -0.00281877 0.00763097
v 0.00031397 -0.00369715 0.00724626
v 0.00031397 -0.00528829 0.00618152
v 0.00097070 -0.00550629 0.00508019
v 0.00097070 -0.00487023 0.00569284
v 0.00082501 -0.00571321 0.00527111
v 0.00082501 -0.00505325 0.00590678
v 0.00059851 -0.00587623 0.00542151
v 0.00059851 -0.00519744 0.00607532
v 0.00031397 -0.00597895 0.00551628
v 0.00097070 -0.00606583 0.00439696
v 0.00082501 -0.00629379 0.00456219
v 0.00059851 -0.00647337 0.00469237
v 0.00031397 -0.00658653 0.00477439
v 0.00031397 -0.00452415 0.00676086
v 0.00059851 -0.00444642 0.00664470
v 0.00082501 -0.00432307 0.00646037
v 0.00097070 -0.00416650 0.00622638
v 0.00097070 -0.00340487 0.00667341
v 0.00082501 -0.00353283 0.00692420
v 0.00059851 -0.00363363 0.00712177
v 0.00059851 -0.00277034 0.00749987
v 0.00082501 -0.00269349 0.00729181
v 0.00097070 -0.00259593 0.00702771
v 0.00031397 -0.00190123 0.00790965
v 0.00059851 -0.00186856 0.00777375
v 0.00082501 -0.00181673 0.00755810
v 0.00097070 -0.00175093 0.00728435
v 0.00097070 -0.00088159 0.00743978
v 0.00082501 -0.00091472 0.00771937
v 0.00059851 -0.00094082 0.00793963
v 0.00031397 -0.00095726 0.00807841
v -0.01035709 0.00471519 -0.00587314
v -0.01035709 -0.00138167 -0.00740390
v -0.01013777 -0.00142506 -0.00763638
v -0.01013777 -0.00235116 -0.00740386
v -0.00985459 -0.00145338 -0.00778815
v -0.00985459 -0.00239789 -0.00755101
v -0.00985459 0.00568037 -0.00552277
v -0.00985459 0.00239789 -0.00755101
v -0.00985459 -0.00048691 -0.00790762
v -0.00985459 -0.00685426 -0.00397325
v -0.00985459 -0.00631502 -0.00478415
v -0.00985459 -0.00568037 -0.00552277
v -0.00985459 -0.00495990 -0.00617794
v -0.00985459 -0.00416449 -0.00673977
v -0.00985459 -0.00330617 -0.00719978
v -0.01013777 -0.00324174 -0.00705948
v -0.01013777 -0.00408334 -0.00660844
v -0.01013777 -0.00486325 -0.00605755
v -0.01013777 -0.00556968 -0.00541515
v -0.01013777 -0.00619196 -0.00469092
v -0.01013777 -0.00672069 -0.00389583
v -0.00985459 0.00495990 -0.00617794
v -0.01013777 0.00556968 -0.00541515
v -0.01013777 0.00486325 -0.00605755
v -0.01035709 0.00540012 -0.00525029
v -0.00985459 0.00330617 -0.00719978
v -0.01013777 0.00324174 -0.00705948
v -0.01013777 0.00235116 -0.00740386
v -0.01035709 0.00314305 -0.00684456
v -0.01035709 0.00227958 -0.00717846
v -0.00985459 0.00145338 -0.00778815
v -0.01013777 0.00142506 -0.00763638
v -0.01035709 0.00138167 -0.00740390
v -0.00985459 0.00048691 -0.00790762
v -0.01013777 0.00047742 -0.00775353
v -0.01035709 0.00046289 -0.00751748
v -0.01035709 -0.00227958 -0.00717846
v -0.01035709 -0.00314305 -0.00684456
v -0.01035709 -0.00395903 -0.00640725
v -0.01035709 -0.00471519 -0.00587314
v -0.01035709 -0.00540012 -0.00525029
v -0.01035709 -0.00600346 -0.00454811
v -0.01035709 -0.00651609 -0.00377722
v -0.00985459 0.00685426 -0.00397325
v -0.00985459 0.00631502 -0.00478415
v -0.01013777 0.00672069 -0.00389583
v -0.01013777 0.00619196 -0.00469092
v -0.01035709 0.00651609 -0.00377722
v -0.01035709 0.00600346 -0.00454811
v -0.01035709 0.00395903 -0.00640725
v -0.01013777 0.00408334 -0.00660844
v -0.00985459 0.00416449 -0.00673977
v -0.01035709 -0.00046289 -0.00751748
v -0.01013777 -0.00047742 -0.00775353
v -0.01035816 -0.00339303 0.00672234
v -0.01035816 -0.00549535 0.00514817
v -0.00986006 -0.00183438 0.00770532
v -0.00986006 -0.00436909 0.00660666
v -0.00986006 -0.00637231 0.00470431
v -0.00986006 -0.00685256 0.00397233
v -0.01014083 -0.00671860 0.00389468
v -0.01014083 -0.00624775 0.00461235
v -0.01035816 -0.00651467 0.00377646
v -0.01035816 -0.00605810 0.00447235
v -0.00986006 -0.00356901 0.00707100
v -0.01014083 -0.00428369 0.00647752
v -0.01014083 -0.00349924 0.00693278
v -0.01035816 -0.00415366 0.00628090
v -0.00986006 -0.00272024 0.00743890
v -0.01014083 -0.00266707 0.00729348
v -0.01014083 -0.00179852 0.00755470
v -0.01035816 -0.00258611 0.00707210
v -0.01035816 -0.00174393 0.00732538
v -0.00986006 -0.00092349 0.00786664
v -0.01014083 -0.00090543 0.00771287
v -0.01035816 -0.00087795 0.00747875
v -0.00986006 -0.00578037 0.00541519
v -0.01014083 -0.00566738 0.00530934
v -0.01035816 -0.00485763 0.00575378
v -0.01014083 -0.00500970 0.00593390
v -0.00986006 -0.00510958 0.00605220
v -0.01144250 -0.00020146 0.00123363
v -0.01144250 -0.00050017 0.00114553
v -0.01144252 -0.00113514 0.00052332
v -0.01144252 -0.00098784 0.00076588
v -0.01144250 -0.00076784 0.00098632
v -0.01144252 -0.00081177 0.00095049
v -0.01144252 -0.00124493 -0.00011225
v -0.01144252 -0.00124997 0.00000002
v -0.01144252 -0.00123402 0.00019900
v -0.01144252 -0.00114652 0.00049789
v -0.01144252 -0.00081183 -0.00095051
v -0.01144252 -0.00083497 -0.00093025
v -0.01144252 -0.00103901 -0.00069496
v -0.01144252 -0.00113518 -0.00052330
v -0.01144252 -0.00117855 -0.00041653
v -0.01144252 -0.00057910 -0.00110780
v -0.01194205 -0.00027864 0.00170617
v -0.01159232 -0.00105810 -0.00070773
v -0.01159232 -0.00085031 -0.00094734
v -0.01159232 -0.00058974 -0.00112816
v -0.01159232 -0.00126780 -0.00011431
v -0.01159232 -0.00120021 -0.00042418
v -0.01159232 -0.00125670 0.00020266
v -0.01159232 -0.00116759 0.00050705
v -0.01159232 -0.00100600 0.00077995
v -0.01159232 -0.00078195 0.00100444
v -0.01159232 -0.00050937 0.00116658
v -0.01159232 -0.00020516 0.00125630
v -0.01159232 0.00011178 0.00126804
v -0.01159232 0.00042179 0.00120106
v -0.01194205 0.00057281 0.00163114
v -0.01194205 0.00015179 0.00172210
v -0.01194205 -0.00069177 0.00158432
v -0.01194205 -0.00106196 0.00136412
v -0.01194205 -0.00136623 0.00105925
v -0.01194205 -0.00170671 0.00027524
v -0.01194205 -0.00158569 0.00068862
v -0.01194207 -0.00172179 -0.00015522
v -0.01194207 -0.00143700 -0.00096113
v -0.01194207 -0.00162998 -0.00057605
v -0.01194207 -0.00115481 -0.00128655
v -0.01194207 -0.00080093 -0.00153210
v -0.01189264 -0.00070990 -0.00135798
v -0.01176932 -0.00063543 -0.00121554
v -0.01176932 -0.00091618 -0.00102072
v -0.01176932 -0.00114007 -0.00076254
v -0.01176930 -0.00129318 -0.00045703
v -0.01176930 -0.00136601 -0.00012316
v -0.01176930 -0.00135405 0.00021836
v -0.01176930 -0.00125803 0.00054632
v -0.01176930 -0.00108392 0.00084037
v -0.01176930 -0.00084253 0.00108225
v -0.01176930 -0.00054883 0.00125695
v -0.01176930 -0.00022106 0.00135362
v -0.01176930 0.00012044 0.00136627
v -0.01176930 0.00045446 0.00129410
v -0.01189264 -0.00102356 -0.00114033
v -0.01189264 -0.00127368 -0.00085190
v -0.01189264 -0.00144473 -0.00051059
v -0.01189264 -0.00152610 -0.00013759
v -0.01189264 -0.00151274 0.00024396
v -0.01189264 -0.00140547 0.00061035
v -0.01189264 -0.00121095 0.00093886
v -0.01189264 -0.00094127 0.00120909
v -0.01189264 -0.00061315 0.00140426
v -0.01189262 -0.00024697 0.00151226
v -0.01189262 0.00013455 0.00152638
v -0.01189262 0.00050771 0.00144576
v 0.00097200 0.00043191 0.00189234
v 0.00082996 0.00036988 0.00162056
v 0.00060873 0.00032065 0.00140488
v 0.00032996 0.00028904 0.00126640
v 0.00032996 0.00080988 -0.00101553
v 0.00032996 0.00056359 0.00117033
v 0.00032996 0.00080988 0.00101558
v 0.00032996 0.00101555 0.00080990
v 0.00032996 0.00117031 0.00056361
v 0.00032996 0.00126638 0.00028906
v 0.00032996 0.00129894 0.00000002
v 0.00032996 0.00117031 -0.00056357
v 0.00032996 0.00126638 -0.00028902
v 0.00032996 0.00101555 -0.00080986
v 0.00032996 0.00028904 -0.00126636
v 0.00032996 0.00056359 -0.00117029
v 0.00060873 0.00062522 0.00129830
v 0.00060873 0.00089844 0.00112663
v 0.00060873 0.00112661 0.00089846
v 0.00060873 0.00129828 0.00062524
v 0.00060873 0.00140485 0.00032067
v 0.00060873 0.00144098 0.00000002
v 0.00060873 0.00140485 -0.00032063
v 0.00060873 0.00129828 -0.00062520
v 0.00060873 0.00112661 -0.00089842
v 0.00060873 0.00089844 -0.00112659
v 0.00060873 0.00062522 -0.00129826
v 0.00060873 0.00032065 -0.00140483
v 0.00082996 0.00072121 0.00149762
v 0.00082996 0.00103637 0.00129959
v 0.00082996 0.00129957 0.00103639
v 0.00082996 0.00149760 0.00072123
v 0.00082996 0.00162054 0.00036990
v 0.00082996 0.00166221 0.00000002
v 0.00082996 0.00162054 -0.00036986
v 0.00082996 0.00149760 -0.00072119
v 0.00082996 0.00129957 -0.00103635
v 0.00082996 0.00103637 -0.00129955
v 0.00082996 0.00072121 -0.00149758
v 0.00082996 0.00036988 -0.00162052
v 0.00097200 0.00084216 0.00174879
v 0.00097200 0.00121018 0.00151754
v 0.00097200 0.00151752 0.00121020
v 0.00097200 0.00174877 0.00084218
v 0.00097200 0.00189232 0.00043193
v 0.00097200 0.00194098 0.00000002
v 0.00097200 0.00189232 -0.00043189
v 0.00097200 0.00174877 -0.00084214
v 0.00097200 0.00151752 -0.00121016
v 0.00097200 0.00121018 -0.00151750
v 0.00097200 0.00084216 -0.00174874
v 0.00097200 0.00043191 -0.00189230
v 0.00002094 -0.00450000 0.00250002
v -0.00475144 -0.00615306 0.00250002
v -0.00952379 -0.00603779 0.00250002
v -0.00969873 -0.00526972 0.00250002
v -0.00986623 -0.00450000 0.00250002
v 0.00002094 -0.00350000 0.00150002
v -0.01061258 -0.00350000 0.00150002
v -0.01069412 -0.00349997 0.00074995
v -0.01061258 -0.00350000 -0.00149998
v 0.00002094 -0.00350000 -0.00149998
v -0.01065458 -0.00349997 -0.00116573
v -0.01072291 -0.00349997 0.00013379
v -0.01069353 -0.00349997 -0.00075851
v -0.00475144 -0.00615309 -0.00249998
v 0.00002094 -0.00626784 -0.00249998
v 0.00002094 -0.00450000 -0.00249998
v -0.00952379 -0.00603781 -0.00249998
v -0.00969874 -0.00526974 -0.00249998
v -0.00986625 -0.00450000 -0.00249998
v 0.00002094 0.00450000 -0.00249998
v -0.00475144 0.00615309 -0.00249998
v -0.00952379 0.00603781 -0.00249998
v -0.00969874 0.00526974 -0.00249998
v -0.00986625 0.00450000 -0.00249998
v 0.00002094 0.00350000 -0.00149998
v -0.01061258 0.00350000 -0.00149998
v -0.01069412 0.00349997 -0.00074988
v -0.01061258 0.00350000 0.00150002
v 0.00002094 0.00350000 0.00150002
v -0.01065456 0.00349997 0.00116578
v -0.01072291 0.00349997 -0.00013368
v -0.01069351 0.00349997 0.00075858
v -0.00986623 0.00450000 0.00250002
v -0.00952379 0.00603779 0.00250002
v 0.00002094 0.00450000 0.00250002
v -0.00475144 0.00615307 0.00250002
v 0.00002094 0.00626782 0.00250002
v 0.00096979 -0.00651049 -0.00329799
v 0.00096979 -0.00656250 -0.00338660
v 0.00096979 -0.00643279 -0.00323077
v 0.00096979 -0.00633762 -0.00319206
v 0.00096979 -0.00657070 -0.00358917
v 0.00096979 -0.00658331 -0.00348721
v 0.00096979 -0.00626784 -0.00318425
v 0.00030298 -0.00626784 -0.00254057
v 0.00002003 -0.00630539 -0.00250068
v 0.00030298 -0.00647989 -0.00256430
v 0.00072805 -0.00626784 -0.00279287
v 0.00059146 -0.00626784 -0.00267869
v 0.00059146 -0.00644936 -0.00269900
v 0.00040362 -0.00626784 -0.00257610
v 0.00082158 -0.00684258 -0.00366924
v 0.00059146 -0.00705567 -0.00373200
v 0.00030298 -0.00718816 -0.00377102
v -0.00000217 -0.00723017 -0.00377146
v -0.00000270 -0.00725205 -0.00367629
v 0.00030298 -0.00722646 -0.00346117
v -0.00000306 -0.00726689 -0.00354052
v -0.00000306 -0.00726690 -0.00345953
v -0.00000265 -0.00724898 -0.00330728
v 0.00030298 -0.00716324 -0.00315543
v -0.00000209 -0.00722612 -0.00321453
v -0.00000118 -0.00718846 -0.00310977
v 0.00030298 -0.00700521 -0.00288618
v 0.00000159 -0.00707259 -0.00290646
v 0.00030298 -0.00676909 -0.00268193
v 0.00000543 -0.00691279 -0.00273578
v 0.00000345 -0.00699525 -0.00281383
v 0.00001476 -0.00652487 -0.00253355
v 0.00001013 -0.00671766 -0.00260684
v 0.00000838 -0.00679029 -0.00264730
v 0.00059146 -0.00708845 -0.00346676
v 0.00059146 -0.00703434 -0.00320504
v 0.00059146 -0.00689905 -0.00297455
v 0.00059146 -0.00669693 -0.00279970
v 0.00082158 -0.00686650 -0.00347574
v 0.00082158 -0.00682702 -0.00328481
v 0.00082158 -0.00672833 -0.00311666
v 0.00082158 -0.00658087 -0.00298910
v 0.00082158 -0.00640027 -0.00291565
v 0.00082158 -0.00626784 -0.00290083
v 0.00001536 -0.00649991 0.00252730
v 0.00001008 -0.00671941 0.00260778
v 0.00000540 -0.00691429 0.00273710
v 0.00000345 -0.00699523 0.00281387
v 0.00000196 -0.00705721 0.00288621
v -0.00000095 -0.00717821 0.00308651
v -0.00000209 -0.00722610 0.00321457
v -0.00000265 -0.00724933 0.00330927
v -0.00000306 -0.00726679 0.00354255
v -0.00000233 -0.00723681 0.00374666
v -0.00000042 -0.00715854 0.00395439
v 0.00032996 -0.00450000 -0.00254892
v 0.00040362 -0.00450000 -0.00257610
v 0.00060873 -0.00450000 -0.00269096
v 0.00072805 -0.00450000 -0.00279287
v 0.00082996 -0.00450000 -0.00291219
v 0.00094482 -0.00450000 -0.00311730
v 0.00097200 -0.00450000 -0.00319096
v -0.00954672 -0.00699671 -0.00378282
v -0.00954715 -0.00703378 -0.00358667
v -0.00954699 -0.00703729 -0.00347728
v -0.00954645 -0.00702575 -0.00334681
v -0.00954554 -0.00699597 -0.00321457
v -0.00954480 -0.00696789 -0.00313321
v -0.00954212 -0.00685635 -0.00292581
v -0.00954106 -0.00680933 -0.00286400
v -0.00954007 -0.00676516 -0.00281391
v -0.00953483 -0.00652503 -0.00262677
v -0.00953910 -0.00672158 -0.00277044
v -0.00952504 -0.00608991 -0.00250134
v -0.00953006 -0.00630815 -0.00253723
v -0.00953164 -0.00637879 -0.00255994
v -0.00952921 -0.00626519 0.00252624
v -0.00953398 -0.00646704 0.00259689
v -0.00954273 -0.00682263 0.00288061
v -0.00953867 -0.00666139 0.00271842
v -0.00953611 -0.00655593 0.00264482
v -0.00954554 -0.00693626 0.00306153
v -0.00954800 -0.00703750 0.00350102
v -0.00954740 -0.00701345 0.00328199
v -0.00954699 -0.00699592 0.00321463
v -0.00954641 -0.00697227 0.00314472
v -0.00954536 -0.00692858 0.00395393
v -0.00954732 -0.00700980 0.00373378
v -0.00954761 -0.00702184 0.00367632
v 0.00032996 -0.00450000 0.00254896
v 0.00040362 -0.00450000 0.00257614
v 0.00060873 -0.00450000 0.00269100
v 0.00072805 -0.00450000 0.00279291
v 0.00082996 -0.00450000 0.00291224
v 0.00094482 -0.00450000 0.00311734
v 0.00097200 -0.00450000 0.00319100
v 0.00032996 -0.00345106 0.00150002
v 0.00032996 -0.00345106 -0.00149998
v 0.00040362 -0.00342388 0.00150002
v 0.00040362 -0.00342388 -0.00149998
v 0.00060873 -0.00330902 0.00150002
v 0.00060873 -0.00330902 -0.00149998
v 0.00072805 -0.00320711 0.00150002
v 0.00072805 -0.00320711 -0.00149998
v 0.00082996 -0.00308779 0.00150002
v 0.00082996 -0.00308779 -0.00149998
v 0.00094482 -0.00288268 0.00150002
v 0.00094482 -0.00288268 -0.00149998
v 0.00097200 -0.00280902 0.00150002
v 0.00097200 -0.00280902 -0.00149998
v 0.00097200 -0.00412372 -0.00314857
v 0.00082996 -0.00418575 -0.00287679
v 0.00060873 -0.00333888 -0.00176500
v 0.00032996 -0.00355493 -0.00195510
v 0.00002094 -0.00359903 -0.00193386
v 0.00002094 -0.00371817 -0.00212347
v 0.00032996 -0.00347736 -0.00173339
v 0.00002094 -0.00352507 -0.00172250
v 0.00002094 -0.00356181 -0.00184610
v 0.00002094 -0.00379289 -0.00220709
v 0.00032996 -0.00384599 -0.00232008
v 0.00032996 -0.00367990 -0.00215398
v 0.00002094 -0.00387651 -0.00228181
v 0.00002094 -0.00406612 -0.00240095
v 0.00032996 -0.00404488 -0.00244504
v 0.00002094 -0.00427748 -0.00247491
v 0.00032996 -0.00426659 -0.00252262
v 0.00060873 -0.00342696 -0.00201673
v 0.00060873 -0.00356885 -0.00224255
v 0.00060873 -0.00375743 -0.00243113
v 0.00060873 -0.00398325 -0.00257302
v 0.00060873 -0.00423498 -0.00266110
v 0.00082996 -0.00312319 -0.00181423
v 0.00082996 -0.00322764 -0.00211272
v 0.00082996 -0.00339589 -0.00238048
v 0.00082996 -0.00361950 -0.00260409
v 0.00082996 -0.00388726 -0.00277234
v 0.00097200 -0.00285141 -0.00187626
v 0.00097200 -0.00297648 -0.00223367
v 0.00097200 -0.00317794 -0.00255429
v 0.00097200 -0.00344569 -0.00282204
v 0.00097200 -0.00376631 -0.00302350
v -0.01046137 -0.00625516 -0.00322848
v -0.01037131 -0.00631436 -0.00304694
v -0.01038110 -0.00623655 -0.00302509
v -0.01014595 -0.00644572 -0.00283175
v -0.01014595 -0.00620461 -0.00273507
v -0.01025597 -0.00620755 -0.00284036
v -0.00971315 -0.00608171 -0.00251905
v -0.00990773 -0.00612682 -0.00258092
v -0.00984947 -0.00623926 -0.00257621
v -0.01009377 -0.00616995 -0.00268902
v -0.00984947 -0.00653043 -0.00269297
v -0.00984947 -0.00676738 -0.00289858
v -0.00984947 -0.00692400 -0.00317041
v -0.00984947 -0.00698305 -0.00347851
v -0.00984947 -0.00693804 -0.00378898
v -0.01014595 -0.00678323 -0.00373928
v -0.01037131 -0.00644737 -0.00316237
v -0.01049588 -0.00626316 -0.00343457
v -0.01037131 -0.00653530 -0.00331496
v -0.01049795 -0.00626364 -0.00349448
v -0.01037131 -0.00656845 -0.00348793
v -0.01037131 -0.00654319 -0.00366222
v -0.01014595 -0.00682050 -0.00348220
v -0.01014595 -0.00677160 -0.00322708
v -0.01014595 -0.00664191 -0.00300200
v -0.01009377 -0.00616992 0.00268906
v -0.00990773 -0.00612679 0.00258097
v -0.00984947 -0.00623799 0.00257598
v -0.00971315 -0.00608168 0.00251909
v -0.01046137 -0.00625513 0.00322852
v -0.01038111 -0.00623653 0.00302513
v -0.01037131 -0.00631283 0.00304607
v -0.01025597 -0.00620752 0.00284040
v -0.01037131 -0.00644556 0.00316024
v -0.01037131 -0.00653391 0.00331139
v -0.01049588 -0.00626313 0.00343461
v -0.01037131 -0.00656829 0.00348306
v -0.01037131 -0.00654495 0.00365658
v -0.01049527 -0.00626299 0.00357438
v -0.00984947 -0.00694121 0.00377890
v -0.00984947 -0.00698279 0.00346981
v -0.00984947 -0.00692155 0.00316401
v -0.00984947 -0.00676415 0.00289477
v -0.00984947 -0.00652772 0.00269138
v -0.01014595 -0.00620356 0.00273488
v -0.01014595 -0.00644347 0.00283044
v -0.01014595 -0.00663924 0.00299885
v -0.01014595 -0.00676957 0.00322179
v -0.01014595 -0.00682028 0.00347501
v -0.01014595 -0.00678585 0.00373094
v 0.00097200 -0.00285141 0.00187630
v 0.00082996 -0.00312319 0.00181427
v 0.00060873 -0.00423498 0.00266114
v 0.00032996 -0.00426659 0.00252267
v 0.00002094 -0.00427748 0.00247495
v 0.00002094 -0.00406612 0.00240099
v 0.00032996 -0.00404488 0.00244509
v 0.00002094 -0.00387651 0.00228185
v 0.00032996 -0.00384599 0.00232012
v 0.00002094 -0.00379289 0.00220713
v 0.00032996 -0.00367990 0.00215403
v 0.00002094 -0.00352507 0.00172254
v 0.00032996 -0.00347736 0.00173343
v 0.00002094 -0.00356181 0.00184614
v 0.00032996 -0.00355493 0.00195514
v 0.00002094 -0.00359903 0.00193390
v 0.00002094 -0.00371817 0.00212351
v 0.00060873 -0.00398325 0.00257306
v 0.00060873 -0.00375743 0.00243117
v 0.00060873 -0.00356885 0.00224259
v 0.00060873 -0.00342696 0.00201677
v 0.00060873 -0.00333888 0.00176504
v 0.00082996 -0.00418575 0.00287683
v 0.00082996 -0.00388726 0.00277238
v 0.00082996 -0.00361950 0.00260413
v 0.00082996 -0.00339589 0.00238052
v 0.00082996 -0.00322764 0.00211276
v 0.00097200 -0.00412372 0.00314861
v 0.00097200 -0.00376631 0.00302354
v 0.00097200 -0.00344569 0.00282208
v 0.00097200 -0.00317794 0.00255433
v 0.00097200 -0.00297648 0.00223371
v -0.01035907 -0.00367019 -0.00205803
v -0.01025585 -0.00379376 -0.00220795
v -0.01015139 -0.00394489 -0.00233176
v -0.01005381 -0.00411019 -0.00242087
v -0.00995437 -0.00430416 -0.00248058
v -0.01054478 -0.00351981 -0.00169746
v -0.01046479 -0.00357167 -0.00187172
v -0.01005907 -0.00454079 -0.00251960
v -0.01025746 -0.00458274 -0.00258341
v -0.01044682 -0.00462280 -0.00269510
v -0.01061098 -0.00465752 -0.00285148
v -0.01073595 -0.00468395 -0.00304198
v -0.01081375 -0.00470040 -0.00325083
v -0.01084385 -0.00470677 -0.00346117
v -0.01005907 -0.00454079 0.00251964
v -0.01025745 -0.00458274 0.00258345
v -0.01044682 -0.00462280 0.00269514
v -0.01061098 -0.00465752 0.00285152
v -0.01073594 -0.00468395 0.00304202
v -0.01081374 -0.00470040 0.00325087
v -0.01084385 -0.00470677 0.00346121
v -0.01054492 -0.00351959 0.00169746
v -0.01046858 -0.00356871 0.00186430
v -0.00998444 -0.00424266 0.00246625
v -0.01003059 -0.00415307 0.00243790
v -0.01019279 -0.00388184 0.00228609
v -0.01027650 -0.00376698 0.00218022
v -0.01035938 -0.00366986 0.00205758
v -0.01112107 -0.00335752 -0.00157008
v -0.01123046 -0.00328165 -0.00158516
v -0.01117548 -0.00331510 -0.00186694
v -0.01141009 -0.00309101 -0.00160992
v -0.01101439 -0.00399865 -0.00334323
v -0.01092551 -0.00434558 -0.00343721
v -0.01089027 -0.00437768 -0.00323423
v -0.01080959 -0.00439875 -0.00303201
v -0.01068444 -0.00440592 -0.00284607
v -0.01110799 -0.00368053 -0.00318356
v -0.01106145 -0.00377728 -0.00301641
v -0.01097364 -0.00406563 -0.00315504
v -0.01097458 -0.00386194 -0.00284818
v -0.01088991 -0.00412089 -0.00296672
v -0.01084916 -0.00392747 -0.00269024
v -0.01076461 -0.00415917 -0.00279190
v -0.01153039 -0.00287406 -0.00162651
v -0.01146967 -0.00290202 -0.00201012
v -0.01145508 -0.00302322 -0.00161612
v -0.01139972 -0.00305355 -0.00196531
v -0.01130074 -0.00319385 -0.00191687
v -0.01139020 -0.00300269 -0.00236733
v -0.01076067 -0.00348734 -0.00152039
v -0.01093007 -0.00344521 -0.00154375
v -0.01087026 -0.00347709 -0.00177222
v -0.01102947 -0.00341084 -0.00181794
v -0.01095552 -0.00349317 -0.00204970
v -0.01110407 -0.00340364 -0.00212562
v -0.01102244 -0.00354101 -0.00235325
v -0.01122946 -0.00328726 -0.00220675
v -0.01114789 -0.00343576 -0.00246344
v -0.01132572 -0.00315083 -0.00228871
v -0.01124112 -0.00330996 -0.00257732
v -0.01129968 -0.00317210 -0.00268842
v -0.01070610 -0.00351282 -0.00173165
v -0.01079217 -0.00355186 -0.00198283
v -0.01087113 -0.00361897 -0.00225330
v -0.01093646 -0.00371773 -0.00254229
v -0.01106193 -0.00362953 -0.00267829
v -0.01115201 -0.00352104 -0.00282121
v -0.01120453 -0.00340035 -0.00296212
v -0.01014314 -0.00434389 -0.00250788
v -0.01023472 -0.00415262 -0.00245828
v -0.01033124 -0.00397476 -0.00237267
v -0.01043095 -0.00381526 -0.00225280
v -0.01052258 -0.00439813 -0.00269107
v -0.01033709 -0.00437649 -0.00257714
v -0.01060521 -0.00417711 -0.00264358
v -0.01042392 -0.00417418 -0.00253110
v -0.01069237 -0.00396883 -0.00255358
v -0.01051546 -0.00398410 -0.00244643
v -0.01078240 -0.00377945 -0.00242198
v -0.01061002 -0.00381173 -0.00232425
v -0.01070332 -0.00366598 -0.00216898
v -0.01052941 -0.00368201 -0.00210358
v -0.01062336 -0.00357909 -0.00192769
v -0.01033147 -0.00397434 0.00237246
v -0.01139022 -0.00300267 0.00236731
v -0.01153552 -0.00286124 0.00162726
v -0.01129996 -0.00317149 0.00268755
v -0.01106163 -0.00363025 0.00267898
v -0.01115169 -0.00352183 0.00282199
v -0.01124138 -0.00330939 0.00257655
v -0.01093616 -0.00371838 0.00254290
v -0.01114815 -0.00343523 0.00246276
v -0.01132572 -0.00315080 0.00228870
v -0.01146980 -0.00290160 0.00201008
v -0.01092548 -0.00434577 0.00343715
v -0.01043061 -0.00381576 0.00225330
v -0.01060969 -0.00381227 0.00232476
v -0.01078209 -0.00378005 0.00242253
v -0.01051568 -0.00398365 0.00244621
v -0.01023447 -0.00415311 0.00245851
v -0.01069259 -0.00396833 0.00255334
v -0.01042367 -0.00417471 0.00253131
v -0.01014311 -0.00434400 0.00250786
v -0.01033706 -0.00437659 0.00257712
v -0.01052255 -0.00439824 0.00269104
v -0.01060497 -0.00417769 0.00264381
v -0.01076438 -0.00415981 0.00279215
v -0.01084936 -0.00392692 0.00268997
v -0.01088969 -0.00412161 0.00296701
v -0.01097479 -0.00386132 0.00284787
v -0.01097340 -0.00406643 0.00315538
v -0.01106166 -0.00377660 0.00301604
v -0.01133066 -0.00318802 0.00159902
v -0.01123046 -0.00328165 0.00158520
v -0.01117558 -0.00331478 0.00186695
v -0.01101226 -0.00341332 0.00155512
v -0.01102958 -0.00341056 0.00181796
v -0.01093120 -0.00344482 0.00154395
v -0.01087037 -0.00347683 0.00177224
v -0.01077006 -0.00348578 0.00152173
v -0.01070624 -0.00351258 0.00173167
v -0.01145550 -0.00302251 0.00161623
v -0.01139984 -0.00305317 0.00196529
v -0.01130084 -0.00319350 0.00191687
v -0.01122946 -0.00328724 0.00220675
v -0.01110408 -0.00340362 0.00212562
v -0.01102269 -0.00354053 0.00235266
v -0.01095552 -0.00349315 0.00204970
v -0.01087139 -0.00361853 0.00225278
v -0.01079219 -0.00355185 0.00198284
v -0.01070359 -0.00366558 0.00216850
v -0.01062336 -0.00357908 0.00192770
v -0.01052970 -0.00368165 0.00210313
v -0.01068441 -0.00440605 0.00284603
v -0.01080956 -0.00439889 0.00303196
v -0.01089024 -0.00437784 0.00323418
v -0.01101416 -0.00399954 0.00334362
v -0.01110821 -0.00367978 0.00318312
v -0.01120421 -0.00340121 0.00296300
v -0.01103725 -0.00344778 -0.00000611
v -0.01153069 -0.00304039 -0.00082351
v -0.01130500 -0.00328979 -0.00080598
v -0.01153126 -0.00304052 0.00081427
v -0.01155884 -0.00304792 -0.00000644
v -0.01130555 -0.00328986 0.00079693
v -0.01133267 -0.00329336 -0.00000630
v -0.01116287 -0.00338162 0.00078596
v -0.01100903 -0.00344689 0.00077414
v -0.01116230 -0.00338158 -0.00079490
v -0.01100845 -0.00344688 -0.00078295
v -0.01009377 0.00616995 -0.00268902
v -0.00990773 0.00612682 -0.00258092
v -0.00984947 0.00623926 -0.00257620
v -0.00953005 0.00629679 -0.00253407
v -0.00971315 0.00608171 -0.00251905
v -0.00952474 0.00607737 -0.00250076
v -0.01046137 0.00625516 -0.00322848
v -0.01038110 0.00623655 -0.00302509
v -0.01037131 0.00631436 -0.00304694
v -0.01025597 0.00620755 -0.00284036
v -0.01037131 0.00644737 -0.00316237
v -0.01037131 0.00653530 -0.00331496
v -0.01049588 0.00626316 -0.00343457
v -0.01037131 0.00656845 -0.00348793
v -0.01037131 0.00654319 -0.00366222
v -0.01049506 0.00626297 -0.00357714
v -0.00984947 0.00693804 -0.00378898
v -0.00954696 0.00699566 -0.00378689
v -0.00954793 0.00703609 -0.00355656
v -0.00984947 0.00698305 -0.00347851
v -0.00954796 0.00703743 -0.00347727
v -0.00954757 0.00702192 -0.00332304
v -0.00984947 0.00692400 -0.00317040
v -0.00954694 0.00699609 -0.00321453
v -0.00954136 0.00676523 -0.00281383
v -0.00954243 0.00680940 -0.00286393
v -0.00984947 0.00676737 -0.00289858
v -0.00954335 0.00684788 -0.00291374
v -0.00954611 0.00696193 -0.00311811
v -0.00953954 0.00668962 -0.00274161
v -0.00984947 0.00653043 -0.00269297
v -0.00953638 0.00655884 -0.00264643
v -0.00953484 0.00649564 -0.00261092
v -0.01014595 0.00620461 -0.00273507
v -0.01014595 0.00644572 -0.00283175
v -0.01014595 0.00664191 -0.00300200
v -0.01014595 0.00677160 -0.00322708
v -0.01014595 0.00682050 -0.00348220
v -0.01014595 0.00678323 -0.00373928
v -0.00952939 0.00626988 0.00252730
v -0.00971436 0.00608197 0.00252238
v -0.00985051 0.00623916 0.00257660
v -0.00953469 0.00648939 0.00260778
v -0.00985051 0.00653022 0.00269332
v -0.00954296 0.00683148 0.00289178
v -0.00954136 0.00676520 0.00281387
v -0.00985051 0.00676707 0.00289885
v -0.00953940 0.00668428 0.00273712
v -0.00953638 0.00655882 0.00264647
v -0.00954586 0.00695108 0.00309294
v -0.00985051 0.00692364 0.00317058
v -0.00954644 0.00697498 0.00315149
v -0.00985051 0.00698267 0.00347857
v -0.00954754 0.00702063 0.00331621
v -0.00954694 0.00699607 0.00321458
v -0.00954520 0.00692203 0.00396688
v -0.00954714 0.00700322 0.00376026
v -0.00985051 0.00693768 0.00378892
v -0.00954793 0.00703643 0.00354963
v -0.00954796 0.00703741 0.00347732
v -0.01014770 0.00678188 0.00373890
v -0.01037308 0.00654044 0.00366139
v -0.01049482 0.00626289 0.00357709
v -0.01037308 0.00656557 0.00348804
v -0.01049381 0.00626265 0.00343358
v -0.01037308 0.00653260 0.00331600
v -0.01037308 0.00644515 0.00316422
v -0.01045737 0.00625421 0.00322703
v -0.01037308 0.00631285 0.00304942
v -0.01037868 0.00623597 0.00302452
v -0.01014770 0.00644497 0.00283298
v -0.01014770 0.00620429 0.00273647
v -0.01025596 0.00620752 0.00284039
v -0.00990907 0.00612710 0.00258599
v -0.01009419 0.00617002 0.00269172
v -0.01014770 0.00681908 0.00348228
v -0.01014770 0.00677027 0.00322761
v -0.01014770 0.00664082 0.00300293
v -0.01084385 0.00470677 -0.00346117
v -0.01005907 0.00454079 -0.00251960
v -0.01025746 0.00458274 -0.00258341
v -0.01044682 0.00462280 -0.00269510
v -0.01061098 0.00465752 -0.00285148
v -0.01073595 0.00468395 -0.00304198
v -0.01081375 0.00470040 -0.00325083
v -0.00000212 0.00722976 -0.00377234
v -0.00000300 0.00726666 -0.00354216
v -0.00000242 0.00724936 -0.00331008
v -0.00000171 0.00722598 -0.00321458
v -0.00000032 0.00717591 -0.00308171
v 0.00000287 0.00705085 -0.00287823
v 0.00000419 0.00699518 -0.00281391
v 0.00000683 0.00688238 -0.00271122
v 0.00001619 0.00647080 -0.00252080
v 0.00001141 0.00668104 -0.00258939
v 0.00001562 0.00649804 0.00252690
v 0.00001094 0.00671074 0.00260352
v 0.00000923 0.00679024 0.00264742
v 0.00000674 0.00690544 0.00272981
v 0.00000321 0.00706642 0.00289843
v 0.00000054 0.00718028 0.00309138
v -0.00000065 0.00722598 0.00321463
v -0.00000135 0.00724971 0.00331191
v -0.00000203 0.00726673 0.00345959
v -0.00000221 0.00726664 0.00354264
v -0.00000187 0.00723020 0.00377077
v -0.01006038 0.00454106 0.00252311
v -0.01025891 0.00458305 0.00258879
v -0.01044727 0.00462289 0.00269798
v -0.01061096 0.00465751 0.00285151
v -0.01073334 0.00468340 0.00304128
v -0.01080949 0.00469950 0.00324913
v -0.01084166 0.00470631 0.00346002
v -0.01103725 0.00344778 0.00000621
v -0.01133267 0.00329336 0.00000640
v -0.01155884 0.00304792 0.00000655
v -0.01153069 0.00304039 0.00082358
v -0.01153872 0.00285490 0.00162770
v -0.01145632 0.00302400 0.00161634
v -0.01153115 0.00287441 0.00162666
v -0.01130556 0.00328986 -0.00079685
v -0.01153126 0.00304052 -0.00081419
v -0.01074984 0.00349035 -0.00151890
v -0.01100903 0.00344689 -0.00077407
v -0.01077037 0.00348723 -0.00152173
v -0.01116287 0.00338162 -0.00078589
v -0.01135557 0.00316141 0.00160245
v -0.01133146 0.00318803 0.00159913
v -0.01130500 0.00328979 0.00080606
v -0.01123046 0.00328164 0.00158520
v -0.01116230 0.00338158 0.00079497
v -0.01100425 0.00341852 0.00155402
v -0.01100845 0.00344688 0.00078303
v -0.01093311 0.00344621 0.00154421
v -0.01093071 0.00344703 0.00154388
v -0.01141288 0.00308937 -0.00161031
v -0.01145642 0.00302384 -0.00161631
v -0.01093071 0.00344703 -0.00154384
v -0.01108656 0.00337811 -0.00156532
v -0.01111763 0.00336028 -0.00156960
v -0.01123046 0.00328164 -0.00158516
v -0.01129996 0.00317149 -0.00268751
v -0.01102959 0.00341056 -0.00181792
v -0.01054493 0.00351959 -0.00169742
v -0.01139022 0.00300267 -0.00236726
v -0.01117560 0.00331478 -0.00186691
v -0.01130085 0.00319350 -0.00191683
v -0.01146980 0.00290161 -0.00201003
v -0.01139984 0.00305317 -0.00196525
v -0.01124138 0.00330939 -0.00257650
v -0.01132572 0.00315081 -0.00228866
v -0.01114816 0.00343523 -0.00246272
v -0.01122948 0.00328724 -0.00220671
v -0.01102269 0.00354053 -0.00235261
v -0.01110408 0.00340362 -0.00212558
v -0.01092549 0.00434577 -0.00343711
v -0.01033708 0.00437659 -0.00257708
v -0.01052255 0.00439824 -0.00269100
v -0.01060499 0.00417769 -0.00264377
v -0.01076438 0.00415981 -0.00279211
v -0.01084938 0.00392692 -0.00268993
v -0.01088969 0.00412161 -0.00296697
v -0.01097479 0.00386132 -0.00284782
v -0.01097342 0.00406643 -0.00315534
v -0.01106168 0.00377660 -0.00301599
v -0.01101416 0.00399955 -0.00334358
v -0.01110823 0.00367978 -0.00318308
v -0.01014311 0.00434400 -0.00250782
v -0.01042368 0.00417471 -0.00253127
v -0.01069259 0.00396833 -0.00255330
v -0.01093616 0.00371839 -0.00254286
v -0.01106163 0.00363025 -0.00267894
v -0.01115169 0.00352183 -0.00282195
v -0.01120422 0.00340121 -0.00296295
v -0.01070624 0.00351258 -0.00173162
v -0.01062337 0.00357908 -0.00192765
v -0.01046550 0.00357112 -0.00187036
v -0.01052970 0.00368165 -0.00210308
v -0.01035938 0.00366986 -0.00205754
v -0.01043061 0.00381576 -0.00225326
v -0.01025551 0.00379422 -0.00220841
v -0.01015165 0.00394449 -0.00233149
v -0.01087037 0.00347683 -0.00177220
v -0.01095553 0.00349315 -0.00204966
v -0.01079219 0.00355185 -0.00198280
v -0.01087140 0.00361853 -0.00225273
v -0.01070360 0.00366558 -0.00216846
v -0.01078210 0.00378005 -0.00242249
v -0.01060971 0.00381227 -0.00232472
v -0.01051568 0.00398365 -0.00244617
v -0.01033147 0.00397434 -0.00237242
v -0.01023447 0.00415311 -0.00245846
v -0.01005366 0.00411045 -0.00242098
v -0.00995434 0.00430427 -0.00248053
v -0.01068442 0.00440605 -0.00284599
v -0.01080958 0.00439889 -0.00303192
v -0.01089025 0.00437784 -0.00323413
v 0.00096979 0.00651047 0.00329804
v 0.00096979 0.00656247 0.00338664
v 0.00096979 0.00643277 0.00323082
v 0.00096979 0.00633760 0.00319211
v 0.00030301 0.00716321 0.00315548
v 0.00030301 0.00700518 0.00288623
v 0.00096979 0.00657067 0.00358922
v 0.00096979 0.00658327 0.00348725
v 0.00096979 0.00626782 0.00318430
v 0.00030301 0.00647987 0.00256435
v 0.00030301 0.00626782 0.00254063
v 0.00072805 0.00626782 0.00279291
v 0.00059148 0.00626782 0.00267875
v 0.00059148 0.00644934 0.00269906
v 0.00040362 0.00626782 0.00257614
v 0.00082158 0.00684255 0.00366929
v 0.00059148 0.00705563 0.00373204
v 0.00030301 0.00718813 0.00377106
v 0.00030301 0.00722643 0.00346122
v 0.00030301 0.00676906 0.00268198
v 0.00059148 0.00708842 0.00346680
v 0.00059148 0.00703430 0.00320509
v 0.00059148 0.00689902 0.00297460
v 0.00059148 0.00669690 0.00279975
v 0.00082158 0.00686646 0.00347579
v 0.00082158 0.00682699 0.00328486
v 0.00082158 0.00672830 0.00311671
v 0.00082158 0.00658084 0.00298916
v 0.00082158 0.00640024 0.00291570
v 0.00082158 0.00626782 0.00290088
v -0.01117548 0.00331510 0.00186698
v -0.01014314 0.00434389 0.00250792
v -0.01101439 0.00399865 0.00334328
v -0.01092551 0.00434558 0.00343726
v -0.01089027 0.00437768 0.00323427
v -0.01080959 0.00439875 0.00303205
v -0.01068444 0.00440592 0.00284611
v -0.01110797 0.00368053 0.00318360
v -0.01106144 0.00377728 0.00301645
v -0.01097364 0.00406562 0.00315509
v -0.01097456 0.00386194 0.00284823
v -0.01088991 0.00412089 0.00296677
v -0.01084916 0.00392747 0.00269028
v -0.01076461 0.00415917 0.00279195
v -0.01130074 0.00319385 0.00191691
v -0.01146967 0.00290202 0.00201016
v -0.01139020 0.00300269 0.00236737
v -0.01139971 0.00305355 0.00196535
v -0.01102946 0.00341084 0.00181798
v -0.01087026 0.00347709 0.00177226
v -0.01095551 0.00349317 0.00204974
v -0.01110407 0.00340364 0.00212566
v -0.01102243 0.00354101 0.00235329
v -0.01122945 0.00328726 0.00220680
v -0.01114789 0.00343575 0.00246348
v -0.01132571 0.00315083 0.00228876
v -0.01124112 0.00330996 0.00257736
v -0.01129968 0.00317210 0.00268846
v -0.01070610 0.00351282 0.00173169
v -0.01079217 0.00355186 0.00198287
v -0.01087113 0.00361897 0.00225335
v -0.01093646 0.00371773 0.00254233
v -0.01106193 0.00362952 0.00267833
v -0.01115199 0.00352104 0.00282125
v -0.01120453 0.00340034 0.00296216
v -0.00998686 0.00423781 0.00246501
v -0.01003081 0.00415265 0.00243775
v -0.01023471 0.00415262 0.00245832
v -0.01005030 0.00411655 0.00242358
v -0.01033122 0.00397476 0.00237272
v -0.01019553 0.00387783 0.00228287
v -0.01043094 0.00381526 0.00225284
v -0.01027582 0.00376783 0.00218115
v -0.01035907 0.00367019 0.00205807
v -0.01052257 0.00439813 0.00269111
v -0.01033709 0.00437649 0.00257719
v -0.01060521 0.00417711 0.00264362
v -0.01042391 0.00417418 0.00253114
v -0.01069237 0.00396883 0.00255362
v -0.01051544 0.00398410 0.00244647
v -0.01078238 0.00377945 0.00242202
v -0.01061001 0.00381173 0.00232429
v -0.01070330 0.00366598 0.00216902
v -0.01052941 0.00368201 0.00210362
v -0.01062334 0.00357909 0.00192773
v -0.01046842 0.00356884 0.00186462
v -0.01054478 0.00351981 0.00169751
v 0.00002094 0.00427748 -0.00247491
v 0.00002094 0.00406612 -0.00240095
v 0.00002094 0.00387651 -0.00228181
v 0.00002094 0.00379289 -0.00220709
v 0.00002094 0.00371817 -0.00212347
v 0.00002094 0.00359903 -0.00193386
v 0.00002094 0.00352507 -0.00172250
v 0.00097200 0.00450000 -0.00319096
v 0.00094482 0.00450000 -0.00311730
v 0.00082996 0.00450000 -0.00291219
v 0.00072805 0.00450000 -0.00279287
v 0.00060873 0.00450000 -0.00269096
v 0.00040362 0.00450000 -0.00257610
v 0.00032996 0.00450000 -0.00254892
v 0.00032996 0.00450000 0.00254896
v 0.00040362 0.00450000 0.00257614
v 0.00060873 0.00450000 0.00269100
v 0.00072805 0.00450000 0.00279291
v 0.00082996 0.00450000 0.00291224
v 0.00094482 0.00450000 0.00311734
v 0.00097200 0.00450000 0.00319100
v 0.00002094 0.00352507 0.00172254
v 0.00002094 0.00359903 0.00193390
v 0.00002094 0.00379289 0.00220713
v 0.00002094 0.00387651 0.00228185
v 0.00002094 0.00406612 0.00240099
v 0.00002094 0.00427748 0.00247495
v 0.00002094 0.00371817 0.00212351
v 0.00094482 0.00288268 -0.00149998
v 0.00097200 0.00280902 -0.00149998
v 0.00097200 0.00285141 -0.00187626
v 0.00072805 0.00320711 -0.00149998
v 0.00082996 0.00308779 -0.00149998
v 0.00082996 0.00312319 -0.00181423
v 0.00060873 0.00423498 -0.00266110
v 0.00032996 0.00426659 -0.00252262
v 0.00032996 0.00404488 -0.00244504
v 0.00032996 0.00384599 -0.00232008
v 0.00032996 0.00367990 -0.00215398
v 0.00032996 0.00355493 -0.00195510
v 0.00032996 0.00347736 -0.00173339
v 0.00032996 0.00345106 -0.00149998
v 0.00040362 0.00342388 -0.00149998
v 0.00060873 0.00398325 -0.00257302
v 0.00060873 0.00375743 -0.00243113
v 0.00060873 0.00356885 -0.00224255
v 0.00060873 0.00342696 -0.00201673
v 0.00060873 0.00333888 -0.00176500
v 0.00060873 0.00330902 -0.00149998
v 0.00082996 0.00418575 -0.00287679
v 0.00082996 0.00388726 -0.00277234
v 0.00082996 0.00361950 -0.00260409
v 0.00082996 0.00339589 -0.00238048
v 0.00082996 0.00322764 -0.00211272
v 0.00097200 0.00412372 -0.00314857
v 0.00097200 0.00376631 -0.00302350
v 0.00097200 0.00344569 -0.00282204
v 0.00097200 0.00317794 -0.00255429
v 0.00097200 0.00297648 -0.00223367
v 0.00097200 0.00412372 0.00314861
v 0.00082996 0.00418575 0.00287683
v 0.00072805 0.00320711 0.00150002
v 0.00060873 0.00330902 0.00150002
v 0.00060873 0.00333888 0.00176504
v 0.00032996 0.00347736 0.00173343
v 0.00032996 0.00355493 0.00195514
v 0.00032996 0.00367990 0.00215403
v 0.00032996 0.00384599 0.00232012
v 0.00032996 0.00404488 0.00244509
v 0.00032996 0.00426659 0.00252267
v 0.00032996 0.00345106 0.00150002
v 0.00040362 0.00342388 0.00150002
v 0.00060873 0.00342696 0.00201677
v 0.00060873 0.00356885 0.00224259
v 0.00060873 0.00375743 0.00243117
v 0.00060873 0.00398325 0.00257306
v 0.00060873 0.00423498 0.00266114
v 0.00094482 0.00288268 0.00150002
v 0.00082996 0.00308779 0.00150002
v 0.00082996 0.00312319 0.00181427
v 0.00082996 0.00322764 0.00211276
v 0.00082996 0.00339589 0.00238052
v 0.00082996 0.00361950 0.00260413
v 0.00082996 0.00388726 0.00277238
v 0.00097200 0.00280902 0.00150002
v 0.00097200 0.00285141 0.00187630
v 0.00097200 0.00297648 0.00223371
v 0.00097200 0.00317794 0.00255433
v 0.00097200 0.00344569 0.00282208
v 0.00097200 0.00376631 0.00302354
f 1 2 3
f 4 5 3
f 6 7 2
f 2 7 3
f 5 1 3
f 8 9 10
f 11 12 13
f 13 12 14
f 13 14 15
f 14 16 15
f 15 16 17
f 15 17 18
f 17 19 18
f 18 19 20
f 18 20 21
f 20 22 21
f 21 22 23
f 21 23 24
f 24 23 25
f 24 25 8
f 26 27 28
f 29 11 28
f 28 11 13
f 28 13 26
f 26 13 15
f 26 15 30
f 30 15 18
f 30 18 31
f 31 18 21
f 31 21 32
f 32 21 24
f 32 24 33
f 34 35 27
f 8 10 24
f 24 10 36
f 24 36 33
f 33 36 37
f 33 37 38
f 27 26 34
f 34 26 30
f 34 30 39
f 39 30 31
f 39 31 40
f 40 31 32
f 40 32 41
f 41 32 33
f 41 33 42
f 42 33 38
f 42 38 43
f 3 44 45
f 45 44 35
f 4 3 45
f 35 34 45
f 45 34 39
f 45 39 4
f 4 39 40
f 4 40 5
f 5 40 41
f 5 41 1
f 1 41 42
f 1 42 2
f 2 42 43
f 2 43 6
f 46 47 48
f 49 50 48
f 51 52 47
f 47 52 48
f 50 46 48
f 53 54 55
f 56 57 58
f 58 57 59
f 58 59 60
f 59 61 60
f 60 61 62
f 60 62 63
f 62 64 63
f 63 64 65
f 63 65 66
f 65 67 66
f 66 67 68
f 66 68 69
f 69 68 70
f 69 70 53
f 71 72 73
f 74 56 73
f 73 56 58
f 73 58 71
f 71 58 60
f 71 60 75
f 75 60 63
f 75 63 76
f 76 63 66
f 76 66 77
f 77 66 69
f 77 69 78
f 79 80 72
f 53 55 69
f 69 55 81
f 69 81 78
f 78 81 82
f 78 82 83
f 72 71 79
f 79 71 75
f 79 75 84
f 84 75 76
f 84 76 85
f 85 76 77
f 85 77 86
f 86 77 78
f 86 78 87
f 87 78 83
f 87 83 88
f 48 89 90
f 90 89 80
f 49 48 90
f 80 79 90
f 90 79 84
f 90 84 49
f 49 84 85
f 49 85 50
f 50 85 86
f 50 86 46
f 46 86 87
f 46 87 47
f 47 87 88
f 47 88 51
f 91 92 93
f 92 94 95
f 94 96 97
f 96 98 99
f 100 101 102
f 98 103 104
f 98 104 99
f 99 104 105
f 99 105 106
f 105 107 106
f 106 107 108
f 106 108 109
f 109 108 110
f 109 110 111
f 110 112 111
f 111 112 113
f 111 113 114
f 114 113 115
f 114 115 116
f 117 118 119
f 119 118 116
f 119 116 120
f 120 116 115
f 121 122 117
f 117 122 123
f 117 123 118
f 121 124 122
f 122 124 125
f 122 125 126
f 126 125 100
f 100 125 127
f 100 127 101
f 128 129 102
f 102 129 130
f 102 130 100
f 128 131 129
f 129 131 132
f 129 132 133
f 96 99 97
f 97 99 106
f 97 106 134
f 134 106 109
f 134 109 135
f 135 109 111
f 135 111 136
f 136 111 114
f 136 114 137
f 137 114 116
f 137 116 138
f 138 116 118
f 138 118 139
f 139 118 123
f 139 123 140
f 140 123 122
f 140 122 141
f 141 122 126
f 141 126 142
f 142 126 100
f 142 100 143
f 143 100 130
f 143 130 144
f 144 130 129
f 144 129 145
f 145 129 133
f 145 133 146
f 94 97 95
f 95 97 134
f 95 134 147
f 147 134 135
f 147 135 148
f 148 135 136
f 148 136 149
f 149 136 137
f 149 137 150
f 150 137 138
f 150 138 151
f 151 138 139
f 151 139 152
f 152 139 140
f 152 140 153
f 153 140 141
f 153 141 154
f 154 141 142
f 154 142 155
f 155 142 143
f 155 143 156
f 156 143 144
f 156 144 157
f 157 144 145
f 157 145 158
f 158 145 146
f 158 146 159
f 92 95 93
f 93 95 147
f 93 147 160
f 160 147 148
f 160 148 161
f 161 148 149
f 161 149 162
f 162 149 150
f 162 150 163
f 163 150 151
f 163 151 164
f 164 151 152
f 164 152 165
f 165 152 153
f 165 153 166
f 166 153 154
f 166 154 167
f 167 154 155
f 167 155 168
f 168 155 156
f 168 156 169
f 169 156 157
f 169 157 170
f 170 157 158
f 170 158 171
f 171 158 159
f 171 159 172
f 91 93 173
f 173 93 160
f 173 160 174
f 174 160 161
f 174 161 175
f 175 161 162
f 175 162 176
f 176 162 163
f 176 163 177
f 177 163 164
f 177 164 178
f 178 164 165
f 178 165 179
f 179 165 166
f 179 166 180
f 180 166 167
f 180 167 181
f 181 167 168
f 181 168 182
f 182 168 169
f 182 169 183
f 183 169 170
f 183 170 184
f 184 170 171
f 184 171 185
f 185 171 172
f 185 172 186
f 187 188 189
f 189 188 190
f 189 190 191
f 191 190 192
f 191 192 193
f 192 194 193
f 193 194 195
f 193 195 196
f 196 195 197
f 196 197 198
f 198 197 199
f 197 200 199
f 199 200 201
f 199 201 202
f 202 201 203
f 202 203 204
f 205 206 207
f 207 206 208
f 207 208 209
f 203 210 204
f 204 210 211
f 204 211 205
f 205 211 212
f 205 212 206
f 209 208 213
f 213 208 214
f 213 214 215
f 215 216 213
f 213 216 217
f 213 217 218
f 218 217 219
f 218 219 220
f 221 222 223
f 223 222 220
f 223 220 224
f 224 220 219
f 225 226 227
f 228 229 230
f 230 229 231
f 230 231 232
f 232 231 233
f 232 233 234
f 233 235 234
f 234 235 236
f 234 236 237
f 237 236 238
f 237 238 239
f 239 238 240
f 238 241 240
f 240 241 242
f 240 242 243
f 243 242 244
f 243 244 245
f 246 247 248
f 248 247 249
f 248 249 250
f 244 251 245
f 245 251 252
f 245 252 246
f 246 252 253
f 246 253 247
f 227 226 254
f 250 249 226
f 226 249 255
f 226 255 254
f 225 227 256
f 256 227 257
f 256 257 258
f 259 260 261
f 261 260 256
f 261 256 262
f 262 256 258
f 263 264 265
f 265 264 266
f 266 264 267
f 266 267 268
f 263 265 269
f 269 265 270
f 269 270 271
f 272 273 274
f 274 273 275
f 274 275 270
f 270 275 276
f 270 276 271
f 272 274 277
f 277 274 278
f 277 278 279
f 280 281 282
f 282 281 283
f 282 283 278
f 278 283 284
f 278 284 279
f 285 286 280
f 280 286 287
f 280 287 281
f 288 289 290
f 290 289 291
f 290 291 292
f 292 291 293
f 292 293 285
f 285 293 294
f 285 294 286
f 288 290 295
f 295 290 296
f 295 296 297
f 298 299 300
f 298 300 296
f 296 300 301
f 296 301 297
f 302 303 304
f 305 306 303
f 307 308 309
f 309 308 310
f 309 310 306
f 311 312 313
f 313 312 314
f 313 314 309
f 309 314 315
f 309 315 307
f 316 317 318
f 318 317 319
f 318 319 311
f 311 319 320
f 311 320 312
f 321 322 316
f 316 322 323
f 316 323 317
f 316 324 321
f 321 324 325
f 321 325 326
f 326 325 327
f 327 325 328
f 328 325 329
f 328 329 330
f 330 329 331
f 330 331 332
f 332 331 333
f 332 333 334
f 334 333 335
f 334 335 336
f 336 335 337
f 337 335 338
f 337 338 339
f 339 338 340
f 339 340 341
f 341 340 342
f 341 342 343
f 344 345 346
f 347 345 348
f 348 345 344
f 348 344 349
f 349 344 266
f 349 266 350
f 350 266 268
f 306 305 309
f 309 305 351
f 309 351 313
f 313 351 352
f 313 352 311
f 311 352 353
f 311 353 318
f 318 353 354
f 318 354 316
f 316 354 355
f 316 355 324
f 324 355 356
f 324 356 325
f 325 356 357
f 325 357 329
f 329 357 358
f 329 358 331
f 331 358 359
f 331 359 333
f 333 359 360
f 333 360 335
f 335 360 361
f 335 361 338
f 338 361 362
f 338 362 340
f 340 362 363
f 340 363 342
f 303 302 305
f 305 302 364
f 305 364 351
f 351 364 365
f 351 365 352
f 352 365 366
f 352 366 353
f 353 366 367
f 353 367 354
f 354 367 368
f 354 368 355
f 355 368 369
f 355 369 356
f 356 369 370
f 356 370 357
f 357 370 371
f 357 371 358
f 358 371 372
f 358 372 359
f 359 372 373
f 359 373 360
f 360 373 374
f 360 374 361
f 361 374 375
f 361 375 362
f 362 375 376
f 362 376 363
f 377 299 304
f 304 299 298
f 304 298 302
f 302 298 296
f 302 296 364
f 364 296 290
f 364 290 365
f 365 290 292
f 365 292 366
f 366 292 285
f 366 285 367
f 367 285 280
f 367 280 368
f 368 280 282
f 368 282 369
f 369 282 278
f 369 278 370
f 370 278 274
f 370 274 371
f 371 274 270
f 371 270 372
f 372 270 265
f 372 265 373
f 373 265 266
f 373 266 374
f 374 266 344
f 374 344 375
f 375 344 346
f 375 346 376
f 378 379 380
f 380 379 132
f 380 132 381
f 337 103 336
f 336 103 382
f 336 382 334
f 382 383 334
f 334 383 384
f 334 384 332
f 332 384 385
f 332 385 330
f 330 385 386
f 330 386 328
f 386 387 328
f 328 387 388
f 328 388 327
f 327 388 389
f 327 389 326
f 326 389 390
f 391 317 392
f 392 317 323
f 392 323 393
f 393 323 322
f 393 322 390
f 390 322 321
f 390 321 326
f 312 391 314
f 314 391 394
f 312 320 391
f 391 320 319
f 391 319 317
f 394 395 314
f 314 395 396
f 314 396 315
f 315 396 397
f 315 397 307
f 307 397 398
f 307 398 378
f 378 398 399
f 378 399 379
f 400 401 402
f 403 404 405
f 406 407 408
f 409 410 411
f 412 413 414
f 415 416 417
f 412 414 418
f 419 420 421
f 407 409 408
f 408 409 411
f 408 411 422
f 422 411 423
f 422 423 424
f 424 423 402
f 425 426 427
f 427 426 428
f 427 428 429
f 429 428 430
f 429 430 431
f 431 430 432
f 431 432 433
f 413 434 414
f 414 434 435
f 414 435 436
f 436 435 437
f 436 437 438
f 438 437 439
f 434 415 435
f 435 415 417
f 435 417 437
f 437 417 440
f 437 440 439
f 439 440 441
f 421 442 419
f 419 442 443
f 419 443 444
f 444 443 405
f 444 405 445
f 445 405 404
f 445 404 446
f 447 403 448
f 448 403 405
f 448 405 449
f 449 405 443
f 449 443 450
f 450 443 442
f 450 442 451
f 451 442 421
f 451 406 450
f 450 406 408
f 450 408 449
f 449 408 422
f 449 422 448
f 448 422 424
f 448 424 447
f 447 424 452
f 402 401 424
f 424 401 453
f 424 453 452
f 433 400 431
f 431 400 402
f 431 402 429
f 429 402 423
f 429 423 427
f 427 423 411
f 427 411 425
f 425 411 410
f 454 455 432
f 432 455 456
f 432 456 433
f 426 418 428
f 428 418 414
f 428 414 430
f 430 414 436
f 430 436 432
f 432 436 438
f 432 438 454
f 454 438 439
f 454 439 457
f 457 439 441
f 457 441 458
f 459 460 461
f 462 463 464
f 465 466 467
f 468 469 470
f 470 469 471
f 470 471 472
f 472 471 473
f 472 473 474
f 474 473 475
f 474 475 467
f 467 475 476
f 467 476 465
f 477 478 479
f 479 478 480
f 479 480 481
f 481 480 482
f 481 482 483
f 483 482 484
f 483 484 485
f 485 484 464
f 486 487 488
f 488 487 489
f 488 489 490
f 490 489 491
f 490 491 492
f 492 491 493
f 492 493 494
f 494 493 461
f 495 496 497
f 497 496 498
f 497 498 499
f 499 498 500
f 499 500 501
f 501 500 502
f 501 502 503
f 503 502 504
f 503 504 505
f 505 504 506
f 496 477 498
f 498 477 479
f 498 479 500
f 500 479 481
f 500 481 502
f 502 481 483
f 502 483 504
f 504 483 485
f 504 485 506
f 506 485 507
f 464 463 485
f 485 463 508
f 485 508 507
f 509 462 510
f 510 462 464
f 510 464 511
f 511 464 484
f 511 484 512
f 512 484 482
f 512 482 513
f 513 482 480
f 513 480 514
f 514 480 478
f 514 486 513
f 513 486 488
f 513 488 512
f 512 488 490
f 512 490 511
f 511 490 492
f 511 492 510
f 510 492 494
f 510 494 509
f 509 494 515
f 461 460 494
f 494 460 516
f 494 516 515
f 517 459 518
f 518 459 461
f 518 461 519
f 519 461 493
f 519 493 520
f 520 493 491
f 520 491 521
f 521 491 489
f 521 489 522
f 522 489 487
f 522 468 521
f 521 468 470
f 521 470 520
f 520 470 472
f 520 472 519
f 519 472 474
f 519 474 518
f 518 474 467
f 518 467 517
f 517 467 466
f 466 465 416
f 420 505 421
f 421 505 506
f 421 506 451
f 451 506 507
f 451 507 406
f 406 507 508
f 406 508 407
f 407 508 463
f 407 463 409
f 409 463 462
f 409 462 410
f 410 462 509
f 410 509 425
f 425 509 515
f 425 515 426
f 426 515 516
f 426 516 418
f 418 516 460
f 418 460 412
f 412 460 459
f 412 459 413
f 413 459 517
f 413 517 434
f 434 517 466
f 434 466 415
f 415 466 416
f 523 524 525
f 526 527 528
f 529 530 531
f 259 532 533
f 533 532 534
f 533 534 535
f 535 534 536
f 535 536 537
f 537 536 538
f 539 540 541
f 541 540 542
f 541 542 543
f 544 545 546
f 546 545 547
f 546 547 536
f 536 547 548
f 536 548 538
f 549 550 551
f 551 550 552
f 552 550 553
f 552 553 554
f 554 555 552
f 552 555 556
f 552 556 557
f 541 558 539
f 539 558 559
f 539 559 560
f 560 559 552
f 560 552 561
f 561 552 557
f 549 551 562
f 562 551 446
f 562 446 229
f 563 564 524
f 564 565 524
f 524 565 566
f 524 566 525
f 525 566 567
f 567 568 525
f 525 568 569
f 525 569 570
f 531 530 570
f 570 530 571
f 570 571 525
f 563 524 572
f 572 524 573
f 572 573 574
f 574 573 575
f 574 575 576
f 576 575 577
f 577 575 578
f 577 578 579
f 579 578 580
f 579 580 581
f 581 580 582
f 581 582 583
f 583 582 584
f 583 584 585
f 585 584 586
f 586 584 587
f 586 587 588
f 587 589 588
f 588 589 590
f 588 590 591
f 591 590 592
f 592 590 593
f 592 593 594
f 595 596 597
f 594 593 597
f 597 593 598
f 597 598 595
f 599 600 601
f 527 526 602
f 602 526 603
f 602 603 601
f 601 603 604
f 601 604 599
f 605 606 607
f 606 608 607
f 607 608 609
f 607 609 610
f 596 595 610
f 610 595 611
f 610 611 607
f 200 612 201
f 201 612 203
f 200 197 612
f 612 197 195
f 612 195 613
f 188 614 190
f 190 614 615
f 190 615 192
f 192 615 613
f 192 613 194
f 194 613 195
f 208 206 616
f 206 212 616
f 616 212 211
f 616 211 210
f 203 612 210
f 210 612 617
f 210 617 616
f 223 224 350
f 350 224 349
f 349 224 219
f 349 219 217
f 214 348 215
f 215 348 349
f 215 349 216
f 216 349 217
f 350 268 223
f 223 268 267
f 223 267 221
f 214 208 348
f 348 208 616
f 348 616 347
f 347 616 618
f 347 618 619
f 619 618 620
f 619 620 621
f 621 620 622
f 621 622 623
f 623 622 624
f 623 624 607
f 607 624 601
f 607 601 605
f 605 601 600
f 525 625 523
f 523 625 626
f 523 626 627
f 627 626 628
f 627 628 629
f 629 628 630
f 629 630 544
f 544 630 541
f 544 541 545
f 545 541 543
f 631 632 256
f 91 173 222
f 631 256 633
f 222 173 220
f 220 173 174
f 220 174 175
f 634 184 185
f 181 182 634
f 634 182 183
f 634 183 184
f 635 636 637
f 637 636 638
f 633 256 186
f 186 256 260
f 186 260 185
f 185 260 639
f 185 639 634
f 640 3 641
f 177 642 176
f 176 642 643
f 91 222 638
f 638 222 644
f 638 644 637
f 640 641 645
f 478 646 514
f 514 646 647
f 514 647 486
f 486 647 648
f 648 469 468
f 649 48 650
f 651 652 641
f 641 652 653
f 641 653 645
f 654 655 651
f 651 655 656
f 651 656 652
f 657 658 654
f 654 658 659
f 654 659 655
f 660 661 662
f 662 661 663
f 649 650 664
f 665 666 667
f 668 669 666
f 666 669 670
f 666 670 667
f 671 189 672
f 672 189 191
f 672 191 673
f 673 191 193
f 673 193 196
f 674 675 676
f 676 675 677
f 678 679 658
f 658 679 680
f 658 680 671
f 671 680 187
f 671 187 189
f 468 522 648
f 648 522 487
f 648 487 486
f 667 681 665
f 665 681 682
f 665 682 650
f 650 682 683
f 650 683 664
f 196 198 673
f 673 198 199
f 673 199 202
f 684 685 686
f 686 685 687
f 686 687 688
f 688 687 676
f 688 676 689
f 689 676 677
f 660 690 661
f 661 690 691
f 661 691 692
f 692 691 693
f 694 695 637
f 637 695 693
f 246 248 696
f 696 248 250
f 696 250 697
f 250 226 697
f 697 226 225
f 697 225 698
f 698 225 256
f 698 256 663
f 663 256 632
f 663 632 662
f 495 230 496
f 496 230 232
f 496 232 477
f 477 232 234
f 477 234 237
f 699 700 669
f 669 700 701
f 669 701 495
f 495 701 228
f 495 228 230
f 177 178 642
f 642 178 179
f 642 179 702
f 205 207 703
f 703 207 209
f 703 209 704
f 209 213 704
f 704 213 218
f 704 218 705
f 705 218 220
f 705 220 643
f 643 220 175
f 643 175 176
f 684 673 685
f 685 673 202
f 685 202 703
f 703 202 204
f 703 204 205
f 706 707 657
f 657 707 708
f 708 709 657
f 657 709 710
f 657 710 658
f 658 710 711
f 658 711 678
f 691 712 693
f 693 712 713
f 693 713 637
f 637 713 714
f 637 714 635
f 237 239 477
f 477 239 240
f 477 240 243
f 715 716 634
f 634 716 717
f 634 717 181
f 181 717 702
f 181 702 180
f 180 702 179
f 478 477 646
f 646 477 243
f 646 243 696
f 696 243 245
f 696 245 246
f 718 719 668
f 668 719 720
f 720 721 668
f 668 721 722
f 668 722 669
f 669 722 723
f 669 723 699
f 637 724 694
f 694 724 725
f 694 725 657
f 657 725 726
f 657 726 706
f 634 727 715
f 715 727 728
f 715 728 668
f 668 728 729
f 668 729 718
f 730 457 458
f 731 732 733
f 734 735 263
f 735 736 263
f 263 736 737
f 263 737 264
f 264 737 221
f 264 221 267
f 738 739 740
f 271 741 269
f 269 741 742
f 269 742 263
f 263 742 743
f 263 743 734
f 744 745 746
f 746 745 747
f 746 747 748
f 748 747 749
f 748 749 750
f 744 751 745
f 745 751 752
f 745 752 753
f 753 754 745
f 745 754 755
f 745 755 756
f 756 755 757
f 756 757 738
f 738 757 758
f 738 758 739
f 750 749 759
f 759 749 614
f 759 614 188
f 760 761 272
f 272 761 762
f 763 764 765
f 765 764 766
f 766 767 765
f 765 767 768
f 765 768 769
f 733 732 769
f 769 732 770
f 769 770 765
f 760 272 771
f 771 272 277
f 771 277 772
f 772 277 279
f 772 279 773
f 773 279 774
f 774 279 284
f 774 284 775
f 775 284 283
f 775 283 776
f 776 283 281
f 776 281 777
f 777 281 287
f 777 287 778
f 778 287 779
f 779 287 286
f 779 286 780
f 286 294 780
f 780 294 293
f 780 293 781
f 781 293 291
f 781 291 782
f 288 783 784
f 782 291 784
f 784 291 289
f 784 289 288
f 785 786 455
f 457 730 454
f 454 730 787
f 454 787 455
f 455 787 788
f 455 788 785
f 789 790 297
f 790 791 297
f 297 791 792
f 297 792 793
f 783 288 793
f 793 288 295
f 793 295 297
f 404 231 446
f 446 231 229
f 241 238 403
f 241 403 242
f 238 236 403
f 403 236 235
f 403 235 404
f 404 235 233
f 404 233 231
f 794 249 453
f 453 249 247
f 453 247 253
f 447 251 403
f 403 251 244
f 403 244 242
f 253 252 453
f 453 252 251
f 453 251 452
f 452 251 447
f 261 262 795
f 795 262 796
f 796 262 258
f 796 258 257
f 257 227 796
f 796 227 254
f 796 254 794
f 794 254 255
f 794 255 249
f 795 797 261
f 261 797 532
f 261 532 259
f 300 299 401
f 401 299 453
f 453 299 377
f 453 377 794
f 786 789 455
f 455 789 297
f 455 297 456
f 456 297 301
f 456 301 433
f 433 301 300
f 433 300 400
f 400 300 401
f 740 741 738
f 738 741 271
f 738 271 798
f 798 271 276
f 762 763 272
f 272 763 765
f 272 765 273
f 273 765 799
f 273 799 275
f 275 799 800
f 275 800 276
f 276 800 801
f 276 801 798
f 802 803 804
f 804 803 805
f 804 805 806
f 806 805 807
f 806 807 808
f 807 809 808
f 808 809 810
f 808 810 811
f 811 810 812
f 811 812 813
f 813 812 814
f 813 814 815
f 815 814 816
f 815 816 817
f 816 818 817
f 817 818 819
f 817 819 820
f 820 819 821
f 820 821 822
f 822 821 823
f 822 823 824
f 824 823 825
f 824 825 826
f 826 825 827
f 827 825 828
f 827 828 829
f 829 828 830
f 829 830 831
f 830 832 831
f 831 832 833
f 831 833 834
f 834 833 835
f 834 835 836
f 836 835 837
f 836 837 838
f 838 837 839
f 838 839 840
f 840 839 841
f 840 841 842
f 842 841 843
f 842 843 844
f 844 843 845
f 844 845 846
f 846 845 847
f 846 847 848
f 849 850 851
f 851 850 852
f 851 852 853
f 853 852 854
f 853 854 855
f 855 854 856
f 855 856 857
f 857 856 848
f 857 848 858
f 858 848 847
f 859 860 861
f 861 860 862
f 505 420 863
f 863 420 864
f 863 864 865
f 865 864 866
f 865 866 867
f 867 866 868
f 867 868 869
f 869 868 870
f 869 870 871
f 871 870 872
f 871 872 873
f 873 872 874
f 873 874 875
f 875 874 876
f 875 876 877
f 877 876 878
f 877 878 879
f 879 878 880
f 879 880 881
f 881 880 882
f 881 882 883
f 883 882 884
f 883 884 859
f 859 884 885
f 859 885 860
f 853 855 886
f 858 847 887
f 839 837 888
f 830 828 889
f 825 823 890
f 821 819 891
f 816 814 892
f 807 805 893
f 849 851 894
f 675 674 895
f 895 674 896
f 895 896 897
f 897 896 898
f 897 898 899
f 899 898 900
f 899 900 894
f 894 900 901
f 894 901 849
f 653 652 902
f 902 652 903
f 902 903 904
f 904 903 905
f 904 905 906
f 906 905 907
f 906 907 908
f 908 907 892
f 672 673 909
f 909 673 910
f 909 910 911
f 911 910 912
f 911 912 913
f 913 912 914
f 913 914 915
f 915 914 888
f 686 688 916
f 916 688 917
f 916 917 918
f 918 917 919
f 918 919 920
f 920 919 921
f 920 921 922
f 922 921 887
f 3 640 44
f 44 640 923
f 44 923 35
f 35 923 924
f 35 924 27
f 27 924 925
f 27 925 28
f 28 925 893
f 28 893 29
f 29 893 805
f 29 805 803
f 809 807 926
f 926 807 893
f 926 893 927
f 927 893 925
f 927 925 928
f 928 925 924
f 928 924 929
f 929 924 923
f 929 923 645
f 645 923 640
f 645 653 929
f 929 653 902
f 929 902 928
f 928 902 904
f 928 904 927
f 927 904 906
f 927 906 926
f 926 906 908
f 926 908 809
f 809 908 810
f 892 814 908
f 908 814 812
f 908 812 810
f 818 816 930
f 930 816 892
f 930 892 931
f 931 892 907
f 931 907 932
f 932 907 905
f 932 905 933
f 933 905 903
f 933 903 656
f 656 903 652
f 656 655 933
f 933 655 934
f 933 934 932
f 932 934 935
f 932 935 931
f 931 935 936
f 931 936 930
f 930 936 891
f 930 891 818
f 818 891 819
f 823 821 890
f 890 821 891
f 890 891 937
f 937 891 936
f 937 936 938
f 938 936 935
f 938 935 939
f 939 935 934
f 939 934 659
f 659 934 655
f 828 825 889
f 889 825 890
f 889 890 940
f 940 890 937
f 940 937 941
f 941 937 938
f 941 938 942
f 942 938 939
f 942 939 658
f 658 939 659
f 832 830 943
f 943 830 889
f 943 889 944
f 944 889 940
f 944 940 945
f 945 940 941
f 945 941 946
f 946 941 942
f 946 942 671
f 671 942 658
f 671 672 946
f 946 672 909
f 946 909 945
f 945 909 911
f 945 911 944
f 944 911 913
f 944 913 943
f 943 913 915
f 943 915 832
f 832 915 833
f 888 837 915
f 915 837 835
f 915 835 833
f 841 839 947
f 947 839 888
f 947 888 948
f 948 888 914
f 948 914 949
f 949 914 912
f 949 912 950
f 950 912 910
f 950 910 684
f 684 910 673
f 684 686 950
f 950 686 916
f 950 916 949
f 949 916 918
f 949 918 948
f 948 918 920
f 948 920 947
f 947 920 922
f 947 922 841
f 841 922 843
f 887 847 922
f 922 847 845
f 922 845 843
f 857 858 951
f 951 858 887
f 951 887 952
f 952 887 921
f 952 921 953
f 953 921 919
f 953 919 954
f 954 919 917
f 954 917 689
f 689 917 688
f 689 677 954
f 954 677 955
f 954 955 953
f 953 955 956
f 953 956 952
f 952 956 957
f 952 957 951
f 951 957 886
f 951 886 857
f 857 886 855
f 851 853 894
f 894 853 886
f 894 886 899
f 899 886 957
f 899 957 897
f 897 957 956
f 897 956 895
f 895 956 955
f 895 955 675
f 675 955 677
f 867 869 958
f 871 873 959
f 877 879 960
f 664 683 961
f 961 683 962
f 961 962 963
f 963 962 964
f 963 964 965
f 965 964 966
f 965 966 967
f 967 966 960
f 48 649 89
f 89 649 968
f 89 968 80
f 80 968 969
f 80 969 72
f 72 969 970
f 72 970 73
f 73 970 971
f 73 971 74
f 74 971 859
f 74 859 861
f 649 664 968
f 968 664 961
f 968 961 969
f 969 961 963
f 969 963 970
f 970 963 965
f 970 965 971
f 971 965 967
f 971 967 859
f 859 967 883
f 960 879 967
f 967 879 881
f 967 881 883
f 875 877 972
f 972 877 960
f 972 960 973
f 973 960 966
f 973 966 974
f 974 966 964
f 974 964 975
f 975 964 962
f 975 962 682
f 682 962 683
f 682 681 975
f 975 681 976
f 975 976 974
f 974 976 977
f 974 977 973
f 973 977 978
f 973 978 972
f 972 978 959
f 972 959 875
f 875 959 873
f 869 871 958
f 958 871 959
f 958 959 979
f 979 959 978
f 979 978 980
f 980 978 977
f 980 977 981
f 981 977 976
f 981 976 667
f 667 976 681
f 865 867 982
f 982 867 958
f 982 958 983
f 983 958 979
f 983 979 984
f 984 979 980
f 984 980 985
f 985 980 981
f 985 981 670
f 670 981 667
f 670 669 985
f 985 669 986
f 985 986 984
f 984 986 987
f 984 987 983
f 983 987 988
f 983 988 982
f 982 988 989
f 982 989 865
f 865 989 863
f 669 495 986
f 986 495 497
f 986 497 987
f 987 497 499
f 987 499 988
f 988 499 501
f 988 501 989
f 989 501 503
f 989 503 863
f 863 503 505
f 800 799 990
f 991 992 993
f 992 994 995
f 806 808 996
f 820 822 997
f 829 831 998
f 999 1000 850
f 850 1000 852
f 852 1000 854
f 854 1000 1001
f 854 1001 856
f 856 1001 1002
f 856 1002 848
f 848 1002 1003
f 848 1003 846
f 834 836 994
f 994 836 838
f 994 838 995
f 995 838 840
f 995 840 1004
f 1004 840 842
f 1004 842 1003
f 1003 842 844
f 1003 844 846
f 829 998 827
f 820 997 817
f 806 996 804
f 992 995 993
f 993 995 1004
f 993 1004 1005
f 1005 1004 1003
f 1005 1003 1006
f 1006 1003 1002
f 1006 1002 1007
f 1007 1002 1001
f 1007 1001 1008
f 1008 1001 1000
f 1008 1000 1009
f 1009 1000 999
f 1009 999 1010
f 808 811 996
f 996 811 1011
f 996 1011 1012
f 1012 1011 1013
f 1012 1013 1014
f 1014 1013 990
f 815 817 1015
f 1015 817 997
f 1015 997 1016
f 1016 997 1017
f 1016 1017 1018
f 1018 1017 1019
f 822 824 997
f 997 824 1020
f 997 1020 1017
f 1017 1020 1021
f 1017 1021 1019
f 1019 1021 1022
f 824 826 1020
f 1020 826 1023
f 1020 1023 1021
f 1021 1023 1024
f 1021 1024 1022
f 1022 1024 1025
f 991 993 1026
f 1026 993 1005
f 1026 1005 1027
f 1027 1005 1006
f 1027 1006 1028
f 1028 1006 1007
f 1028 1007 1029
f 1029 1007 1008
f 1029 1008 1030
f 1030 1008 1009
f 1030 1009 1031
f 1031 1009 1010
f 1031 1010 1032
f 1033 1034 1035
f 1035 1034 1036
f 1035 1036 1037
f 1037 1036 1038
f 1037 1038 731
f 731 1038 732
f 770 732 1014
f 1014 732 1038
f 1014 1038 1012
f 1012 1038 1036
f 1012 1036 996
f 996 1036 1034
f 996 1034 804
f 804 1034 1033
f 804 1033 802
f 990 799 1014
f 1014 799 765
f 1014 765 770
f 801 800 1039
f 1039 800 990
f 1039 990 1040
f 1040 990 1013
f 1040 1013 1041
f 1041 1013 1011
f 1041 1011 813
f 813 1011 811
f 813 815 1041
f 1041 815 1015
f 1041 1015 1040
f 1040 1015 1016
f 1040 1016 1039
f 1039 1016 1018
f 1039 1018 801
f 801 1018 798
f 614 749 1025
f 1025 749 747
f 1025 747 1022
f 1022 747 745
f 1022 745 1019
f 1019 745 756
f 1019 756 1018
f 1018 756 738
f 1018 738 798
f 615 614 1042
f 1042 614 1025
f 1042 1025 1043
f 1043 1025 1024
f 1043 1024 998
f 998 1024 1023
f 998 1023 827
f 827 1023 826
f 831 834 998
f 998 834 994
f 998 994 1043
f 1043 994 992
f 1043 992 1042
f 1042 992 991
f 1042 991 615
f 615 991 613
f 622 620 1028
f 1028 620 618
f 1028 618 1027
f 1027 618 616
f 1027 616 1026
f 1026 616 617
f 1026 617 991
f 991 617 612
f 991 612 613
f 622 1028 624
f 624 1028 1029
f 624 1029 601
f 601 1029 1030
f 601 1030 602
f 602 1030 1031
f 602 1031 527
f 527 1031 1032
f 527 1032 528
f 541 630 1044
f 525 571 1045
f 868 866 1046
f 878 876 1047
f 860 885 1048
f 862 860 1049
f 1049 860 1048
f 1049 1048 1050
f 1050 1048 1051
f 1050 1051 1052
f 1052 1051 1053
f 1052 1053 529
f 529 1053 530
f 878 1047 880
f 868 1046 870
f 876 874 1047
f 1047 874 1054
f 1047 1054 1055
f 1055 1054 1056
f 1055 1056 1057
f 1057 1056 1044
f 872 870 1058
f 1058 870 1046
f 1058 1046 1059
f 1059 1046 1060
f 1059 1060 1061
f 1061 1060 1062
f 1061 1062 558
f 864 420 1063
f 1063 420 419
f 1063 419 1064
f 1064 419 444
f 1064 444 1065
f 1065 444 445
f 885 884 1048
f 1048 884 1066
f 1048 1066 1051
f 1051 1066 1067
f 1051 1067 1053
f 1053 1067 1045
f 1053 1045 530
f 530 1045 571
f 625 525 1068
f 1068 525 1045
f 1068 1045 1069
f 1069 1045 1067
f 1069 1067 1070
f 1070 1067 1066
f 1070 1066 882
f 882 1066 884
f 882 880 1070
f 1070 880 1047
f 1070 1047 1069
f 1069 1047 1055
f 1069 1055 1068
f 1068 1055 1057
f 1068 1057 625
f 625 1057 626
f 1044 630 1057
f 1057 630 628
f 1057 628 626
f 558 541 1061
f 1061 541 1044
f 1061 1044 1059
f 1059 1044 1056
f 1059 1056 1058
f 1058 1056 1054
f 1058 1054 872
f 872 1054 874
f 551 552 1062
f 1062 552 559
f 1062 559 558
f 866 864 1046
f 1046 864 1063
f 1046 1063 1060
f 1060 1063 1064
f 1060 1064 1062
f 1062 1064 1065
f 1062 1065 551
f 551 1065 445
f 551 445 446
f 381 132 1071
f 1071 132 131
f 1071 131 1072
f 341 104 339
f 339 104 103
f 339 103 337
f 121 1073 124
f 124 1073 1074
f 131 128 1072
f 1072 128 102
f 1072 102 1075
f 1075 102 101
f 1075 101 1076
f 1076 101 127
f 1076 127 1074
f 1074 127 125
f 1074 125 124
f 120 1077 119
f 119 1077 1078
f 119 1078 117
f 117 1078 1079
f 117 1079 121
f 121 1079 1080
f 121 1080 1073
f 1081 1082 113
f 113 1082 1083
f 113 1083 115
f 115 1083 1084
f 115 1084 120
f 120 1084 1085
f 120 1085 1077
f 113 112 1081
f 1081 112 110
f 1081 110 1086
f 1086 110 108
f 1086 108 343
f 343 108 107
f 343 107 341
f 341 107 105
f 341 105 104
f 536 534 1087
f 1088 1082 1089
f 1089 1082 1081
f 1089 1081 1090
f 1090 1081 1086
f 1090 1086 343
f 1091 1085 1092
f 1092 1085 1084
f 1092 1084 1088
f 1088 1084 1083
f 1088 1083 1082
f 1079 1078 1091
f 1091 1078 1077
f 1091 1077 1085
f 1091 1093 1079
f 1079 1093 1094
f 1079 1094 1080
f 1080 1094 1073
f 1073 1094 1074
f 1074 1094 1095
f 1074 1095 1076
f 1076 1095 1096
f 1076 1096 1075
f 1075 1096 1097
f 1075 1097 1072
f 1072 1097 1098
f 1072 1098 1071
f 1071 1098 381
f 381 1098 1099
f 381 1099 380
f 380 1099 1100
f 380 1100 378
f 378 1100 308
f 378 308 307
f 1101 304 303
f 377 304 794
f 794 304 1101
f 794 1101 796
f 796 1101 1102
f 796 1102 795
f 795 1102 797
f 1087 534 1102
f 1102 534 532
f 1102 532 797
f 536 1087 546
f 546 1087 1103
f 546 1103 544
f 524 523 1104
f 1104 523 627
f 1104 627 1103
f 1103 627 629
f 1103 629 544
f 524 1104 573
f 573 1104 1105
f 573 1105 575
f 1106 582 1107
f 1107 582 580
f 1107 580 1105
f 1105 580 578
f 1105 578 575
f 1108 587 1106
f 1106 587 584
f 1106 584 582
f 595 598 1109
f 1109 598 593
f 1109 593 1110
f 1110 593 590
f 1110 590 1108
f 1108 590 589
f 1108 589 587
f 595 1109 611
f 611 1109 1111
f 611 1111 607
f 1112 619 621
f 1112 621 1111
f 1111 621 623
f 1111 623 607
f 1113 346 345
f 1114 376 346
f 343 342 1090
f 1090 342 363
f 1090 363 376
f 376 1114 1090
f 1090 1114 1115
f 1090 1115 1089
f 1089 1115 1116
f 1089 1116 1088
f 1088 1116 1117
f 1088 1117 1092
f 1092 1117 1118
f 1092 1118 1091
f 1091 1118 1119
f 1091 1119 1093
f 1093 1119 1120
f 1093 1120 1094
f 1094 1120 1121
f 1094 1121 1095
f 1095 1121 1122
f 1095 1122 1096
f 1096 1122 1123
f 1096 1123 1097
f 1097 1123 1124
f 1097 1124 1098
f 1098 1124 1125
f 1098 1125 1099
f 1099 1125 1126
f 1099 1126 1100
f 1100 1126 310
f 1100 310 308
f 346 1113 1114
f 1114 1113 1127
f 1114 1127 1115
f 1115 1127 1128
f 1115 1128 1116
f 1116 1128 1129
f 1116 1129 1117
f 1117 1129 1130
f 1117 1130 1118
f 1118 1130 1131
f 1118 1131 1119
f 1119 1131 1132
f 1119 1132 1120
f 1120 1132 1133
f 1120 1133 1121
f 1121 1133 1134
f 1121 1134 1122
f 1122 1134 1135
f 1122 1135 1123
f 1123 1135 1136
f 1123 1136 1124
f 1124 1136 1137
f 1124 1137 1125
f 1125 1137 1138
f 1125 1138 1126
f 1126 1138 306
f 1126 306 310
f 347 619 345
f 345 619 1112
f 345 1112 1113
f 1113 1112 1111
f 1113 1111 1127
f 1127 1111 1109
f 1127 1109 1128
f 1128 1109 1110
f 1128 1110 1129
f 1129 1110 1108
f 1129 1108 1130
f 1130 1108 1106
f 1130 1106 1131
f 1131 1106 1107
f 1131 1107 1132
f 1132 1107 1105
f 1132 1105 1133
f 1133 1105 1104
f 1133 1104 1134
f 1134 1104 1103
f 1134 1103 1135
f 1135 1103 1087
f 1135 1087 1136
f 1136 1087 1102
f 1136 1102 1137
f 1137 1102 1101
f 1137 1101 1138
f 1138 1101 303
f 1138 303 306
f 260 259 639
f 639 259 533
f 639 533 634
f 533 535 634
f 634 535 537
f 634 537 727
f 547 545 718
f 718 729 547
f 547 729 728
f 547 728 548
f 548 728 727
f 548 727 538
f 538 727 537
f 545 543 718
f 718 543 542
f 718 542 719
f 719 542 540
f 719 540 720
f 720 540 539
f 539 560 720
f 720 560 561
f 720 561 721
f 721 561 557
f 721 557 722
f 557 556 722
f 722 556 555
f 722 555 723
f 723 555 554
f 723 554 699
f 229 228 562
f 562 228 701
f 562 701 549
f 549 701 700
f 549 700 550
f 550 700 699
f 550 699 553
f 553 699 554
f 222 221 644
f 644 221 737
f 644 737 637
f 737 736 637
f 637 736 735
f 637 735 724
f 742 741 706
f 706 726 742
f 742 726 725
f 742 725 743
f 743 725 724
f 743 724 734
f 734 724 735
f 741 740 706
f 706 740 739
f 706 739 707
f 707 739 758
f 707 758 708
f 708 758 757
f 757 755 708
f 708 755 754
f 708 754 709
f 709 754 753
f 709 753 710
f 753 752 710
f 710 752 751
f 710 751 711
f 711 751 744
f 711 744 678
f 188 187 759
f 759 187 680
f 759 680 750
f 750 680 679
f 750 679 748
f 748 679 678
f 748 678 746
f 746 678 744
f 186 172 1139
f 172 159 1140
f 159 146 1141
f 146 133 1142
f 1143 385 384
f 133 132 379
f 133 379 1142
f 1142 379 399
f 1142 399 1144
f 399 398 1144
f 1144 398 397
f 1144 397 1145
f 1145 397 396
f 1145 396 1146
f 396 395 1146
f 1146 395 394
f 1146 394 1147
f 1147 394 391
f 1147 391 1148
f 390 1149 393
f 393 1149 1148
f 393 1148 392
f 392 1148 391
f 389 1150 390
f 390 1150 1151
f 390 1151 1149
f 389 388 1150
f 1150 388 387
f 1150 387 1152
f 1152 387 1143
f 1143 387 386
f 1143 386 385
f 383 1153 384
f 384 1153 1154
f 384 1154 1143
f 383 382 1153
f 1153 382 103
f 1153 103 98
f 146 1142 1141
f 1141 1142 1144
f 1141 1144 1155
f 1155 1144 1145
f 1155 1145 1156
f 1156 1145 1146
f 1156 1146 1157
f 1157 1146 1147
f 1157 1147 1158
f 1158 1147 1148
f 1158 1148 1159
f 1159 1148 1149
f 1159 1149 1160
f 1160 1149 1151
f 1160 1151 1161
f 1161 1151 1150
f 1161 1150 1162
f 1162 1150 1152
f 1162 1152 1163
f 1163 1152 1143
f 1163 1143 1164
f 1164 1143 1154
f 1164 1154 1165
f 1165 1154 1153
f 1165 1153 1166
f 1166 1153 98
f 1166 98 96
f 159 1141 1140
f 1140 1141 1155
f 1140 1155 1167
f 1167 1155 1156
f 1167 1156 1168
f 1168 1156 1157
f 1168 1157 1169
f 1169 1157 1158
f 1169 1158 1170
f 1170 1158 1159
f 1170 1159 1171
f 1171 1159 1160
f 1171 1160 1172
f 1172 1160 1161
f 1172 1161 1173
f 1173 1161 1162
f 1173 1162 1174
f 1174 1162 1163
f 1174 1163 1175
f 1175 1163 1164
f 1175 1164 1176
f 1176 1164 1165
f 1176 1165 1177
f 1177 1165 1166
f 1177 1166 1178
f 1178 1166 96
f 1178 96 94
f 172 1140 1139
f 1139 1140 1167
f 1139 1167 1179
f 1179 1167 1168
f 1179 1168 1180
f 1180 1168 1169
f 1180 1169 1181
f 1181 1169 1170
f 1181 1170 1182
f 1182 1170 1171
f 1182 1171 1183
f 1183 1171 1172
f 1183 1172 1184
f 1184 1172 1173
f 1184 1173 1185
f 1185 1173 1174
f 1185 1174 1186
f 1186 1174 1175
f 1186 1175 1187
f 1187 1175 1176
f 1187 1176 1188
f 1188 1176 1177
f 1188 1177 1189
f 1189 1177 1178
f 1189 1178 1190
f 1190 1178 94
f 1190 94 92
f 186 1139 633
f 633 1139 1179
f 633 1179 631
f 631 1179 1180
f 631 1180 632
f 632 1180 1181
f 632 1181 662
f 662 1181 1182
f 662 1182 660
f 660 1182 1183
f 660 1183 690
f 690 1183 1184
f 690 1184 691
f 691 1184 1185
f 691 1185 712
f 712 1185 1186
f 712 1186 713
f 713 1186 1187
f 713 1187 714
f 714 1187 1188
f 714 1188 635
f 635 1188 1189
f 635 1189 636
f 636 1189 1190
f 636 1190 638
f 638 1190 92
f 638 92 91
f 1191 54 1192
f 1192 1193 1191
f 1191 1193 1194
f 1191 1194 1195
f 1196 1197 1198
f 1199 1200 1201
f 1201 1200 1196
f 1198 1202 1196
f 1196 1202 1203
f 1196 1203 1201
f 1204 1205 1206
f 1207 1204 1208
f 1208 1204 1206
f 1208 1206 1209
f 1210 9 1211
f 1211 1212 1210
f 1210 1212 1213
f 1210 1213 1214
f 1215 1216 1217
f 1218 1219 1220
f 1220 1219 1215
f 1217 1221 1215
f 1215 1221 1222
f 1215 1222 1220
f 1223 1224 1225
f 1225 1224 1226
f 1225 1226 1227
f 1228 1229 674
f 1228 674 1230
f 1231 1230 674
f 674 1232 896
f 1233 1232 674
f 1229 1233 674
f 1234 1231 674
f 1235 1205 1236
f 1235 1236 1237
f 1238 1239 1240
f 1240 1239 1241
f 1242 898 896
f 1243 900 898
f 1244 901 900
f 849 901 1245
f 1245 901 1244
f 1245 1244 1246
f 1246 1244 1247
f 1246 1247 1248
f 1248 1247 1249
f 1249 1247 1250
f 1250 1247 1251
f 1250 1251 1252
f 1252 1251 1253
f 1253 1251 1254
f 1253 1254 1255
f 1256 1257 1254
f 1254 1257 1258
f 1254 1258 1255
f 1236 1259 1237
f 1237 1259 1260
f 1237 1260 1256
f 1256 1260 1261
f 1256 1261 1257
f 900 1243 1244
f 1244 1243 1262
f 1244 1262 1247
f 1247 1262 1263
f 1247 1263 1251
f 1251 1263 1264
f 1251 1264 1254
f 1254 1264 1265
f 1254 1265 1256
f 1256 1265 1240
f 1256 1240 1237
f 1237 1240 1241
f 1237 1241 1235
f 898 1242 1243
f 1243 1242 1266
f 1243 1266 1262
f 1262 1266 1267
f 1262 1267 1263
f 1263 1267 1268
f 1263 1268 1264
f 1264 1268 1269
f 1264 1269 1265
f 1265 1269 1270
f 1265 1270 1240
f 1240 1270 1271
f 1240 1271 1238
f 896 1232 1242
f 1242 1232 1233
f 1242 1233 1266
f 1266 1233 1229
f 1266 1229 1267
f 1267 1229 1228
f 1267 1228 1268
f 1268 1228 1230
f 1268 1230 1269
f 1269 1230 1231
f 1269 1231 1270
f 1270 1231 1234
f 1270 1234 1271
f 54 53 1272
f 1272 53 70
f 1272 70 1273
f 1273 70 68
f 1273 68 1274
f 1274 68 67
f 1274 67 1275
f 1275 67 65
f 1275 65 1276
f 1276 65 64
f 1276 64 1277
f 1277 64 62
f 1277 62 1278
f 1278 62 61
f 1278 61 1279
f 1279 61 59
f 1279 59 1280
f 1280 59 57
f 1280 57 1281
f 1281 57 56
f 1281 56 1282
f 1282 56 74
f 1282 74 861
f 1206 1205 1283
f 1283 1205 1235
f 1283 1235 1284
f 1284 1235 1241
f 1284 1241 1285
f 1285 1241 1239
f 1285 1239 1286
f 1286 1239 1238
f 1286 1238 1287
f 1287 1238 1271
f 1287 1271 1288
f 1288 1271 1234
f 1288 1234 1289
f 1289 1234 674
f 1289 674 676
f 850 849 1290
f 1290 849 1245
f 1290 1245 1291
f 1245 1246 1291
f 1291 1246 1248
f 1291 1248 1292
f 1292 1248 1249
f 1292 1249 1293
f 1293 1249 1250
f 1293 1250 1294
f 1294 1250 1252
f 1294 1252 1295
f 1295 1252 1253
f 1295 1253 1296
f 1296 1253 1255
f 1296 1255 1297
f 1297 1255 1258
f 1297 1258 1298
f 1260 1299 1261
f 1261 1299 1300
f 1298 1258 1300
f 1300 1258 1257
f 1300 1257 1261
f 1260 1259 1204
f 1204 1259 1236
f 1204 1236 1205
f 1207 1301 1204
f 1204 1301 1302
f 1204 1302 1260
f 1260 1302 1303
f 1260 1303 1299
f 1304 1193 1192
f 1305 1304 1273
f 1273 1304 1192
f 1273 1192 1272
f 1272 1192 54
f 1306 1307 1274
f 1274 1307 1273
f 1273 1307 1308
f 1273 1308 1305
f 1274 1275 1306
f 1306 1275 1276
f 1306 1276 1309
f 1309 1276 1277
f 1280 1310 1279
f 1279 1310 1311
f 1279 1311 1278
f 1278 1311 1312
f 1278 1312 1277
f 1277 1312 1313
f 1277 1313 1309
f 861 862 1282
f 1282 862 1314
f 1282 1314 1281
f 1281 1314 1315
f 1281 1315 1280
f 1280 1315 1316
f 1280 1316 1310
f 54 1191 55
f 55 1191 1317
f 55 1317 81
f 81 1317 1318
f 81 1318 82
f 82 1318 1319
f 82 1319 83
f 83 1319 1320
f 83 1320 88
f 88 1320 1321
f 88 1321 51
f 51 1321 1322
f 51 1322 52
f 52 1322 1323
f 52 1323 48
f 48 1323 650
f 1196 1200 1324
f 1324 1200 1325
f 1324 1325 1326
f 1326 1325 1327
f 1326 1327 1328
f 1328 1327 1329
f 1328 1329 1330
f 1330 1329 1331
f 1330 1331 1332
f 1332 1331 1333
f 1332 1333 1334
f 1334 1333 1335
f 1334 1335 1336
f 1336 1335 1337
f 1336 1337 702
f 702 1337 642
f 1288 1289 1338
f 1286 1287 1339
f 1331 1329 1340
f 1341 1342 1343
f 1344 1345 1341
f 1341 1345 1346
f 1341 1346 1342
f 1347 1348 1343
f 1343 1348 1349
f 1343 1349 1341
f 1347 1350 1348
f 1348 1350 1351
f 1348 1351 1352
f 1352 1351 1353
f 1352 1353 1354
f 1200 1345 1325
f 1325 1345 1344
f 1325 1344 1327
f 1327 1344 1329
f 1353 1206 1354
f 1354 1206 1283
f 1354 1283 1284
f 1329 1344 1340
f 1340 1344 1341
f 1340 1341 1355
f 1355 1341 1349
f 1355 1349 1356
f 1356 1349 1348
f 1356 1348 1357
f 1357 1348 1352
f 1357 1352 1358
f 1358 1352 1354
f 1358 1354 1359
f 1359 1354 1284
f 1359 1284 1285
f 1335 1333 1360
f 1360 1333 1331
f 1331 1340 1360
f 1360 1340 1355
f 1360 1355 1361
f 1361 1355 1356
f 1361 1356 1362
f 1362 1356 1357
f 1362 1357 1363
f 1363 1357 1358
f 1363 1358 1364
f 1364 1358 1359
f 1364 1359 1339
f 1339 1359 1285
f 1339 1285 1286
f 642 1337 1365
f 1365 1337 1335
f 1335 1360 1365
f 1365 1360 1361
f 1365 1361 1366
f 1366 1361 1362
f 1366 1362 1367
f 1367 1362 1363
f 1367 1363 1368
f 1368 1363 1364
f 1368 1364 1369
f 1369 1364 1339
f 1369 1339 1338
f 1338 1339 1287
f 1338 1287 1288
f 642 1365 643
f 643 1365 1366
f 643 1366 705
f 705 1366 1367
f 705 1367 704
f 704 1367 1368
f 704 1368 703
f 703 1368 1369
f 703 1369 685
f 685 1369 1338
f 685 1338 687
f 687 1338 1289
f 687 1289 676
f 1370 1371 1372
f 1373 1374 1375
f 1376 1377 1378
f 1378 1377 1379
f 1301 1207 1376
f 1301 1376 1302
f 1302 1376 1378
f 1302 1378 1303
f 1303 1378 1380
f 1303 1380 1299
f 1299 1380 1300
f 1300 1380 1381
f 1300 1381 1298
f 1294 1295 1382
f 1382 1295 1296
f 1382 1296 1381
f 1381 1296 1297
f 1381 1297 1298
f 1294 1382 1293
f 1293 1382 1383
f 1293 1383 1292
f 1292 1383 1291
f 1291 1383 1384
f 1291 1384 1290
f 1385 1010 999
f 1371 1370 1386
f 1386 1370 1387
f 1386 1387 1388
f 1388 1387 1389
f 1388 1389 1390
f 1390 1389 528
f 1390 528 1391
f 1391 528 1032
f 1391 1032 1010
f 1010 1385 1391
f 1391 1385 1392
f 1391 1392 1390
f 1390 1392 1393
f 1390 1393 1388
f 1388 1393 1394
f 1388 1394 1386
f 1386 1394 1373
f 1386 1373 1371
f 1371 1373 1375
f 1371 1375 1372
f 850 1290 999
f 999 1290 1384
f 999 1384 1385
f 1385 1384 1383
f 1385 1383 1392
f 1392 1383 1382
f 1392 1382 1393
f 1393 1382 1381
f 1393 1381 1394
f 1394 1381 1380
f 1394 1380 1373
f 1373 1380 1378
f 1373 1378 1374
f 1374 1378 1379
f 1374 1379 1375
f 1395 1396 1397
f 1398 1193 1304
f 1399 1400 1401
f 1401 1400 1402
f 1401 1403 1399
f 1399 1403 1404
f 1399 1404 1405
f 1404 1406 1405
f 1405 1406 1407
f 1405 1407 1408
f 1050 1409 1049
f 1049 1409 1314
f 1049 1314 862
f 1410 1316 1409
f 1409 1316 1315
f 1409 1315 1314
f 1313 1312 1411
f 1411 1312 1311
f 1411 1311 1410
f 1410 1311 1310
f 1410 1310 1316
f 1313 1411 1309
f 1309 1411 1412
f 1309 1412 1306
f 1306 1412 1307
f 1307 1412 1413
f 1307 1413 1308
f 1308 1413 1305
f 1305 1413 1397
f 1305 1397 1304
f 1304 1397 1396
f 1304 1396 1398
f 1395 1414 1402
f 1402 1414 1415
f 1402 1415 1401
f 1401 1415 1416
f 1401 1416 1403
f 1403 1416 1417
f 1403 1417 1404
f 1404 1417 1418
f 1404 1418 1406
f 1406 1418 1419
f 1406 1419 1407
f 1407 1419 1052
f 1407 1052 1408
f 1408 1052 529
f 1395 1397 1414
f 1414 1397 1413
f 1414 1413 1415
f 1415 1413 1412
f 1415 1412 1416
f 1416 1412 1411
f 1416 1411 1417
f 1417 1411 1410
f 1417 1410 1418
f 1418 1410 1409
f 1418 1409 1419
f 1419 1409 1050
f 1419 1050 1052
f 1334 1336 1420
f 1330 1332 1421
f 1320 1319 1422
f 1423 1424 1425
f 1423 1425 1426
f 1426 1425 1427
f 1426 1427 1428
f 1428 1427 1429
f 1428 1429 1430
f 1431 1432 1433
f 1433 1432 1434
f 1433 1434 1435
f 1435 1434 1430
f 1435 1430 1436
f 1436 1430 1429
f 1191 1424 1317
f 1317 1424 1423
f 1317 1423 1318
f 1318 1423 1319
f 1431 1196 1432
f 1432 1196 1324
f 1432 1324 1326
f 1319 1423 1422
f 1422 1423 1426
f 1422 1426 1437
f 1437 1426 1428
f 1437 1428 1438
f 1438 1428 1430
f 1438 1430 1439
f 1439 1430 1434
f 1439 1434 1440
f 1440 1434 1432
f 1440 1432 1441
f 1441 1432 1326
f 1441 1326 1328
f 1322 1321 1442
f 1442 1321 1320
f 1320 1422 1442
f 1442 1422 1437
f 1442 1437 1443
f 1443 1437 1438
f 1443 1438 1444
f 1444 1438 1439
f 1444 1439 1445
f 1445 1439 1440
f 1445 1440 1446
f 1446 1440 1441
f 1446 1441 1421
f 1421 1441 1328
f 1421 1328 1330
f 650 1323 1447
f 1447 1323 1322
f 1322 1442 1447
f 1447 1442 1443
f 1447 1443 1448
f 1448 1443 1444
f 1448 1444 1449
f 1449 1444 1445
f 1449 1445 1450
f 1450 1445 1446
f 1450 1446 1451
f 1451 1446 1421
f 1451 1421 1420
f 1420 1421 1332
f 1420 1332 1334
f 650 1447 665
f 665 1447 1448
f 665 1448 666
f 666 1448 1449
f 666 1449 668
f 668 1449 1450
f 668 1450 715
f 715 1450 1451
f 715 1451 716
f 716 1451 1420
f 716 1420 717
f 717 1420 1336
f 717 1336 702
f 1452 1453 1347
f 1347 1453 1454
f 1347 1454 1350
f 1350 1454 1455
f 1350 1455 1351
f 1351 1455 1456
f 1351 1456 1353
f 1353 1456 1209
f 1353 1209 1206
f 1200 1199 1345
f 1345 1199 1457
f 1345 1457 1346
f 1346 1457 1458
f 1346 1458 1342
f 1342 1458 1452
f 1342 1452 1343
f 1343 1452 1347
f 1208 1209 1459
f 1207 1208 1376
f 1376 1208 1459
f 1376 1459 1377
f 1377 1459 1460
f 1377 1460 1379
f 1379 1460 1461
f 1379 1461 1375
f 1375 1461 1462
f 1375 1462 1372
f 1372 1462 1463
f 1372 1463 1370
f 1370 1463 1464
f 1370 1464 1387
f 1387 1464 1465
f 1387 1465 1389
f 1389 1465 526
f 1389 526 528
f 1194 1193 1398
f 1195 1194 1466
f 1466 1194 1398
f 1466 1398 1467
f 1467 1398 1396
f 1467 1396 1468
f 1468 1396 1395
f 1468 1395 1469
f 1469 1395 1402
f 1469 1402 1470
f 1470 1402 1400
f 1470 1400 1471
f 1471 1400 1399
f 1471 1399 1472
f 529 531 1408
f 1408 531 1472
f 1408 1472 1405
f 1405 1472 1399
f 1197 1196 1473
f 1473 1196 1431
f 1473 1431 1474
f 1191 1195 1424
f 1424 1195 1475
f 1424 1475 1425
f 1425 1475 1476
f 1425 1476 1427
f 1427 1476 1477
f 1427 1477 1429
f 1429 1477 1478
f 1429 1478 1436
f 1436 1478 1479
f 1436 1479 1435
f 1435 1479 1474
f 1435 1474 1433
f 1433 1474 1431
f 1480 1481 1482
f 1482 1481 1483
f 599 604 1484
f 603 526 1485
f 1485 526 1465
f 1485 1465 1486
f 1486 1465 1464
f 1486 1464 1487
f 1487 1464 1463
f 1487 1463 1488
f 1488 1463 1462
f 600 599 1489
f 1489 599 1484
f 1489 1484 1490
f 1490 1484 1491
f 1490 1491 1492
f 1492 1491 1493
f 1492 1493 1494
f 1494 1493 1495
f 604 603 1484
f 1484 603 1485
f 1484 1485 1491
f 1491 1485 1486
f 1491 1486 1493
f 1493 1486 1487
f 1493 1487 1495
f 1495 1487 1488
f 1496 1497 1498
f 1498 1497 1499
f 1498 1499 1483
f 1483 1499 1500
f 1483 1500 1482
f 1501 609 608
f 1502 1503 1504
f 1504 1503 1505
f 1504 1505 1506
f 1506 1505 1507
f 1506 1507 1508
f 1508 1507 1509
f 1508 1509 1510
f 1510 1509 1511
f 1510 1511 1512
f 1512 1511 1501
f 1512 1501 1513
f 1513 1501 608
f 1513 608 606
f 1199 1502 1514
f 1514 1502 1504
f 1514 1504 1515
f 1515 1504 1506
f 1515 1506 1516
f 1516 1506 1508
f 1516 1508 1517
f 1517 1508 1510
f 1517 1510 1518
f 1518 1510 1512
f 1518 1512 1519
f 1519 1512 1513
f 1519 1513 1520
f 1520 1513 606
f 1520 606 605
f 1459 1209 1521
f 1521 1209 1456
f 1521 1456 1522
f 1522 1456 1455
f 1522 1455 1523
f 1523 1455 1454
f 1523 1454 1524
f 1524 1454 1453
f 1524 1453 1452
f 1461 1460 1525
f 1525 1460 1526
f 1525 1526 1527
f 1527 1526 1528
f 1527 1528 1529
f 1529 1528 1530
f 1529 1530 1531
f 1531 1530 1532
f 1531 1532 1533
f 1533 1532 1534
f 1533 1534 1535
f 1535 1534 1458
f 1535 1458 1457
f 1460 1459 1526
f 1526 1459 1521
f 1526 1521 1528
f 1528 1521 1522
f 1528 1522 1530
f 1530 1522 1523
f 1530 1523 1532
f 1532 1523 1524
f 1532 1524 1534
f 1534 1524 1452
f 1534 1452 1458
f 1496 597 1497
f 1497 597 596
f 1497 596 610
f 605 600 1520
f 1520 600 1489
f 1520 1489 1519
f 1519 1489 1490
f 1519 1490 1518
f 1518 1490 1492
f 1518 1492 1517
f 1517 1492 1494
f 1503 1480 1505
f 1505 1480 1482
f 1505 1482 1507
f 1507 1482 1500
f 1507 1500 1509
f 1509 1500 1499
f 1509 1499 1511
f 1511 1499 1497
f 1511 1497 1501
f 1501 1497 610
f 1501 610 609
f 1462 1461 1488
f 1488 1461 1525
f 1488 1525 1495
f 1495 1525 1527
f 1495 1527 1494
f 1494 1527 1529
f 1494 1529 1517
f 1517 1529 1531
f 1517 1531 1516
f 1516 1531 1533
f 1516 1533 1515
f 1515 1533 1535
f 1515 1535 1514
f 1514 1535 1457
f 1514 1457 1199
f 1536 1477 1476
f 1537 572 574
f 576 577 1538
f 1539 564 563
f 1540 1541 1542
f 1542 1541 1539
f 1542 1539 1537
f 1537 1539 563
f 1537 563 572
f 1543 1540 1544
f 1544 1540 1542
f 1544 1542 1545
f 1545 1542 1537
f 1545 1537 1546
f 1546 1537 574
f 1546 574 576
f 1547 570 569
f 1478 1477 1548
f 1548 1477 1536
f 1548 1536 1549
f 1550 1549 1551
f 1551 1549 1536
f 1551 1536 1552
f 1552 1536 1476
f 1552 1476 1475
f 1543 1550 1553
f 1553 1550 1551
f 1553 1551 1554
f 1554 1551 1552
f 1554 1552 1555
f 1555 1552 1475
f 1555 1475 1195
f 1466 1467 1556
f 1556 1467 1557
f 1556 1557 1558
f 1558 1557 1559
f 1558 1559 1560
f 1560 1559 1561
f 1560 1561 1562
f 1562 1561 1563
f 1562 1563 1564
f 1195 1466 1555
f 1555 1466 1556
f 1555 1556 1554
f 1554 1556 1558
f 1554 1558 1553
f 1553 1558 1560
f 1553 1560 1543
f 1543 1560 1562
f 1543 1562 1540
f 1540 1562 1564
f 1540 1564 1541
f 1565 1566 1567
f 1567 1566 1568
f 1567 1568 1569
f 1569 1568 1570
f 1569 1570 1571
f 1571 1570 1572
f 1571 1572 1573
f 1573 1572 1197
f 1573 1197 1473
f 1538 1574 1575
f 1575 1574 1576
f 1575 1576 1577
f 1577 1576 1578
f 1577 1578 1579
f 1579 1578 1580
f 1579 1580 1581
f 1581 1580 1582
f 1581 1582 1583
f 1583 1582 1584
f 1583 1584 1585
f 1585 1584 1474
f 1585 1474 1479
f 1574 1565 1576
f 1576 1565 1567
f 1576 1567 1578
f 1578 1567 1569
f 1578 1569 1580
f 1580 1569 1571
f 1580 1571 1582
f 1582 1571 1573
f 1582 1573 1584
f 1584 1573 1473
f 1584 1473 1474
f 1468 1469 1586
f 1586 1469 1470
f 1586 1470 1587
f 1587 1470 1471
f 1587 1471 1588
f 1588 1471 1472
f 1588 1472 1547
f 1547 1472 531
f 1547 531 570
f 1589 568 1590
f 1590 568 567
f 1590 567 1591
f 1591 567 566
f 1591 566 565
f 1563 1589 1564
f 1564 1589 1590
f 1564 1590 1541
f 1541 1590 1591
f 1541 1591 1539
f 1539 1591 565
f 1539 565 564
f 1467 1468 1557
f 1557 1468 1586
f 1557 1586 1559
f 1559 1586 1587
f 1559 1587 1561
f 1561 1587 1588
f 1561 1588 1563
f 1563 1588 1547
f 1563 1547 1589
f 1589 1547 569
f 1589 569 568
f 576 1538 1546
f 1546 1538 1575
f 1546 1575 1545
f 1545 1575 1577
f 1545 1577 1544
f 1544 1577 1579
f 1544 1579 1543
f 1543 1579 1581
f 1543 1581 1550
f 1550 1581 1583
f 1550 1583 1549
f 1549 1583 1585
f 1549 1585 1548
f 1548 1585 1479
f 1548 1479 1478
f 1203 1202 1592
f 1592 1202 1198
f 1496 1498 1593
f 1483 1481 1594
f 594 597 1496
f 594 1496 592
f 592 1496 1593
f 592 1593 591
f 1595 581 583
f 1595 583 1596
f 1597 1598 1599
f 1599 1598 1592
f 1599 1592 1600
f 1600 1592 1198
f 1594 1481 1601
f 1601 1481 1480
f 1601 1480 1602
f 1602 1480 1503
f 1602 1503 1201
f 1201 1503 1502
f 1201 1502 1199
f 1565 1574 1595
f 1595 1574 581
f 581 1574 1538
f 581 1538 579
f 579 1538 577
f 583 585 1596
f 1596 585 586
f 1596 586 588
f 1566 1565 1597
f 1597 1565 1595
f 1597 1595 1598
f 1598 1595 1596
f 1598 1596 1593
f 1593 1596 588
f 1593 588 591
f 1566 1597 1568
f 1568 1597 1599
f 1568 1599 1570
f 1570 1599 1600
f 1570 1600 1572
f 1572 1600 1198
f 1572 1198 1197
f 1201 1203 1602
f 1602 1203 1592
f 1602 1592 1601
f 1601 1592 1598
f 1601 1598 1594
f 1594 1598 1593
f 1594 1593 1483
f 1483 1593 1498
f 1603 1604 1605
f 1606 1607 1608
f 1608 1607 1212
f 1609 1610 1611
f 1611 1610 1612
f 1611 1613 1609
f 1609 1613 1614
f 1609 1614 1615
f 1614 1616 1615
f 1615 1616 1617
f 1615 1617 1618
f 1619 1033 1035
f 802 1033 1620
f 1620 1033 1619
f 1620 1619 1621
f 1621 1619 1622
f 1621 1622 1623
f 1623 1622 1624
f 1624 1622 1625
f 1624 1625 1626
f 1627 1628 1629
f 1629 1628 1630
f 1629 1630 1625
f 1625 1630 1631
f 1625 1631 1626
f 1627 1629 1632
f 1632 1629 1633
f 1632 1633 1634
f 1634 1633 1635
f 1635 1633 1605
f 1635 1605 1606
f 1606 1605 1604
f 1606 1604 1607
f 1603 1636 1612
f 1612 1636 1637
f 1612 1637 1611
f 1611 1637 1638
f 1611 1638 1613
f 1613 1638 1639
f 1613 1639 1614
f 1614 1639 1640
f 1614 1640 1616
f 1616 1640 1641
f 1616 1641 1617
f 1617 1641 1037
f 1617 1037 1618
f 1618 1037 731
f 1603 1605 1636
f 1636 1605 1633
f 1636 1633 1637
f 1637 1633 1629
f 1637 1629 1638
f 1638 1629 1625
f 1638 1625 1639
f 1639 1625 1622
f 1639 1622 1640
f 1640 1622 1619
f 1640 1619 1641
f 1641 1619 1035
f 1641 1035 1037
f 1642 1224 1643
f 1642 1644 1645
f 1645 1644 1646
f 1647 1648 1649
f 1649 1648 1650
f 1649 1650 1646
f 1646 1650 1651
f 1646 1651 1645
f 1647 1649 1652
f 1652 1649 1653
f 1652 1653 1654
f 1655 1656 1653
f 1653 1656 1657
f 1653 1657 1654
f 1658 1659 1660
f 1660 1659 1661
f 1660 1661 1655
f 1655 1661 1662
f 1655 1662 1656
f 1663 440 417
f 1664 441 440
f 1665 458 441
f 441 1664 1665
f 1665 1664 1666
f 1665 1666 1667
f 1666 1668 1667
f 1667 1668 1669
f 1667 1669 1670
f 1670 1669 1671
f 1670 1671 1672
f 1673 1674 1675
f 1642 1643 1644
f 1644 1643 1676
f 1644 1676 1677
f 440 1663 1664
f 1664 1663 1678
f 1664 1678 1666
f 1666 1678 1679
f 1666 1679 1668
f 1668 1679 1680
f 1668 1680 1669
f 1669 1680 1673
f 1669 1673 1671
f 1671 1673 1675
f 1671 1675 1672
f 416 1658 417
f 417 1658 1660
f 417 1660 1663
f 1663 1660 1655
f 1663 1655 1678
f 1678 1655 1653
f 1678 1653 1679
f 1679 1653 1649
f 1679 1649 1680
f 1680 1649 1646
f 1680 1646 1673
f 1673 1646 1644
f 1673 1644 1674
f 1674 1644 1677
f 1674 1677 1675
f 733 769 1681
f 1213 1212 1607
f 1214 1213 1682
f 1682 1213 1607
f 1682 1607 1683
f 1683 1607 1604
f 1683 1604 1684
f 1684 1604 1603
f 1684 1603 1685
f 1685 1603 1612
f 1685 1612 1686
f 1686 1612 1610
f 1686 1610 1687
f 1687 1610 1609
f 1687 1609 1681
f 1681 1609 1615
f 1681 1615 733
f 733 1615 1618
f 733 1618 731
f 803 802 1688
f 1688 802 1620
f 1688 1620 1689
f 1620 1621 1689
f 1689 1621 1623
f 1689 1623 1690
f 1690 1623 1624
f 1690 1624 1691
f 1691 1624 1626
f 1691 1626 1692
f 1692 1626 1631
f 1692 1631 1693
f 1631 1630 1693
f 1693 1630 1628
f 1693 1628 1694
f 1694 1628 1627
f 1694 1627 1695
f 1211 9 1696
f 1627 1632 1695
f 1695 1632 1634
f 1695 1634 1697
f 1697 1634 1635
f 1697 1635 1696
f 1696 1635 1606
f 1696 1606 1211
f 1211 1606 1608
f 1211 1608 1212
f 1226 1224 1642
f 1227 1226 1698
f 1698 1226 1642
f 1698 1642 1699
f 1699 1642 1645
f 1699 1645 1700
f 1700 1645 1651
f 1700 1651 1701
f 1701 1651 1650
f 1701 1650 1702
f 1650 1648 1702
f 1702 1648 1647
f 1702 1647 1703
f 1647 1652 1703
f 1703 1652 1654
f 1703 1654 1704
f 1704 1654 1657
f 1704 1657 1705
f 1705 1657 1656
f 1705 1656 1706
f 1706 1656 1662
f 1706 1662 1707
f 1707 1662 1661
f 1707 1661 1708
f 1708 1661 1659
f 1708 1659 465
f 465 1659 1658
f 465 1658 416
f 1224 1223 1643
f 1643 1223 1709
f 1643 1709 1676
f 1676 1709 1710
f 1676 1710 1677
f 1677 1710 1711
f 1677 1711 1675
f 1675 1711 1712
f 1675 1712 1672
f 1672 1712 1713
f 1672 1713 1670
f 1670 1713 1714
f 1670 1714 1667
f 1667 1714 1715
f 1667 1715 1665
f 1665 1715 730
f 1665 730 458
f 1222 1221 1716
f 1716 1221 1217
f 1717 1718 1719
f 784 1720 782
f 782 1720 781
f 1721 1719 1722
f 1717 1723 1724
f 1724 776 777
f 1717 1724 1718
f 1718 1724 777
f 1718 777 778
f 1216 1725 1726
f 1726 1725 1727
f 1723 1717 1728
f 1728 1717 1716
f 1728 1716 1726
f 1726 1716 1217
f 1726 1217 1216
f 1729 1730 1731
f 1731 1730 1732
f 1731 1732 1733
f 1733 1732 1734
f 1733 1734 1735
f 1735 1734 1736
f 1735 1736 1220
f 1220 1736 1737
f 1220 1737 1218
f 1723 1738 1724
f 1724 1738 1739
f 1739 774 1724
f 1724 774 775
f 1724 775 776
f 1720 1722 781
f 781 1722 1719
f 781 1719 780
f 780 1719 1718
f 780 1718 779
f 779 1718 778
f 1727 1740 1726
f 1726 1740 1741
f 1726 1741 1728
f 1728 1741 1742
f 1728 1742 1723
f 1723 1742 1743
f 1723 1743 1738
f 1220 1222 1735
f 1735 1222 1716
f 1735 1716 1733
f 1733 1716 1717
f 1733 1717 1731
f 1731 1717 1719
f 1731 1719 1729
f 1729 1719 1721
f 762 761 1744
f 1742 1741 1745
f 1725 1216 1746
f 760 771 1747
f 1748 1749 1738
f 772 773 1750
f 1750 773 774
f 1750 774 1751
f 1751 774 1739
f 1751 1739 1749
f 1749 1739 1738
f 761 760 1744
f 1744 760 1747
f 1744 1747 1752
f 1752 1747 1753
f 1752 1753 1754
f 1754 1753 1755
f 1754 1755 1756
f 1756 1755 1757
f 771 772 1747
f 1747 772 1750
f 1747 1750 1753
f 1753 1750 1751
f 1753 1751 1755
f 1755 1751 1749
f 1755 1749 1757
f 1757 1749 1748
f 1758 768 767
f 1682 1683 1759
f 1759 1683 1760
f 1759 1760 1761
f 1761 1760 1762
f 1761 1762 1763
f 1763 1762 1764
f 1763 1764 1765
f 1765 1764 1766
f 1765 1766 1767
f 1767 1766 1768
f 1767 1768 1769
f 1769 1768 766
f 1769 766 764
f 1214 1682 1770
f 1770 1682 1759
f 1770 1759 1771
f 1771 1759 1761
f 1771 1761 1772
f 1772 1761 1763
f 1772 1763 1773
f 1773 1763 1765
f 1773 1765 1774
f 1774 1765 1767
f 1774 1767 1775
f 1775 1767 1769
f 1775 1769 1776
f 1776 1769 764
f 1776 764 763
f 1727 1725 1777
f 1777 1725 1746
f 1777 1746 1778
f 1778 1746 1779
f 1778 1779 1780
f 1780 1779 1781
f 1780 1781 1782
f 1782 1781 1783
f 1782 1783 1784
f 1742 1745 1743
f 1741 1740 1745
f 1745 1740 1785
f 1745 1785 1786
f 1786 1785 1787
f 1786 1787 1788
f 1788 1787 1789
f 1788 1789 1790
f 1790 1789 1791
f 1790 1791 1792
f 1792 1791 1793
f 1792 1793 1794
f 1794 1793 1795
f 1794 1795 1796
f 1740 1727 1785
f 1785 1727 1777
f 1785 1777 1787
f 1787 1777 1778
f 1787 1778 1789
f 1789 1778 1780
f 1789 1780 1791
f 1791 1780 1782
f 1791 1782 1793
f 1793 1782 1784
f 1793 1784 1795
f 1684 1685 1797
f 1797 1685 1686
f 1797 1686 1798
f 1798 1686 1687
f 1798 1687 1799
f 1799 1687 1681
f 1799 1681 1758
f 1758 1681 769
f 1758 769 768
f 763 762 1776
f 1776 762 1744
f 1776 1744 1775
f 1775 1744 1752
f 1775 1752 1774
f 1774 1752 1754
f 1774 1754 1773
f 1773 1754 1756
f 1683 1684 1760
f 1760 1684 1797
f 1760 1797 1762
f 1762 1797 1798
f 1762 1798 1764
f 1764 1798 1799
f 1764 1799 1766
f 1766 1799 1758
f 1766 1758 1768
f 1768 1758 767
f 1768 767 766
f 1738 1743 1748
f 1748 1743 1745
f 1748 1745 1757
f 1757 1745 1786
f 1757 1786 1756
f 1756 1786 1788
f 1756 1788 1773
f 1773 1788 1790
f 1773 1790 1772
f 1772 1790 1792
f 1772 1792 1771
f 1771 1792 1794
f 1771 1794 1770
f 1770 1794 1796
f 1770 1796 1214
f 9 8 1696
f 1696 8 25
f 1696 25 1697
f 1697 25 23
f 1697 23 1695
f 1695 23 22
f 1695 22 1694
f 1694 22 20
f 1694 20 1693
f 1693 20 19
f 1693 19 1692
f 1692 19 17
f 1692 17 1691
f 1691 17 16
f 1691 16 1690
f 1690 16 14
f 1690 14 1689
f 1689 14 12
f 1689 12 1688
f 12 11 1688
f 1688 11 29
f 1688 29 803
f 1800 1801 469
f 1800 469 1802
f 1803 1802 469
f 1703 1804 1805
f 469 1806 471
f 1807 1806 469
f 1801 1807 469
f 1808 1803 469
f 1809 1810 1227
f 1811 1812 1813
f 1813 1812 1814
f 1815 473 471
f 1816 475 473
f 1817 476 475
f 465 476 1708
f 1708 476 1817
f 1708 1817 1707
f 1707 1817 1818
f 1703 1704 1804
f 1804 1704 1705
f 1804 1705 1818
f 1818 1705 1706
f 1818 1706 1707
f 1819 1701 1805
f 1805 1701 1702
f 1805 1702 1703
f 1227 1698 1809
f 1809 1698 1699
f 1809 1699 1819
f 1819 1699 1700
f 1819 1700 1701
f 475 1816 1817
f 1817 1816 1820
f 1817 1820 1818
f 1818 1820 1821
f 1818 1821 1804
f 1804 1821 1822
f 1804 1822 1805
f 1805 1822 1823
f 1805 1823 1819
f 1819 1823 1813
f 1819 1813 1809
f 1809 1813 1814
f 1809 1814 1810
f 473 1815 1816
f 1816 1815 1824
f 1816 1824 1820
f 1820 1824 1825
f 1820 1825 1821
f 1821 1825 1826
f 1821 1826 1822
f 1822 1826 1827
f 1822 1827 1823
f 1823 1827 1828
f 1823 1828 1813
f 1813 1828 1829
f 1813 1829 1811
f 471 1806 1815
f 1815 1806 1807
f 1815 1807 1824
f 1824 1807 1801
f 1824 1801 1825
f 1825 1801 1800
f 1825 1800 1826
f 1826 1800 1802
f 1826 1802 1827
f 1827 1802 1803
f 1827 1803 1828
f 1828 1803 1808
f 1828 1808 1829
f 1734 1732 1830
f 1831 1709 1223
f 785 788 1832
f 787 730 1833
f 1833 730 1715
f 1833 1715 1834
f 1834 1715 1714
f 1834 1714 1835
f 1835 1714 1713
f 1835 1713 1836
f 1836 1713 1712
f 786 785 1837
f 1837 785 1832
f 1837 1832 1838
f 1838 1832 1839
f 1838 1839 1840
f 1840 1839 1841
f 1840 1841 1842
f 1842 1841 1843
f 788 787 1832
f 1832 787 1833
f 1832 1833 1839
f 1839 1833 1834
f 1839 1834 1841
f 1841 1834 1835
f 1841 1835 1843
f 1843 1835 1836
f 1830 1732 1844
f 1845 783 793
f 1846 792 791
f 1732 1730 1844
f 1844 1730 1729
f 1844 1729 1847
f 1847 1729 1721
f 1848 1849 1736
f 1849 1848 1850
f 1850 1848 1851
f 1850 1851 1852
f 1852 1851 1853
f 1852 1853 1854
f 1854 1853 1855
f 1854 1855 1856
f 1856 1855 1846
f 1856 1846 1857
f 1857 1846 791
f 1857 791 790
f 1858 1218 1849
f 1849 1218 1737
f 1849 1737 1736
f 1858 1849 1859
f 1859 1849 1850
f 1859 1850 1860
f 1860 1850 1852
f 1860 1852 1861
f 1861 1852 1854
f 1861 1854 1862
f 1862 1854 1856
f 1862 1856 1863
f 1863 1856 1857
f 1863 1857 1864
f 1864 1857 790
f 1864 790 789
f 1223 1865 1831
f 1831 1865 1866
f 1831 1866 1867
f 1867 1866 1868
f 1867 1868 1869
f 1869 1868 1870
f 1869 1870 1871
f 1871 1870 1872
f 1871 1872 1873
f 1711 1710 1874
f 1874 1710 1875
f 1874 1875 1876
f 1876 1875 1877
f 1876 1877 1878
f 1878 1877 1879
f 1878 1879 1880
f 1880 1879 1881
f 1880 1881 1882
f 1882 1881 1883
f 1882 1883 1884
f 1884 1883 1885
f 1884 1885 1886
f 1710 1709 1875
f 1875 1709 1831
f 1875 1831 1877
f 1877 1831 1867
f 1877 1867 1879
f 1879 1867 1869
f 1879 1869 1881
f 1881 1869 1871
f 1881 1871 1883
f 1883 1871 1873
f 1883 1873 1885
f 784 783 1720
f 1720 783 1845
f 1720 1845 1722
f 1722 1845 1847
f 1722 1847 1721
f 789 786 1864
f 1864 786 1837
f 1864 1837 1863
f 1863 1837 1838
f 1863 1838 1862
f 1862 1838 1840
f 1862 1840 1861
f 1861 1840 1842
f 1736 1734 1848
f 1848 1734 1830
f 1848 1830 1851
f 1851 1830 1844
f 1851 1844 1853
f 1853 1844 1847
f 1853 1847 1855
f 1855 1847 1845
f 1855 1845 1846
f 1846 1845 793
f 1846 793 792
f 1712 1711 1836
f 1836 1711 1874
f 1836 1874 1843
f 1843 1874 1876
f 1843 1876 1842
f 1842 1876 1878
f 1842 1878 1861
f 1861 1878 1880
f 1861 1880 1860
f 1860 1880 1882
f 1860 1882 1859
f 1859 1882 1884
f 1859 1884 1858
f 1858 1884 1886
f 1858 1886 1218
f 1210 1214 1887
f 1887 1214 1796
f 1887 1796 1888
f 1888 1796 1795
f 1888 1795 1889
f 1889 1795 1784
f 1889 1784 1890
f 1890 1784 1783
f 1890 1783 1891
f 1891 1783 1781
f 1891 1781 1892
f 1892 1781 1779
f 1892 1779 1893
f 1893 1779 1746
f 1893 1746 1215
f 1215 1746 1216
f 641 3 1894
f 1894 3 7
f 1894 7 1895
f 1895 7 6
f 1895 6 1896
f 1896 6 43
f 1896 43 1897
f 1897 43 38
f 1897 38 1898
f 1898 38 37
f 1898 37 1899
f 1899 37 36
f 1899 36 1900
f 1900 36 10
f 1900 10 1210
f 1210 10 9
f 1225 1227 1901
f 1901 1227 1810
f 1901 1810 1902
f 1902 1810 1814
f 1902 1814 1903
f 1903 1814 1812
f 1903 1812 1904
f 1904 1812 1811
f 1904 1811 1905
f 1905 1811 1829
f 1905 1829 1906
f 1906 1829 1808
f 1906 1808 1907
f 1907 1808 469
f 1907 469 648
f 1219 1218 1908
f 1908 1218 1886
f 1908 1886 1909
f 1910 1868 1911
f 1911 1868 1866
f 1911 1866 1912
f 1912 1866 1865
f 1912 1865 1913
f 1913 1865 1223
f 1913 1223 1225
f 1886 1885 1909
f 1909 1885 1873
f 1909 1873 1914
f 1914 1873 1872
f 1914 1872 1910
f 1910 1872 1870
f 1910 1870 1868
f 1915 1916 1917
f 1918 1919 1920
f 1897 1898 1921
f 1922 1887 1888
f 1922 1888 1923
f 1923 1888 1889
f 1923 1889 1924
f 1924 1889 1890
f 1924 1890 1925
f 1890 1891 1925
f 1925 1891 1892
f 1925 1892 1926
f 1926 1892 1893
f 1926 1893 1927
f 1210 1887 1900
f 1900 1887 1922
f 1900 1922 1899
f 1899 1922 1898
f 1893 1215 1927
f 1927 1215 1928
f 1927 1928 1929
f 1898 1922 1921
f 1921 1922 1923
f 1921 1923 1930
f 1930 1923 1924
f 1930 1924 1931
f 1931 1924 1925
f 1931 1925 1932
f 1932 1925 1926
f 1932 1926 1933
f 1933 1926 1927
f 1933 1927 1934
f 1934 1927 1929
f 1934 1929 1935
f 1895 1896 1936
f 1936 1896 1897
f 1897 1921 1936
f 1936 1921 1930
f 1936 1930 1937
f 1937 1930 1931
f 1937 1931 1938
f 1938 1931 1932
f 1938 1932 1939
f 1939 1932 1933
f 1939 1933 1940
f 1940 1933 1934
f 1940 1934 1920
f 1920 1934 1935
f 1920 1935 1918
f 641 1894 1941
f 1941 1894 1895
f 1895 1936 1941
f 1941 1936 1937
f 1941 1937 1942
f 1942 1937 1938
f 1942 1938 1943
f 1943 1938 1939
f 1943 1939 1944
f 1944 1939 1940
f 1944 1940 1945
f 1945 1940 1920
f 1945 1920 1917
f 1917 1920 1919
f 1917 1919 1915
f 641 1941 651
f 651 1941 1942
f 651 1942 654
f 654 1942 1943
f 654 1943 657
f 657 1943 1944
f 657 1944 694
f 694 1944 1945
f 694 1945 695
f 695 1945 1917
f 695 1917 693
f 693 1917 1916
f 693 1916 692
f 1906 1907 1946
f 1904 1905 1947
f 1948 1949 1950
f 1951 1908 1909
f 1951 1909 1952
f 1952 1909 1914
f 1952 1914 1953
f 1953 1914 1910
f 1953 1910 1954
f 1910 1911 1954
f 1954 1911 1912
f 1954 1912 1955
f 1955 1912 1913
f 1955 1913 1956
f 1219 1908 1957
f 1957 1908 1951
f 1957 1951 1958
f 1958 1951 1949
f 1913 1225 1956
f 1956 1225 1901
f 1956 1901 1902
f 1949 1951 1950
f 1950 1951 1952
f 1950 1952 1959
f 1959 1952 1953
f 1959 1953 1960
f 1960 1953 1954
f 1960 1954 1961
f 1961 1954 1955
f 1961 1955 1962
f 1962 1955 1956
f 1962 1956 1963
f 1963 1956 1902
f 1963 1902 1903
f 1964 1965 1966
f 1966 1965 1948
f 1948 1950 1966
f 1966 1950 1959
f 1966 1959 1967
f 1967 1959 1960
f 1967 1960 1968
f 1968 1960 1961
f 1968 1961 1969
f 1969 1961 1962
f 1969 1962 1970
f 1970 1962 1963
f 1970 1963 1947
f 1947 1963 1903
f 1947 1903 1904
f 661 1971 1972
f 1972 1971 1964
f 1964 1966 1972
f 1972 1966 1967
f 1972 1967 1973
f 1973 1967 1968
f 1973 1968 1974
f 1974 1968 1969
f 1974 1969 1975
f 1975 1969 1970
f 1975 1970 1976
f 1976 1970 1947
f 1976 1947 1946
f 1946 1947 1905
f 1946 1905 1906
f 661 1972 663
f 663 1972 1973
f 663 1973 698
f 698 1973 1974
f 698 1974 697
f 697 1974 1975
f 697 1975 696
f 696 1975 1976
f 696 1976 646
f 646 1976 1946
f 646 1946 647
f 647 1946 1907
f 647 1907 648
f 1215 1219 1928
f 1928 1219 1957
f 1928 1957 1929
f 1929 1957 1958
f 1929 1958 1935
f 1935 1958 1949
f 1935 1949 1918
f 1918 1949 1948
f 1918 1948 1919
f 1919 1948 1965
f 1919 1965 1915
f 1915 1965 1964
f 1915 1964 1916
f 1916 1964 1971
f 1916 1971 692
f 692 1971 661

