# https://github.com/mikedh/trimesh
v -0.00154196 -0.00108675 -0.00061760
v -0.00116262 -0.00111831 -0.00063553
v -0.00116262 -0.00095612 -0.00086043
v -0.00066626 -0.00049395 -0.00136527
v -0.00116262 -0.00043761 -0.00120955
v -0.00116262 -0.00050806 -0.00118169
v -0.00022984 -0.00059216 -0.00163673
v -0.00066626 -0.00057347 -0.00133382
v 0.00011678 -0.00072552 -0.00200534
v -0.00022984 -0.00068749 -0.00159903
v 0.00034983 -0.00088491 -0.00244588
v 0.00011678 -0.00084232 -0.00195915
v 0.00043858 -0.00101099 -0.00279437
v 0.00034983 -0.00102737 -0.00238955
v 0.00034983 -0.00151560 -0.00211385
v 0.00043858 -0.00166962 -0.00245824
v 0.00043858 -0.00117374 -0.00273000
v 0.00034983 -0.00193341 -0.00173993
v 0.00043858 -0.00213152 -0.00207056
v 0.00043858 -0.00173154 -0.00241503
v 0.00034983 -0.00226138 -0.00128515
v 0.00043858 -0.00250565 -0.00159760
v 0.00043858 -0.00220888 -0.00198783
v 0.00034983 -0.00248426 -0.00077066
v 0.00043858 -0.00277659 -0.00105886
v 0.00043858 -0.00258357 -0.00146826
v 0.00034983 -0.00259170 -0.00022035
v 0.00043858 -0.00293319 -0.00047651
v 0.00043858 -0.00283821 -0.00088046
v 0.00034983 -0.00257872 0.00034020
v 0.00043858 -0.00296900 0.00012546
v 0.00043858 -0.00296096 -0.00025175
v 0.00043858 -0.00267738 0.00128933
v 0.00043858 -0.00279438 0.00101102
v 0.00034983 -0.00244590 0.00088494
v 0.00043858 -0.00288254 0.00072227
v 0.00043858 -0.00294612 0.00038867
v 0.00043858 -0.00251279 0.00158639
v 0.00034983 -0.00219942 0.00138856
v 0.00043858 -0.00236196 0.00180330
v 0.00034983 -0.00185075 0.00182766
v 0.00043858 -0.00211443 0.00208805
v 0.00043858 -0.00194928 0.00224301
v 0.00034983 -0.00141607 0.00218183
v 0.00043858 -0.00161782 0.00249268
v 0.00043858 -0.00145632 0.00259036
v 0.00034983 -0.00091558 0.00243461
v 0.00043858 -0.00104603 0.00278148
v 0.00043858 -0.00090339 0.00283103
v 0.00034983 -0.00037256 0.00257427
v 0.00043858 -0.00042564 0.00294104
v 0.00043858 -0.00031326 0.00295512
v 0.00034983 0.00018778 0.00259430
v 0.00043858 0.00021454 0.00296392
v 0.00043858 0.00028977 0.00295752
v 0.00034983 0.00073940 0.00249378
v 0.00043858 0.00084474 0.00284908
v 0.00034983 0.00088493 0.00244593
v 0.00043858 0.00101100 0.00279441
v -0.00116262 0.00009287 0.00128297
v -0.00154196 0.00035534 0.00119846
v -0.00116262 0.00036566 0.00123326
v -0.00154196 0.00042528 0.00117546
v -0.00116262 0.00043763 0.00120960
v -0.00116262 -0.00045278 0.00120400
v -0.00154196 -0.00017904 0.00123713
v -0.00116262 -0.00018424 0.00127306
v -0.00154196 -0.00012684 0.00124357
v -0.00154196 0.00009025 0.00124676
v -0.00116262 -0.00091524 0.00090384
v -0.00154196 -0.00068052 0.00104854
v -0.00116262 -0.00070028 0.00107899
v -0.00154196 -0.00065383 0.00106538
v -0.00154196 -0.00044000 0.00117002
v -0.00116262 -0.00127525 0.00016825
v -0.00154196 -0.00117543 0.00042529
v -0.00116262 -0.00120956 0.00043764
v -0.00154196 -0.00105698 0.00066732
v -0.00116262 -0.00108768 0.00068670
v -0.00154196 -0.00105133 0.00067619
v -0.00154196 -0.00088941 0.00087833
v -0.00154196 -0.00124550 -0.00010588
v -0.00154196 -0.00124059 0.00015307
v -0.00154196 -0.00123926 0.00016350
v -0.00116262 -0.00128167 -0.00010896
v -0.00116262 -0.00122854 -0.00038110
v -0.00154196 -0.00119386 -0.00037034
v -0.00154196 -0.00118413 -0.00040036
v -0.00154196 -0.00072835 -0.00101585
v -0.00154196 -0.00089315 -0.00087449
v -0.00154196 -0.00092914 -0.00083615
v -0.00116262 -0.00074951 -0.00104535
v -0.00154196 -0.00049372 -0.00114834
v -0.00154196 -0.00042526 -0.00117541
v 0.00011678 -0.00124262 -0.00173311
v 0.00011678 -0.00158518 -0.00142654
v 0.00011678 -0.00185407 -0.00105367
v 0.00011678 -0.00203681 -0.00063185
v 0.00011678 -0.00212490 -0.00018066
v 0.00011678 -0.00211425 0.00027893
v 0.00011678 -0.00200536 0.00072556
v 0.00011678 -0.00180328 0.00113847
v 0.00011678 -0.00151740 0.00149848
v 0.00011678 -0.00116101 0.00178886
v 0.00011678 -0.00075067 0.00199611
v 0.00011678 -0.00030545 0.00211061
v 0.00011678 0.00015396 0.00212704
v 0.00011678 0.00060622 0.00204462
v 0.00011678 0.00072554 0.00200539
v -0.00022984 -0.00101421 -0.00141454
v -0.00022984 -0.00129380 -0.00116432
v -0.00022984 -0.00151327 -0.00085999
v -0.00022984 -0.00166241 -0.00051570
v -0.00022984 -0.00173431 -0.00014744
v -0.00022984 -0.00172562 0.00022766
v -0.00022984 -0.00163674 0.00059219
v -0.00022984 -0.00147181 0.00092920
v -0.00022984 -0.00123848 0.00122304
v -0.00022984 -0.00094760 0.00146004
v -0.00022984 -0.00061269 0.00162920
v -0.00022984 -0.00024931 0.00172266
v -0.00022984 0.00012566 0.00173606
v -0.00022984 0.00049479 0.00166880
v -0.00022984 0.00059218 0.00163678
v -0.00066626 -0.00084600 -0.00117993
v -0.00066626 -0.00107922 -0.00097121
v -0.00066626 -0.00126229 -0.00071736
v -0.00066626 -0.00138670 -0.00043017
v -0.00066626 -0.00144667 -0.00012299
v -0.00066626 -0.00143942 0.00018991
v -0.00066626 -0.00136529 0.00049398
v -0.00066626 -0.00122770 0.00077510
v -0.00066626 -0.00103307 0.00102020
v -0.00066626 -0.00079044 0.00121790
v -0.00066626 -0.00051107 0.00135900
v -0.00066626 -0.00020796 0.00143695
v -0.00066626 0.00010482 0.00144814
v -0.00066626 0.00041273 0.00139203
v -0.00066626 0.00049396 0.00136532
v 0.00043858 0.00296098 0.00025179
v 0.00043858 0.00296901 -0.00012542
v 0.00100147 0.00697067 -0.00029448
v 0.00100147 0.00376326 0.00587495
v 0.00100147 0.00352697 0.00601977
v 0.00096345 0.00349493 0.00572377
v 0.00092297 0.00339920 0.00544438
v 0.00088045 0.00324129 0.00518620
v 0.00100147 0.00391998 0.00577156
v 0.00093995 0.00344624 0.00555730
v 0.00085839 0.00313660 0.00506659
v 0.00083945 0.00303319 0.00497193
v 0.00043858 0.00166964 0.00245829
v 0.00080578 0.00281353 0.00482403
v 0.00078542 0.00265099 0.00474995
v 0.00072981 0.00171601 0.00474305
v 0.00073349 0.00194806 0.00468101
v 0.00043858 0.00117376 0.00273005
v 0.00074811 0.00223880 0.00466473
v 0.00077353 0.00254070 0.00471398
v 0.00078551 0.00534690 -0.00100391
v 0.00077998 0.00530153 -0.00103146
v 0.00043858 0.00294614 -0.00038862
v 0.00075248 0.00505875 -0.00122599
v 0.00043858 0.00288256 -0.00072222
v 0.00073550 0.00487225 -0.00145369
v 0.00081335 0.00556558 -0.00090289
v 0.00084743 0.00582039 -0.00084099
v 0.00085848 0.00590112 -0.00083244
v 0.00088845 0.00611627 -0.00083321
v 0.00093135 0.00641648 -0.00089055
v 0.00093990 0.00647526 -0.00090978
v 0.00097209 0.00669230 -0.00100871
v 0.00100147 0.00692282 -0.00086688
v 0.00100147 0.00688293 -0.00114113
v 0.00072981 0.00474303 -0.00171598
v 0.00043858 0.00279440 -0.00101097
v 0.00073349 0.00468100 -0.00194803
v 0.00043858 0.00267740 -0.00128929
v 0.00074811 0.00466472 -0.00223876
v 0.00100147 0.00587493 -0.00376323
v 0.00100147 0.00601975 -0.00352694
v 0.00096345 0.00572375 -0.00349490
v 0.00092297 0.00544436 -0.00339917
v 0.00088045 0.00518618 -0.00324126
v 0.00100147 0.00554546 -0.00423374
v 0.00093995 0.00555729 -0.00344621
v 0.00085839 0.00506657 -0.00313657
v 0.00083945 0.00497191 -0.00303316
v 0.00043858 0.00236198 -0.00180326
v 0.00080578 0.00482401 -0.00281350
v 0.00078542 0.00474994 -0.00265096
v 0.00077353 0.00471397 -0.00254067
v 0.00043858 0.00251281 -0.00158635
v 0.00073550 -0.00145370 -0.00487222
v 0.00075248 -0.00122600 -0.00505871
v 0.00043858 -0.00028975 -0.00295747
v 0.00077998 -0.00103147 -0.00530150
v 0.00078551 -0.00100393 -0.00534687
v 0.00081335 -0.00090290 -0.00556555
v 0.00084743 -0.00084100 -0.00582036
v 0.00085848 -0.00083246 -0.00590109
v 0.00088845 -0.00083323 -0.00611624
v 0.00100147 -0.00068030 -0.00694361
v 0.00093135 -0.00089056 -0.00641645
v 0.00093990 -0.00090980 -0.00647523
v 0.00097209 -0.00100872 -0.00669227
v 0.00100147 -0.00086689 -0.00692279
v 0.00100147 -0.00114115 -0.00688290
v 0.00043858 -0.00084473 -0.00284904
v 0.00072981 -0.00171599 -0.00474300
v 0.00043858 0.00213154 0.00207060
v 0.00100147 0.00454999 0.00528911
v 0.00043858 0.00173156 0.00241507
v 0.00043858 0.00250567 0.00159765
v 0.00100147 0.00583987 0.00381746
v 0.00043858 0.00220889 0.00198787
v 0.00100147 0.00524679 0.00459873
v 0.00100147 0.00500444 0.00486135
v 0.00100147 0.00697598 0.00011257
v 0.00100147 0.00689125 0.00108979
v 0.00043858 0.00293321 0.00047656
v 0.00100147 0.00688660 0.00111883
v 0.00043858 0.00283823 0.00088051
v 0.00100147 0.00667031 0.00204548
v 0.00043858 0.00277661 0.00105891
v 0.00100147 0.00651893 0.00248608
v 0.00043858 0.00258359 0.00146830
v 0.00100147 0.00631753 0.00296073
v 0.00100147 0.00588281 0.00375095
v 0.00100147 0.00528910 -0.00454996
v 0.00043858 0.00211445 -0.00208800
v 0.00100147 0.00459872 -0.00524675
v 0.00043858 0.00194929 -0.00224297
v 0.00043858 0.00042566 -0.00294099
v 0.00100147 0.00204546 -0.00667028
v 0.00043858 0.00090341 -0.00283098
v 0.00100147 0.00212102 -0.00664664
v 0.00043858 0.00104605 -0.00278144
v 0.00100147 0.00296071 -0.00631750
v 0.00043858 0.00145634 -0.00259031
v 0.00100147 0.00341919 -0.00608159
v 0.00043858 0.00161784 -0.00249264
v 0.00100147 0.00381744 -0.00583984
v 0.00100147 0.00457656 -0.00526609
v 0.00043858 -0.00021452 -0.00296388
v 0.00100147 0.00011256 -0.00697595
v 0.00043858 0.00031328 -0.00295507
v 0.00100147 0.00073550 -0.00693798
v 0.00100147 0.00108978 -0.00689122
v 0.00102094 -0.00797306 0.00288461
v 0.00097070 -0.00826738 0.00299110
v 0.00097070 -0.00856764 0.00197277
v 0.00082500 -0.00853213 0.00308688
v 0.00082500 -0.00884201 0.00203594
v 0.00059852 -0.00874070 0.00316234
v 0.00059852 -0.00905815 0.00208571
v 0.00031398 -0.00887212 0.00320989
v 0.00031398 -0.00919435 0.00211707
v -0.00000000 -0.00891320 0.00322475
v -0.00000000 -0.00923691 0.00212687
v -0.00000000 -0.00933490 0.00164429
v 0.00031398 -0.00938249 0.00099338
v -0.00000000 -0.00942593 0.00099798
v -0.00000000 -0.00947860 0.00001487
v 0.00031398 -0.00943382 -0.00014480
v -0.00000000 -0.00947750 -0.00014547
v -0.00000000 -0.00939086 -0.00128680
v 0.00031398 -0.00934759 -0.00128087
v -0.00000000 -0.00934002 -0.00161500
v 0.00031398 -0.00912504 -0.00239825
v -0.00000000 -0.00916729 -0.00240936
v 0.00031398 -0.00876943 -0.00348067
v -0.00000000 -0.00892327 -0.00319677
v -0.00000000 -0.00881003 -0.00349678
v -0.00000000 -0.00832430 -0.00453322
v 0.00031398 -0.00828594 -0.00451233
v -0.00000000 -0.00824078 -0.00468334
v 0.00031398 -0.00768163 -0.00547819
v -0.00000000 -0.00771719 -0.00550355
v 0.00031398 -0.00696530 -0.00636417
v -0.00000000 -0.00731287 -0.00603043
v -0.00000000 -0.00212687 -0.00923691
v 0.00031398 -0.00320989 -0.00887212
v -0.00000000 -0.00322475 -0.00891320
v 0.00031398 -0.00425590 -0.00842053
v -0.00000000 -0.00427561 -0.00845951
v 0.00031398 -0.00523985 -0.00784614
v -0.00000000 -0.00526411 -0.00788246
v 0.00031398 -0.00614740 -0.00715734
v -0.00000000 -0.00617586 -0.00719047
v -0.00000000 -0.00699754 -0.00639363
v -0.00000000 -0.00149746 -0.00935958
v 0.00031398 -0.00099338 -0.00938249
v 0.00031398 -0.00211707 -0.00919435
v -0.00000000 -0.00099798 -0.00942593
v -0.00000000 0.00014547 -0.00947750
v 0.00031398 0.00014480 -0.00943382
v -0.00000000 0.00128680 -0.00939086
v 0.00031398 0.00128087 -0.00934759
v -0.00000000 0.00176151 -0.00931350
v 0.00031398 0.00239825 -0.00912504
v -0.00000000 0.00240936 -0.00916729
v -0.00000000 0.00333654 -0.00887196
v 0.00031398 0.00348067 -0.00876943
v -0.00000000 0.00349678 -0.00881003
v -0.00000000 0.00453322 -0.00832430
v 0.00031398 0.00451233 -0.00828594
v -0.00000000 0.00481220 -0.00816620
v 0.00031398 0.00547819 -0.00768163
v -0.00000000 0.00550355 -0.00771719
v 0.00031398 0.00636417 -0.00696530
v -0.00000000 0.00614456 -0.00721724
v -0.00000000 0.00639363 -0.00699754
v -0.00000000 0.00719047 -0.00617586
v 0.00031398 0.00715734 -0.00614740
v -0.00000000 0.00729391 -0.00605334
v 0.00031398 0.00784614 -0.00523985
v -0.00000000 0.00788246 -0.00526411
v 0.00031398 0.00842053 -0.00425590
v -0.00000000 0.00822605 -0.00470917
v -0.00000000 0.00845951 -0.00427561
v -0.00000000 0.00891320 -0.00322475
v 0.00031398 0.00887212 -0.00320989
v 0.00059852 -0.00924351 0.00097866
v 0.00059852 -0.00929408 -0.00014265
v 0.00059852 -0.00920912 -0.00126189
v 0.00059852 -0.00898987 -0.00236273
v 0.00059852 -0.00863953 -0.00342911
v 0.00059852 -0.00816320 -0.00444549
v 0.00059852 -0.00756784 -0.00539704
v 0.00059852 -0.00686212 -0.00626989
v 0.00059852 -0.00605634 -0.00705132
v 0.00059852 -0.00516224 -0.00772991
v 0.00059852 -0.00419286 -0.00829579
v 0.00059852 -0.00316234 -0.00874070
v 0.00059852 -0.00208571 -0.00905815
v 0.00059852 -0.00097866 -0.00924351
v 0.00059852 0.00014265 -0.00929408
v 0.00059852 0.00126189 -0.00920912
v 0.00059852 0.00236273 -0.00898987
v 0.00059852 0.00342911 -0.00863953
v 0.00059852 0.00444549 -0.00816320
v 0.00059852 0.00539704 -0.00756784
v 0.00059852 0.00626989 -0.00686212
v 0.00059852 0.00705132 -0.00605634
v 0.00059852 0.00772991 -0.00516224
v 0.00059852 0.00829579 -0.00419286
v 0.00059852 0.00874070 -0.00316234
v 0.00082500 -0.00902294 0.00095531
v 0.00082500 -0.00907231 -0.00013925
v 0.00082500 -0.00898938 -0.00123178
v 0.00082500 -0.00877536 -0.00230635
v 0.00082500 -0.00843338 -0.00334729
v 0.00082500 -0.00796842 -0.00433941
v 0.00082500 -0.00738726 -0.00526826
v 0.00082500 -0.00669838 -0.00612028
v 0.00082500 -0.00591182 -0.00688306
v 0.00082500 -0.00503906 -0.00754547
v 0.00082500 -0.00409281 -0.00809784
v 0.00082500 -0.00308688 -0.00853213
v 0.00082500 -0.00203594 -0.00884201
v 0.00082500 -0.00095531 -0.00902294
v 0.00082500 0.00013925 -0.00907231
v 0.00082500 0.00123178 -0.00898938
v 0.00082500 0.00230635 -0.00877536
v 0.00082500 0.00334729 -0.00843338
v 0.00082500 0.00433941 -0.00796842
v 0.00082500 0.00526826 -0.00738726
v 0.00082500 0.00612028 -0.00669838
v 0.00082500 0.00688306 -0.00591182
v 0.00082500 0.00754547 -0.00503906
v 0.00082500 0.00809784 -0.00409281
v 0.00082500 0.00853213 -0.00308688
v 0.00097070 -0.00874297 0.00092567
v 0.00097070 -0.00879080 -0.00013493
v 0.00097070 -0.00871044 -0.00119356
v 0.00097070 -0.00850306 -0.00223478
v 0.00097070 -0.00817169 -0.00324342
v 0.00097070 -0.00772116 -0.00420476
v 0.00097070 -0.00715803 -0.00510479
v 0.00097070 -0.00649053 -0.00593037
v 0.00097070 -0.00572838 -0.00666948
v 0.00097070 -0.00488270 -0.00731133
v 0.00097070 -0.00396581 -0.00784657
v 0.00097070 -0.00299110 -0.00826738
v 0.00097070 -0.00197277 -0.00856764
v 0.00097070 -0.00092567 -0.00874296
v 0.00097070 0.00013493 -0.00879080
v 0.00097070 0.00119356 -0.00871044
v 0.00097070 0.00223478 -0.00850306
v 0.00097070 0.00324342 -0.00817169
v 0.00097070 0.00420476 -0.00772116
v 0.00097070 0.00510479 -0.00715803
v 0.00097070 0.00593037 -0.00649053
v 0.00097070 0.00666948 -0.00572838
v 0.00097070 0.00731133 -0.00488270
v 0.00097070 0.00784657 -0.00396581
v 0.00097070 0.00826738 -0.00299110
v 0.00102094 -0.00826263 0.00190253
v 0.00102094 -0.00843171 0.00089271
v 0.00102094 -0.00847783 -0.00013013
v 0.00102094 -0.00840034 -0.00115107
v 0.00102094 -0.00820034 -0.00215522
v 0.00102094 -0.00788077 -0.00312795
v 0.00102094 -0.00744628 -0.00405507
v 0.00102094 -0.00690320 -0.00492305
v 0.00102094 -0.00625946 -0.00571925
v 0.00102094 -0.00552444 -0.00643204
v 0.00102094 -0.00470887 -0.00705104
v 0.00102094 -0.00382463 -0.00756722
v 0.00102094 -0.00288461 -0.00797306
v 0.00102094 -0.00190253 -0.00826263
v 0.00102094 -0.00089271 -0.00843171
v 0.00102094 0.00013013 -0.00847783
v 0.00102094 0.00115107 -0.00840034
v 0.00102094 0.00215522 -0.00820034
v 0.00102094 0.00312795 -0.00788077
v 0.00102094 0.00405507 -0.00744628
v 0.00102094 0.00492305 -0.00690320
v 0.00102094 0.00571925 -0.00625946
v 0.00102094 0.00643204 -0.00552444
v 0.00102094 0.00705104 -0.00470887
v 0.00102094 0.00756722 -0.00382463
v 0.00102094 0.00797306 -0.00288461
v -0.00986474 -0.00376218 -0.00844426
v -0.00997730 -0.00313258 -0.00865845
v -0.00963228 -0.00315611 -0.00872347
v -0.01036053 -0.00363805 -0.00816565
v -0.01027701 -0.00306985 -0.00848506
v -0.01049428 -0.00355955 -0.00798947
v -0.01049428 -0.00297569 -0.00822479
v -0.01036053 -0.00462696 -0.00764883
v -0.01049428 -0.00452713 -0.00748380
v -0.01049429 -0.00779291 -0.00397150
v -0.01049428 -0.00755911 -0.00440024
v -0.01036054 -0.00772580 -0.00449727
v -0.01049428 -0.00695206 -0.00530764
v -0.01036053 -0.00710537 -0.00542469
v -0.01049428 -0.00623670 -0.00613236
v -0.01036053 -0.00637423 -0.00626759
v -0.01049428 -0.00586993 -0.00648429
v -0.01036053 -0.00554378 -0.00701284
v -0.01049428 -0.00542417 -0.00686153
v -0.01049428 -0.00460022 -0.00743909
v -0.01049428 -0.00804840 -0.00342427
v -0.01036054 -0.00822588 -0.00349978
v -0.01049429 -0.00838273 -0.00249640
v -0.01036054 -0.00859779 -0.00244777
v -0.01049429 -0.00841228 -0.00239496
v -0.01036054 -0.00883575 -0.00135763
v -0.01049429 -0.00864511 -0.00132833
v -0.01049429 -0.00846106 0.00221648
v -0.01049429 -0.00853145 0.00192790
v -0.01036054 -0.00871958 0.00197041
v -0.01049429 -0.00870516 0.00085006
v -0.01036054 -0.00889712 0.00086881
v -0.01049429 -0.00872241 0.00064948
v -0.01036054 -0.00893605 -0.00024633
v -0.01049429 -0.00874324 -0.00024101
v -0.01049429 -0.00869601 -0.00093895
v -0.01049429 -0.00822482 0.00297569
v -0.01036054 -0.00840619 0.00304131
v -0.01049429 -0.00792058 0.00371036
v -0.01036054 -0.00796183 0.00406483
v -0.01049429 -0.00779005 0.00397713
v -0.01036054 -0.00739342 0.00502502
v -0.01049429 -0.00723391 0.00491660
v -0.01049431 -0.00484489 0.00728212
v -0.01049431 -0.00493254 0.00722304
v -0.01036056 -0.00504131 0.00738232
v -0.01049431 -0.00579393 0.00655230
v -0.01036056 -0.00592170 0.00669679
v -0.01049431 -0.00608217 0.00628566
v -0.01036056 -0.00670983 0.00590692
v -0.01049429 -0.00656506 0.00577947
v -0.01049429 -0.00711879 0.00508184
v -0.01049431 -0.00399429 0.00778125
v -0.01036056 -0.00408237 0.00795284
v -0.01049431 -0.00344778 0.00803835
v -0.01036056 -0.00305984 0.00839945
v -0.01049431 -0.00299382 0.00821823
v -0.01036056 -0.00198963 0.00871520
v -0.01049431 -0.00194670 0.00852716
v -0.01036056 -0.00088842 0.00889517
v -0.01049431 -0.00086925 0.00870325
v -0.01036056 0.00242882 0.00860314
v -0.01049431 0.00130927 0.00864800
v -0.01036056 0.00133815 0.00883870
v -0.01049431 0.00122451 0.00866040
v -0.01036056 0.00022663 0.00893655
v -0.01049431 0.00022174 0.00874373
v -0.01049431 -0.00036218 0.00873904
v -0.01027702 0.00306985 0.00848506
v -0.01049431 0.00297569 0.00822479
v -0.01049431 0.00237641 0.00841752
v -0.00986478 0.00251169 0.00889668
v -0.00997733 0.00313258 0.00865845
v -0.00963231 -0.00013117 0.00927593
v -0.00963231 0.00023519 0.00927388
v -0.00986477 0.00023436 0.00924146
v -0.00963231 0.00138866 0.00917233
v -0.00986477 0.00138381 0.00914027
v -0.00963231 0.00146559 0.00916035
v -0.00963231 0.00252050 0.00892788
v -0.00963231 0.00315611 0.00872347
v -0.00963231 -0.00092195 0.00923093
v -0.00986477 -0.00091873 0.00919867
v -0.00963231 -0.00172402 0.00911526
v -0.00986477 -0.00205751 0.00901257
v -0.00963231 -0.00206473 0.00904417
v -0.00986477 -0.00316424 0.00868604
v -0.00963231 -0.00317533 0.00871651
v -0.00963229 -0.00326552 0.00868312
v -0.00986477 -0.00422166 0.00822419
v -0.00963231 -0.00423647 0.00825304
v -0.00963229 -0.00713867 0.00592450
v -0.00963229 -0.00696311 0.00612989
v -0.00986477 -0.00693877 0.00610846
v -0.00963229 -0.00614522 0.00694957
v -0.00986477 -0.00612375 0.00692528
v -0.00963229 -0.00601377 0.00706363
v -0.00986477 -0.00521332 0.00763421
v -0.00963231 -0.00523160 0.00766098
v -0.00963229 -0.00470978 0.00799239
v -0.00963229 -0.00767250 0.00521470
v -0.00986477 -0.00764569 0.00519648
v -0.00963229 -0.00805097 0.00460894
v -0.00986477 -0.00823349 0.00420352
v -0.00963229 -0.00826236 0.00421827
v -0.00986475 -0.00869301 0.00314508
v -0.00963229 -0.00872349 0.00315611
v -0.00986475 -0.00901709 0.00203764
v -0.00963229 -0.00904872 0.00204479
v -0.00963229 -0.00914122 -0.00158063
v -0.00963228 -0.00916927 -0.00140887
v -0.00986475 -0.00913722 -0.00140395
v -0.00963229 -0.00927335 -0.00025562
v -0.00986475 -0.00924094 -0.00025473
v -0.00963229 -0.00927686 0.00001455
v -0.00986475 -0.00920069 0.00089845
v -0.00963229 -0.00923296 0.00090161
v -0.00963229 -0.00913622 0.00160930
v -0.00963228 -0.00892233 -0.00254017
v -0.00986475 -0.00889114 -0.00253129
v -0.00963228 -0.00873335 -0.00312873
v -0.00986475 -0.00850654 -0.00361920
v -0.00963228 -0.00853638 -0.00363189
v -0.00963228 -0.00806538 -0.00458366
v -0.00986475 -0.00798941 -0.00465072
v -0.00963228 -0.00801743 -0.00466703
v -0.00986475 -0.00734780 -0.00560978
v -0.00963228 -0.00737357 -0.00562945
v -0.00986475 -0.00478483 -0.00790981
v -0.00963228 -0.00575304 -0.00727755
v -0.00986475 -0.00573293 -0.00725212
v -0.00963228 -0.00603590 -0.00704472
v -0.00986475 -0.00659171 -0.00648144
v -0.00963228 -0.00661483 -0.00650417
v -0.00963228 -0.00715721 -0.00590208
v -0.00963228 -0.00377537 -0.00847388
v -0.00963228 -0.00473482 -0.00797757
v -0.00963228 -0.00480161 -0.00793755
v -0.01013533 -0.00371512 -0.00833864
v -0.01013533 -0.00472498 -0.00781087
v -0.01013533 -0.00566122 -0.00716140
v -0.01013533 -0.00650926 -0.00640036
v -0.01013533 -0.00725589 -0.00553961
v -0.01013533 -0.00788947 -0.00459254
v -0.01013533 -0.00840014 -0.00357393
v -0.01013533 -0.00877993 -0.00249963
v -0.01013533 -0.00902293 -0.00138639
v -0.01013533 -0.00912535 -0.00025154
v -0.01013533 -0.00908560 0.00088722
v -0.01013534 -0.00890430 0.00201215
v -0.01013534 -0.00858427 0.00310574
v -0.01013534 -0.00813050 0.00415094
v -0.01013534 -0.00755005 0.00513148
v -0.01013534 -0.00685198 0.00603206
v -0.01013534 -0.00604715 0.00683866
v -0.01013534 -0.00514811 0.00753872
v -0.01013534 -0.00416886 0.00812132
v -0.01013534 -0.00312466 0.00857739
v -0.01013536 -0.00203178 0.00889983
v -0.01013536 -0.00090724 0.00908361
v -0.01013536 0.00023143 0.00912587
v -0.01013536 0.00136650 0.00902594
v -0.01013536 0.00248027 0.00878540
v -0.00000000 -0.00176151 0.00931350
v -0.00000000 0.00212687 0.00923691
v -0.00000000 0.00322475 0.00891320
v -0.00000000 -0.00333654 0.00887196
v -0.00000000 -0.00349678 0.00881003
v -0.00000000 -0.00845951 0.00427561
v -0.00000000 -0.00822605 0.00470917
v -0.00000000 -0.00788246 0.00526411
v -0.00000000 -0.00729391 0.00605334
v -0.00000000 -0.00719047 0.00617586
v -0.00000000 -0.00639363 0.00699754
v -0.00000000 -0.00614456 0.00721724
v -0.00000000 -0.00550355 0.00771719
v -0.00000000 -0.00481220 0.00816620
v -0.00000000 -0.00453322 0.00832430
v -0.00000000 -0.00240936 0.00916729
v -0.00000000 0.00149746 0.00935958
v -0.00000000 0.00099798 0.00942593
v -0.00000000 -0.00013402 0.00947767
v -0.00000000 -0.00014547 0.00947750
v -0.00000000 -0.00128680 0.00939086
v -0.01408960 -0.00104386 -0.00168803
v -0.01408960 -0.00113526 -0.00162796
v -0.01414797 -0.00099351 -0.00142468
v -0.01408960 -0.00133197 -0.00147137
v -0.01408960 -0.00151793 -0.00127866
v -0.01414797 -0.00132839 -0.00111900
v -0.01408960 -0.00191994 0.00050297
v -0.01408960 -0.00186633 0.00067526
v -0.01414797 -0.00163329 0.00059094
v -0.01408960 -0.00138014 0.00142634
v -0.01408960 -0.00127868 0.00151796
v -0.01414797 -0.00111901 0.00132843
v -0.01408960 -0.00043952 0.00193548
v -0.01408960 -0.00034839 0.00195394
v -0.01414797 -0.00030489 0.00170996
v -0.01408960 0.00062875 0.00188254
v -0.01408960 0.00067524 0.00186637
v -0.01414797 0.00059093 0.00163333
v -0.01364814 -0.00089315 -0.00087449
v -0.01364814 -0.00071499 -0.00102529
v -0.01389435 -0.00075207 -0.00107846
v -0.01364814 -0.00118413 -0.00040036
v -0.01364814 -0.00113186 -0.00053043
v -0.01389435 -0.00119055 -0.00055793
v -0.01364814 -0.00124059 0.00015307
v -0.01364814 -0.00124544 0.00010657
v -0.01389435 -0.00131003 0.00011210
v -0.01364814 -0.00065383 0.00106538
v -0.01364814 -0.00080532 0.00095603
v -0.01389435 -0.00084708 0.00100561
v -0.01364814 -0.00012684 0.00124357
v -0.01364814 -0.00021942 0.00123061
v -0.01389435 -0.00023080 0.00129443
v -0.01364814 0.00010656 0.00124547
v -0.01364814 -0.00117543 0.00042529
v -0.01364814 -0.00123058 -0.00021940
v -0.01414797 0.00014806 0.00173061
v -0.01407671 -0.00026198 0.00146933
v -0.01407671 0.00012723 0.00148707
v -0.01389435 0.00011208 0.00131006
v -0.01414797 -0.00157275 -0.00073705
v -0.01414797 -0.00170993 -0.00030488
v -0.01407671 -0.00135142 -0.00063333
v -0.01407671 -0.00146930 -0.00026197
v -0.01389435 -0.00129440 -0.00023078
v -0.01408960 0.00027787 0.00196521
v -0.01408960 0.00016919 0.00197754
v -0.01407671 0.00050777 0.00140348
v -0.01389435 0.00044733 0.00123641
v -0.01364814 0.00042528 0.00117546
v -0.01408960 -0.00008218 0.00198306
v -0.01408960 -0.00109938 0.00165245
v -0.01408960 -0.00084223 0.00179719
v -0.01414797 -0.00073707 0.00157279
v -0.01408960 -0.00078235 0.00182405
v -0.01407671 -0.00063334 0.00135146
v -0.01389435 -0.00055795 0.00119059
v -0.01364814 -0.00053044 0.00113189
v -0.01407671 -0.00096154 0.00114148
v -0.01408960 -0.00179730 0.00084196
v -0.01408960 -0.00162798 0.00113529
v -0.01414797 -0.00142470 0.00099354
v -0.01408960 -0.00161536 0.00115317
v -0.01407671 -0.00122420 0.00085372
v -0.01389435 -0.00107848 0.00075210
v -0.01364814 -0.00102531 0.00071502
v -0.01407671 -0.00140344 0.00050779
v -0.01389435 -0.00123638 0.00044734
v -0.01364814 -0.00105133 0.00067619
v -0.01407671 -0.00148704 0.00012724
v -0.01414797 -0.00173058 0.00014808
v -0.01408960 -0.00197326 -0.00021304
v -0.01408960 -0.00197925 0.00014740
v -0.01408960 -0.00197750 0.00016920
v -0.01408960 -0.00195391 -0.00034838
v -0.01408960 -0.00157615 -0.00120617
v -0.01408960 -0.00176833 -0.00090118
v -0.01408960 -0.00179716 -0.00084222
v -0.01408960 -0.00190217 -0.00056646
v -0.01407671 -0.00114145 -0.00096152
v -0.01389435 -0.00100558 -0.00084706
v -0.01364814 -0.00095600 -0.00080530
v -0.01407671 -0.00085369 -0.00122419
v -0.01414797 -0.00059091 -0.00163328
v -0.01408960 -0.00067522 -0.00186632
v -0.01408960 -0.00072130 -0.00184900
v -0.01407671 -0.00050775 -0.00140343
v -0.01389435 -0.00044731 -0.00123637
v -0.01364814 -0.00042526 -0.00117541
v -0.01261162 0.00162093 0.00448026
v -0.01259162 0.00137749 0.00459754
v -0.01254261 0.00118020 0.00474537
v -0.01245652 0.00099216 0.00495531
v -0.01239649 0.00090760 0.00508799
v -0.01169612 0.00090596 0.00642157
v -0.01175960 0.00085067 0.00630959
v -0.01180683 0.00081673 0.00622467
v -0.01192406 0.00075768 0.00600742
v -0.01206596 0.00073461 0.00573492
v -0.01211231 0.00073888 0.00564520
v -0.01221031 0.00076736 0.00545630
v -0.01233617 0.00084538 0.00521442
v -0.01129268 0.00165516 0.00705376
v -0.01138741 0.00138971 0.00692843
v -0.01149519 0.00116851 0.00675968
v -0.01151976 0.00112726 0.00671929
v -0.01161409 0.00099496 0.00656215
v -0.01122311 0.00193611 0.00711820
v -0.01117866 0.00222227 0.00712148
v -0.01116029 0.00250071 0.00706450
v -0.01115983 0.00254986 0.00704779
v -0.01230994 -0.00457444 0.00273570
v -0.01217187 -0.00473196 0.00295996
v -0.01180697 -0.00530606 0.00335505
v -0.01172939 -0.00545171 0.00339887
v -0.01211247 -0.00481113 0.00304420
v -0.01202008 -0.00494674 0.00316065
v -0.01187091 -0.00519264 0.00330819
v -0.01159287 -0.00573151 0.00343669
v -0.01152368 -0.00588491 0.00343294
v -0.01146966 -0.00601063 0.00341692
v -0.01135704 -0.00629541 0.00333442
v -0.01130544 -0.00644177 0.00326349
v -0.01127072 -0.00654803 0.00319721
v -0.01123934 -0.00665168 0.00311800
v -0.01120912 -0.00676199 0.00301370
v -0.01118271 -0.00687480 0.00287726
v -0.01117346 -0.00692266 0.00280622
v -0.01117866 -0.00712145 0.00222226
v -0.01116029 -0.00706448 0.00250070
v -0.01115983 -0.00704776 0.00254987
v -0.01129268 -0.00705372 0.00165515
v -0.01138743 -0.00692838 0.00138970
v -0.01122311 -0.00711817 0.00193610
v -0.01123920 -0.00710696 0.00186028
v -0.01149519 -0.00675963 0.00116851
v -0.01151976 -0.00671926 0.00112727
v -0.01161412 -0.00656204 0.00099492
v -0.01175961 -0.00630952 0.00085067
v -0.01180683 -0.00622464 0.00081675
v -0.01192405 -0.00600742 0.00075770
v -0.01206610 -0.00573461 0.00073463
v -0.01211229 -0.00564517 0.00073889
v -0.01221045 -0.00545599 0.00076743
v -0.01233630 -0.00521411 0.00084551
v -0.01239649 -0.00508796 0.00090761
v -0.01245660 -0.00495511 0.00099230
v -0.01217091 -0.00296119 -0.00473304
v -0.01211237 -0.00304417 -0.00481111
v -0.01201916 -0.00316158 -0.00494802
v -0.01187006 -0.00330882 -0.00519404
v -0.01146919 -0.00341670 -0.00601173
v -0.01135667 -0.00333396 -0.00629642
v -0.01152367 -0.00343291 -0.00588489
v -0.01180697 -0.00335503 -0.00530605
v -0.01172881 -0.00339910 -0.00545279
v -0.01169786 -0.00341230 -0.00551363
v -0.01159232 -0.00343669 -0.00573262
v -0.01130544 -0.00326345 -0.00644176
v -0.01127051 -0.00319672 -0.00654868
v -0.01120903 -0.00301329 -0.00676234
v -0.01118271 -0.00287722 -0.00687479
v -0.01117346 -0.00280619 -0.00692264
v -0.01115983 -0.00254984 -0.00704775
v -0.01260743 -0.00173708 -0.00444410
v -0.01257253 -0.00199547 -0.00440315
v -0.01250419 -0.00226681 -0.00441471
v -0.01242046 -0.00250123 -0.00447045
v -0.01239673 -0.00255750 -0.00449066
v -0.01230923 -0.00273698 -0.00457516
v -0.01261162 -0.00162092 -0.00448021
v -0.01261054 -0.00446071 0.00167903
v -0.01258208 -0.00440726 0.00194348
v -0.01251771 -0.00440895 0.00222162
v -0.01242116 -0.00446990 0.00249959
v -0.01239673 -0.00449068 0.00255754
v -0.01254264 -0.00474525 0.00118031
v -0.01259162 -0.00459751 0.00137751
v -0.01261162 -0.00448022 0.00162095
v 0.00102094 0.00702303 -0.00307888
v 0.00102094 0.00728771 -0.00263663
v -0.01115983 0.00704778 -0.00254982
v -0.01117346 0.00692268 -0.00280617
v -0.01118271 0.00687482 -0.00287721
v 0.00102094 0.00668533 -0.00335086
v -0.01120903 0.00676237 -0.00301327
v -0.01123934 0.00665170 -0.00311795
v -0.01127051 0.00654872 -0.00319670
v -0.01130544 0.00644179 -0.00326344
v 0.00101249 0.00613223 -0.00352220
v 0.00102044 0.00630745 -0.00349578
v -0.01135667 0.00629646 -0.00333394
v 0.00102094 0.00636516 -0.00348180
v 0.00102094 0.00660743 -0.00339182
v -0.01159232 0.00573266 -0.00343668
v -0.01152365 0.00588492 -0.00343289
v -0.01146919 0.00601177 -0.00341668
v -0.01172880 0.00545283 -0.00339909
v -0.01180697 0.00530608 -0.00335501
v -0.01187006 0.00519408 -0.00330881
v -0.01211237 0.00481114 -0.00304415
v -0.01217088 0.00473310 -0.00296121
v -0.01230920 0.00457523 -0.00273703
v -0.01239673 0.00449069 -0.00255748
v -0.01201913 0.00494809 -0.00316160
v -0.01242043 0.00447051 -0.00250130
v -0.01261162 0.00448024 -0.00162090
v -0.01260743 0.00444414 -0.00173705
v -0.01257251 0.00440318 -0.00199552
v -0.01250418 0.00441475 -0.00226686
v 0.00102094 -0.00335088 -0.00668530
v 0.00102094 -0.00307890 -0.00702300
v 0.00102094 -0.00263664 -0.00728768
v 0.00101249 -0.00352222 -0.00613220
v 0.00102044 -0.00349579 -0.00630742
v 0.00102094 -0.00348181 -0.00636513
v 0.00102094 -0.00339184 -0.00660740
v 0.00100147 -0.00352695 -0.00601972
v 0.00096345 -0.00349491 -0.00572372
v 0.00093995 -0.00344622 -0.00555726
v 0.00092297 -0.00339918 -0.00544433
v 0.00088045 -0.00324128 -0.00518615
v 0.00085839 -0.00313659 -0.00506654
v 0.00078542 -0.00265097 -0.00474991
v 0.00080578 -0.00281351 -0.00482398
v 0.00083945 -0.00303317 -0.00497188
v 0.00074811 -0.00223878 -0.00466469
v 0.00077353 -0.00254068 -0.00471393
v 0.00073349 -0.00194805 -0.00468097
v 0.00102094 -0.00702301 0.00307893
v 0.00102094 -0.00728769 0.00263668
v 0.00102094 -0.00668531 0.00335091
v 0.00101249 -0.00613221 0.00352225
v 0.00102044 -0.00630744 0.00349582
v 0.00102094 -0.00636515 0.00348184
v 0.00102094 -0.00660741 0.00339187
v 0.00093995 -0.00555727 0.00344625
v 0.00096345 -0.00572374 0.00349495
v 0.00100147 -0.00601974 0.00352699
v 0.00092297 -0.00544435 0.00339921
v 0.00088045 -0.00518617 0.00324131
v 0.00085839 -0.00506655 0.00313662
v 0.00078542 -0.00474992 0.00265100
v 0.00080578 -0.00482400 0.00281354
v 0.00083945 -0.00497190 0.00303321
v 0.00074811 -0.00466470 0.00223881
v 0.00077353 -0.00471395 0.00254072
v 0.00072981 -0.00474302 0.00171603
v 0.00073349 -0.00468098 0.00194808
v -0.01127081 0.00319736 0.00654781
v -0.01130544 0.00326347 0.00644180
v 0.00102094 0.00335089 0.00668534
v 0.00102094 0.00307892 0.00702305
v 0.00102094 0.00263666 0.00728772
v -0.01117346 0.00280620 0.00692269
v -0.01118271 0.00287724 0.00687483
v -0.01120915 0.00301382 0.00676190
v 0.00101249 0.00352223 0.00613224
v 0.00102044 0.00349581 0.00630747
v -0.01135719 0.00333457 0.00629504
v 0.00102094 0.00348183 0.00636518
v 0.00102094 0.00339185 0.00660744
v -0.01146984 0.00341699 0.00601021
v -0.01152367 0.00343293 0.00588494
v -0.01159306 0.00343666 0.00573107
v -0.01169792 0.00341230 0.00551357
v -0.01172962 0.00339875 0.00545128
v -0.01180697 0.00335504 0.00530610
v -0.01187103 0.00330806 0.00519243
v -0.01211241 0.00304419 0.00481116
v -0.01217148 0.00296042 0.00473241
v -0.01230976 0.00273598 0.00457463
v -0.01239673 0.00255753 0.00449071
v -0.01201971 0.00316101 0.00494728
v -0.01242101 0.00249992 0.00447005
v -0.01261053 0.00167932 0.00446065
v -0.01258204 0.00194380 0.00440726
v -0.01251760 0.00222196 0.00440902
v -0.01364814 0.00102532 -0.00071498
v -0.00154196 0.00065385 -0.00106534
v -0.01364814 0.00105134 -0.00067614
v -0.00154196 0.00068054 -0.00104849
v -0.01364814 0.00080533 -0.00095599
v -0.01364814 0.00065385 -0.00106534
v -0.00154196 0.00044002 -0.00116997
v -0.01364814 0.00053046 -0.00113184
v -0.00154196 0.00017905 -0.00123709
v -0.01364814 0.00021943 -0.00123057
v -0.00154196 0.00012686 -0.00124352
v -0.01364814 0.00012686 -0.00124352
v -0.00154196 -0.00009023 -0.00124672
v -0.01364814 -0.00010654 -0.00124543
v -0.00154196 -0.00035532 -0.00119841
v -0.00154196 0.00088943 -0.00087829
v -0.00154196 0.00105134 -0.00067614
v -0.01364814 0.00117544 -0.00042524
v -0.00154196 0.00105700 -0.00066727
v -0.00154196 0.00049374 0.00114838
v -0.01364814 0.00071501 0.00102534
v -0.00154196 0.00117544 -0.00042524
v -0.00154196 0.00123927 -0.00016346
v -0.01364814 0.00124060 -0.00015302
v -0.00154196 0.00124060 -0.00015302
v -0.01364814 0.00124546 -0.00010653
v -0.00154196 0.00124551 0.00010593
v -0.01364814 0.00123060 0.00021945
v -0.00154196 0.00119388 0.00037039
v -0.01364814 0.00118415 0.00040041
v -0.00154196 0.00118415 0.00040041
v -0.01364814 0.00113188 0.00053047
v -0.00154196 0.00108677 0.00061764
v -0.01364814 0.00095602 0.00080535
v -0.00154196 0.00092916 0.00083620
v -0.01364814 0.00089316 0.00087454
v -0.00154196 0.00089316 0.00087454
v -0.00154196 0.00072837 0.00101589
v 0.00073550 0.00145372 0.00487227
v 0.00078551 0.00100394 0.00534692
v 0.00077998 0.00103149 0.00530154
v 0.00075248 0.00122602 0.00505876
v 0.00081335 0.00090292 0.00556560
v 0.00084743 0.00084102 0.00582040
v 0.00085848 0.00083247 0.00590114
v 0.00088845 0.00083325 0.00611629
v 0.00093135 0.00089058 0.00641650
v 0.00093990 0.00090981 0.00647527
v 0.00101250 0.00121691 0.00696649
v 0.00100891 0.00118729 0.00693548
v 0.00097209 0.00100874 0.00669232
v 0.00100147 0.00114116 0.00688294
v 0.00102094 0.00139686 0.00711951
v 0.00102094 0.00170234 0.00728178
v 0.00102094 0.00186656 0.00733190
v 0.00102094 0.00227490 0.00736470
v 0.00102094 0.00238643 0.00735196
v 0.00073550 -0.00487223 0.00145374
v 0.00078551 -0.00534688 0.00100396
v 0.00077998 -0.00530151 0.00103151
v 0.00075248 -0.00505873 0.00122603
v 0.00081335 -0.00556557 0.00090293
v 0.00093990 -0.00647524 0.00090983
v 0.00093135 -0.00641647 0.00089059
v 0.00088845 -0.00611626 0.00083326
v 0.00085848 -0.00590111 0.00083249
v 0.00084743 -0.00582037 0.00084104
v 0.00101250 -0.00696646 0.00121693
v 0.00100891 -0.00693544 0.00118731
v 0.00097209 -0.00669229 0.00100875
v 0.00100147 -0.00688291 0.00114118
v 0.00102094 -0.00711948 0.00139688
v 0.00102094 -0.00728175 0.00170235
v 0.00102094 -0.00733186 0.00186658
v 0.00102094 -0.00736467 0.00227492
v 0.00102094 -0.00735193 0.00238644
v -0.01254250 -0.00117992 -0.00474556
v -0.01259162 -0.00137748 -0.00459749
v -0.01239647 -0.00090758 -0.00508795
v -0.01245632 -0.00099180 -0.00495573
v -0.01233578 -0.00084503 -0.00521515
v -0.01221033 -0.00076738 -0.00545607
v -0.01211220 -0.00073886 -0.00564516
v -0.01206598 -0.00073460 -0.00573465
v -0.01192290 -0.00075806 -0.00600950
v -0.01180683 -0.00081672 -0.00622463
v -0.01175863 -0.00085142 -0.00631128
v -0.01151979 -0.00112723 -0.00671923
v 0.00101250 -0.00121690 -0.00696645
v 0.00100891 -0.00118728 -0.00693543
v -0.01169627 -0.00090581 -0.00642128
v -0.01161322 -0.00099604 -0.00656362
v -0.01149443 -0.00116981 -0.00676087
v -0.01138675 -0.00139123 -0.00692932
v 0.00102094 -0.00139685 -0.00711946
v -0.01129218 -0.00165682 -0.00705429
v 0.00102094 -0.00170232 -0.00728174
v -0.01122275 -0.00193783 -0.00711836
v 0.00102094 -0.00186655 -0.00733185
v -0.01117847 -0.00222398 -0.00712127
v 0.00102094 -0.00227489 -0.00736466
v -0.01116026 -0.00250233 -0.00706393
v 0.00102094 -0.00238641 -0.00735191
v -0.01254264 0.00474528 -0.00118025
v -0.01259162 0.00459753 -0.00137746
v -0.01239649 0.00508798 -0.00090756
v -0.01245660 0.00495514 -0.00099224
v -0.01211228 0.00564519 -0.00073885
v -0.01221049 0.00545591 -0.00076741
v -0.01233629 0.00521415 -0.00084545
v -0.01180683 0.00622466 -0.00081670
v -0.01192388 0.00600775 -0.00075771
v -0.01206614 0.00573452 -0.00073458
v -0.01151978 0.00671927 -0.00112723
v 0.00101250 0.00696648 -0.00121688
v 0.00100891 0.00693546 -0.00118726
v -0.01175943 0.00630986 -0.00085076
v -0.01161394 0.00656239 -0.00099512
v -0.01149507 0.00675986 -0.00116868
v -0.01138731 0.00692856 -0.00138992
v 0.00102094 0.00711949 -0.00139683
v -0.01129261 0.00705384 -0.00165539
v 0.00102094 0.00728177 -0.00170231
v -0.01123920 0.00710698 -0.00186022
v -0.01122305 0.00711822 -0.00193635
v 0.00102094 0.00733188 -0.00186653
v -0.01117863 0.00712144 -0.00222251
v 0.00102094 0.00736469 -0.00227487
v -0.01116029 0.00706440 -0.00250094
v 0.00102094 0.00735194 -0.00238640
v 0.00102094 0.00288461 0.00797306
v 0.00102094 0.00190253 0.00826263
v 0.00102094 0.00826263 -0.00190253
v 0.00102094 0.00089271 0.00843171
v 0.00102094 0.00843171 -0.00089271
v 0.00102094 -0.00719899 0.00090151
v 0.00102094 -0.00725427 -0.00011702
v 0.00102094 -0.00716616 -0.00113322
v 0.00102094 -0.00693641 -0.00212703
v 0.00102094 -0.00656955 -0.00307880
v 0.00102094 -0.00756722 0.00382463
v 0.00102094 -0.00705104 0.00470887
v 0.00102094 0.00382463 0.00756722
v 0.00102094 0.00470887 0.00705104
v 0.00102094 0.00719901 -0.00090146
v 0.00102094 0.00725429 0.00011706
v 0.00102094 0.00847783 0.00013013
v 0.00102094 0.00716618 0.00113327
v 0.00102094 0.00840034 0.00115107
v 0.00102094 0.00693643 0.00212708
v 0.00102094 0.00610931 -0.00391337
v 0.00102094 0.00550011 -0.00473149
v 0.00102094 0.00478219 -0.00545608
v 0.00102094 0.00396974 -0.00607282
v 0.00102094 0.00307883 -0.00656954
v 0.00102094 0.00212707 -0.00693639
v 0.00102094 -0.00090148 -0.00719898
v 0.00102094 0.00011705 -0.00725426
v 0.00102094 0.00113326 -0.00716615
v 0.00102094 -0.00391339 -0.00610928
v 0.00102094 -0.00473150 -0.00550008
v 0.00102094 -0.00545609 -0.00478216
v 0.00102094 -0.00607284 -0.00396971
v 0.00102094 -0.00307881 0.00656958
v 0.00102094 -0.00405507 0.00744628
v 0.00102094 -0.00396973 0.00607287
v 0.00102094 -0.00492305 0.00690320
v 0.00102094 -0.00478217 0.00545612
v 0.00102094 -0.00571925 0.00625946
v 0.00102094 -0.00550009 0.00473153
v 0.00102094 -0.00643204 0.00552444
v 0.00102094 -0.00610930 0.00391342
v 0.00102094 0.00090149 0.00719902
v 0.00102094 -0.00011703 0.00725430
v 0.00102094 -0.00013013 0.00847783
v 0.00102094 -0.00113324 0.00716620
v 0.00102094 -0.00115107 0.00840034
v 0.00102094 -0.00212705 0.00693644
v 0.00102094 -0.00215522 0.00820034
v 0.00102094 -0.00312795 0.00788077
v 0.00102094 0.00820034 0.00215522
v 0.00102094 0.00788077 0.00312795
v 0.00102094 0.00656957 0.00307885
v 0.00102094 0.00744628 0.00405507
v 0.00102094 0.00607286 0.00396976
v 0.00102094 0.00690320 0.00492305
v 0.00102094 0.00545611 0.00478220
v 0.00102094 0.00625946 0.00571925
v 0.00102094 0.00473152 0.00550012
v 0.00102094 0.00552444 0.00643204
v 0.00102094 0.00391340 0.00610933
v -0.01408960 -0.00062873 -0.00188249
v -0.01408960 0.00191996 -0.00050293
v -0.01408960 0.00186635 -0.00067521
v -0.01408960 0.00179732 -0.00084191
v -0.01049429 0.00872242 -0.00064943
v -0.01408960 0.00197927 -0.00014735
v -0.01408960 0.00197752 -0.00016916
v -0.01049429 0.00792060 -0.00371032
v -0.01049429 0.00822481 -0.00297570
v -0.01049429 0.00846107 -0.00221644
v -0.01049429 0.00870515 -0.00085007
v -0.01049429 0.00853144 -0.00192790
v -0.01408960 0.00161538 -0.00115312
v -0.01408960 0.00162799 -0.00113525
v -0.01049429 0.00711882 -0.00508180
v -0.01049429 0.00723390 -0.00491660
v -0.01049429 0.00779004 -0.00397713
v -0.01408960 -0.00027785 -0.00196517
v -0.01049428 -0.00122450 -0.00866041
v -0.01049428 -0.00022174 -0.00874374
v -0.01049428 0.00036220 -0.00873905
v -0.01408960 0.00008220 -0.00198301
v -0.01408960 -0.00016917 -0.00197749
v -0.01049428 -0.00130928 -0.00864800
v -0.01049428 -0.00237641 -0.00841752
v -0.01049428 0.00086925 -0.00870325
v -0.01408960 0.00034841 -0.00195389
v -0.01049428 0.00194670 -0.00852716
v -0.01408960 0.00043953 -0.00193543
v -0.01049429 0.00299381 -0.00821823
v -0.01408960 0.00078237 -0.00182401
v -0.01049429 0.00344781 -0.00803834
v -0.01049429 0.00399429 -0.00778125
v -0.01408960 0.00084225 -0.00179714
v -0.01049429 0.00484492 -0.00728210
v -0.01408960 0.00109940 -0.00165241
v -0.01049429 0.00493253 -0.00722304
v -0.01408960 0.00127869 -0.00151792
v -0.01049429 0.00579393 -0.00655230
v -0.01049429 0.00608220 -0.00628563
v -0.01408960 0.00138015 -0.00142629
v -0.01049429 0.00656506 -0.00577947
v -0.01049431 0.00874324 0.00024101
v -0.01408960 0.00197327 0.00021309
v -0.01408960 0.00190219 0.00056650
v -0.01049431 0.00841228 0.00239495
v -0.01408960 0.00195393 0.00034843
v -0.01049431 0.00864510 0.00132833
v -0.01049431 0.00869601 0.00093899
v -0.01408960 0.00157617 0.00120622
v -0.01049431 0.00755911 0.00440023
v -0.01408960 0.00176834 0.00090122
v -0.01049431 0.00779289 0.00397153
v -0.01408960 0.00179717 0.00084226
v -0.01049431 0.00804839 0.00342427
v -0.01049431 0.00838272 0.00249644
v -0.01408960 0.00133199 0.00147142
v -0.01049431 0.00586991 0.00648430
v -0.01408960 0.00151795 0.00127871
v -0.01049431 0.00623669 0.00613235
v -0.01049431 0.00695206 0.00530763
v -0.01408960 0.00104387 0.00168808
v -0.01408960 0.00113528 0.00162801
v -0.01049431 0.00460021 0.00743909
v -0.01049431 0.00542416 0.00686152
v -0.01049431 0.00452712 0.00748379
v -0.01049431 0.00355955 0.00798946
v -0.01408960 0.00072132 0.00184905
v -0.01414797 0.00099352 0.00142473
v -0.01414797 0.00132841 0.00111904
v -0.01414797 0.00163331 -0.00059090
v -0.01414797 0.00111903 -0.00132838
v -0.01414797 0.00030491 -0.00170992
v -0.01389435 0.00075209 0.00107851
v -0.01389435 0.00119057 0.00055798
v -0.01389435 0.00131005 -0.00011205
v -0.01389435 0.00084709 -0.00100556
v -0.01389435 0.00023081 -0.00129438
v -0.01414797 -0.00014805 -0.00173057
v -0.01407671 0.00026200 -0.00146928
v -0.01407671 -0.00012721 -0.00148703
v -0.01389435 -0.00011207 -0.00131001
v -0.01414797 0.00157277 0.00073710
v -0.01414797 0.00170995 0.00030492
v -0.01407671 0.00135144 0.00063337
v -0.01407671 0.00146931 0.00026201
v -0.01389435 0.00129441 0.00023083
v -0.01414797 0.00073708 -0.00157274
v -0.01407671 0.00063336 -0.00135141
v -0.01389435 0.00055797 -0.00119054
v -0.01407671 0.00096155 -0.00114144
v -0.01414797 0.00142472 -0.00099349
v -0.01407671 0.00122422 -0.00085368
v -0.01389435 0.00107850 -0.00075206
v -0.01407671 0.00140346 -0.00050774
v -0.01389435 0.00123640 -0.00044730
v -0.01407671 0.00148706 -0.00012720
v -0.01414797 0.00173060 -0.00014803
v -0.01407671 0.00114147 0.00096157
v -0.01389435 0.00100559 0.00084711
v -0.01407671 0.00085371 0.00122424
v -0.00963231 0.00377537 0.00847388
v -0.00000000 0.00427561 0.00845951
v -0.00000000 0.00483780 0.00815106
v -0.00963231 0.00473482 0.00797756
v -0.00963228 0.00423647 -0.00825304
v -0.00963228 0.00326553 -0.00868312
v -0.00963228 0.00317533 -0.00871651
v -0.00963231 0.00480161 0.00793754
v -0.00000000 0.00526411 0.00788246
v -0.00963231 0.00575304 0.00727755
v -0.00000000 0.00616717 0.00719793
v -0.00963231 0.00603590 0.00704472
v -0.00000000 0.00617586 0.00719047
v -0.00963231 0.00661483 0.00650416
v -0.00000000 0.00699754 0.00639363
v -0.00963231 0.00715721 0.00590208
v -0.00000000 0.00731287 0.00603043
v -0.00963231 0.00737357 0.00562945
v -0.00000000 0.00771719 0.00550355
v -0.00963231 0.00801743 0.00466702
v -0.00000000 0.00824078 0.00468334
v -0.00963231 0.00806538 0.00458366
v -0.00000000 0.00832430 0.00453322
v -0.00963229 0.00853637 0.00363189
v -0.00000000 0.00881003 0.00349678
v -0.00963229 0.00873335 0.00312873
v -0.00000000 0.00892327 0.00319677
v -0.00963229 0.00892232 0.00254017
v -0.00000000 0.00916729 0.00240936
v -0.00963229 0.00914122 0.00158063
v -0.00000000 0.00934002 0.00161500
v -0.00963229 0.00916927 0.00140887
v -0.00000000 0.00939086 0.00128680
v -0.00963229 0.00927335 0.00025562
v -0.00000000 0.00947750 0.00014547
v -0.00963229 0.00927686 -0.00001455
v -0.00000000 0.00947860 -0.00001487
v -0.00963229 0.00923296 -0.00090161
v -0.00000000 0.00942593 -0.00099798
v -0.00963229 0.00913622 -0.00160930
v -0.00000000 0.00933490 -0.00164429
v -0.00963229 0.00904871 -0.00204479
v -0.00000000 0.00923691 -0.00212687
v -0.00963229 0.00872349 -0.00315612
v -0.00963229 0.00826236 -0.00421827
v -0.00963229 0.00805097 -0.00460894
v -0.00963228 0.00767250 -0.00521470
v -0.00963229 0.00713867 -0.00592451
v -0.00963228 0.00696310 -0.00612989
v -0.00963228 0.00614522 -0.00694958
v -0.00963228 0.00601377 -0.00706363
v -0.00963228 0.00523160 -0.00766099
v -0.00963228 0.00470978 -0.00799239
v -0.00963228 0.00206473 -0.00904418
v -0.00963228 0.00172402 -0.00911526
v -0.00963228 0.00092195 -0.00923094
v -0.00963228 0.00013117 -0.00927593
v -0.00963228 -0.00023519 -0.00927388
v -0.00963228 -0.00138866 -0.00917234
v -0.00963228 -0.00146559 -0.00916036
v -0.00963228 -0.00252050 -0.00892789
v -0.01036056 0.00462695 0.00764882
v -0.01036056 0.00363805 0.00816565
v -0.01036056 0.00554378 0.00701283
v -0.01036056 0.00637423 0.00626758
v -0.01036056 0.00710536 0.00542468
v -0.01036056 0.00772580 0.00449726
v -0.01036056 0.00883575 0.00135762
v -0.01036056 0.00859779 0.00244777
v -0.01036056 0.00822587 0.00349978
v -0.01036056 0.00893604 0.00024632
v -0.01036054 0.00889712 -0.00086882
v -0.01036054 0.00871958 -0.00197042
v -0.01036054 0.00739342 -0.00502503
v -0.01036054 0.00796183 -0.00406484
v -0.01036054 0.00840619 -0.00304132
v -0.01036054 0.00670983 -0.00590693
v -0.01036054 0.00592170 -0.00669680
v -0.01036054 0.00504131 -0.00738233
v -0.01036053 0.00088842 -0.00889517
v -0.01036053 0.00198962 -0.00871521
v -0.01036054 0.00305983 -0.00839946
v -0.01036054 0.00408237 -0.00795285
v -0.01036053 -0.00022663 -0.00893655
v -0.01036053 -0.00133815 -0.00883870
v -0.01036053 -0.00242882 -0.00860315
v -0.00986474 -0.00251169 -0.00889668
v -0.00986475 -0.00138381 -0.00914028
v -0.00986475 -0.00023436 -0.00924147
v -0.00986475 0.00316424 -0.00868605
v -0.00986475 0.00205751 -0.00901257
v -0.00986475 0.00091873 -0.00919868
v -0.00986475 0.00422166 -0.00822420
v -0.00986475 0.00521332 -0.00763421
v -0.00986475 0.00612375 -0.00692529
v -0.00986475 0.00693877 -0.00610847
v -0.00986477 0.00901709 -0.00203765
v -0.00986475 0.00869300 -0.00314509
v -0.00986475 0.00823348 -0.00420353
v -0.00986475 0.00764569 -0.00519648
v -0.00986477 0.00920069 -0.00089846
v -0.00986477 0.00924094 0.00025473
v -0.00986477 0.00913722 0.00140394
v -0.00986477 0.00850654 0.00361919
v -0.00986477 0.00889114 0.00253129
v -0.00986477 0.00734780 0.00560977
v -0.00986477 0.00798941 0.00465071
v -0.00986477 0.00659171 0.00648143
v -0.00986477 0.00573293 0.00725211
v -0.00986477 0.00478483 0.00790980
v -0.00986478 0.00376218 0.00844426
v -0.01013533 -0.00248027 -0.00878540
v -0.01013533 -0.00136650 -0.00902595
v -0.01013533 -0.00023143 -0.00912587
v -0.01013533 0.00090724 -0.00908362
v -0.01013533 0.00203177 -0.00889984
v -0.01013533 0.00312466 -0.00857740
v -0.01013533 0.00416886 -0.00812132
v -0.01013533 0.00514810 -0.00753872
v -0.01013533 0.00604715 -0.00683866
v -0.01013533 0.00685198 -0.00603206
v -0.01013533 0.00755005 -0.00513148
v -0.01013534 0.00813050 -0.00415095
v -0.01013534 0.00858427 -0.00310575
v -0.01013534 0.00890430 -0.00201216
v -0.01013534 0.00908560 -0.00088722
v -0.01013534 0.00912535 0.00025154
v -0.01013534 0.00902293 0.00138638
v -0.01013534 0.00877993 0.00249962
v -0.01013534 0.00840014 0.00357392
v -0.01013534 0.00788947 0.00459254
v -0.01013536 0.00725589 0.00553960
v -0.01013536 0.00650926 0.00640036
v -0.01013536 0.00566122 0.00716140
v -0.01013536 0.00472498 0.00781086
v -0.01013536 0.00371512 0.00833863
v 0.00097070 0.00856764 -0.00197277
v 0.00082500 0.00884201 -0.00203594
v 0.00059852 0.00905815 -0.00208571
v 0.00031398 0.00919435 -0.00211707
v 0.00031398 0.00938249 -0.00099338
v 0.00031398 0.00943382 0.00014480
v 0.00031398 0.00934759 0.00128087
v 0.00031398 0.00912504 0.00239825
v 0.00031398 0.00876943 0.00348067
v 0.00031398 0.00828594 0.00451233
v 0.00031398 0.00768163 0.00547819
v 0.00031398 0.00696530 0.00636417
v 0.00031398 0.00614740 0.00715734
v 0.00031398 0.00523985 0.00784614
v 0.00031398 0.00425590 0.00842053
v 0.00031398 0.00320989 0.00887212
v 0.00031398 0.00099338 0.00938249
v 0.00031398 0.00211707 0.00919435
v 0.00031398 -0.00014480 0.00943382
v 0.00031398 -0.00128087 0.00934759
v 0.00031398 -0.00239825 0.00912504
v 0.00031398 -0.00348067 0.00876943
v 0.00031398 -0.00451233 0.00828594
v 0.00031398 -0.00547819 0.00768163
v 0.00031398 -0.00636417 0.00696530
v 0.00031398 -0.00715734 0.00614740
v 0.00031398 -0.00784614 0.00523985
v 0.00031398 -0.00842053 0.00425590
v 0.00059852 0.00924351 -0.00097866
v 0.00059852 0.00929408 0.00014265
v 0.00059852 0.00920912 0.00126189
v 0.00059852 0.00898987 0.00236273
v 0.00059852 0.00863953 0.00342911
v 0.00059852 0.00816320 0.00444549
v 0.00059852 0.00756784 0.00539704
v 0.00059852 0.00686212 0.00626989
v 0.00059852 0.00605634 0.00705131
v 0.00059852 0.00516224 0.00772991
v 0.00059852 0.00419286 0.00829579
v 0.00059852 0.00316234 0.00874070
v 0.00059852 0.00208571 0.00905815
v 0.00059852 0.00097866 0.00924351
v 0.00059852 -0.00014265 0.00929408
v 0.00059852 -0.00126189 0.00920912
v 0.00059852 -0.00236273 0.00898987
v 0.00059852 -0.00342911 0.00863953
v 0.00059852 -0.00444549 0.00816320
v 0.00059852 -0.00539704 0.00756784
v 0.00059852 -0.00626989 0.00686212
v 0.00059852 -0.00705132 0.00605634
v 0.00059852 -0.00772991 0.00516224
v 0.00059852 -0.00829579 0.00419286
v 0.00082500 0.00902294 -0.00095531
v 0.00082500 0.00907231 0.00013925
v 0.00082500 0.00898938 0.00123178
v 0.00082500 0.00877536 0.00230635
v 0.00082500 0.00843338 0.00334729
v 0.00082500 0.00796842 0.00433941
v 0.00082500 0.00738726 0.00526826
v 0.00082500 0.00669838 0.00612028
v 0.00082500 0.00591182 0.00688306
v 0.00082500 0.00503906 0.00754547
v 0.00082500 0.00409281 0.00809784
v 0.00082500 0.00308688 0.00853213
v 0.00082500 0.00203594 0.00884201
v 0.00082500 0.00095531 0.00902294
v 0.00082500 -0.00013925 0.00907231
v 0.00082500 -0.00123178 0.00898938
v 0.00082500 -0.00230635 0.00877536
v 0.00082500 -0.00334729 0.00843338
v 0.00082500 -0.00433941 0.00796842
v 0.00082500 -0.00526826 0.00738726
v 0.00082500 -0.00612028 0.00669838
v 0.00082500 -0.00688306 0.00591182
v 0.00082500 -0.00754547 0.00503906
v 0.00082500 -0.00809784 0.00409281
v 0.00097070 0.00874297 -0.00092567
v 0.00097070 0.00879080 0.00013493
v 0.00097070 0.00871044 0.00119356
v 0.00097070 0.00850306 0.00223478
v 0.00097070 0.00817169 0.00324342
v 0.00097070 0.00772116 0.00420476
v 0.00097070 0.00715803 0.00510479
v 0.00097070 0.00649053 0.00593037
v 0.00097070 0.00572838 0.00666948
v 0.00097070 0.00488270 0.00731133
v 0.00097070 0.00396581 0.00784657
v 0.00097070 0.00299110 0.00826738
v 0.00097070 0.00197277 0.00856764
v 0.00097070 0.00092567 0.00874297
v 0.00097070 -0.00013493 0.00879080
v 0.00097070 -0.00119356 0.00871044
v 0.00097070 -0.00223478 0.00850306
v 0.00097070 -0.00324342 0.00817169
v 0.00097070 -0.00420476 0.00772116
v 0.00097070 -0.00510479 0.00715803
v 0.00097070 -0.00593037 0.00649053
v 0.00097070 -0.00666948 0.00572838
v 0.00097070 -0.00731133 0.00488270
v 0.00097070 -0.00784657 0.00396581
v 0.00100147 -0.00697065 0.00029453
v 0.00100147 -0.00376325 -0.00587490
v 0.00100147 -0.00391997 -0.00577151
v 0.00100147 -0.00692280 0.00086692
v 0.00100147 -0.00587491 0.00376328
v 0.00100147 -0.00554545 0.00423378
v 0.00100147 0.00068032 0.00694365
v 0.00100147 0.00086691 0.00692283
v 0.00100147 -0.00454998 -0.00528907
v 0.00100147 -0.00583985 -0.00381741
v 0.00100147 -0.00524677 -0.00459869
v 0.00100147 -0.00500442 -0.00486130
v 0.00100147 -0.00697596 -0.00011253
v 0.00100147 -0.00689123 -0.00108975
v 0.00100147 -0.00688658 -0.00111879
v 0.00100147 -0.00667029 -0.00204543
v 0.00100147 -0.00651891 -0.00248603
v 0.00100147 -0.00631751 -0.00296068
v 0.00100147 -0.00588280 -0.00375090
v 0.00100147 -0.00528908 0.00455001
v 0.00100147 -0.00459870 0.00524680
v 0.00100147 -0.00204544 0.00667033
v 0.00100147 -0.00212100 0.00664669
v 0.00100147 -0.00296070 0.00631754
v 0.00100147 -0.00341918 0.00608163
v 0.00100147 -0.00381743 0.00583989
v 0.00100147 -0.00457654 0.00526614
v 0.00100147 -0.00011254 0.00697599
v 0.00100147 -0.00073549 0.00693802
v 0.00100147 -0.00108976 0.00689127
v -0.00116262 0.00111833 0.00063558
v -0.00116262 0.00095614 0.00086048
v 0.00034983 0.00102738 0.00238959
v 0.00034983 0.00151562 0.00211390
v 0.00034983 0.00193343 0.00173997
v 0.00034983 0.00226139 0.00128520
v 0.00034983 0.00248428 0.00077070
v 0.00034983 0.00259172 0.00022039
v 0.00034983 0.00257873 -0.00034015
v 0.00034983 0.00244592 -0.00088489
v 0.00034983 0.00219944 -0.00138851
v 0.00034983 0.00185076 -0.00182761
v 0.00034983 0.00141608 -0.00218178
v 0.00034983 0.00091560 -0.00243457
v 0.00034983 0.00037257 -0.00257422
v 0.00034983 -0.00018777 -0.00259425
v 0.00034983 -0.00073938 -0.00249374
v -0.00116262 -0.00009285 -0.00128292
v -0.00116262 -0.00036564 -0.00123321
v -0.00116262 0.00045280 -0.00120395
v -0.00116262 0.00018425 -0.00127302
v -0.00116262 0.00091526 -0.00090380
v -0.00116262 0.00070030 -0.00107894
v -0.00116262 0.00127526 -0.00016820
v -0.00116262 0.00120958 -0.00043759
v -0.00116262 0.00108769 -0.00068665
v -0.00116262 0.00128169 0.00010900
v -0.00116262 0.00122855 0.00038115
v -0.00116262 0.00074952 0.00104540
v -0.00116262 0.00050808 0.00118174
v -0.00066626 0.00057348 0.00133387
v -0.00022984 0.00068751 0.00159908
v 0.00011678 0.00084234 0.00195920
v 0.00011678 0.00124264 0.00173316
v 0.00011678 0.00158519 0.00142659
v 0.00011678 0.00185409 0.00105372
v 0.00011678 0.00203683 0.00063189
v 0.00011678 0.00212492 0.00018070
v 0.00011678 0.00211427 -0.00027888
v 0.00011678 0.00200538 -0.00072551
v 0.00011678 0.00180329 -0.00113842
v 0.00011678 0.00151742 -0.00149843
v 0.00011678 0.00116103 -0.00178881
v 0.00011678 0.00075069 -0.00199606
v 0.00011678 0.00030547 -0.00211057
v 0.00011678 -0.00015395 -0.00212699
v 0.00011678 -0.00060621 -0.00204458
v -0.00022984 0.00101423 0.00141459
v -0.00022984 0.00129381 0.00116436
v -0.00022984 0.00151328 0.00086004
v -0.00022984 0.00166243 0.00051575
v -0.00022984 0.00173433 0.00014749
v -0.00022984 0.00172564 -0.00022762
v -0.00022984 0.00163676 -0.00059215
v -0.00022984 0.00147183 -0.00092916
v -0.00022984 0.00123850 -0.00122299
v -0.00022984 0.00094762 -0.00146000
v -0.00022984 0.00061271 -0.00162916
v -0.00022984 0.00024932 -0.00172261
v -0.00022984 -0.00012565 -0.00173602
v -0.00022984 -0.00049478 -0.00166875
v -0.00066626 0.00084602 0.00117998
v -0.00066626 0.00107923 0.00097126
v -0.00066626 0.00126230 0.00071740
v -0.00066626 0.00138672 0.00043021
v -0.00066626 0.00144669 0.00012303
v -0.00066626 0.00143944 -0.00018986
v -0.00066626 0.00136530 -0.00049393
v -0.00066626 0.00122772 -0.00077505
v -0.00066626 0.00103309 -0.00102015
v -0.00066626 0.00079045 -0.00121785
v -0.00066626 0.00051109 -0.00135895
v -0.00066626 0.00020797 -0.00143691
v -0.00066626 -0.00010481 -0.00144809
v -0.00066626 -0.00041272 -0.00139198
f 1 2 3
f 4 5 6
f 7 4 8
f 9 7 10
f 11 9 12
f 13 11 14
f 15 16 14
f 14 16 17
f 14 17 13
f 18 19 15
f 15 19 20
f 15 20 16
f 21 22 18
f 18 22 23
f 18 23 19
f 24 25 21
f 21 25 26
f 21 26 22
f 27 28 24
f 24 28 29
f 24 29 25
f 30 31 27
f 27 31 32
f 27 32 28
f 33 34 35
f 35 34 36
f 35 36 30
f 30 36 37
f 30 37 31
f 33 35 38
f 38 35 39
f 38 39 40
f 40 39 41
f 40 41 42
f 42 41 43
f 43 41 44
f 43 44 45
f 45 44 46
f 46 44 47
f 46 47 48
f 48 47 49
f 49 47 50
f 49 50 51
f 51 50 52
f 52 50 53
f 52 53 54
f 54 53 55
f 55 53 56
f 55 56 57
f 57 56 58
f 57 58 59
f 60 61 62
f 62 61 63
f 62 63 64
f 65 66 67
f 67 66 68
f 67 68 60
f 60 68 69
f 60 69 61
f 70 71 72
f 72 71 73
f 72 73 65
f 65 73 74
f 65 74 66
f 75 76 77
f 77 76 78
f 77 78 79
f 79 78 80
f 79 80 70
f 70 80 81
f 70 81 71
f 82 83 75
f 75 83 84
f 75 84 76
f 75 85 82
f 82 85 86
f 82 86 87
f 2 1 86
f 86 1 88
f 86 88 87
f 89 90 3
f 3 90 91
f 3 91 1
f 3 92 89
f 89 92 6
f 89 6 93
f 93 6 5
f 93 5 94
f 11 12 14
f 14 12 95
f 14 95 15
f 15 95 96
f 15 96 18
f 18 96 97
f 18 97 21
f 21 97 98
f 21 98 24
f 24 98 99
f 24 99 27
f 27 99 100
f 27 100 30
f 30 100 101
f 30 101 35
f 35 101 102
f 35 102 39
f 39 102 103
f 39 103 41
f 41 103 104
f 41 104 44
f 44 104 105
f 44 105 47
f 47 105 106
f 47 106 50
f 50 106 107
f 50 107 53
f 53 107 108
f 53 108 56
f 56 108 109
f 56 109 58
f 9 10 12
f 12 10 110
f 12 110 95
f 95 110 111
f 95 111 96
f 96 111 112
f 96 112 97
f 97 112 113
f 97 113 98
f 98 113 114
f 98 114 99
f 99 114 115
f 99 115 100
f 100 115 116
f 100 116 101
f 101 116 117
f 101 117 102
f 102 117 118
f 102 118 103
f 103 118 119
f 103 119 104
f 104 119 120
f 104 120 105
f 105 120 121
f 105 121 106
f 106 121 122
f 106 122 107
f 107 122 123
f 107 123 108
f 108 123 124
f 108 124 109
f 7 8 10
f 10 8 125
f 10 125 110
f 110 125 126
f 110 126 111
f 111 126 127
f 111 127 112
f 112 127 128
f 112 128 113
f 113 128 129
f 113 129 114
f 114 129 130
f 114 130 115
f 115 130 131
f 115 131 116
f 116 131 132
f 116 132 117
f 117 132 133
f 117 133 118
f 118 133 134
f 118 134 119
f 119 134 135
f 119 135 120
f 120 135 136
f 120 136 121
f 121 136 137
f 121 137 122
f 122 137 138
f 122 138 123
f 123 138 139
f 123 139 124
f 4 6 8
f 8 6 92
f 8 92 125
f 125 92 3
f 125 3 126
f 126 3 2
f 126 2 127
f 127 2 86
f 127 86 128
f 128 86 85
f 128 85 129
f 129 85 75
f 129 75 130
f 130 75 77
f 130 77 131
f 131 77 79
f 131 79 132
f 132 79 70
f 132 70 133
f 133 70 72
f 133 72 134
f 134 72 65
f 134 65 135
f 135 65 67
f 135 67 136
f 136 67 60
f 136 60 137
f 137 60 62
f 137 62 138
f 138 62 64
f 138 64 139
f 140 141 142
f 143 144 145
f 146 147 148
f 143 145 148
f 148 145 149
f 148 149 146
f 150 151 152
f 152 151 153
f 152 153 154
f 155 59 156
f 156 59 157
f 156 157 158
f 158 157 152
f 158 152 159
f 159 152 154
f 160 141 161
f 161 141 162
f 161 162 163
f 163 162 164
f 163 164 165
f 160 166 141
f 141 166 167
f 141 167 142
f 167 168 142
f 142 168 169
f 142 169 170
f 170 171 142
f 142 171 172
f 142 172 173
f 173 172 174
f 165 164 175
f 175 164 176
f 175 176 177
f 177 176 178
f 177 178 179
f 180 181 182
f 183 184 185
f 180 182 185
f 185 182 186
f 185 186 183
f 187 188 189
f 188 190 189
f 189 190 191
f 189 191 192
f 179 178 192
f 192 178 193
f 192 193 189
f 194 195 196
f 196 195 197
f 197 198 196
f 196 198 199
f 196 199 200
f 201 202 203
f 203 202 204
f 204 205 203
f 203 205 206
f 203 206 207
f 207 206 208
f 196 209 194
f 194 209 13
f 194 13 210
f 211 212 213
f 213 212 148
f 213 148 152
f 152 148 147
f 152 147 150
f 214 215 216
f 216 215 217
f 216 217 211
f 211 217 218
f 211 218 212
f 142 219 140
f 140 219 220
f 140 220 221
f 221 220 222
f 221 222 223
f 223 222 224
f 223 224 225
f 225 224 226
f 225 226 227
f 227 226 228
f 227 228 214
f 214 228 229
f 214 229 215
f 184 187 185
f 185 187 189
f 185 189 230
f 230 189 231
f 230 231 232
f 232 231 233
f 234 235 236
f 236 235 237
f 236 237 238
f 238 237 239
f 238 239 240
f 240 239 241
f 240 241 242
f 242 241 243
f 242 243 233
f 233 243 244
f 233 244 232
f 200 201 196
f 196 201 203
f 196 203 245
f 245 203 246
f 245 246 247
f 247 246 248
f 247 248 234
f 234 248 249
f 234 249 235
f 250 251 252
f 251 253 254
f 253 255 256
f 255 257 258
f 257 259 260
f 257 260 258
f 258 260 261
f 258 261 262
f 261 263 262
f 262 263 264
f 262 264 265
f 264 266 265
f 265 266 267
f 265 267 268
f 268 267 269
f 268 269 270
f 270 269 271
f 270 271 272
f 272 271 273
f 273 274 272
f 272 274 275
f 272 275 276
f 276 275 277
f 276 277 278
f 278 277 279
f 278 279 280
f 280 279 281
f 282 283 284
f 284 283 285
f 284 285 286
f 286 285 287
f 286 287 288
f 288 287 289
f 288 289 290
f 290 289 280
f 290 280 291
f 291 280 281
f 292 293 282
f 282 293 294
f 282 294 283
f 292 295 293
f 293 295 296
f 293 296 297
f 297 296 298
f 297 298 299
f 299 298 300
f 299 300 301
f 300 302 301
f 301 302 303
f 301 303 304
f 303 305 304
f 304 305 306
f 304 306 307
f 307 306 308
f 307 308 309
f 309 308 310
f 309 310 311
f 311 310 312
f 312 313 311
f 311 313 314
f 311 314 315
f 315 314 316
f 315 316 317
f 317 316 318
f 317 318 319
f 319 318 320
f 320 321 319
f 319 321 322
f 319 322 323
f 255 258 256
f 256 258 262
f 256 262 324
f 324 262 265
f 324 265 325
f 325 265 268
f 325 268 326
f 326 268 270
f 326 270 327
f 327 270 272
f 327 272 328
f 328 272 276
f 328 276 329
f 329 276 278
f 329 278 330
f 330 278 280
f 330 280 331
f 331 280 289
f 331 289 332
f 332 289 287
f 332 287 333
f 333 287 285
f 333 285 334
f 334 285 283
f 334 283 335
f 335 283 294
f 335 294 336
f 336 294 293
f 336 293 337
f 337 293 297
f 337 297 338
f 338 297 299
f 338 299 339
f 339 299 301
f 339 301 340
f 340 301 304
f 340 304 341
f 341 304 307
f 341 307 342
f 342 307 309
f 342 309 343
f 343 309 311
f 343 311 344
f 344 311 315
f 344 315 345
f 345 315 317
f 345 317 346
f 346 317 319
f 346 319 347
f 347 319 323
f 347 323 348
f 253 256 254
f 254 256 324
f 254 324 349
f 349 324 325
f 349 325 350
f 350 325 326
f 350 326 351
f 351 326 327
f 351 327 352
f 352 327 328
f 352 328 353
f 353 328 329
f 353 329 354
f 354 329 330
f 354 330 355
f 355 330 331
f 355 331 356
f 356 331 332
f 356 332 357
f 357 332 333
f 357 333 358
f 358 333 334
f 358 334 359
f 359 334 335
f 359 335 360
f 360 335 336
f 360 336 361
f 361 336 337
f 361 337 362
f 362 337 338
f 362 338 363
f 363 338 339
f 363 339 364
f 364 339 340
f 364 340 365
f 365 340 341
f 365 341 366
f 366 341 342
f 366 342 367
f 367 342 343
f 367 343 368
f 368 343 344
f 368 344 369
f 369 344 345
f 369 345 370
f 370 345 346
f 370 346 371
f 371 346 347
f 371 347 372
f 372 347 348
f 372 348 373
f 251 254 252
f 252 254 349
f 252 349 374
f 374 349 350
f 374 350 375
f 375 350 351
f 375 351 376
f 376 351 352
f 376 352 377
f 377 352 353
f 377 353 378
f 378 353 354
f 378 354 379
f 379 354 355
f 379 355 380
f 380 355 356
f 380 356 381
f 381 356 357
f 381 357 382
f 382 357 358
f 382 358 383
f 383 358 359
f 383 359 384
f 384 359 360
f 384 360 385
f 385 360 361
f 385 361 386
f 386 361 362
f 386 362 387
f 387 362 363
f 387 363 388
f 388 363 364
f 388 364 389
f 389 364 365
f 389 365 390
f 390 365 366
f 390 366 391
f 391 366 367
f 391 367 392
f 392 367 368
f 392 368 393
f 393 368 369
f 393 369 394
f 394 369 370
f 394 370 395
f 395 370 371
f 395 371 396
f 396 371 372
f 396 372 397
f 397 372 373
f 397 373 398
f 250 252 399
f 399 252 374
f 399 374 400
f 400 374 375
f 400 375 401
f 401 375 376
f 401 376 402
f 402 376 377
f 402 377 403
f 403 377 378
f 403 378 404
f 404 378 379
f 404 379 405
f 405 379 380
f 405 380 406
f 406 380 381
f 406 381 407
f 407 381 382
f 407 382 408
f 408 382 383
f 408 383 409
f 409 383 384
f 409 384 410
f 410 384 385
f 410 385 411
f 411 385 386
f 411 386 412
f 412 386 387
f 412 387 413
f 413 387 388
f 413 388 414
f 414 388 389
f 414 389 415
f 415 389 390
f 415 390 416
f 416 390 391
f 416 391 417
f 417 391 392
f 417 392 418
f 418 392 393
f 418 393 419
f 419 393 394
f 419 394 420
f 420 394 395
f 420 395 421
f 421 395 396
f 421 396 422
f 422 396 397
f 422 397 423
f 423 397 398
f 423 398 424
f 425 426 427
f 428 429 426
f 430 431 429
f 429 428 430
f 430 428 432
f 430 432 433
f 434 435 436
f 436 435 437
f 436 437 438
f 438 437 439
f 438 439 440
f 440 439 441
f 440 441 442
f 442 441 443
f 442 443 432
f 432 443 444
f 432 444 433
f 434 436 445
f 445 436 446
f 445 446 447
f 447 446 448
f 447 448 449
f 449 448 450
f 449 450 451
f 452 453 454
f 454 453 455
f 454 455 456
f 456 455 457
f 456 457 458
f 458 457 459
f 458 459 450
f 450 459 460
f 450 460 451
f 452 454 461
f 461 454 462
f 461 462 463
f 463 462 464
f 463 464 465
f 465 464 466
f 465 466 467
f 468 469 470
f 470 469 471
f 470 471 472
f 472 471 473
f 472 473 474
f 474 473 475
f 474 475 466
f 466 475 476
f 466 476 467
f 468 470 477
f 477 470 478
f 477 478 479
f 479 478 480
f 479 480 481
f 481 480 482
f 481 482 483
f 483 482 484
f 483 484 485
f 486 487 488
f 488 487 489
f 488 489 490
f 490 489 491
f 490 491 484
f 484 491 492
f 484 492 485
f 493 494 495
f 496 497 493
f 498 499 500
f 500 499 501
f 500 501 502
f 502 501 503
f 502 503 496
f 496 503 504
f 496 504 497
f 497 504 505
f 498 500 506
f 506 500 507
f 506 507 508
f 508 507 509
f 508 509 510
f 510 509 511
f 510 511 512
f 512 511 513
f 513 511 514
f 513 514 515
f 516 517 518
f 518 517 519
f 518 519 520
f 520 519 521
f 520 521 522
f 522 521 523
f 522 523 514
f 514 523 524
f 514 524 515
f 516 518 525
f 525 518 526
f 525 526 527
f 527 526 528
f 527 528 529
f 529 528 530
f 529 530 531
f 531 530 532
f 531 532 533
f 534 535 536
f 536 535 537
f 536 537 538
f 538 537 539
f 538 539 540
f 540 539 541
f 540 541 532
f 532 541 542
f 532 542 533
f 534 536 543
f 543 536 544
f 543 544 545
f 545 544 546
f 545 546 547
f 547 546 548
f 548 546 549
f 548 549 550
f 550 549 551
f 550 551 552
f 553 554 555
f 555 554 556
f 555 556 557
f 557 556 558
f 557 558 551
f 551 558 559
f 551 559 552
f 427 560 425
f 425 560 561
f 425 561 553
f 553 561 562
f 553 562 554
f 426 563 428
f 428 563 564
f 428 564 432
f 432 564 565
f 432 565 442
f 442 565 566
f 442 566 440
f 440 566 567
f 440 567 438
f 438 567 568
f 438 568 436
f 436 568 569
f 436 569 446
f 446 569 570
f 446 570 448
f 448 570 571
f 448 571 450
f 450 571 572
f 450 572 458
f 458 572 573
f 458 573 456
f 456 573 574
f 456 574 454
f 454 574 575
f 454 575 462
f 462 575 576
f 462 576 464
f 464 576 577
f 464 577 466
f 466 577 578
f 466 578 474
f 474 578 579
f 474 579 472
f 472 579 580
f 472 580 470
f 470 580 581
f 470 581 478
f 478 581 582
f 478 582 480
f 480 582 583
f 480 583 482
f 482 583 584
f 482 584 484
f 484 584 585
f 484 585 490
f 490 585 586
f 490 586 488
f 488 586 587
f 488 587 486
f 426 425 563
f 563 425 553
f 563 553 564
f 564 553 555
f 564 555 565
f 565 555 557
f 565 557 566
f 566 557 551
f 566 551 567
f 567 551 549
f 567 549 568
f 568 549 546
f 568 546 569
f 569 546 544
f 569 544 570
f 570 544 536
f 570 536 571
f 571 536 538
f 571 538 572
f 572 538 540
f 572 540 573
f 573 540 532
f 573 532 574
f 574 532 530
f 574 530 575
f 575 530 528
f 575 528 576
f 576 528 526
f 576 526 577
f 577 526 518
f 577 518 578
f 578 518 520
f 578 520 579
f 579 520 522
f 579 522 580
f 580 522 514
f 580 514 581
f 581 514 511
f 581 511 582
f 582 511 509
f 582 509 583
f 583 509 507
f 583 507 584
f 584 507 500
f 584 500 585
f 585 500 502
f 585 502 586
f 586 502 496
f 586 496 587
f 587 496 493
f 587 493 486
f 486 493 495
f 486 495 487
f 506 508 588
f 589 590 505
f 560 427 284
f 284 286 560
f 560 286 288
f 560 288 561
f 290 556 554
f 290 554 288
f 288 554 562
f 288 562 561
f 591 513 592
f 592 513 515
f 556 290 558
f 558 290 291
f 558 291 559
f 559 291 281
f 559 281 552
f 552 281 279
f 552 279 550
f 550 279 277
f 550 277 548
f 548 277 275
f 548 275 547
f 547 275 274
f 547 274 545
f 545 274 273
f 545 273 543
f 543 273 271
f 543 271 534
f 534 271 269
f 534 269 535
f 535 269 267
f 535 267 537
f 537 267 266
f 537 266 539
f 539 266 264
f 539 264 541
f 541 264 263
f 541 263 542
f 542 263 261
f 542 261 533
f 533 261 260
f 533 260 531
f 531 260 259
f 531 259 529
f 529 259 593
f 529 593 527
f 527 593 594
f 527 594 525
f 525 594 595
f 525 595 516
f 516 595 596
f 516 596 517
f 517 596 597
f 517 597 519
f 519 597 598
f 519 598 521
f 521 598 599
f 521 599 523
f 523 599 600
f 523 600 524
f 524 600 601
f 524 601 515
f 515 601 602
f 515 602 592
f 588 508 603
f 603 508 510
f 603 510 591
f 591 510 512
f 591 512 513
f 505 504 589
f 589 504 503
f 589 503 604
f 604 503 501
f 604 501 605
f 605 501 499
f 605 499 606
f 606 499 498
f 606 498 607
f 607 498 506
f 607 506 608
f 608 506 588
f 609 610 611
f 612 613 614
f 615 616 617
f 618 619 620
f 621 622 623
f 624 625 626
f 627 628 629
f 630 631 632
f 633 634 635
f 636 637 638
f 639 640 641
f 639 641 642
f 633 635 643
f 630 632 644
f 623 645 646
f 646 645 647
f 646 647 641
f 641 647 648
f 641 648 642
f 649 650 651
f 651 650 652
f 651 652 632
f 632 652 653
f 632 653 644
f 624 626 654
f 655 654 645
f 645 654 626
f 645 626 647
f 647 626 656
f 647 656 648
f 648 656 657
f 648 657 642
f 642 657 658
f 623 622 645
f 645 622 659
f 645 659 655
f 660 661 662
f 662 661 663
f 663 621 662
f 662 621 623
f 662 623 664
f 664 623 646
f 664 646 665
f 665 646 641
f 665 641 666
f 666 641 640
f 619 660 620
f 620 660 662
f 620 662 667
f 667 662 664
f 667 664 638
f 638 664 665
f 638 665 636
f 636 665 666
f 668 669 670
f 670 669 671
f 671 618 670
f 670 618 620
f 670 620 672
f 672 620 667
f 672 667 673
f 673 667 638
f 673 638 674
f 674 638 637
f 616 668 617
f 617 668 670
f 617 670 675
f 675 670 672
f 675 672 676
f 676 672 673
f 676 673 677
f 677 673 674
f 677 643 676
f 676 643 635
f 676 635 675
f 675 635 678
f 675 678 617
f 617 678 679
f 617 679 615
f 680 681 679
f 679 681 682
f 679 682 615
f 683 680 650
f 650 680 679
f 650 679 652
f 652 679 678
f 652 678 653
f 653 678 635
f 653 635 644
f 644 635 634
f 684 685 649
f 649 685 686
f 649 686 650
f 650 686 687
f 650 687 683
f 613 684 614
f 614 684 649
f 614 649 688
f 688 649 651
f 688 651 689
f 689 651 632
f 689 632 690
f 690 632 631
f 610 612 611
f 611 612 614
f 611 614 691
f 691 614 688
f 691 688 629
f 629 688 689
f 629 689 627
f 627 689 690
f 692 693 694
f 694 609 692
f 692 609 611
f 692 611 695
f 695 611 691
f 695 691 696
f 696 691 629
f 696 629 697
f 697 629 628
f 698 625 699
f 699 625 624
f 699 624 700
f 700 624 654
f 700 654 701
f 701 654 702
f 489 703 491
f 491 703 704
f 491 704 492
f 704 705 492
f 492 705 706
f 492 706 707
f 659 708 655
f 655 708 709
f 655 709 654
f 654 709 710
f 654 710 702
f 711 712 489
f 489 712 713
f 713 714 489
f 489 714 715
f 489 715 703
f 711 489 716
f 716 489 487
f 716 487 717
f 717 487 495
f 717 495 718
f 718 495 494
f 718 494 719
f 707 708 492
f 492 708 659
f 492 659 485
f 485 659 622
f 485 622 483
f 483 622 621
f 483 621 481
f 481 621 663
f 481 663 479
f 479 663 477
f 477 663 661
f 477 661 468
f 468 661 660
f 468 660 469
f 469 660 619
f 469 619 471
f 471 619 473
f 473 619 618
f 473 618 475
f 475 618 671
f 475 671 476
f 671 720 721
f 722 723 476
f 721 724 671
f 671 724 725
f 671 725 476
f 476 725 726
f 476 726 722
f 723 727 476
f 476 727 728
f 476 728 729
f 729 730 476
f 476 730 731
f 476 731 467
f 467 731 732
f 467 732 465
f 465 732 463
f 463 732 733
f 463 733 734
f 734 735 463
f 463 735 736
f 463 736 461
f 737 452 738
f 738 452 461
f 738 461 739
f 739 461 736
f 740 741 457
f 737 742 452
f 452 742 743
f 452 743 453
f 453 743 740
f 453 740 455
f 455 740 457
f 741 744 457
f 457 744 745
f 457 745 746
f 746 747 457
f 457 747 748
f 457 748 749
f 750 751 681
f 681 751 752
f 681 752 753
f 753 754 681
f 681 754 755
f 681 755 682
f 682 755 615
f 749 750 457
f 457 750 681
f 457 681 459
f 459 681 680
f 687 449 683
f 683 449 451
f 683 451 680
f 680 451 460
f 680 460 459
f 684 435 685
f 685 435 434
f 685 434 686
f 686 434 445
f 686 445 687
f 687 445 447
f 687 447 449
f 612 441 613
f 613 441 439
f 613 439 684
f 684 439 437
f 684 437 435
f 609 756 610
f 610 756 757
f 610 757 612
f 612 757 441
f 441 757 758
f 441 758 759
f 760 761 444
f 760 444 762
f 759 763 441
f 441 763 764
f 441 764 443
f 443 764 765
f 443 765 444
f 444 765 766
f 444 766 762
f 761 767 444
f 444 767 768
f 444 768 433
f 433 768 769
f 433 769 430
f 430 769 770
f 770 771 430
f 430 771 772
f 430 772 431
f 773 774 609
f 609 774 775
f 609 775 776
f 776 777 609
f 609 777 778
f 609 778 756
f 609 694 773
f 773 694 693
f 773 693 779
f 780 781 668
f 668 781 782
f 668 782 669
f 669 782 783
f 669 783 671
f 671 783 784
f 671 784 720
f 755 785 615
f 615 785 786
f 615 786 787
f 780 668 787
f 787 668 616
f 787 616 615
f 788 789 790
f 790 791 788
f 788 791 792
f 788 792 793
f 793 792 794
f 794 795 793
f 793 795 796
f 793 796 797
f 798 799 800
f 800 799 801
f 800 801 797
f 797 801 802
f 797 802 793
f 803 186 804
f 804 186 182
f 800 805 798
f 798 805 804
f 798 804 181
f 181 804 182
f 803 806 186
f 186 806 807
f 186 807 183
f 183 807 184
f 184 807 808
f 184 808 187
f 191 190 809
f 809 810 191
f 191 810 811
f 191 811 812
f 808 813 187
f 187 813 809
f 187 809 188
f 188 809 190
f 814 179 812
f 812 179 192
f 812 192 191
f 815 175 816
f 816 175 177
f 816 177 817
f 817 177 179
f 817 179 818
f 818 179 814
f 768 767 819
f 820 821 772
f 772 771 820
f 820 771 770
f 820 770 819
f 819 770 769
f 819 769 768
f 822 823 761
f 761 823 824
f 761 824 767
f 767 824 825
f 767 825 819
f 761 760 822
f 822 760 762
f 822 762 826
f 826 762 827
f 827 762 828
f 828 762 766
f 828 766 765
f 765 764 828
f 828 764 763
f 828 763 829
f 829 763 830
f 830 763 759
f 830 759 831
f 832 833 757
f 757 756 832
f 832 756 778
f 832 778 777
f 759 758 831
f 831 758 757
f 831 757 834
f 834 757 833
f 776 835 777
f 777 835 836
f 777 836 832
f 779 210 773
f 773 210 837
f 773 837 774
f 774 837 835
f 774 835 775
f 775 835 776
f 838 839 739
f 739 736 838
f 838 736 735
f 838 735 840
f 840 735 734
f 734 733 840
f 840 733 732
f 840 732 731
f 841 842 730
f 730 842 843
f 730 843 731
f 731 843 844
f 731 844 840
f 727 845 728
f 728 845 846
f 730 729 841
f 841 729 728
f 841 728 847
f 847 728 846
f 727 723 845
f 845 723 722
f 845 722 848
f 848 722 849
f 849 722 726
f 849 726 850
f 851 852 724
f 724 721 851
f 851 721 720
f 851 720 784
f 726 725 850
f 850 725 724
f 850 724 853
f 853 724 852
f 783 854 784
f 784 854 855
f 784 855 851
f 787 856 780
f 780 856 857
f 780 857 781
f 781 857 854
f 781 854 782
f 782 854 783
f 858 859 860
f 861 862 719
f 719 863 861
f 861 863 864
f 861 864 860
f 860 864 865
f 860 865 858
f 866 867 868
f 868 867 869
f 868 869 859
f 859 869 870
f 859 870 860
f 868 871 866
f 866 871 872
f 866 872 144
f 144 872 145
f 145 872 149
f 149 872 873
f 149 873 874
f 874 875 149
f 149 875 876
f 149 876 146
f 146 876 147
f 147 876 877
f 147 877 150
f 154 153 878
f 878 879 154
f 154 879 880
f 154 880 881
f 877 882 150
f 150 882 878
f 150 878 151
f 151 878 153
f 883 158 881
f 881 158 159
f 881 159 154
f 698 155 884
f 884 155 156
f 884 156 885
f 885 156 158
f 885 158 886
f 886 158 883
f 887 888 889
f 889 888 890
f 887 891 888
f 888 891 892
f 888 892 893
f 893 892 894
f 893 894 895
f 895 894 896
f 895 896 897
f 897 896 898
f 897 898 899
f 899 898 900
f 899 900 901
f 901 900 697
f 901 697 94
f 890 902 889
f 889 902 903
f 889 903 904
f 904 903 905
f 63 658 906
f 906 658 907
f 905 908 904
f 904 908 909
f 904 909 910
f 910 909 911
f 910 911 912
f 912 911 913
f 912 913 914
f 914 913 915
f 914 915 916
f 916 915 917
f 916 917 918
f 918 917 919
f 918 919 920
f 920 919 921
f 920 921 922
f 922 921 923
f 922 923 907
f 907 923 924
f 907 924 906
f 674 73 677
f 677 73 71
f 674 637 73
f 73 637 636
f 73 636 74
f 74 636 666
f 74 666 66
f 66 666 640
f 66 640 68
f 68 640 639
f 68 639 69
f 69 639 642
f 69 642 61
f 61 642 658
f 61 658 63
f 71 81 677
f 677 81 80
f 677 80 643
f 643 80 78
f 94 697 93
f 93 697 628
f 78 76 643
f 643 76 84
f 643 84 633
f 633 84 83
f 633 83 634
f 634 83 82
f 634 82 644
f 644 82 87
f 644 87 630
f 630 87 88
f 630 88 631
f 631 88 1
f 631 1 690
f 690 1 91
f 690 91 627
f 627 91 90
f 627 90 628
f 628 90 89
f 628 89 93
f 700 925 699
f 699 925 155
f 699 155 698
f 702 926 701
f 701 926 927
f 701 927 700
f 700 927 928
f 700 928 925
f 702 710 926
f 926 710 709
f 926 709 929
f 929 709 708
f 929 708 930
f 930 708 931
f 931 708 707
f 931 707 932
f 932 707 933
f 933 707 706
f 933 706 934
f 934 706 705
f 934 705 704
f 714 935 936
f 704 703 934
f 934 703 715
f 934 715 937
f 937 715 714
f 937 714 938
f 938 714 936
f 714 713 935
f 935 713 712
f 935 712 939
f 939 712 711
f 939 711 940
f 940 711 716
f 940 716 941
f 941 716 717
f 941 717 942
f 942 717 718
f 942 718 943
f 943 718 719
f 943 719 862
f 785 944 786
f 786 944 856
f 786 856 787
f 754 945 755
f 755 945 946
f 755 946 785
f 785 946 947
f 785 947 944
f 751 948 752
f 752 948 945
f 752 945 753
f 753 945 754
f 748 949 749
f 749 949 950
f 749 950 750
f 950 951 750
f 750 951 952
f 750 952 751
f 751 952 953
f 751 953 948
f 745 954 955
f 748 747 949
f 949 747 746
f 949 746 956
f 956 746 745
f 956 745 957
f 957 745 955
f 745 744 954
f 954 744 741
f 954 741 958
f 958 741 740
f 958 740 959
f 740 743 959
f 959 743 742
f 959 742 960
f 960 742 737
f 960 737 961
f 961 737 738
f 961 738 962
f 962 738 739
f 962 739 839
f 963 194 964
f 964 194 210
f 964 210 779
f 965 198 966
f 966 198 197
f 966 197 963
f 963 197 195
f 963 195 194
f 965 967 198
f 198 967 968
f 198 968 199
f 199 968 969
f 199 969 200
f 200 969 201
f 201 969 970
f 201 970 202
f 202 970 204
f 204 970 971
f 204 971 205
f 205 971 972
f 205 972 973
f 974 975 976
f 973 977 205
f 205 977 978
f 205 978 206
f 206 978 974
f 206 974 208
f 208 974 976
f 974 979 975
f 975 979 980
f 975 980 981
f 981 980 982
f 981 982 983
f 983 982 984
f 983 984 985
f 985 984 986
f 985 986 987
f 987 986 988
f 987 988 989
f 989 988 772
f 989 772 821
f 990 165 991
f 991 165 175
f 991 175 815
f 992 160 993
f 993 160 161
f 993 161 990
f 990 161 163
f 990 163 165
f 994 166 995
f 995 166 160
f 995 160 996
f 996 160 992
f 997 171 998
f 998 171 170
f 998 170 999
f 170 169 999
f 999 169 168
f 999 168 994
f 994 168 167
f 994 167 166
f 1000 1001 1002
f 997 1003 171
f 171 1003 1004
f 171 1004 172
f 172 1004 1000
f 172 1000 174
f 174 1000 1002
f 1000 1005 1001
f 1001 1005 1006
f 1001 1006 1007
f 1007 1006 1008
f 1007 1008 1009
f 1008 1010 1009
f 1009 1010 1011
f 1009 1011 1012
f 1012 1011 1013
f 1012 1013 1014
f 1014 1013 1015
f 1014 1015 1016
f 1016 1015 790
f 1016 790 789
f 250 399 961
f 400 959 399
f 399 959 960
f 399 960 961
f 1017 1018 942
f 424 1019 1014
f 411 412 987
f 1020 940 1018
f 1018 940 941
f 1018 941 942
f 1021 1009 1019
f 1019 1009 1012
f 1019 1012 1014
f 413 983 412
f 412 983 985
f 412 985 987
f 987 989 411
f 411 989 821
f 411 821 410
f 410 821 820
f 410 820 409
f 409 820 819
f 409 819 825
f 958 959 1022
f 1022 959 400
f 1022 400 1023
f 1023 400 401
f 1023 401 1024
f 1024 401 402
f 1024 402 1025
f 1025 402 403
f 1025 403 1026
f 1014 1016 424
f 424 1016 789
f 424 789 423
f 423 789 788
f 423 788 422
f 422 788 793
f 422 793 802
f 961 962 250
f 250 962 839
f 250 839 1027
f 1027 839 838
f 1027 838 1028
f 1028 838 840
f 1028 840 844
f 942 943 1017
f 1017 943 862
f 1017 862 1029
f 1029 862 861
f 1029 861 1030
f 1030 861 860
f 1030 860 870
f 1007 1009 1031
f 1031 1009 1021
f 1031 1021 1032
f 1032 1021 1033
f 1032 1033 1034
f 1034 1033 1035
f 1034 1035 1036
f 802 801 422
f 422 801 1037
f 422 1037 421
f 421 1037 1038
f 421 1038 420
f 420 1038 1039
f 420 1039 419
f 419 1039 1040
f 419 1040 418
f 418 1040 1041
f 418 1041 417
f 417 1041 1042
f 981 983 1043
f 1043 983 413
f 1043 413 1044
f 1044 413 414
f 1044 414 1045
f 1045 414 415
f 1045 415 1042
f 1042 415 416
f 1042 416 417
f 825 824 409
f 409 824 1046
f 409 1046 408
f 408 1046 1047
f 408 1047 407
f 407 1047 1048
f 407 1048 406
f 406 1048 1049
f 406 1049 405
f 405 1049 1026
f 405 1026 404
f 404 1026 403
f 1050 1051 1052
f 1052 1051 1053
f 1052 1053 1054
f 1054 1053 1055
f 1054 1055 1056
f 1056 1055 1057
f 1056 1057 1058
f 1058 1057 1028
f 1058 1028 843
f 843 1028 844
f 939 940 1059
f 1059 940 1020
f 1059 1020 1060
f 1060 1020 1061
f 1060 1061 1062
f 1062 1061 1063
f 1062 1063 1064
f 1064 1063 1065
f 1064 1065 1050
f 1050 1065 1066
f 1050 1066 1051
f 1035 1067 1036
f 1036 1067 1068
f 1036 1068 1069
f 1069 1068 1070
f 1069 1070 1071
f 1071 1070 1072
f 1071 1072 1073
f 1073 1072 1074
f 1073 1074 1075
f 1075 1074 1076
f 1075 1076 1077
f 1077 1076 1030
f 1077 1030 869
f 869 1030 870
f 779 693 1078
f 990 991 1079
f 1079 991 815
f 1079 815 1080
f 1080 815 1081
f 1008 1006 1082
f 1006 1005 1082
f 1082 1005 1000
f 1082 1000 1004
f 1004 1003 1082
f 1082 1003 997
f 1082 997 998
f 995 1083 994
f 994 1083 999
f 995 996 1083
f 1083 996 992
f 1083 992 993
f 990 1079 993
f 993 1079 1084
f 993 1084 1083
f 792 791 1085
f 1085 791 1086
f 1013 1087 1015
f 1015 1087 1086
f 1015 1086 790
f 790 1086 791
f 1082 1088 1008
f 1008 1088 1089
f 1008 1089 1010
f 1010 1089 1087
f 1010 1087 1011
f 1011 1087 1013
f 812 811 1090
f 815 816 1081
f 1081 816 817
f 1081 817 1091
f 1091 817 818
f 1091 818 1090
f 1090 818 814
f 1090 814 812
f 811 810 1090
f 1090 810 809
f 1090 809 813
f 806 1092 807
f 807 1092 808
f 806 803 1092
f 1092 803 804
f 1092 804 805
f 796 795 1085
f 1085 795 794
f 1085 794 792
f 805 800 1092
f 1092 800 797
f 1092 797 1093
f 1093 797 796
f 1093 796 1094
f 1094 796 1085
f 965 966 1095
f 1095 966 963
f 1095 963 1078
f 1078 963 964
f 1078 964 779
f 1096 977 1097
f 1097 977 973
f 1097 973 1098
f 973 972 1098
f 1098 972 971
f 1098 971 970
f 1099 969 1100
f 1100 969 968
f 1100 968 1095
f 1095 968 967
f 1095 967 965
f 982 980 1096
f 1096 980 979
f 979 974 1096
f 1096 974 978
f 1096 978 977
f 982 1096 984
f 984 1096 1101
f 984 1101 986
f 986 1101 1102
f 986 1102 988
f 988 1102 431
f 988 431 772
f 970 969 1098
f 1098 969 1099
f 1098 1099 1103
f 1103 1099 1104
f 1103 1104 1105
f 1105 1104 1106
f 1105 1106 1107
f 1107 1106 1108
f 1107 1108 1109
f 1109 1108 1110
f 1110 1108 1111
f 1110 1111 1112
f 1112 1111 1113
f 1112 1113 1114
f 1114 1113 1115
f 1114 1115 1116
f 1116 1115 1117
f 1117 1115 1118
f 1117 1118 1119
f 1119 1118 1090
f 1119 1090 1092
f 1092 1090 813
f 1092 813 808
f 998 999 1082
f 1082 999 1083
f 1082 1083 1120
f 1120 1083 1121
f 1122 1123 1124
f 1124 1123 1125
f 1124 1125 1121
f 1121 1125 1126
f 1121 1126 1120
f 1127 1128 1129
f 1129 1128 1130
f 1129 1130 1131
f 1131 1130 1132
f 1131 1132 1122
f 1122 1132 1133
f 1122 1133 1123
f 1134 1135 1136
f 1136 1135 1137
f 1136 1137 1127
f 1127 1137 1138
f 1127 1138 1128
f 1139 879 1140
f 1140 879 878
f 1140 878 1134
f 1134 878 1135
f 1135 878 882
f 1135 882 877
f 871 868 1141
f 871 1141 872
f 877 876 1135
f 1135 876 875
f 1135 875 1142
f 1142 875 874
f 1142 874 1141
f 1141 874 873
f 1141 873 872
f 868 859 1141
f 1141 859 858
f 1141 858 1143
f 1143 858 865
f 1143 865 1144
f 1144 865 864
f 864 863 1144
f 1144 863 719
f 1144 719 494
f 884 885 1139
f 1139 885 886
f 1139 886 883
f 883 881 1139
f 1139 881 880
f 1139 880 879
f 1139 1145 884
f 884 1145 625
f 884 625 698
f 1139 1140 1146
f 1134 1136 1147
f 1079 1080 1148
f 1118 1115 1149
f 1106 1104 1150
f 1078 693 692
f 922 907 1151
f 916 918 1152
f 910 912 1153
f 892 891 1154
f 898 896 1155
f 898 1155 900
f 910 1153 904
f 916 1152 914
f 1150 1156 1157
f 1157 1156 1158
f 1157 1158 1155
f 1155 1158 1159
f 1155 1159 900
f 1160 1161 1162
f 1162 1161 1163
f 1162 1163 1152
f 1152 1163 1164
f 1152 1164 914
f 1078 692 1095
f 1100 1095 1156
f 1156 1095 692
f 1156 692 1158
f 1158 692 695
f 1158 695 1159
f 1159 695 696
f 1159 696 900
f 900 696 697
f 1150 1104 1156
f 1156 1104 1099
f 1156 1099 1100
f 1113 1111 1165
f 1165 1111 1108
f 1108 1106 1165
f 1165 1106 1150
f 1165 1150 1166
f 1166 1150 1157
f 1166 1157 1167
f 1167 1157 1155
f 1167 1155 894
f 894 1155 896
f 1115 1113 1149
f 1149 1113 1165
f 1149 1165 1168
f 1168 1165 1166
f 1168 1166 1154
f 1154 1166 1167
f 1154 1167 892
f 892 1167 894
f 1081 1091 1169
f 1169 1091 1090
f 1090 1118 1169
f 1169 1118 1149
f 1169 1149 1170
f 1170 1149 1168
f 1170 1168 1171
f 1171 1168 1154
f 1171 1154 887
f 887 1154 891
f 1080 1081 1148
f 1148 1081 1169
f 1148 1169 1172
f 1172 1169 1170
f 1172 1170 1173
f 1173 1170 1171
f 1173 1171 889
f 889 1171 887
f 889 904 1173
f 1173 904 1153
f 1173 1153 1172
f 1172 1153 1174
f 1172 1174 1148
f 1148 1174 1175
f 1148 1175 1079
f 1121 1083 1175
f 1175 1083 1084
f 1175 1084 1079
f 1124 1121 1161
f 1161 1121 1175
f 1161 1175 1163
f 1163 1175 1174
f 1163 1174 1164
f 1164 1174 1153
f 1164 1153 914
f 914 1153 912
f 1127 1129 1160
f 1160 1129 1131
f 1160 1131 1161
f 1161 1131 1122
f 1161 1122 1124
f 1136 1127 1147
f 1147 1127 1160
f 1147 1160 1176
f 1176 1160 1162
f 1176 1162 1177
f 1177 1162 1152
f 1177 1152 920
f 920 1152 918
f 1140 1134 1146
f 1146 1134 1147
f 1146 1147 1178
f 1178 1147 1176
f 1178 1176 1151
f 1151 1176 1177
f 1151 1177 922
f 922 1177 920
f 626 625 1145
f 1145 1139 626
f 626 1139 1146
f 626 1146 656
f 656 1146 1178
f 656 1178 657
f 657 1178 1151
f 657 1151 658
f 658 1151 907
f 1179 505 590
f 590 1180 1179
f 1179 1180 1181
f 1179 1181 1182
f 1183 305 1184
f 1184 305 303
f 1184 303 1185
f 1182 1181 1186
f 1186 1181 1187
f 1186 1187 1188
f 1188 1187 1189
f 1188 1189 1190
f 1190 1189 1191
f 1190 1191 1192
f 1192 1191 1193
f 1192 1193 1194
f 1194 1193 1195
f 1194 1195 1196
f 1196 1195 1197
f 1196 1197 1198
f 1198 1197 1199
f 1198 1199 1200
f 1200 1199 1201
f 1200 1201 1202
f 1202 1201 1203
f 1202 1203 1204
f 1204 1203 1205
f 1204 1205 1206
f 1206 1205 1207
f 1206 1207 1208
f 1208 1207 1209
f 1208 1209 1210
f 1210 1209 1211
f 1210 1211 1212
f 1212 1211 1213
f 1212 1213 1214
f 1214 1213 1215
f 1214 1215 1216
f 1216 1215 1217
f 1216 1217 1218
f 1218 1217 1219
f 1218 1219 1220
f 1220 1219 1221
f 1220 1221 1222
f 1222 1221 322
f 1222 322 1223
f 1223 322 321
f 1223 321 1224
f 1224 321 320
f 1224 320 1225
f 1225 320 318
f 1225 318 1226
f 1226 318 316
f 1226 316 1227
f 1227 316 314
f 1227 314 1228
f 1228 314 313
f 1228 313 1229
f 1229 313 312
f 1229 312 1230
f 1230 312 310
f 1230 310 1231
f 1231 310 308
f 1231 308 1183
f 1183 308 306
f 1183 306 305
f 1185 303 1232
f 1232 303 302
f 1232 302 1233
f 1233 302 300
f 1233 300 1234
f 1234 300 298
f 1234 298 1235
f 1235 298 296
f 1235 296 1236
f 1236 296 295
f 1236 295 1237
f 1237 295 292
f 1237 292 1238
f 1238 292 282
f 1238 282 1239
f 1239 282 284
f 1239 284 427
f 1141 1143 1240
f 1240 1143 1144
f 1240 1144 1241
f 1241 1144 494
f 1241 494 493
f 1141 1240 1142
f 1142 1240 1242
f 1142 1242 1135
f 1135 1242 1243
f 1135 1243 1137
f 1137 1243 1244
f 1137 1244 1138
f 1138 1244 1245
f 1138 1245 1128
f 1126 1125 1246
f 1246 1125 1123
f 1246 1123 1247
f 1247 1123 1133
f 1247 1133 1248
f 1248 1133 1132
f 1248 1132 1245
f 1245 1132 1130
f 1245 1130 1128
f 1126 1246 1120
f 1120 1246 1249
f 1120 1249 1082
f 1082 1249 1250
f 1082 1250 1088
f 1088 1250 1251
f 1088 1251 1089
f 1092 1093 1252
f 1252 1093 1094
f 1252 1094 1253
f 1253 1094 1085
f 1253 1085 1254
f 1254 1085 1086
f 1254 1086 1251
f 1251 1086 1087
f 1251 1087 1089
f 1092 1252 1119
f 1119 1252 1255
f 1119 1255 1117
f 1117 1255 1256
f 1117 1256 1116
f 1116 1256 1257
f 1116 1257 1114
f 1098 1103 1258
f 1258 1103 1105
f 1258 1105 1259
f 1259 1105 1107
f 1259 1107 1260
f 1260 1107 1109
f 1260 1109 1261
f 1261 1109 1110
f 1261 1110 1257
f 1257 1110 1112
f 1257 1112 1114
f 1098 1258 1097
f 1097 1258 1262
f 1097 1262 1096
f 1096 1262 1263
f 1096 1263 1101
f 1101 1263 1264
f 1101 1264 1102
f 427 426 1239
f 1239 426 1265
f 1239 1265 1238
f 1238 1265 1266
f 1238 1266 1237
f 1237 1266 1267
f 1237 1267 1236
f 1268 1232 1269
f 1269 1232 1233
f 1269 1233 1270
f 1270 1233 1234
f 1270 1234 1267
f 1267 1234 1235
f 1267 1235 1236
f 1231 1183 1271
f 1271 1183 1184
f 1271 1184 1268
f 1268 1184 1185
f 1268 1185 1232
f 1231 1271 1230
f 1230 1271 1272
f 1230 1272 1229
f 1229 1272 1273
f 1229 1273 1228
f 1228 1273 1274
f 1228 1274 1227
f 1218 1220 1275
f 1275 1220 1222
f 1275 1222 1276
f 1276 1222 1223
f 1276 1223 1277
f 1277 1223 1224
f 1277 1224 1278
f 1278 1224 1225
f 1278 1225 1274
f 1274 1225 1226
f 1274 1226 1227
f 1218 1275 1216
f 1216 1275 1279
f 1216 1279 1214
f 1214 1279 1280
f 1214 1280 1212
f 1212 1280 1281
f 1212 1281 1210
f 1282 1204 1283
f 1283 1204 1206
f 1283 1206 1281
f 1281 1206 1208
f 1281 1208 1210
f 1194 1196 1284
f 1284 1196 1198
f 1284 1198 1285
f 1285 1198 1200
f 1285 1200 1282
f 1282 1200 1202
f 1282 1202 1204
f 1194 1284 1192
f 1192 1284 1286
f 1192 1286 1190
f 1190 1286 1287
f 1190 1287 1188
f 1188 1287 1288
f 1188 1288 1186
f 1186 1288 1182
f 1182 1288 1289
f 1182 1289 1179
f 431 1102 429
f 429 1102 1264
f 429 1264 1290
f 1290 1264 1263
f 1290 1263 1291
f 1291 1263 1262
f 1291 1262 1292
f 1292 1262 1258
f 1292 1258 1293
f 1293 1258 1259
f 1293 1259 1294
f 1294 1259 1260
f 1294 1260 1295
f 1295 1260 1261
f 1295 1261 1296
f 1296 1261 1257
f 1296 1257 1297
f 1297 1257 1256
f 1297 1256 1298
f 1298 1256 1255
f 1298 1255 1299
f 1299 1255 1252
f 1299 1252 1300
f 1300 1252 1253
f 1300 1253 1301
f 1301 1253 1254
f 1301 1254 1302
f 1302 1254 1251
f 1302 1251 1303
f 1303 1251 1250
f 1303 1250 1304
f 1304 1250 1249
f 1304 1249 1305
f 1305 1249 1246
f 1305 1246 1306
f 1306 1246 1247
f 1306 1247 1307
f 1307 1247 1248
f 1307 1248 1308
f 1308 1248 1245
f 1308 1245 1309
f 1309 1245 1244
f 1309 1244 1310
f 1310 1244 1243
f 1310 1243 1311
f 1311 1243 1242
f 1311 1242 1312
f 1312 1242 1240
f 1312 1240 1313
f 1313 1240 1241
f 1313 1241 1314
f 1314 1241 493
f 1314 493 497
f 505 1179 497
f 497 1179 1289
f 497 1289 1314
f 1314 1289 1288
f 1314 1288 1313
f 1313 1288 1287
f 1313 1287 1312
f 1312 1287 1286
f 1312 1286 1311
f 1311 1286 1284
f 1311 1284 1310
f 1310 1284 1285
f 1310 1285 1309
f 1309 1285 1282
f 1309 1282 1308
f 1308 1282 1283
f 1308 1283 1307
f 1307 1283 1281
f 1307 1281 1306
f 1306 1281 1280
f 1306 1280 1305
f 1305 1280 1279
f 1305 1279 1304
f 1304 1279 1275
f 1304 1275 1303
f 1303 1275 1276
f 1303 1276 1302
f 1302 1276 1277
f 1302 1277 1301
f 1301 1277 1278
f 1301 1278 1300
f 1300 1278 1274
f 1300 1274 1299
f 1299 1274 1273
f 1299 1273 1298
f 1298 1273 1272
f 1298 1272 1297
f 1297 1272 1271
f 1297 1271 1296
f 1296 1271 1268
f 1296 1268 1295
f 1295 1268 1269
f 1295 1269 1294
f 1294 1269 1270
f 1294 1270 1293
f 1293 1270 1267
f 1293 1267 1292
f 1292 1267 1266
f 1292 1266 1291
f 1291 1266 1265
f 1291 1265 1290
f 1290 1265 426
f 1290 426 429
f 424 398 1315
f 398 373 1316
f 373 348 1317
f 348 323 1318
f 323 322 1221
f 323 1221 1318
f 1318 1221 1219
f 1318 1219 1319
f 1219 1217 1319
f 1319 1217 1215
f 1319 1215 1320
f 1215 1213 1320
f 1320 1213 1211
f 1320 1211 1321
f 1321 1211 1209
f 1321 1209 1322
f 1322 1209 1207
f 1322 1207 1323
f 1323 1207 1205
f 1205 1203 1323
f 1323 1203 1201
f 1323 1201 1324
f 1324 1201 1199
f 1324 1199 1325
f 1325 1199 1197
f 1325 1197 1326
f 1326 1197 1195
f 1195 1193 1326
f 1326 1193 1191
f 1326 1191 1327
f 1327 1191 1189
f 1327 1189 1328
f 1189 1187 1328
f 1328 1187 1181
f 1328 1181 1329
f 589 1330 590
f 590 1330 1329
f 590 1329 1180
f 1180 1329 1181
f 604 1331 589
f 589 1331 1332
f 589 1332 1330
f 604 605 1331
f 1331 605 606
f 1331 606 1333
f 606 607 1333
f 1333 607 608
f 1333 608 1334
f 1334 608 588
f 1334 588 1335
f 588 603 1335
f 1335 603 591
f 1335 591 1336
f 591 592 1336
f 1336 592 602
f 1336 602 1337
f 1337 602 601
f 1337 601 1338
f 1338 601 600
f 1338 600 1339
f 1339 600 599
f 599 598 1339
f 1339 598 597
f 1339 597 1340
f 1340 597 596
f 1340 596 1341
f 1341 596 595
f 1341 595 1342
f 1342 595 594
f 594 593 1342
f 1342 593 259
f 1342 259 257
f 348 1318 1317
f 1317 1318 1319
f 1317 1319 1343
f 1343 1319 1320
f 1343 1320 1344
f 1344 1320 1321
f 1344 1321 1345
f 1345 1321 1322
f 1345 1322 1346
f 1346 1322 1323
f 1346 1323 1347
f 1347 1323 1324
f 1347 1324 1348
f 1348 1324 1325
f 1348 1325 1349
f 1349 1325 1326
f 1349 1326 1350
f 1350 1326 1327
f 1350 1327 1351
f 1351 1327 1328
f 1351 1328 1352
f 1352 1328 1329
f 1352 1329 1353
f 1353 1329 1330
f 1353 1330 1354
f 1354 1330 1332
f 1354 1332 1355
f 1355 1332 1331
f 1355 1331 1356
f 1356 1331 1333
f 1356 1333 1357
f 1357 1333 1334
f 1357 1334 1358
f 1358 1334 1335
f 1358 1335 1359
f 1359 1335 1336
f 1359 1336 1360
f 1360 1336 1337
f 1360 1337 1361
f 1361 1337 1338
f 1361 1338 1362
f 1362 1338 1339
f 1362 1339 1363
f 1363 1339 1340
f 1363 1340 1364
f 1364 1340 1341
f 1364 1341 1365
f 1365 1341 1342
f 1365 1342 1366
f 1366 1342 257
f 1366 257 255
f 373 1317 1316
f 1316 1317 1343
f 1316 1343 1367
f 1367 1343 1344
f 1367 1344 1368
f 1368 1344 1345
f 1368 1345 1369
f 1369 1345 1346
f 1369 1346 1370
f 1370 1346 1347
f 1370 1347 1371
f 1371 1347 1348
f 1371 1348 1372
f 1372 1348 1349
f 1372 1349 1373
f 1373 1349 1350
f 1373 1350 1374
f 1374 1350 1351
f 1374 1351 1375
f 1375 1351 1352
f 1375 1352 1376
f 1376 1352 1353
f 1376 1353 1377
f 1377 1353 1354
f 1377 1354 1378
f 1378 1354 1355
f 1378 1355 1379
f 1379 1355 1356
f 1379 1356 1380
f 1380 1356 1357
f 1380 1357 1381
f 1381 1357 1358
f 1381 1358 1382
f 1382 1358 1359
f 1382 1359 1383
f 1383 1359 1360
f 1383 1360 1384
f 1384 1360 1361
f 1384 1361 1385
f 1385 1361 1362
f 1385 1362 1386
f 1386 1362 1363
f 1386 1363 1387
f 1387 1363 1364
f 1387 1364 1388
f 1388 1364 1365
f 1388 1365 1389
f 1389 1365 1366
f 1389 1366 1390
f 1390 1366 255
f 1390 255 253
f 398 1316 1315
f 1315 1316 1367
f 1315 1367 1391
f 1391 1367 1368
f 1391 1368 1392
f 1392 1368 1369
f 1392 1369 1393
f 1393 1369 1370
f 1393 1370 1394
f 1394 1370 1371
f 1394 1371 1395
f 1395 1371 1372
f 1395 1372 1396
f 1396 1372 1373
f 1396 1373 1397
f 1397 1373 1374
f 1397 1374 1398
f 1398 1374 1375
f 1398 1375 1399
f 1399 1375 1376
f 1399 1376 1400
f 1400 1376 1377
f 1400 1377 1401
f 1401 1377 1378
f 1401 1378 1402
f 1402 1378 1379
f 1402 1379 1403
f 1403 1379 1380
f 1403 1380 1404
f 1404 1380 1381
f 1404 1381 1405
f 1405 1381 1382
f 1405 1382 1406
f 1406 1382 1383
f 1406 1383 1407
f 1407 1383 1384
f 1407 1384 1408
f 1408 1384 1385
f 1408 1385 1409
f 1409 1385 1386
f 1409 1386 1410
f 1410 1386 1387
f 1410 1387 1411
f 1411 1387 1388
f 1411 1388 1412
f 1412 1388 1389
f 1412 1389 1413
f 1413 1389 1390
f 1413 1390 1414
f 1414 1390 253
f 1414 253 251
f 424 1315 1019
f 1019 1315 1391
f 1019 1391 1021
f 1021 1391 1392
f 1021 1392 1033
f 1033 1392 1393
f 1033 1393 1035
f 1035 1393 1394
f 1035 1394 1067
f 1067 1394 1395
f 1067 1395 1068
f 1068 1395 1396
f 1068 1396 1070
f 1070 1396 1397
f 1070 1397 1072
f 1072 1397 1398
f 1072 1398 1074
f 1074 1398 1399
f 1074 1399 1076
f 1076 1399 1400
f 1076 1400 1030
f 1030 1400 1401
f 1030 1401 1029
f 1029 1401 1402
f 1029 1402 1017
f 1017 1402 1403
f 1017 1403 1018
f 1018 1403 1404
f 1018 1404 1020
f 1020 1404 1405
f 1020 1405 1061
f 1061 1405 1406
f 1061 1406 1063
f 1063 1406 1407
f 1063 1407 1065
f 1065 1407 1408
f 1065 1408 1066
f 1066 1408 1409
f 1066 1409 1051
f 1051 1409 1410
f 1051 1410 1053
f 1053 1410 1411
f 1053 1411 1055
f 1055 1411 1412
f 1055 1412 1057
f 1057 1412 1413
f 1057 1413 1028
f 1028 1413 1414
f 1028 1414 1027
f 1027 1414 251
f 1027 251 250
f 32 31 1415
f 210 13 17
f 1416 826 827
f 829 830 1417
f 1416 827 1417
f 1417 827 828
f 1417 828 829
f 831 834 16
f 16 834 833
f 16 833 832
f 832 836 16
f 16 836 835
f 16 835 17
f 17 835 837
f 17 837 210
f 945 31 946
f 946 31 37
f 946 37 947
f 947 37 36
f 947 36 944
f 945 948 31
f 31 948 953
f 31 953 1415
f 953 952 1415
f 1415 952 951
f 1415 951 950
f 950 949 1415
f 1415 949 956
f 1415 956 1418
f 1418 956 957
f 944 36 856
f 856 36 34
f 856 34 857
f 857 34 33
f 857 33 854
f 1419 847 846
f 848 849 1420
f 1419 846 1420
f 1420 846 845
f 1420 845 848
f 850 853 40
f 853 852 40
f 40 852 851
f 40 851 855
f 854 33 855
f 855 33 38
f 855 38 40
f 925 928 55
f 55 928 927
f 927 926 55
f 55 926 929
f 55 929 930
f 931 932 1421
f 1421 932 933
f 933 934 1421
f 1421 934 937
f 1421 937 1422
f 1422 937 938
f 55 57 925
f 925 57 59
f 925 59 155
f 19 1423 20
f 20 1423 1417
f 20 1417 16
f 16 1417 830
f 16 830 831
f 22 1424 23
f 23 1424 1425
f 23 1425 19
f 19 1425 1426
f 19 1426 1423
f 1415 1427 32
f 32 1427 1428
f 32 1428 28
f 28 1428 1429
f 28 1429 29
f 29 1429 1430
f 29 1430 25
f 25 1430 1431
f 25 1431 26
f 26 1431 1432
f 26 1432 22
f 22 1432 1433
f 22 1433 1424
f 849 850 1420
f 1420 850 40
f 1420 40 1434
f 1434 40 42
f 1434 42 1435
f 1435 42 43
f 51 1436 49
f 49 1436 1437
f 49 1437 48
f 48 1437 1438
f 48 1438 46
f 46 1438 1439
f 46 1439 45
f 45 1439 1440
f 45 1440 43
f 43 1440 1441
f 43 1441 1435
f 930 931 55
f 55 931 1421
f 55 1421 54
f 54 1421 1442
f 54 1442 52
f 52 1442 1443
f 52 1443 51
f 51 1443 1444
f 51 1444 1436
f 1001 1007 1031
f 173 174 1031
f 1031 174 1002
f 1031 1002 1001
f 173 1031 142
f 142 1031 1032
f 142 1032 219
f 219 1032 1034
f 219 1034 220
f 1036 224 1034
f 1034 224 222
f 1034 222 220
f 218 217 1073
f 1073 217 215
f 1073 215 1071
f 1071 215 229
f 1071 229 1069
f 1069 229 228
f 1069 228 1036
f 1036 228 226
f 1036 226 224
f 866 1077 867
f 867 1077 869
f 218 1073 212
f 212 1073 1075
f 212 1075 148
f 148 1075 1077
f 148 1077 143
f 143 1077 866
f 143 866 144
f 798 181 180
f 975 981 1043
f 207 208 1043
f 1043 208 976
f 1043 976 975
f 237 235 1042
f 1042 235 249
f 1042 249 1045
f 1045 249 248
f 1045 248 1044
f 1044 248 246
f 1044 246 1043
f 1043 246 203
f 1043 203 207
f 237 1042 239
f 239 1042 1041
f 239 1041 241
f 241 1041 1040
f 241 1040 243
f 243 1040 244
f 244 1040 1039
f 244 1039 232
f 232 1039 1038
f 232 1038 230
f 1037 801 799
f 799 798 1037
f 1037 798 180
f 1037 180 1038
f 1038 180 185
f 1038 185 230
f 954 958 1022
f 1418 957 1022
f 1022 957 955
f 1022 955 954
f 1418 1022 1415
f 1415 1022 1023
f 1415 1023 1427
f 1427 1023 1024
f 1427 1024 1428
f 1025 1430 1024
f 1024 1430 1429
f 1024 1429 1428
f 1426 1425 1048
f 1048 1425 1424
f 1048 1424 1049
f 1049 1424 1433
f 1049 1433 1026
f 1026 1433 1432
f 1026 1432 1025
f 1025 1432 1431
f 1025 1431 1430
f 822 1046 823
f 823 1046 824
f 1426 1048 1423
f 1423 1048 1047
f 1423 1047 1417
f 1417 1047 1046
f 1417 1046 1416
f 1416 1046 822
f 1416 822 826
f 841 847 1419
f 935 939 1059
f 1422 938 1059
f 1059 938 936
f 1059 936 935
f 1437 1436 1064
f 1064 1436 1444
f 1064 1444 1062
f 1062 1444 1443
f 1062 1443 1060
f 1060 1443 1442
f 1060 1442 1059
f 1059 1442 1421
f 1059 1421 1422
f 1437 1064 1438
f 1438 1064 1050
f 1438 1050 1439
f 1439 1050 1052
f 1439 1052 1440
f 1440 1052 1441
f 1441 1052 1054
f 1441 1054 1435
f 1435 1054 1056
f 1435 1056 1434
f 1058 843 842
f 842 841 1058
f 1058 841 1419
f 1058 1419 1056
f 1056 1419 1420
f 1056 1420 1434
f 919 1445 1446
f 59 58 1447
f 1448 152 1447
f 1447 152 157
f 1447 157 59
f 1449 211 1448
f 1448 211 213
f 1448 213 152
f 1450 214 1449
f 1449 214 216
f 1449 216 211
f 1451 225 1450
f 1450 225 227
f 1450 227 214
f 1452 221 1451
f 1451 221 223
f 1451 223 225
f 1453 141 1452
f 1452 141 140
f 1452 140 221
f 178 176 1454
f 1454 176 164
f 1454 164 1453
f 1453 164 162
f 1453 162 141
f 178 1454 193
f 193 1454 1455
f 193 1455 189
f 189 1455 1456
f 189 1456 231
f 231 1456 233
f 233 1456 1457
f 233 1457 242
f 242 1457 240
f 240 1457 1458
f 240 1458 238
f 238 1458 236
f 236 1458 1459
f 236 1459 234
f 234 1459 247
f 247 1459 1460
f 247 1460 245
f 245 1460 196
f 196 1460 1461
f 196 1461 209
f 209 1461 11
f 209 11 13
f 1462 901 1463
f 1463 901 94
f 1463 94 5
f 1464 895 1465
f 1465 895 897
f 1465 897 1462
f 1462 897 899
f 1462 899 901
f 1466 890 1467
f 1467 890 888
f 1467 888 1464
f 1464 888 893
f 1464 893 895
f 1468 908 1469
f 1469 908 905
f 1469 905 1470
f 1470 905 903
f 1470 903 1466
f 1466 903 902
f 1466 902 890
f 913 911 1468
f 1468 911 909
f 1468 909 908
f 1468 1471 913
f 913 1471 1472
f 913 1472 915
f 1445 919 1472
f 1472 919 917
f 1472 917 915
f 924 923 1446
f 1446 923 921
f 1446 921 919
f 1446 1473 924
f 924 1473 1474
f 924 1474 906
f 63 906 64
f 64 906 1474
f 64 1474 139
f 124 139 1475
f 109 124 1476
f 58 109 1477
f 58 1477 1447
f 1447 1477 1478
f 1447 1478 1448
f 1448 1478 1479
f 1448 1479 1449
f 1449 1479 1480
f 1449 1480 1450
f 1450 1480 1481
f 1450 1481 1451
f 1451 1481 1482
f 1451 1482 1452
f 1452 1482 1483
f 1452 1483 1453
f 1453 1483 1484
f 1453 1484 1454
f 1454 1484 1485
f 1454 1485 1455
f 1455 1485 1486
f 1455 1486 1456
f 1456 1486 1487
f 1456 1487 1457
f 1457 1487 1488
f 1457 1488 1458
f 1458 1488 1489
f 1458 1489 1459
f 1459 1489 1490
f 1459 1490 1460
f 1460 1490 1491
f 1460 1491 1461
f 1461 1491 9
f 1461 9 11
f 109 1476 1477
f 1477 1476 1492
f 1477 1492 1478
f 1478 1492 1493
f 1478 1493 1479
f 1479 1493 1494
f 1479 1494 1480
f 1480 1494 1495
f 1480 1495 1481
f 1481 1495 1496
f 1481 1496 1482
f 1482 1496 1497
f 1482 1497 1483
f 1483 1497 1498
f 1483 1498 1484
f 1484 1498 1499
f 1484 1499 1485
f 1485 1499 1500
f 1485 1500 1486
f 1486 1500 1501
f 1486 1501 1487
f 1487 1501 1502
f 1487 1502 1488
f 1488 1502 1503
f 1488 1503 1489
f 1489 1503 1504
f 1489 1504 1490
f 1490 1504 1505
f 1490 1505 1491
f 1491 1505 7
f 1491 7 9
f 124 1475 1476
f 1476 1475 1506
f 1476 1506 1492
f 1492 1506 1507
f 1492 1507 1493
f 1493 1507 1508
f 1493 1508 1494
f 1494 1508 1509
f 1494 1509 1495
f 1495 1509 1510
f 1495 1510 1496
f 1496 1510 1511
f 1496 1511 1497
f 1497 1511 1512
f 1497 1512 1498
f 1498 1512 1513
f 1498 1513 1499
f 1499 1513 1514
f 1499 1514 1500
f 1500 1514 1515
f 1500 1515 1501
f 1501 1515 1516
f 1501 1516 1502
f 1502 1516 1517
f 1502 1517 1503
f 1503 1517 1518
f 1503 1518 1504
f 1504 1518 1519
f 1504 1519 1505
f 1505 1519 4
f 1505 4 7
f 139 1474 1475
f 1475 1474 1473
f 1475 1473 1506
f 1506 1473 1446
f 1506 1446 1507
f 1507 1446 1445
f 1507 1445 1508
f 1508 1445 1472
f 1508 1472 1509
f 1509 1472 1471
f 1509 1471 1510
f 1510 1471 1468
f 1510 1468 1511
f 1511 1468 1469
f 1511 1469 1512
f 1512 1469 1470
f 1512 1470 1513
f 1513 1470 1466
f 1513 1466 1514
f 1514 1466 1467
f 1514 1467 1515
f 1515 1467 1464
f 1515 1464 1516
f 1516 1464 1465
f 1516 1465 1517
f 1517 1465 1462
f 1517 1462 1518
f 1518 1462 1463
f 1518 1463 1519
f 1519 1463 5
f 1519 5 4

